tractid,nta_name,totpop00,pop24_00,NHW00,A20_34y00,colleg00,mdfami00,mdrent00,,totpop16,pop24_16,NHW16,A20_34y16,College16,mdfami16,mdrent16,,NHW00_16,A20_34y00_16,College00_16,mdfami00_16,mdrent00_16,,scores_raw,score_0.025,score_0.5,score_0.975
36005000200,Soundview-Castle Hill-Clason Point-Harding Park,3505,2059,136,709,171,50817,730,,5251,3494,93,1155,615,75165,1237,,-0.543553329,0.087381032,1.119,0.479130999,0.694520548,,-0.012303266,-1.288060938,-0.139751007,0.990197036
36005000400,Soundview-Castle Hill-Clason Point-Harding Park,3354,1979,186,702,234,41019,643,,5980,4136,243,1308,972,81163,1390,,-0.267251052,0.045039019,0.988,0.978668422,1.161741835,,1.118075857,-0.685202893,0.337358707,1.375168913
36005001600,Soundview-Castle Hill-Clason Point-Harding Park,5208,3157,294,1232,351,30104,558,,6056,3653,142,1143,358,36701,945,,-0.584638611,-0.202151135,-0.119,0.219140314,0.693548387,,-1.90884313,-1.896047862,-0.977492589,-0.060854317
36005001900,Mott Haven-Port Morris,1613,961,80,239,37,23671,461,,2682,1805,195,837,370,39010,1134,,0.465953579,1.10621718,4.324,0.648008111,1.459869848,,3.69811807,0.763317047,1.640029899,2.523888675
36005002000,Soundview-Castle Hill-Clason Point-Harding Park,9101,4894,116,1799,302,19694,266,,9131,5477,128,1932,597,20789,610,,0.099822885,0.070401552,0.766,0.055600691,1.293233083,,0.308494131,-1.295466296,-0.302502128,0.729423927
36005002300,Mott Haven-Port Morris,4305,2430,41,827,152,20217,229,,4824,2692,10,1142,140,20885,417,,-0.782338308,0.232328382,-0.169,0.0330415,0.820960699,,-1.706307003,-1.20508191,-0.122568084,0.960107802
36005002500,Mott Haven-Port Morris,5109,2728,19,1212,90,15662,340,,5651,3295,91,1332,313,24939,692,,3.330104593,-0.006398587,1.879,0.592325374,1.035294118,,1.78036507,0.387585329,1.41861982,2.436340477
36005002701,Mott Haven-Port Morris,3033,1533,35,595,161,13077,264,,3034,1529,25,589,159,22759,447,,-0.285949713,-0.010410308,-0.010,0.74038388,0.693181818,,-0.637407894,-0.549493928,0.533968111,1.622549826
36005002702,Mott Haven-Port Morris,4736,2249,8,1114,77,12042,332,,4684,2429,45,1205,187,23403,963,,4.687446627,0.0936961,1.249,0.943447932,1.90060241,,2.920196856,0.928143196,1.906217911,2.89242974
36005002800,Soundview-Castle Hill-Clason Point-Harding Park,5718,3720,49,1121,522,38448,586,,5350,3975,38,1191,791,51109,937,,-0.17114629,0.135524523,0.418,0.329301914,0.598976109,,-0.502015961,-0.997689314,0.011926036,1.026399838
36005003100,Mott Haven-Port Morris,1504,862,112,351,110,28365,616,,1744,1019,14,409,105,53229,1025,,-0.892201835,0.004887739,-0.193,0.876573242,0.663961039,,-1.58442128,-1.146477599,-0.171870514,0.787893835
36005003300,Mott Haven-Port Morris,3090,1490,11,653,50,11420,277,,3855,2038,45,772,159,20568,626,,2.279094446,-0.052371277,1.325,0.801050788,1.259927798,,1.777648007,0.364969742,1.312499671,2.290432777
36005003500,Mott Haven-Port Morris,3448,1805,64,723,150,20122,417,,3935,2343,15,1003,246,31826,880,,-0.794631512,0.215584507,0.263,0.581651923,1.110311751,,-0.186109469,-0.908483216,0.147017016,1.195614783
36005003800,Soundview-Castle Hill-Clason Point-Harding Park,1328,697,77,281,56,53705,711,,1246,835,14,368,81,33750,911,,-0.806216256,0.395794657,0.207,-0.371566893,0.281293952,,-2.765208434,-2.696669025,-1.640980731,-0.562601412
36005003900,Mott Haven-Port Morris,6022,3492,30,1456,104,23006,389,,6487,3854,297,1970,316,36297,1067,,8.190349931,0.256034893,1.753,0.577718856,1.742930591,,3.11198049,0.79704119,1.724208931,2.660097476
36005004001,Soundview-Bruckner,1365,1047,180,183,195,35156,636,,1489,1105,171,243,147,62857,1057,,-0.129113499,0.21728743,-0.286,0.787945159,0.661949686,,-0.648876674,-1.635830009,-0.656054786,0.344521318
36005004100,Mott Haven-Port Morris,5240,2769,21,1163,71,15000,269,,6208,2965,36,1399,169,18394,538,,0.446980854,0.015354221,1.223,0.226266667,1,,0.545209229,-0.055782053,0.925634042,1.931039503
36005004200,Soundview-Castle Hill-Clason Point-Harding Park,7762,4644,174,1375,531,31572,493,,7848,4726,362,1719,534,29646,815,,1.057661664,0.236482068,-0.012,-0.061003421,0.653144016,,-0.907415111,-1.658453827,-0.750277289,0.159017753
36005004300,Mott Haven-Port Morris,4780,2534,45,1011,105,21956,367,,6021,3506,23,1606,291,22643,786,,-0.594234992,0.26111199,1.003,0.031289852,1.141689373,,0.070913088,-0.645130553,0.368931534,1.356863665
36005004400,Soundview-Bruckner,4671,2494,203,957,158,14346,239,,4827,2844,81,1011,256,26250,480,,-0.613880665,0.022284524,0.421,0.829778335,1.008368201,,0.087527193,-1.311971683,-0.394993185,0.534229213
36005004600,Soundview-Castle Hill-Clason Point-Harding Park,1376,874,100,270,89,22500,361,,1976,1189,51,338,220,35000,808,,-0.6448583,-0.128265107,0.817,0.555555556,1.238227147,,0.121131044,-1.380303549,-0.338717392,0.721243665
36005004800,Soundview-Bruckner,3536,1939,50,898,117,15817,590,,4504,2739,29,1150,241,31863,1095,,-0.544653641,0.005391891,0.458,1.014478093,0.855932203,,0.130302525,-1.134987075,-0.260496269,0.615592532
36005005001,Soundview-Bruckner,4964,2661,70,1317,214,20938,617,,5181,3000,47,1103,354,35547,1291,,-0.356693413,-0.197568594,0.467,0.697726621,1.092382496,,-0.031624213,-1.04719923,0.016354301,1.090914168
36005005002,Soundview-Bruckner,5776,3097,83,1539,250,20938,617,,5687,3372,35,1684,263,31368,1168,,-0.57171397,0.111341222,-0.034,0.498137358,0.893030794,,-0.689359354,-1.344762959,-0.299154764,0.771494231
36005005100,Mott Haven-Port Morris,5594,2801,55,955,85,13469,226,,5676,3044,9,1342,277,21525,522,,-0.838727657,0.384934454,1.999,0.598114188,1.309734513,,1.213520576,-0.050950041,0.833291325,1.746300867
36005005200,Soundview-Bruckner,2112,1184,8,546,54,20484,307,,2368,1468,14,689,138,45000,660,,0.560810811,0.125482625,1.061,1.196836555,1.149837134,,1.758583713,-0.167901051,0.790129065,1.760267471
36005005300,University Heights-Morris Heights,1255,617,5,243,58,18567,573,,3866,2041,69,865,251,12300,946,,3.479824108,0.155557897,0.308,-0.337534335,0.65095986,,-0.88579174,-1.714065542,-0.578523586,0.575290648
36005005400,West Farms-Bronx River,5550,2993,106,1252,154,24335,636,,6292,3836,105,1575,280,31400,1204,,-0.126248965,0.109635899,0.419,0.290322581,0.893081761,,-0.150932189,-1.123138007,-0.209035373,0.690439823
36005005600,West Farms-Bronx River,2724,1715,10,649,147,26544,634,,2614,1661,40,465,93,29740,1056,,3.168324407,-0.253362539,-0.347,0.120403858,0.665615142,,-1.54739694,-2.027130094,-0.971459838,0.0800402
36005005902,East Concourse-Concourse Village,2677,1729,71,544,341,30720,708,,2746,1775,84,632,465,29920,1256,,0.153370331,0.132572512,0.328,-0.026041667,0.774011299,,-0.694302777,-1.251251135,-0.257433765,0.748208422
36005006000,Crotona Park East,1088,616,29,241,37,27381,588,,1269,791,17,342,182,39783,1118,,-0.497404962,0.216679909,2.831,0.452941821,0.901360544,,1.180707969,-1.022934923,-0.186370839,0.653163348
36005006100,East Concourse-Concourse Village,4039,2998,78,592,446,34611,514,,3878,3158,91,850,1017,57083,1011,,0.215102286,0.495420285,1.165,0.649273352,0.96692607,,1.448464454,-0.372933253,0.501868644,1.374562939
36005006200,West Farms-Bronx River,6399,3594,87,1360,256,22217,410,,7386,4099,2,1833,291,32000,703,,-0.980083476,0.16768678,-0.003,0.44033848,0.714634146,,-2.062643272,-2.009077289,-1.103142521,-0.191653333
36005006300,West Concourse,5815,3463,163,1486,235,27761,651,,4291,3109,244,1128,768,35972,1162,,1.028586012,0.028682839,2.640,0.295774648,0.784946237,,1.137379814,-0.445204922,0.360681099,1.188504737
36005006400,West Farms-Bronx River,3833,2286,37,847,335,35500,741,,3266,2112,154,520,283,36727,1203,,3.88474206,-0.279485754,-0.086,0.03456338,0.623481781,,-1.307729018,-1.99129348,-0.996232728,0.0012137
36005006500,Melrose South-Mott Haven North,4789,2589,232,1199,310,19961,512,,5609,3140,138,1158,336,27197,984,,-0.49213241,-0.175389666,-0.106,0.362506888,0.921875,,-1.269413062,-1.176195415,-0.179927777,0.781437388
36005006700,Melrose South-Mott Haven North,6491,3378,167,1297,67,22256,354,,7597,4127,21,1887,260,21563,696,,-0.89255844,0.243086663,2.176,-0.031137671,0.966101695,,-0.243056251,-0.747324288,0.270111606,1.24939467
36005006800,Soundview-Bruckner,3132,1987,14,781,210,33191,768,,3358,2257,110,886,255,41544,1228,,6.3283417,0.058092777,0.069,0.251664608,0.598958333,,-0.099398684,-1.507902576,-0.541540061,0.408185648
36005006900,Melrose South-Mott Haven North,4400,2118,147,870,139,10868,295,,8672,4731,221,2084,932,28933,873,,-0.237204107,0.215379395,2.002,1.66221936,1.959322034,,3.116593991,0.82674452,1.894520169,2.985705378
36005007000,Soundview-Bruckner,4084,2423,184,844,326,35081,708,,4889,3009,113,1229,322,33277,1288,,-0.486989426,0.216396418,-0.205,-0.051423848,0.81920904,,-1.554604766,-2.223376622,-1.125021649,-0.066772781
36005007100,Melrose South-Mott Haven North,1961,995,15,409,107,37891,379,,2544,1602,42,586,391,41298,1011,,1.158333333,0.104421353,1.270,0.089915811,1.667546174,,1.379487115,0.070088016,0.955850159,1.812282785
36005007200,Soundview-Bruckner,5369,3336,426,1223,508,33777,681,,5563,3457,341,1504,771,34009,1142,,-0.227445505,0.186877026,0.465,0.006868579,0.676945668,,-0.76154465,-1.717307192,-0.844949713,0.044563905
36005007300,Melrose South-Mott Haven North,3248,1662,6,780,74,20087,494,,4046,2362,63,1141,111,23696,964,,7.429065744,0.17430574,0.055,0.179668442,0.951417004,,0.48803887,-0.499882441,0.486175013,1.501615131
36005007400,Soundview-Castle Hill-Clason Point-Harding Park,3263,2156,89,685,494,42288,658,,3701,2464,115,931,515,48333,1275,,0.139215335,0.198276654,-0.088,0.142948354,0.93768997,,-0.607059886,-1.374644373,-0.371106835,0.638523625
36005007500,Melrose South-Mott Haven North,4688,2665,47,971,211,23321,450,,6043,3342,86,1543,498,34844,793,,0.419500671,0.232769,0.882,0.494104026,0.762222222,,0.629815243,-0.089802194,0.816386333,1.720122312
36005007600,West Farms-Bronx River,4902,2939,193,1206,367,35218,684,,5013,3449,203,1445,269,38894,1226,,0.028523766,0.171645265,-0.375,0.104378443,0.792397661,,-1.395392266,-2.005022765,-1.088694324,-0.16603073
36005007700,Melrose South-Mott Haven North,1547,787,19,355,29,20521,592,,2040,1186,48,572,153,35833,1221,,0.915789474,0.221877934,2.501,0.746162468,1.0625,,2.153227705,0.348819601,1.343192967,2.344438573
36005007800,Westchester-Unionport,6458,3753,596,1449,463,39387,717,,6535,3993,225,1803,571,35083,1308,,-0.626931392,0.229645118,0.159,-0.109274634,0.824267782,,-1.306094196,-1.99095809,-0.986730376,0.019093085
36005007900,Melrose South-Mott Haven North,6598,3752,149,1347,179,17988,385,,6693,3806,9,1631,255,29272,703,,-0.940454667,0.193652334,0.404,0.627307094,0.825974026,,-0.884770475,-0.730735671,0.121693952,0.981227096
36005008300,Longwood,6204,3389,45,1530,162,26799,504,,6887,4016,23,1675,514,31888,889,,-0.539576981,-0.013799799,1.677,0.189895145,0.763888889,,-0.118008997,-0.706699813,0.306987312,1.309884402
36005008400,Soundview-Castle Hill-Clason Point-Harding Park,2167,1228,43,356,190,39821,893,,2528,1629,39,729,365,80234,1471,,-0.222540109,0.755332412,0.448,1.014866528,0.647256439,,0.887882047,-0.710347923,0.372652065,1.447621961
36005008500,Longwood,5335,2858,85,1319,214,18036,401,,6406,4086,51,1720,523,30321,1003,,-0.500312207,0.08600329,0.709,0.681137725,1.501246883,,0.912567966,-0.314108378,0.676205091,1.693193585
36005008600,Soundview-Castle Hill-Clason Point-Harding Park,4381,2299,73,929,97,17891,300,,3849,2480,21,883,243,27083,408,,-0.672567506,0.081858176,1.322,0.513777877,0.36,,-0.544829462,-1.405653846,-0.327475084,0.729261794
36005008700,Longwood,5208,2674,42,1103,151,22322,515,,6420,4096,120,1575,299,33771,1027,,1.317757009,0.158353174,0.293,0.51290207,0.994174757,,0.607902484,-0.421929022,0.527899678,1.460189425
36005008900,Hunts Point,3012,1683,25,668,136,23049,429,,3323,1832,52,757,185,38512,929,,0.885332531,0.02717406,0.250,0.670875092,1.165501166,,0.659739963,-0.422827297,0.53709978,1.460787183
36005009000,Soundview-Castle Hill-Clason Point-Harding Park,3642,2055,150,707,174,19981,280,,3636,2104,99,932,282,34155,438,,-0.338910891,0.320421434,0.583,0.709373905,0.564285714,,0.113677787,-1.034514862,-0.083205947,0.878735832
36005009200,Westchester-Unionport,4754,2941,585,1214,467,40661,702,,5975,3813,103,1423,694,50347,1276,,-0.859911454,-0.067374081,0.146,0.238213522,0.817663818,,-1.616073466,-2.127515997,-1.123239932,-0.143590197
36005009300,Hunts Point,5517,2703,93,1232,112,19864,534,,6601,4168,65,2012,396,31403,1157,,-0.415850971,0.364930441,1.293,0.580900121,1.166666667,,1.232877341,0.037062909,0.905495687,1.781608739
36005009600,Westchester-Unionport,1947,1228,249,408,194,49020,830,,2597,1759,175,611,357,56652,1526,,-0.473094534,0.12272928,0.285,0.155691554,0.838554217,,-0.724875327,-1.561712145,-0.699015411,0.170595422
36005009800,Westchester-Unionport,5460,3593,339,1109,556,45670,675,,5306,3511,139,1153,962,67188,1386,,-0.578069909,0.069850658,0.771,0.471162689,1.053333333,,0.164880203,-1.224143033,-0.345742168,0.512353983
36005011502,Hunts Point,4124,1955,12,991,63,16091,496,,4656,2468,26,1157,311,30357,998,,0.919100802,0.034106789,2.910,0.886582562,1.012096774,,2.110461771,0.214742775,1.147056557,2.078193426
36005011700,Hunts Point,1725,953,10,436,31,18102,599,,1536,847,45,395,100,33611,1094,,4.053710938,0.017439256,2.630,0.85675616,0.826377295,,2.15701641,0.56124065,1.763784506,2.984825691
36005011800,Schuylerville-Throgs Neck-Edgewater Park,5097,3260,4278,1207,714,64258,791,,5267,3011,3677,1234,795,98750,1752,,-0.168228252,-0.010628935,0.206,0.536773631,1.214917826,,0.122158505,-1.116516304,-0.018540124,1.136963027
36005011900,Hunts Point,4793,2591,55,1114,122,20000,413,,5179,3101,9,1240,214,26723,941,,-0.848559743,0.030144178,0.466,0.33615,1.278450363,,-0.460940981,-0.836407684,0.075564193,0.998156876
36005012101,Morrisania-Melrose,2802,1524,37,704,155,19939,561,,2875,1738,86,861,186,30469,1013,,1.265306698,0.19195751,0.052,0.528110738,0.8057041,,0.160947904,-0.941252284,0.120594254,1.209279876
36005012102,Hunts Point,1695,802,47,311,24,17765,384,,1682,818,5,486,81,20068,495,,-0.892794798,0.574778915,2.309,0.129636927,0.2890625,,-0.619354918,-1.244896938,-0.195111852,0.883394141
36005012300,Crotona Park East,2927,1519,40,589,95,21923,364,,3893,2396,67,990,345,33295,663,,0.259369381,0.263741416,1.302,0.518724627,0.821428571,,0.970919645,-0.453250012,0.333726133,1.148529487
36005012500,Morrisania-Melrose,2264,1377,48,455,184,37708,542,,4311,2605,58,1120,336,30097,1089,,-0.365421789,0.29272166,-0.035,-0.201840458,1.009225092,,-1.171656385,-1.133350219,-0.171608767,0.800060359
36005012701,Hunts Point,2268,1352,57,522,77,12192,347,,1954,1246,49,412,152,21530,733,,-0.002208695,-0.083895105,1.142,0.765912073,1.112391931,,0.909851224,-0.541162996,0.396901691,1.276520082
36005012901,Longwood,2814,1546,51,551,99,14364,357,,4240,2341,105,994,199,24879,942,,0.366398446,0.19727254,0.327,0.732038429,1.638655462,,1.359066353,-0.042208374,0.841916827,1.729440131
36005013000,Schuylerville-Throgs Neck-Edgewater Park,1123,795,770,217,130,51346,757,,1447,985,629,367,264,75500,1429,,-0.366026441,0.312555136,0.639,0.470416391,0.887714663,,0.341803749,-1.033837981,0.02076886,1.099435348
36005013100,Longwood,3519,1797,65,670,182,14762,473,,5008,2733,31,1068,358,33977,901,,-0.664877734,0.120086071,0.293,1.301652893,0.904862579,,0.289856933,-0.404025065,0.531245267,1.48973972
36005013200,Schuylerville-Throgs Neck-Edgewater Park,5597,3944,3283,1229,627,68064,814,,7160,5184,2106,1322,1747,112736,1309,,-0.498547537,-0.159143556,1.120,0.65632346,0.608108108,,-0.294177723,-1.392040046,-0.242429211,0.904057687
36005013300,Morrisania-Melrose,6047,3320,25.5,1047,237,17933,317,,6095,3729,91,1636,440,29629,675,,2.540523412,0.550254056,0.653,0.652205431,1.129337539,,1.831085757,0.297055398,1.259027079,2.23790133
36005013500,Morrisania-Melrose,3126,1626,18,617,96,16588,396,,3855,2375,54,871,285,38265,702,,1.432684825,0.14471555,1.033,1.30678804,0.772727273,,1.571131743,0.18576701,1.146311431,2.113256539
36005013800,Schuylerville-Throgs Neck-Edgewater Park,1964,1353,1205,403,229,56953,782,,2794,2038,1713,613,428,100703,1273,,-0.000724136,0.06922846,0.241,0.768177269,0.627877238,,-0.168303158,-1.219908141,-0.268488313,0.634090619
36005014100,Morrisania-Melrose,2227,1021,8,492,43,12806,518,,5781,3472,19,1347,618,35225,1074,,-0.08508476,0.054677645,3.226,1.750663751,1.073359073,,2.598876228,0.629345585,1.604032002,2.583272533
36005014300,East Concourse-Concourse Village,748,312,7,157,13,9893,457,,1085,727,57,245,80,38750,541,,4.613693219,0.075816725,1.641,2.916910947,0.18380744,,2.053364996,0.294696647,1.269648251,2.225347679
36005014400,Schuylerville-Throgs Neck-Edgewater Park,5624,3205,524,1135,237,27203,364,,6198,3441,212,1354,406,33864,567,,-0.632888225,0.08247168,0.596,0.244862699,0.557692308,,-0.948144673,-1.586864929,-0.558062955,0.454951772
36005014500,Claremont-Bathgate,4878,2500,24,1060,212,17205,369,,8112,4260,88,1694,426,22543,902,,1.204881657,-0.03900441,0.179,0.310258646,1.444444444,,0.458601197,-0.180433847,0.754288224,1.712119769
36005014701,Claremont-Bathgate,5946,2871,10,1115,140,12951,273,,7152,3523,69,1465,391,15691,436,,4.736493289,0.092345833,1.276,0.211566674,0.597069597,,0.719787233,-0.100939318,0.893881967,1.897212683
36005014702,Claremont-Bathgate,4979,2405,9,941,119,12951,273,,5326,2894,70,1536,272,21131,500,,6.271039346,0.525957916,0.899,0.631611459,0.831501832,,1.909236898,0.386790705,1.438112708,2.516848081
36005014900,Morrisania-Melrose,3668,2144,29,915,116,19647,490,,4508,2791,109,1260,374,31654,981,,2.058256586,0.120456165,1.477,0.61113656,1.002040816,,1.597333931,0.25151574,1.178489429,2.117966427
36005015100,Morrisania-Melrose,4743,2438,18,1154,230,20064,586,,5172,3169,74,1099,450,44643,1035,,2.770108275,-0.126653685,0.505,1.225029904,0.766211604,,0.924278157,-0.210739613,0.761304598,1.721752288
36005015200,Schuylerville-Throgs Neck-Edgewater Park,2359,1587,1389,465,240,60417,858,,2805,1924,645,558,458,73627,1399,,-0.60947167,0.009197861,0.574,0.21864707,0.630536131,,-0.96546883,-1.59959993,-0.631678726,0.323900171
36005015300,Crotona Park East,2962,1632,9,739,129,20511,451,,4880,2952,48,1161,558,23279,1097,,2.23715847,-0.046429047,1.391,0.134951977,1.432372506,,1.246142493,-0.408252957,0.647668822,1.717478907
36005015500,Crotona Park East,2830,1562,30,710,122,25365,368,,2966,1706,8,499,278,23224,764,,-0.7455608,-0.329409362,1.086,-0.084407648,1.076086957,,-1.276452382,-1.73780798,-0.684729285,0.388373032
36005015700,Crotona Park East,3517,1674,24.5,799,125,25386,576,,4365,2867,51,1446,238,35595,1004,,0.677228417,0.458174952,0.112,0.402150792,0.743055556,,0.1701719,-1.218169069,-0.246178112,0.735858812
36005015800,Schuylerville-Throgs Neck-Edgewater Park,1268,922,804,228,96,43015,867,,1090,756,319,148,192,71797,1608,,-0.538440823,-0.244873652,1.439,0.669115425,0.85467128,,0.044790421,-1.25376896,-0.245736791,0.75928612
36005015900,Hunts Point,2181,1192,14.5,465,97,21933,310,,1600,1013,12,415,80,19135,387,,0.128103448,0.216552419,-0.030,-0.127570328,0.248387097,,-2.016195749,-1.644522534,-0.6044138,0.452560566
36005016000,Schuylerville-Throgs Neck-Edgewater Park,5196,3872,4547,1037,667,52719,791,,4004,2958,2785,572,784,97635,1692,,-0.205168045,-0.284198925,0.539,0.851988847,1.139064475,,0.145688507,-1.220378157,-0.255505261,0.685789123
36005016100,Crotona Park East,4755,2555,34,1133,151,22011,445,,4372,2745,15,748,291,24481,455,,-0.520175179,-0.281970883,0.794,0.112216619,0.02247191,,-2.495492895,-2.246744924,-1.272501238,-0.29404678
36005016200,Schuylerville-Throgs Neck-Edgewater Park,1682,1246,1216,274,182,53684,876,,2013,1388,838,312,311,76555,1233,,-0.424172157,-0.048549392,0.534,0.426030102,0.407534247,,-1.019259827,-1.5952096,-0.634245527,0.347676363
36005016400,Schuylerville-Throgs Neck-Edgewater Park,1185,834,965,234,138,51250,774,,1026,754,618,188,172,66442,1295,,-0.260339969,-0.072074774,0.379,0.296429268,0.673126615,,-0.814892017,-1.502414462,-0.592154338,0.314778296
36005016500,Claremont-Bathgate,1407,740,43,378,62,13082,564,,1002,624,4,322,108,25735,1063,,-0.869377524,0.196163229,1.066,0.967206849,0.884751773,,0.290920392,-0.559678735,0.340336922,1.2481434
36005016600,Schuylerville-Throgs Neck-Edgewater Park,1760,1279,1067,356,165,51657,811,,2210,1558,658,392,391,82390,1594,,-0.508886505,-0.123087091,0.945,0.59494357,0.965474723,,0.078301545,-1.290833032,-0.280749583,0.703366296
36005016700,Claremont-Bathgate,1821,888,5,448,8,13295,644,,2920,1520,39,591,228,29200,1039,,3.864315068,-0.177309351,15.650,1.196314404,0.613354037,,3.69394581,1.050522087,2.137041461,3.245561042
36005016900,Claremont-Bathgate,1852,1031,8,433,69,20653,608,,1361,846,39,271,143,32250,819,,5.633725202,-0.148343919,1.526,0.561516487,0.347039474,,0.544006673,-0.077508491,0.997057165,2.077192149
36005017300,East Concourse-Concourse Village,4842,2571,58,1033,132,24516,555,,5320,3385,79,1217,369,23649,788,,0.239687581,0.072268158,1.123,-0.03536466,0.41981982,,-0.718880105,-0.709731178,0.147432892,0.990686549
36005017500,East Concourse-Concourse Village,6466,3555,30,1274,214,18301,378,,6960,4018,75,1506,450,29375,748,,1.322557471,0.098201429,0.860,0.605103546,0.978835979,,1.057973136,-0.397293184,0.549347721,1.496276958
36005017701,East Concourse-Concourse Village,3499,2015,117,716,100,18170,558,,5228,2869,54,1268,459,25387,1178,,-0.691101171,0.185262638,2.224,0.397193176,1.111111111,,0.909917083,-0.132062179,0.791398705,1.695339066
36005017702,East Concourse-Concourse Village,4620,2662,156,954,134,18170,558,,5401,3336,30,1366,487,41964,1130,,-0.835500548,0.224813947,1.900,1.309521189,1.025089606,,1.276998127,0.126262921,0.989131788,1.825375675
36005017901,East Concourse-Concourse Village,4090,2071,31,1028,140,16630,596,,5112,2866,49,1212,384,28819,1124,,0.26463981,-0.056717086,0.982,0.732952495,0.88590604,,0.653814602,-0.548231253,0.340684968,1.220564912
36005017902,East Concourse-Concourse Village,4135,2095,33,1044,143,16630,596,,3580,2043,16,912,237,27730,1117,,-0.439986457,0.008989918,0.700,0.667468431,0.874161074,,0.131036864,-0.705029067,0.24136439,1.200103034
36005018101,East Concourse-Concourse Village,3813,2193,59,1038,201,23779,631,,3068,1815,25,829,118,28188,1086,,-0.473377456,-0.007412899,-0.291,0.185415703,0.721077655,,-1.758400893,-1.720888109,-0.702710077,0.315952443
36005018102,East Concourse-Concourse Village,4760,2738,74,1298,252,23779,631,,5851,3543,230,1311,744,36391,1111,,1.528558297,-0.178315956,1.282,0.530383952,0.760697306,,0.559278558,-0.831269455,0.117600648,1.071799313
36005018301,East Concourse-Concourse Village,3155,1895,82,686,291,31635,665,,4011,2924,113,897,772,33085,1094,,0.083955099,0.028525418,0.719,0.045835309,0.645112782,,-0.612324233,-1.162166223,-0.190843277,0.75301206
36005018302,East Concourse-Concourse Village,5222,3135,138,1142,484,31635,665,,3836,2343,96,878,321,28929,1178,,-0.052999048,0.04661434,-0.113,-0.08553817,0.771428571,,-1.499996887,-1.435201239,-0.524156479,0.39815924
36005018400,Schuylerville-Throgs Neck-Edgewater Park,3728,2782,3163,807,470,51507,768,,3559,2664,2023,763,754,78750,1364,,-0.330046583,-0.00962671,0.675,0.528918399,0.776041667,,-0.108071021,-1.318993094,-0.320175754,0.695701278
36005018500,Morrisania-Melrose,4777,2693,86,1055,199,24781,512,,7342,4543,98,1486,686,31634,927,,-0.258572849,-0.083553302,1.043,0.276542512,0.810546875,,-0.178189662,-0.127047316,0.713570443,1.560878363
36005018900,Highbridge,6918,3881,94,1479,273,24382,580,,8200,4770,241,1532,539,21214,1053,,1.162996886,-0.12610894,0.606,-0.129931917,0.815517241,,-0.692968164,-1.578844996,-0.391563155,0.85102001
36005019300,Highbridge,5596,2986,93,1226,198,16077,441,,5659,3060,13,1415,456,25836,836,,-0.861771239,0.141310944,1.247,0.607016234,0.89569161,,0.034826356,-1.031399602,0.030235954,1.092204095
36005019400,Schuylerville-Throgs Neck-Edgewater Park,1596,999,742,307,169,57969,858,,2339,1586,455,622,341,59120,1472,,-0.581582195,0.382466685,0.271,0.01985544,0.715617716,,-0.900199046,-1.516998671,-0.580972888,0.403412728
36005019500,West Concourse,7327,4154,55,1759,281,22049,652,,7462,4685,73,1795,698,35806,1090,,0.303260154,0.002004242,1.202,0.623928523,0.671779141,,0.488570382,-0.8255018,0.181986851,1.175041283
36005019700,West Concourse,7754,4135,95,2013,242,22273,659,,6795,3896,49,1666,374,26712,1109,,-0.411415515,-0.05557482,0.640,0.1992996,0.682852807,,-0.78490528,-1.094038659,-0.225234615,0.669866729
36005019900,Highbridge,7880,4217,91,1883,249,23680,597,,8446,5315,164,2089,760,37091,1124,,0.681425371,0.035054601,1.422,0.566342905,0.882747069,,0.995472557,-0.635446843,0.340632383,1.277092691
36005020000,Van Nest-Morris Park-Westchester Square,3944,2498,693,997,414,32725,618,,4751,2962,122,1179,551,43611,1181,,-0.853856847,-0.01831869,0.122,0.332650879,0.911003236,,-1.308228934,-1.99924692,-1.053368633,-0.103287728
36005020100,Highbridge,3330,1761,77,914,147,23438,608,,4346,2544,154,997,346,32472,1087,,0.532443626,-0.164197869,0.629,0.385442444,0.787828947,,-0.176276276,-1.188783947,-0.133847026,0.902315144
36005020200,Westchester-Unionport,1823,1286,417,428,177,36853,646,,2194,1497,188,531,295,42303,1116,,-0.625396492,0.030862633,0.432,0.14788484,0.72755418,,-1.025796989,-1.952566161,-0.894630078,0.180486227
36005020400,Westchester-Unionport,2884,1770,578,692,256,41500,764,,2934,1840,173,858,265,50733,1336,,-0.705792722,0.218754802,-0.004,0.222481928,0.748691099,,-1.198732164,-1.901794333,-0.96895138,-0.049734289
36005020501,University Heights-Morris Heights,5589,3102,99,1178,260,23431,507,,6789,4167,14,1679,550,31185,822,,-0.88358173,0.173366559,0.575,0.330929111,0.621301775,,-1.120437338,-1.185629007,-0.306235967,0.58000696
36005020502,University Heights-Morris Heights,3968,2207,71,833,186,23431,503,,2110,1231,59,437,229,25881,960,,0.56272612,-0.013435137,1.207,0.104562332,0.908548708,,0.244661486,-0.973080051,0.017044226,1.033614692
36005020601,Westchester-Unionport,2321,1450,562,424,197,40658,576,,2896,1840,118,723,241,73807,1497,,-0.831723963,0.366623938,-0.036,0.8153131,1.598958333,,0.30031932,-1.407180639,-0.396384607,0.607813868
36005020900,West Concourse,4838,2651,116,1108,225,20873,565,,4429,2849,143,1342,527,46821,1076,,0.346598827,0.323039892,1.179,1.243137067,0.904424779,,1.741660423,-0.122326628,0.757915094,1.6530124
36005021001,Parkchester,8328,5274,537,1823,990,35507,696,,9648,6781,136,2502,1458,58008,1160,,-0.781390997,0.184688188,0.145,0.63370603,0.666666667,,-0.839870734,-1.747688972,-0.830066301,0.095131421
36005021002,Parkchester,7476,4735,483,1641,889,35507,696,,6854,5139,160,1685,1552,68036,1174,,-0.638674972,0.119996116,0.609,0.916129214,0.686781609,,-0.001558494,-1.476192264,-0.436356426,0.634979558
36005021100,Highbridge,4584,2322,135,1059,192,18314,603,,5200,2870,12,1243,287,28176,1021,,-0.921641026,0.034704729,0.209,0.53849514,0.693200663,,-1.449772247,-1.471915093,-0.4973248,0.453469847
36005021200,Parkchester,5232,3379,339,1122,611,37765,678,,5155,3591,70,962,1063,60025,1205,,-0.790425998,-0.129795588,0.637,0.589434662,0.777286136,,-0.75971381,-1.874342858,-0.750142041,0.366885608
36005021301,University Heights-Morris Heights,1502,786,4,344,39,14816,448,,1147,678,49,221,116,16731,938,,15.04141238,-0.158720423,2.448,0.12925216,1.09375,,1.845834433,-0.19011275,0.766526355,1.734296589
36005021302,Highbridge,3970,2023,30,963,146,24444,611,,6151,3379,65,1640,517,36950,1066,,0.398417601,0.099163607,1.120,0.511618393,0.744680851,,0.595994952,-0.668127435,0.288962723,1.221807848
36005021501,University Heights-Morris Heights,3690,1732,22,852,112,19886,490,,4761,2383,27,1458,386,33306,1057,,-0.048805637,0.326313267,1.505,0.674846626,1.157142857,,1.594628966,-0.431177534,0.594011169,1.622469561
36005021502,University Heights-Morris Heights,6726,3209,103,1498,131,16445,576,,6298,3741,62,1474,419,24927,1039,,-0.357151446,0.050847939,1.744,0.515779872,0.803819444,,0.596852295,-0.692532797,0.248967996,1.21542078
36005021601,West Farms-Bronx River,4460,2522,466,1079,261,33214,685,,4311,2780,501,1101,342,24191,1215,,0.112265957,0.055656704,0.189,-0.271662552,0.773722628,,-1.420585745,-2.185683915,-1.140065199,-0.095569369
36005021602,Parkchester,5107,3458,373,1074,665,35784,685,,5861,4050,99,1233,1219,43682,1190,,-0.768729362,0.0003522,0.565,0.220713168,0.737226277,,-1.051756338,-1.773525444,-0.909872811,-0.061637843
36005021700,University Heights-Morris Heights,4797,2502,132,1077,204,18281,564,,5213,3326,75,1287,286,24964,1060,,-0.477159374,0.099625588,0.055,0.365570811,0.879432624,,-0.6788622,-0.922087249,-0.05090433,0.802638431
36005021800,West Farms-Bronx River,6648,3759,392,1588,331,28508,661,,6870,4548,177,1603,523,41346,1161,,-0.563060333,-0.023173804,0.306,0.450329732,0.756429652,,-0.733677535,-1.76846634,-0.811821813,0.13602106
36005021900,Highbridge,1279,666,17,364,87.5,22798,601,,1142,776,15,349,118,25469,1163,,-0.011795611,0.073812571,0.157,0.1171594,0.935108153,,-0.577447448,-1.049086867,-0.161564744,0.73189876
36005022000,East Tremont,1393,799,32,389,30,16932,592,,2174,1160,21,557,87,13500,1226,,-0.579504945,-0.082518807,0.998,-0.202693125,1.070945946,,-0.884218456,-1.511733487,-0.51626238,0.466180532
36005022101,West Concourse,3908,2040,114,1065,78,20396,606,,3948,2122,7,870,208,27444,1070,,-0.939218614,-0.191375202,1.564,0.345557953,0.765676568,,-1.095663628,-1.714120839,-0.63603845,0.4420566
36005022102,West Concourse,4534,2366,133,1239,91,20396,606,,5293,2970,80,1205,297,20106,1155,,-0.484750039,-0.166903399,1.600,-0.014218474,0.905940594,,-0.471015258,-1.169050749,-0.21463249,0.742518297
36005022200,Parkchester,3078,1815,331,690,310,33931,748,,3308,2167,152,948,299,43462,1270,,-0.572713955,0.278387046,-0.192,0.280893578,0.697860963,,-1.222245048,-1.788093865,-0.916557486,-0.048008341
36005022300,West Concourse,5270,2896,114,1163,245,20698,558,,5177,3082,114,1443,299,24572,1034,,0.017964072,0.263045706,0.147,0.187167842,0.853046595,,-0.343003742,-1.074072058,-0.119949771,0.842423128
36005022401,Pelham Parkway,2546,1805,815,647,259,32335,733,,2807,1975,235,761,474,44167,1290,,-0.738467154,0.066832808,0.673,0.365919283,0.759890859,,-0.608999996,-1.572113811,-0.577340599,0.432744804
36005022403,Pelham Parkway,4089,2603,1360,949,518,33958,733,,3589,2504,514,1065,596,48056,1357,,-0.56940611,0.27857747,0.196,0.415159903,0.851296044,,-0.363049498,-1.51045807,-0.664797586,0.182479901
36005022404,Pelham Parkway,3038,1933,1011,709,386,33958,733,,4265,2828,1004,1193,772,47995,1199,,-0.29262242,0.198568729,0.367,0.413363567,0.63574352,,-0.381733576,-1.494710101,-0.455478797,0.60869833
36005022500,East Concourse-Concourse Village,6945,3342,96,1537,205,20755,669,,8440,4569,35,2117,466,29659,1126,,-0.699996297,0.13338326,0.663,0.429005059,0.683109118,,-0.50381533,-0.760887891,0.11988335,0.998834344
36005022701,Mount Hope,2984,1562,38,701,73,17977,601,,5733,3531,63,1733,745,34213,1154,,-0.137073453,0.286759614,3.515,0.90315403,0.920133111,,2.163806283,-0.138717492,0.828771067,1.815814152
36005022702,Mount Hope,2077,1077,38,525,42,19656,669,,1446,1013,11,336,240,39306,974,,-0.584206887,-0.080719225,5.075,0.99969475,0.455904335,,1.129241355,-0.275498216,0.687159211,1.630798049
36005022703,Mount Hope,1767,1077,22,477,196,25498,652,,1775,1043,106,442,384,44924,1198,,3.796466069,-0.077551599,1.023,0.761863676,0.837423313,,1.193517574,-0.204387064,0.748697798,1.724648228
36005022800,Pelham Parkway,5788,3857,2009,1460,992,38906,708,,5912,3931,1019,1614,1140,50446,1311,,-0.503421006,0.082292806,0.128,0.296612348,0.851694915,,-0.762120466,-1.608535922,-0.609299212,0.389189206
36005022901,Mount Hope,5546,3030,105,1390,257,23925,648,,5650,3160,115,1300,613,23254,1085,,0.07507796,-0.081963456,1.287,-0.028045977,0.674382716,,-0.505486368,-0.884052561,-0.006278574,0.856562114
36005022902,Mount Hope,3324,1739,64,772,104,21558,626,,3304,1890,21,783,274,31724,1080,,-0.669888771,0.020388225,1.424,0.47156508,0.725239617,,-0.043133179,-0.581256421,0.344006241,1.303873152
36005023000,Van Nest-Morris Park-Westchester Square,2877,1720,694,747,200,30724,723,,2945,1767,785,793,387,42107,1273,,0.105006287,0.037067796,0.884,0.370492123,0.760719225,,0.124047598,-1.137242409,-0.220676592,0.680417556
36005023100,Mount Hope,1580,939,27,324,63,15294,693,,1650,1083,49,331,130,31304,1182,,0.737822671,-0.021735877,0.789,1.046815745,0.705627706,,0.745833559,-0.693272695,0.247261093,1.148578597
36005023200,Van Nest-Morris Park-Westchester Square,2305,1434,993,518,200,33382,738,,2702,1626,660,559,400,53355,1207,,-0.433003638,-0.079407074,0.764,0.598316458,0.635501355,,-0.352375982,-1.38031772,-0.361233799,0.613769256
36005023301,Mount Hope,4916,2757,116,1196,278,23222,624,,4185,2500,21,1050,265,26097,1065,,-0.787343962,0.031275099,0.051,0.123805012,0.706730769,,-1.711073439,-1.639620708,-0.749071428,0.132650423
36005023302,Mount Hope,3487,1981,63,944,279,28259,669,,3601,2078,46,983,214,24279,1296,,-0.292956542,0.008347787,-0.269,-0.140840086,0.937219731,,-1.803518174,-1.585194301,-0.675414286,0.231641125
36005023501,Mount Hope,4405,2422,123,1097,224,26222,678,,3225,2009,16,896,227,25089,1127,,-0.82232306,0.1156233,0.222,-0.043207993,0.662241888,,-1.808920945,-2.203762979,-1.12844372,-0.067941389
36005023502,Mount Hope,5178,2984,91,1161,144,23136,597,,4624,2908,149,855,317,27645,1069,,0.833534545,-0.17533395,1.259,0.194891079,0.790619765,,0.051319021,-1.386679147,-0.363851959,0.641323831
36005023600,Van Nest-Morris Park-Westchester Square,1707,1026,467,368,72,29191,631,,2268,1287,726,698,148,39625,1343,,0.170065599,0.427572176,0.639,0.357438937,1.12836767,,0.89408324,-0.927498752,0.072278661,1.100796686
36005023702,Bedford Park-Fordham North,1378,714,25,351,37,13250,644,,1222,769,21,366,80,33681,1182,,-0.052765957,0.175850155,1.008,1.541962264,0.835403727,,1.425812188,-0.549567201,0.444156563,1.45736217
36005023703,Fordham South,5168,2710,97,1291,221,21190,653,,5766,3197,190,1752,374,31891,1165,,0.755616822,0.216342066,0.435,0.50500236,0.784073507,,0.408318916,-0.977617859,-0.014123602,0.981842336
36005023704,Fordham South,3466,1818,66,872,149,21190,653,,4142,2412,29,1422,287,20419,1154,,-0.632317867,0.364588086,0.452,-0.036385087,0.767228178,,-0.830076937,-1.445805298,-0.506199867,0.392543484
36005023800,Van Nest-Morris Park-Westchester Square,2391,1551,939,620,269,32741,722,,2523,1521,351,451,333,41806,1426,,-0.645754902,-0.310638257,0.262,0.27686998,0.975069252,,-1.300242124,-1.733334049,-0.859977096,0.030998011
36005023900,Fordham South,8094,4124,61,1984,225,16296,600,,7931,4680,39,2146,585,26230,1136,,-0.347515766,0.103883648,1.291,0.609597447,0.893333333,,0.667445645,-0.952313519,-0.040511787,0.887552904
36005024000,Van Nest-Morris Park-Westchester Square,3463,2018,260,812,283,34271,730,,3647,2210,232,959,389,34890,1245,,-0.152711396,0.121448427,0.255,0.018061918,0.705479452,,-0.937225842,-1.600768406,-0.740562705,0.139622858
36005024100,Mount Hope,5955,3021,75,1381,254,21414,607,,5963,3391,133,1458,390,29040,1076,,0.770954218,0.054340288,0.368,0.356122163,0.772652389,,-0.042366203,-1.247072639,-0.328179315,0.572189972
36005024300,University Heights-Morris Heights,5354,2795,43,1127,251,21778,518,,5613,3250,30,1208,247,20714,995,,-0.33451829,0.022412953,-0.154,-0.048856644,0.920849421,,-1.48587049,-1.450872886,-0.567898302,0.314208885
36005024400,Van Nest-Morris Park-Westchester Square,2185,1541,1475,510,278,48750,695,,2318,1514,929,527,474,66607,1282,,-0.406307308,-0.025956284,0.735,0.366297436,0.844604317,,-0.231624359,-1.436957022,-0.463902465,0.503672179
36005024501,University Heights-Morris Heights,4485,2339,57,989,136,21376,609,,5444,3138,24,1559,273,24023,1036,,-0.653118837,0.298656084,0.496,0.123830464,0.701149425,,-0.734684747,-1.241724051,-0.283147149,0.667757161
36005024502,University Heights-Morris Heights,4055,2114,52,898,123,21376,609,,3962,2357,17,993,403,27167,1110,,-0.66540306,0.131746862,1.939,0.270911302,0.822660099,,0.250189061,-1.180472969,-0.037971562,1.054866112
36005024600,Pelham Parkway,2035,1450,1372,429,397,62961,741,,2342,1742,927,625,540,83500,1364,,-0.412912078,0.265902472,0.132,0.326217817,0.840755735,,-0.431031186,-1.364208918,-0.483531622,0.385702857
36005024700,University Heights-Morris Heights,3465,1891,71,694,195,30720,664,,1919,1171,24,465,151,42622,1202,,-0.389646896,0.209822749,0.250,0.387434896,0.810240964,,-0.325893203,-1.278531838,-0.221172336,0.824646735
36005024800,Pelham Parkway,3245,2560,2296,659,651,59444,762,,3075,2438,1649,871,746,87031,1248,,-0.242088751,0.394769113,0.203,0.464083844,0.637795276,,-0.225137905,-1.52961521,-0.684806331,0.157164231
36005025000,Pelham Parkway,2248,1764,1915,478,362,51477,762,,2723,1980,1513,575,681,93357,1295,,-0.3477429,-0.006909989,0.676,0.813567224,0.699475066,,0.055032935,-1.290161495,-0.378060392,0.525977377
36005025100,University Heights-Morris Heights,6639,3470,103,1643,294,28048,637,,6578,3948,91,1644,754,25728,1065,,-0.108311908,0.009887622,1.254,-0.082715345,0.671899529,,-0.561424272,-1.38221903,-0.409063753,0.545470936
36005025200,Van Nest-Morris Park-Westchester Square,2462,1730,1901,495,341,60515,789,,2702,1852,1191,615,487,71429,1397,,-0.429136405,0.132068277,0.334,0.180351979,0.770595691,,-0.688695923,-1.626229281,-0.639078258,0.342162808
36005025300,Kingsbridge Heights,6402,3317,141,1817,226,20284,636,,5925,3581,37,1610,444,32364,1161,,-0.716462878,-0.042589329,0.820,0.595543285,0.825471698,,-0.289025164,-1.402208198,-0.422386093,0.546029528
36005025400,Van Nest-Morris Park-Westchester Square,1943,1516,1617,349,309,61250,768,,2020,1541,1114,514,410,54875,1332,,-0.33733108,0.41663877,0.305,-0.104081633,0.734375,,-0.815700768,-1.740964899,-0.720630048,0.279340544
36005025500,Kingsbridge Heights,6567,3652,277,1536,424,25328,630,,5929,3741,95,1642,550,35523,1059,,-0.620134893,0.184043077,0.266,0.402518951,0.680952381,,-0.708834156,-1.530028691,-0.516941216,0.481998978
36005025600,Van Nest-Morris Park-Westchester Square,1787,1236,911,337,260,38214,712,,1756,1208,426,381,232,35909,1321,,-0.524126783,0.150522499,-0.087,-0.060318208,0.855337079,,-1.466895597,-1.87477879,-0.988017724,-0.140173123
36005025700,University Heights-Morris Heights,2914,1619,56,574,179,23905,639,,1875,1424,44,809,225,36700,1158,,0.221104762,1.190407433,0.429,0.535243673,0.812206573,,1.186550074,-0.759611086,0.299347473,1.371683672
36005026100,Kingsbridge Heights,1533,1170,175,242,455,62031,801,,1995,1572,81,388,687,76250,1173,,-0.644330827,0.232013919,0.124,0.229224098,0.464419476,,-1.374281382,-2.144959296,-1.081732785,0.002627049
36005026300,Kingsbridge Heights,7978,4840,751,1857,640,24479,680,,5867,4172,514,1591,534,29364,1110,,-0.069318404,0.165027615,-0.032,0.199558806,0.632352941,,-1.001709804,-1.652265355,-0.71111136,0.204557843
36005026400,Schuylerville-Throgs Neck-Edgewater Park,4798,3389,3554,958,609,61500,727,,5517,4062,2214,1251,1048,87745,1344,,-0.458226881,0.135661911,0.436,0.426747967,0.84869326,,-0.203671943,-1.404535708,-0.347513755,0.729355151
36005026500,Kingsbridge Heights,6840,3832,534,1817,320,21732,649,,7827,4904,377,2152,716,37753,1146,,-0.383034526,0.035018488,0.748,0.737207804,0.765793529,,0.167455122,-1.303958736,-0.431540524,0.461169497
36005026601,Pelham Bay-Country Club-City Island,2906,2156,2203,657,329,44712,634,,3088,2332,1108,704,450,61667,1311,,-0.526692287,0.008383215,0.265,0.379204688,1.067823344,,-0.377185052,-1.553771858,-0.326303606,0.915105293
36005026602,Pelham Bay-Country Club-City Island,5266,4017,3490,1173,594,47740,648,,5430,3887,2049,1056,894,58017,1195,,-0.430626098,-0.12693429,0.555,0.215270214,0.844135802,,-0.737136029,-1.631739303,-0.502430934,0.684327541
36005026701,Van Cortlandt Village,3341,1850,300,897,367,26176,700,,3944,2534,110,944,565,25972,1196,,-0.689393171,-0.108504571,0.124,-0.007793399,0.708571429,,-1.8818673,-2.096876355,-1.153134569,-0.237978918
36005026702,Van Cortlandt Village,7751,4291,699,2089,854,26176,700,,7146,4240,167,1918,831,39904,1193,,-0.740860259,-0.004124868,-0.015,0.524449878,0.704285714,,-1.269109419,-2.055009465,-0.994963746,0.06595967
36005026900,Kingsbridge Heights,4164,2451,296,965,400,29527,613,,3751,2291,195,920,520,37656,1009,,-0.268681505,0.058337466,0.391,0.275307346,0.646003263,,-0.681233292,-1.528923188,-0.643779769,0.229806573
36005027300,Van Cortlandt Village,7943,4647,836,1891,649,27069,636,,8181,5200,300,2241,910,40012,1225,,-0.651587966,0.150610936,0.253,0.478148435,0.926100629,,-0.385313674,-1.605709585,-0.679358419,0.239448553
36005027401,Pelham Bay-Country Club-City Island,3120,2327,2839,594,465,60417,857,,4521,3435,3405,844,821,91618,1416,,-0.172302181,-0.019435675,0.196,0.516427496,0.652275379,,-0.636547245,-1.512566103,-0.556357291,0.381514708
36005027402,Pelham Bay-Country Club-City Island,5369,4006,4886,1030,801,60417,857,,3578,2910,2565,542,742,86786,1459,,-0.212252607,-0.210385473,0.275,0.436450006,0.702450408,,-0.913222642,-1.887431515,-0.760940356,0.377333398
36005027700,Van Cortlandt Village,5329,3147,649,1283,410,26283,654,,5633,3459,621,1369,505,37946,1173,,-0.094782644,0.009445231,0.121,0.443746909,0.793577982,,-0.515719023,-1.697806607,-0.644055366,0.416746197
36005027900,Van Cortlandt Village,7199,5036,2789,1629,1507,48165,700,,7012,5208,1166,1691,1599,57146,1265,,-0.570779652,0.065743738,0.026,0.186463199,0.807142857,,-1.167097747,-1.969564192,-0.919421313,0.161308565
36005028100,Van Cortlandt Village,3685,2896,1884,627,864,51299,609,,4046,3260,1196,797,1115,74507,1096,,-0.421821557,0.157716957,0.146,0.45240648,0.799671593,,-0.461719532,-1.807452859,-0.662162749,0.461097961
36005028300,Spuyten Duyvil-Kingsbridge,1938,1213,276,398,190,28407,501,,3331,2161,127,1075,443,24618,843,,-0.732284338,0.571464347,0.309,-0.133382617,0.682634731,,-1.175170628,-1.578816205,-0.705862341,0.185195189
36005028500,Spuyten Duyvil-Kingsbridge,3308,2404,1841,883,775,47853,690,,3284,2430,1509,994,1346,65428,1442,,-0.174346543,0.133934668,0.718,0.3672706,1.089855072,,0.42782868,-1.005782003,-0.047427051,0.913358046
36005028600,Van Nest-Morris Park-Westchester Square,1357,1056,949,295,269,52800,813,,1190,836,508,197,306,88319,1463,,-0.389577707,-0.238487395,0.437,0.672708333,0.799507995,,-0.547734057,-1.651845791,-0.694259668,0.273275144
36005028700,Spuyten Duyvil-Kingsbridge,3070,2084,963,650,617,41827,697,,3174,2042,945,854,725,54148,1329,,-0.050845362,0.270796374,0.199,0.294570493,0.906743185,,-0.099462468,-1.312756024,-0.208453003,0.928270232
36005028800,Pelham Parkway,3157,2372,2583,611,737,65602,816,,3564,2587,2275,469,991,126198,1555,,-0.219821674,-0.320063244,0.233,0.923691351,0.905637255,,-0.43100503,-1.575864986,-0.576943022,0.430199244
36005028900,Spuyten Duyvil-Kingsbridge,4872,3166,1529,1287,565,32236,641,,4545,3300,877,1124,947,52469,1199,,-0.385155206,-0.063816125,0.608,0.627652314,0.870514821,,-0.051526086,-1.209728655,-0.242583987,0.709481165
36005029301,Spuyten Duyvil-Kingsbridge,5099,4193,3863,692,2426,88167,1073,,1852,1544,1360,141,1007,156705,1545,,-0.030699962,-0.439007509,0.127,0.777365681,0.439888164,,-1.538178958,-2.453891253,-1.331739194,-0.205553166
36005029302,Spuyten Duyvil-Kingsbridge,2278,1869,1727,314,1057,86880,1057,,5325,4277,3681,673,2549,105388,1951,,-0.088183205,-0.08310517,0.054,0.213029466,0.845789972,,-0.942779764,-1.714473136,-0.780839388,0.128503577
36005029500,Spuyten Duyvil-Kingsbridge,4081,3105,2818,866,1375,60330,896,,5103,3558,2406,1363,2131,119615,1650,,-0.317196623,0.258690604,0.352,0.982678601,0.841517857,,0.499293821,-0.999688084,-0.019290554,0.986130265
36005029600,Pelham Parkway,3801,2587,1720,2298,1927,48947,577,,1670,1160,483,558,631,63967,1314,,-0.36085399,-0.447330404,-0.270,0.306862525,1.27729636,,-1.6612044,-1.812367032,-1.029231222,-0.217017461
36005029700,Spuyten Duyvil-Kingsbridge,3657,2947,2788,510,1340,75961,907,,3585,2756,2204,641,1822,112019,1556,,-0.193592383,0.282105177,0.454,0.47469096,0.715545755,,0.035497526,-1.403202068,-0.41555926,0.601558784
36005030000,Pelham Bay-Country Club-City Island,5862,4453,4041,1422,823,53929,734,,5521,4034,1742,1623,1190,91250,1380,,-0.542293197,0.211844763,0.596,0.692039533,0.880108992,,0.268306762,-1.208787156,0.022920355,1.256204348
36005030100,Spuyten Duyvil-Kingsbridge,1425,1251,1148,158,482,94762,674,,1309,1139,742,190,483,135625,554,,-0.296381524,0.309096711,0.101,0.431217155,-0.178041543,,-2.167285072,-2.465126751,-1.433456878,-0.428478621
36005030200,Co-op City,8551,6173,1137,1407,1333,50991,623,,9875,7439,731,1453,2001,63201,1050,,-0.44328014,-0.10576571,0.246,0.239454021,0.685393258,,-1.17289828,-2.217173594,-1.100597576,0.008942514
36005030701,North Riverdale-Fieldston-Riverdale,2987,2333,2540,459,1478,89827,960,,5296,3991,4013,723,2770,100833,1807,,-0.108907703,-0.111591187,0.096,0.122524408,0.882291667,,-1.029325167,-1.841586312,-0.902007644,0.010110034
36005030900,North Riverdale-Fieldston-Riverdale,6393,5168,5576,826,2803,95394,911,,3775,2818,2634,358,1575,127750,1783,,-0.200017008,-0.266009012,0.030,0.339182758,0.957189901,,-1.052139244,-2.140291407,-1.07007744,-0.009567283
36005031000,Allerton-Pelham Gardens,4284,3330,2600,571,823,69722,1003,,4919,3882,1708,873,990,86359,1631,,-0.427879963,0.331529446,0.032,0.238619087,0.626121635,,-0.89379332,-1.900845611,-0.927939631,0.024968663
36005031200,Allerton-Pelham Gardens,1566,1154,979,324,320,65417,740,,1676,1202,717,342,452,96250,1479,,-0.315687919,-0.01372315,0.356,0.471330082,0.998648649,,-0.142016788,-1.550379944,-0.521926657,0.523777288
36005031400,Allerton-Pelham Gardens,2015,1521,1278,328,382,71750,762,,2193,1618,825,467,474,115054,1277,,-0.406856858,0.308215998,0.166,0.60354007,0.675853018,,-0.261105308,-1.571463958,-0.577011125,0.440112123
36005031600,Allerton-Pelham Gardens,1791,1179,1062,267,263,46786,745,,1829,1265,707,395,401,77647,1474,,-0.34810631,0.448664156,0.421,0.659620399,0.97852349,,0.633797746,-1.268489609,-0.261577295,0.740738406
36005031800,Allerton-Pelham Gardens,1759,1353,891,423,276,64375,894,,2023,1550,871,509,465,64079,1734,,-0.150016671,0.04627867,0.471,-0.004598058,0.939597315,,-0.5662678,-1.877405784,-0.870008245,0.138454595
36005032300,North Riverdale-Fieldston-Riverdale,5159,4161,3453,869,2075,77101,788,,4430,3607,3133,580,2211,126520,1309,,0.056636523,-0.222733377,0.229,0.640964449,0.661167513,,-0.69774846,-1.837539955,-0.772244397,0.300206898
36005032400,Bronxdale,2826,1752,781,658,163,27719,421,,2779,1799,282,634,259,27038,567,,-0.632817745,-0.020178477,0.547,-0.024567986,0.346793349,,-1.880650535,-2.284870368,-1.366259748,-0.432066849
36005032600,Allerton-Pelham Gardens,3203,2400,1836,766,731,58088,844,,3453,2562,1517,721,561,71685,1411,,-0.233568644,-0.126894236,-0.281,0.234075885,0.671800948,,-1.773941105,-2.244160123,-1.316245365,-0.404045082
36005032800,Bronxdale,4003,2534,1519,934,448,37250,607,,4233,2669,533,1049,411,34500,834,,-0.668176793,0.062101283,-0.129,-0.073825503,0.373970346,,-2.55003273,-2.411937359,-1.479287191,-0.552445344
36005033000,Bronxdale,5111,3299,2010,1097,526,32218,623,,5750,4135,1541,1639,550,38199,1050,,-0.318533333,0.328037573,-0.166,0.185641567,0.685393258,,-1.067933405,-1.750878149,-0.866520788,0.038881881
36005033201,Bronxdale,4023,2872,1124,789,564,39085,674,,4340,3024,683,984,868,49440,1264,,-0.436732497,0.156054739,0.462,0.264935397,0.87537092,,-0.298781609,-1.596369139,-0.57163175,0.480876382
36005033202,Bronxdale,4066,2902,1136,806,570,39085,674,,4409,3181,494,740,493,51161,1166,,-0.598970895,-0.15331093,-0.211,0.308967635,0.729970326,,-1.805907129,-2.223637039,-1.163698666,-0.087769762
36005033500,North Riverdale-Fieldston-Riverdale,2026,1341,1632,557,716,106715,820,,2072,1226,1451,539,739,145739,1438,,-0.130645417,-0.053799311,0.129,0.365684299,0.753658537,,-0.76439812,-1.474470848,-0.593647904,0.306542985
36005033600,Bronxdale,6138,3622,406,1281,287,29552,520,,6821,4444,210,1502,720,41581,911,,-0.534551006,0.055114612,1.045,0.407045208,0.751923077,,-0.093010068,-1.400877716,-0.374869525,0.626609685
36005033700,North Riverdale-Fieldston-Riverdale,3139,1990,2474,661,1139,71141,986,,2314,1683,1538,472,976,104107,1708,,-0.156695144,-0.031346392,0.013,0.463389607,0.732251521,,-0.794304398,-1.769881025,-0.805419132,0.169671893
36005033800,Bronxdale,3698,2100,355,957,139,26618,684,,4404,2818,246,1215,527,49583,1205,,-0.418129485,0.066065617,1.825,0.862762041,0.761695906,,0.888660973,-1.214888929,-0.313880525,0.613077829
36005034000,Bronxdale,4385,2775,516,1114,317,34250,698,,4859,3037,252,1254,498,40235,1191,,-0.559269062,0.01586277,0.435,0.174744526,0.706303725,,-0.96707542,-1.963413372,-1.060658443,-0.143624209
36005034200,Allerton-Pelham Gardens,1602,966,192,361,205,41635,822,,2032,1279,104,368,339,50982,1250,,-0.572957677,-0.196326913,0.249,0.224498619,0.520681265,,-1.710412131,-2.27393642,-1.346987743,-0.436354167
36005034300,North Riverdale-Fieldston-Riverdale,1513,1105,790,303,357,79423,760,,1624,1130,668,279,460,56833,1523,,-0.212224855,-0.142143833,0.260,-0.284426426,1.003947368,,-1.536653419,-2.511862557,-1.278416424,-0.055807402
36005034400,Allerton-Pelham Gardens,1523,1176,421,294,269,48207,781,,2299,1514,214,619,480,69010,1719,,-0.663261627,0.394775309,0.386,0.431534839,1.201024328,,0.281687676,-1.61450054,-0.564296834,0.505179731
36005034500,North Riverdale-Fieldston-Riverdale,3619,2820,2242,765,1246,69083,806,,3389,2505,1534,804,1170,77321,1466,,-0.269354413,0.122306887,0.057,0.119247861,0.818858561,,-0.902881493,-1.899999265,-0.821744064,0.253569164
36005034800,Allerton-Pelham Gardens,5917,3624,461,1246,591,41461,443,,6976,4218,167,1182,793,38678,643,,-0.692736734,-0.19537313,0.153,-0.067123321,0.451467269,,-2.5015937,-2.529090164,-1.59961241,-0.680755503
36005035000,Allerton-Pelham Gardens,2062,1238,236,461,317,56000,879,,1847,1330,52,372,278,66250,1543,,-0.754012462,-0.099126566,-0.184,0.183035714,0.755403868,,-2.009391116,-2.179067579,-1.278431314,-0.379189024
36005035100,North Riverdale-Fieldston-Riverdale,3170,1754,1836,905,824,64250,725,,3591,2012,1875,979,1197,90536,1481,,-0.098486048,-0.045055856,0.266,0.409120623,1.042758621,,-0.171577161,-1.438899881,-0.364883268,0.707599801
36005035600,Eastchester-Edenwald-Baychester,1969,1250,211,334,193,60724,1024,,2317,1622,61,439,467,77981,1659,,-0.754321551,0.116960296,0.865,0.284187471,0.620117188,,-0.733870013,-1.880169837,-0.931387227,0.023830111
36005035800,Eastchester-Edenwald-Baychester,6886,4525,196,1298,1025,47965,856,,7068,4721,163,1697,1610,78246,1236,,-0.18978177,0.273730732,0.506,0.6313145,0.443925234,,-0.183533731,-1.697390829,-0.774722837,0.143565578
36005035900,East Tremont,1391,789,54,303,63,31164,547,,2035,1281,18,375,73,23750,977,,-0.772153972,-0.154037025,-0.286,-0.237902708,0.786106033,,-2.968122871,-2.231233868,-1.293504284,-0.367981493
36005036000,Allerton-Pelham Gardens,2815,1933,847,467,466,60639,781,,3203,2273,296,495,632,69605,1350,,-0.692864681,-0.068442259,0.153,0.147858639,0.728553137,,-1.525954709,-1.936233612,-1.039168706,-0.109995329
36005036100,East Tremont,6283,3398,25,1224,207,16645,307,,6028,3745,23,1537,382,23179,561,,-0.041081619,0.308839116,0.674,0.392550315,0.827361564,,0.376506098,-1.148130402,-0.078285699,1.000965611
36005036300,East Tremont,6571,3254,57,1413,228,16975,412,,7836,4311,81,1960,582,18744,937,,0.191645845,0.163190775,0.927,0.104212077,1.274271845,,0.626569131,-1.028541142,0.004475702,1.018818586
36005036400,Eastchester-Edenwald-Baychester,2834,1808,19,664,342,65625,753,,2550,1769,13,552,467,77167,1245,,-0.239587203,-0.076087881,0.396,0.175878095,0.653386454,,-0.981058624,-2.016360183,-1.07604296,-0.125821546
36005036501,East Tremont,3382,1762,29,720,134,20972,585,,3801,2143,50,830,300,19355,899,,0.534079054,0.025702301,0.841,-0.077102804,0.536752137,,-0.747834142,-1.434482557,-0.473600481,0.475205544
36005036502,East Tremont,1771,800,78,433,62,18152,499,,2077,1298,61,565,109,31196,954,,-0.333166673,0.112609122,0.084,0.718598502,0.911823647,,-0.108354795,-1.183243349,-0.314923006,0.557271287
36005036700,East Tremont,2185,1106,35,542,52,20703,608,,2724,1368,33,679,182,24702,1087,,-0.243706734,0.004881442,1.830,0.193160412,0.787828947,,0.230037297,-1.242824453,-0.256178229,0.735691465
36005036800,Williamsbridge-Olinville,1597,977,56,266,274,49444,780,,2158,1331,40,421,225,56667,1431,,-0.471402092,0.171261681,-0.397,0.146084459,0.834615385,,-1.611624974,-2.355951546,-1.408026258,-0.443884609
36005036901,East Tremont,1646,865,8,364,61,17150,386,,2235,1232,4,551,69,20278,949,,-0.631767338,0.114814269,-0.206,0.182390671,1.458549223,,-0.739217821,-1.176337743,-0.277978133,0.615660186
36005036902,East Tremont,2311,1297,21,520,129,17468,424,,2197,1284,26,510,149,27065,846,,0.302338687,0.031660306,0.167,0.549404626,0.995283019,,0.098204837,-0.982362276,0.006042002,1.007188966
36005037000,Williamsbridge-Olinville,2083,1349,178,346,326,54688,764,,2416,1728,68,544,254,54028,1583,,-0.670632115,0.35554875,-0.392,-0.012068461,1.071989529,,-1.532171452,-2.238901814,-1.308973171,-0.399577758
36005037100,East Tremont,4305,2507,69,817,204,21290,495,,4212,2829,88,930,447,41136,887,,0.303522028,0.163444539,0.942,0.93217473,0.791919192,,1.003816576,-0.689018897,0.28237806,1.249294214
36005037200,Williamsbridge-Olinville,2152,1573,246,421,189,46923,664,,2166,1367,28,578,283,48636,1238,,-0.886914548,0.364047699,0.723,0.036506617,0.864457831,,-0.863654498,-1.903359983,-1.022473595,-0.095067468
36005037300,East Tremont,4631,2427,89,966,231,25697,580,,5719,3331,119,1381,393,32250,996,,0.082708732,0.157633901,0.240,0.255010312,0.717241379,,-0.443619071,-1.108339602,-0.163723092,0.797327654
36005037400,Williamsbridge-Olinville,3519,2059,195,723,154,27022,437,,3884,2280,37,966,285,29882,765,,-0.828087618,0.210539248,0.671,0.105839686,0.750572082,,-0.954501405,-1.750230845,-0.801817755,0.168900804
36005037504,East Tremont,3413,2116,145,726,202,20711,390,,3472,1944,175,788,276,21490,856,,0.186387653,0.066955161,0.487,0.037612863,1.194871795,,-0.010644089,-1.090988157,-0.078462748,0.943975742
36005037600,Williamsbridge-Olinville,2333,1358,185,519,171,29904,698,,2454,1654,66,707,402,56250,1448,,-0.660833939,0.295066998,0.930,0.881019262,1.074498567,,0.884425872,-1.038568768,0.132089222,1.281643866
36005037800,Williamsbridge-Olinville,2859,1646,218,698,317,35516,656,,3295,1979,65,880,279,41269,1196,,-0.74128858,0.093921066,-0.268,0.161983331,0.823170732,,-1.7727164,-2.233113383,-1.225597933,-0.198343873
36005037900,Mount Hope,4993,2520,17,1092,206,24208,596,,5027,2954,63,1399,322,28229,1133,,2.680817702,0.2724706,0.333,0.166102115,0.901006711,,0.449553448,-0.944012958,-0.014233882,0.90092562
36005038000,Williamsbridge-Olinville,3874,2346,110,848,462,35424,697,,4816,3085,68,940,904,24605,1191,,-0.502733313,-0.108327979,0.488,-0.305414408,0.708751793,,-1.908160964,-2.267646226,-1.387777521,-0.501436883
36005038100,Mount Hope,6192,3418,210,1499,249,19000,660,,6790,4075,37,1730,379,37659,1175,,-0.839326741,0.052460108,0.277,0.982052632,0.78030303,,-0.535053231,-1.301014123,-0.348004679,0.609648381
36005038200,Williamsbridge-Olinville,2612,1657,53,563,266,43179,802,,2831,1813,47,469,290,47875,1408,,-0.181807882,-0.231404653,-0.004,0.108756571,0.755610973,,-1.585989176,-2.248685577,-1.279037922,-0.311389555
36005038301,Fordham South,4019,2012,115,987,121,16574,585,,4604,2495,62,1051,257,24688,1162,,-0.529373324,-0.070459633,0.713,0.489561965,0.986324786,,-0.097168476,-1.03124674,-0.123724949,0.763354026
36005038302,Fordham South,6133,3070,176,1515,185,16574,585,,5991,3267,20,1347,294,21791,1063,,-0.883670202,-0.089817234,0.493,0.314770122,0.817094017,,-1.304227959,-1.55644665,-0.626989401,0.337925612
36005038500,Claremont-Bathgate,4071,2008,106,974,110,15880,560,,4757,2741,37,1051,233,23494,1047,,-0.701280338,-0.076553563,0.552,0.479471033,0.869642857,,-0.581907861,-1.353267928,-0.402997875,0.548521331
36005038600,Eastchester-Edenwald-Baychester,7123,4226,76,1579,656,39187,707,,8096,5024,124,2153,1045,59045,1310,,0.435491211,0.19964941,0.340,0.506749687,0.852899576,,0.309416611,-1.354517774,-0.517229601,0.361369879
36005038700,Belmont,3132,1733,753,980,307,18042,619,,3375,1768,668,1165,274,21302,1176,,-0.176754316,0.103183673,-0.125,0.180689502,0.899838449,,-0.917428806,-1.497549554,-0.506350654,0.527973898
36005038800,Williamsbridge-Olinville,2634,1625,31,470,255,47381,692,,2552,1677,4,483,332,68958,1180,,-0.866821721,0.060679984,0.262,0.455393512,0.705202312,,-1.221629037,-1.938936909,-1.000481514,-0.044950568
36005038900,Belmont,4558,2225,1480,1385,183,24688,632,,5492,2721,1511,1951,419,34653,1211,,-0.152681788,0.169098998,0.872,0.403637395,0.916139241,,0.422247505,-0.980004211,0.062730752,1.120845086
36005039000,Williamsbridge-Olinville,2583,1574,78,510,267,47740,717,,2841,1735,61,678,288,35784,1388,,-0.288969215,0.208683769,-0.021,-0.250439883,0.935843794,,-1.396582491,-2.020318129,-1.106148404,-0.192629785
36005039100,Belmont,6372,3182,1094,1645,249,20687,580,,7073,4249,838,1983,888,31726,1130,,-0.309921009,0.085997739,1.671,0.533620148,0.948275862,,0.848853656,-0.707721062,0.269694782,1.228324969
36005039200,Williamsbridge-Olinville,1604,1038,9,364,156,38333,726,,1955,1169,30,354,208,40285,1286,,1.73486786,-0.202079762,0.184,0.050922182,0.771349862,,-0.856180156,-1.961245776,-0.898168472,0.143434416
36005039300,Belmont,7731,4012,876,1839,213,15370,535,,9438,5180,299,2437,461,24496,921,,-0.720409261,0.085499181,0.676,0.593754066,0.721495327,,-0.355655845,-1.113928801,-0.192503161,0.740291453
36005039400,Williamsbridge-Olinville,4453,2716,280,976,199,33390,628,,4948,3100,161,1198,341,37132,1166,,-0.482523242,0.1046635,0.501,0.112069482,0.856687898,,-0.602340893,-1.78268954,-0.699165182,0.354643756
36005039500,Claremont-Bathgate,3210,1747,40,728,145,16865,574,,4185,2327,54,933,384,32467,1030,,0.035483871,-0.016985702,0.988,0.925111177,0.794425087,,0.681395415,-0.708483123,0.131065495,0.971474127
36005039600,Williamsbridge-Olinville,3316,2032,93,646,220,31250,675,,4505,2642,40,1028,317,39009,1273,,-0.683410309,0.17133285,0.108,0.248288,0.885925926,,-0.876771938,-1.711072666,-0.79856029,0.122159524
36005039700,Belmont,4012,1006,2377,1570,265,19170,538,,3994,827,2390,1391,110,31701,1035,,0.010000487,-0.110019807,-0.495,0.653677621,0.923791822,,-1.243028052,-1.510432844,-0.72755801,0.041220266
36005039800,Williamsbridge-Olinville,2758,1787,35,542,307,41474,749,,3004,1982,118,638,670,74261,1345,,2.095339547,0.080726313,0.968,0.790543473,0.795727637,,1.171148589,-1.024049106,-0.044547289,0.929216959
36005039901,Bedford Park-Fordham North,5550,2994,316,1370,250,17274,643,,5536,3336,101,1304,367,26264,1151,,-0.679571459,-0.045768111,0.318,0.520435336,0.790046656,,-0.767485525,-1.416981212,-0.56552438,0.279408117
36005039902,Bedford Park-Fordham North,4960,2552,154,1241,202,16591,640,,5545,3389,550,1329,322,33007,1141,,2.194641247,-0.04207099,0.200,0.989452113,0.7828125,,0.548893879,-0.936857834,0.063854857,1.035238852
36005040100,Bedford Park-Fordham North,5302,3303,524,1218,340,26399,706,,4652,2880,145,1122,239,26250,1213,,-0.684618124,0.04989432,-0.194,-0.005644153,0.718130312,,-2.026754896,-1.750009613,-0.861591108,0.018522855
36005040302,Bedford Park-Fordham North,4472,2282,149,1188,119,20776,663,,4265,2565,48,899,236,27976,1189,,-0.662217047,-0.206538223,0.764,0.346553716,0.793363499,,-0.847785354,-1.664751864,-0.739645015,0.151019398
36005040303,Van Cortlandt Village,4820,2637,269,1063,284,25770,685,,4974,3064,178,1645,383,39730,1171,,-0.358777165,0.499594694,0.161,0.541715173,0.709489051,,-0.047077725,-1.42857955,-0.420868795,0.5819556
36005040304,Van Cortlandt Village,3738,2045,210,830,221,25770,685,,3943,1955,147,792,344,25938,1244,,-0.336393609,-0.095393698,0.628,0.006519208,0.816058394,,-0.904225957,-1.689959143,-0.739604703,0.207279793
36005040400,Williamsbridge-Olinville,2990,1891,85,588,273,44531,917,,3139,2215,59,904,578,63173,1184,,-0.338830276,0.464437957,0.808,0.418629719,0.291166848,,-0.336708182,-1.433975011,-0.513220758,0.411530782
36005040501,Bedford Park-Fordham North,4079,2121,151,1000,218,25688,656,,4698,2620,156,1227,241,37300,1178,,-0.103008466,0.065332695,-0.105,0.452039863,0.795731707,,-0.70530419,-1.821372714,-0.760101028,0.272933315
36005040502,Bedford Park-Fordham North,7099,3694,265,1751,380,25688,656,,6636,3914,81,1774,591,24472,1117,,-0.673013409,0.083822763,0.468,-0.047337278,0.702743902,,-1.315839991,-2.068260433,-1.026985376,0.025774355
36005040600,Williamsbridge-Olinville,3398,2028,44,718,378,32004,710,,3593,2351,4,703,355,55257,1212,,-0.914024745,-0.074029741,-0.190,0.726565429,0.707042254,,-1.864361632,-1.915564319,-1.025582693,-0.163340887
36005040701,Van Cortlandt Village,3309,1960,408,875,220,22607,705,,3140,2094,145,804,358,45769,1206,,-0.625480049,-0.031688444,0.523,1.024549918,0.710638298,,-0.144996296,-1.481002986,-0.523474309,0.395893559
36005040702,Bedford Park-Fordham North,6718,3795,1006,1807,577,31235,681,,6823,4406,702,2070,683,35272,1090,,-0.312925612,0.127916166,0.020,0.129246038,0.600587372,,-1.262792317,-1.729183195,-0.928589321,-0.117820873
36005040800,Williamsbridge-Olinville,4014,2264,127,1075,290,29850,707,,4780,2751,337,1214,487,44196,1219,,1.228310216,-0.051669553,0.382,0.480603015,0.724186704,,-0.010399732,-1.513531056,-0.46831985,0.614953905
36005040900,Van Cortlandt Village,3626,2479,926,585,479,48571,587,,3138,2379,427,601,671,57712,1043,,-0.467166221,0.187116842,0.460,0.188198719,0.776831346,,-0.51771692,-1.476449173,-0.706972844,0.055254166
36005041100,Bedford Park-Fordham North,2481,1610,484,707,202,37303,730,,3158,1870,305,762,490,42639,1334,,-0.504927143,-0.153259766,1.088,0.143044795,0.82739726,,-0.598838059,-1.73382148,-0.781024691,0.16651596
36005041300,Bedford Park-Fordham North,7515,4651,1756,2016,960,32302,705,,7429,4869,693,1688,891,53785,1208,,-0.600784542,-0.153005596,-0.113,0.665067179,0.713475177,,-1.296796768,-2.044447658,-1.051959051,-0.035736898
36005041400,Woodlawn-Wakefield,5011,3138,581,1047,324,35688,718,,4776,3385,433,930,924,67750,1292,,-0.218062847,-0.068041977,1.644,0.89839722,0.799442897,,0.818158673,-1.014315355,0.047025726,1.140514408
36005041500,Bedford Park-Fordham North,5635,3606,1134,1535,743,36417,705,,6031,3874,435,1739,767,46799,1290,,-0.641589442,0.05851202,-0.039,0.285086635,0.829787234,,-1.17572071,-2.036781304,-1.029335304,-0.0211283
36005041800,Woodlawn-Wakefield,3564,2121,365,813,303,46279,707,,4302,2843,164,1095,560,39944,1351,,-0.627764086,0.115811577,0.379,-0.136887141,0.910891089,,-1.174214888,-1.743571722,-0.712948612,0.273987104
36005041900,Norwood,6837,4034,1471,1741,1049,24563,685,,7168,4739,1003,1714,1161,34677,1191,,-0.349636973,-0.060969649,-0.058,0.411757521,0.738686131,,-1.091771708,-1.997370527,-1.048123142,-0.092386789
36005042000,Williamsbridge-Olinville,3788,2399,320,885,317,28278,675,,3639,2379,145,885,364,51959,1134,,-0.528321654,0.040945315,0.158,0.837435462,0.68,,-0.479636894,-1.712357933,-0.714356993,0.281424699
36005042100,Norwood,6831,4324,748,1850,1172,32188,671,,5576,3345,444,1693,833,29046,1090,,-0.272818381,0.121106189,-0.081,-0.097614018,0.624441133,,-1.702238198,-2.169884462,-1.217576417,-0.248836841
36005042200,Williamsbridge-Olinville,2712,1885,325,514,249,39474,716,,3387,2255,37,517,442,60128,1198,,-0.908842406,-0.194618012,0.484,0.523230481,0.673184358,,-1.551745939,-1.991283083,-1.07114073,-0.131032054
36005042300,Norwood,3863,2141,968,1068,350,35911,691,,4384,2862,666,1208,624,40815,1177,,-0.393748209,-0.003333538,0.334,0.136559828,0.703328509,,-1.006351971,-2.003761434,-1.056222196,-0.093568258
36005042400,Williamsbridge-Olinville,2517,1704,92,491,301,53571,753,,2680,1863,111,456,436,68929,1275,,0.133140006,-0.12776849,0.325,0.28668496,0.693227092,,-0.752994018,-1.69091265,-0.762171692,0.223460968
36005042500,Norwood,6530,3742,1523,1841,506,27073,699,,6494,3380,777,1812,561,35052,1247,,-0.48699451,-0.010296054,0.227,0.294721678,0.78397711,,-0.868099888,-1.861686903,-0.895486555,0.053711121
36005042600,Woodlawn-Wakefield,6470,4173,203,1570,987,58679,852,,6893,4729,295,1473,1343,78125,1479,,0.364023901,-0.119358603,0.201,0.331396241,0.735915493,,-0.663775057,-1.684410966,-0.77690567,0.133173186
36005042800,Woodlawn-Wakefield,2275,1509,95,474,258,66214,938,,1996,1484,49,361,429,76250,1336,,-0.412113701,-0.13194004,0.691,0.151569155,0.424307036,,-1.342663344,-2.203736385,-1.181621122,-0.156207449
36005042901,Norwood,3521,2136,709,936,269,27788,708,,4154,2629,475,966,539,43774,1222,,-0.43213264,-0.125216041,0.628,0.575284295,0.725988701,,-0.419019862,-1.8562336,-0.776764061,0.279543958
36005042902,Norwood,3349,1996,544,963,247,36250,693,,4544,2804,296,1091,645,27337,1233,,-0.598976673,-0.165021509,0.859,-0.245875862,0.779220779,,-1.591242762,-2.499144118,-1.339178914,-0.190906468
36005043000,Woodlawn-Wakefield,3124,2092,268,804,341,55333,689,,3804,2698,164,955,758,73018,1016,,-0.49744966,-0.02452119,0.724,0.319610359,0.474600871,,-0.9097646,-1.934915629,-0.99925508,-0.056207904
36005043100,Norwood,9816,5796,964,2355,867,27832,702,,10346,7018,426,2502,1144,33775,1181,,-0.580729177,0.007995213,0.090,0.213531187,0.682336182,,-1.322278385,-2.299047595,-1.211011377,-0.122008711
36005043400,Woodlawn-Wakefield,3502,2119,455,843,313,39839,722,,3937,2327,167,710,384,43958,1211,,-0.673520587,-0.250828063,0.117,0.103391149,0.677285319,,-1.997194599,-2.118362641,-1.222022474,-0.342732608
36005043600,Woodlawn-Wakefield,2276,1399,188,617,205,59868,803,,2179,1537,98,341,461,59350,1329,,-0.455518342,-0.422723016,1.047,-0.008652369,0.655043587,,-1.616444748,-2.425235402,-1.378035467,-0.305156037
36005044200,Woodlawn-Wakefield,3806,2393,180,862,438,44000,711,,3533,2290,232,882,426,50000,1198,,0.38848319,0.102266138,0.016,0.136363636,0.684950774,,-0.859637464,-1.967335859,-0.823263988,0.320896303
36005044400,Woodlawn-Wakefield,4025,2585,181,845,597,61252,860,,3728,2486,133,719,614,72841,1428,,-0.20665325,-0.081324441,0.069,0.189201985,0.660465116,,-1.271344521,-2.202263394,-1.179400057,-0.151091071
36005044800,Woodlawn-Wakefield,1760,1146,96,344,296,66287,1035,,2054,1603,44,495,489,88152,1598,,-0.607270367,0.232988383,0.181,0.329853516,0.543961353,,-1.013425058,-2.158866234,-1.015725622,0.128748086
36005044901,Woodlawn-Wakefield,1993,1548,1861,534,459,60592,756,,1450,1087,1150,346,376,94432,1249,,-0.150642035,-0.109417538,0.167,0.55848957,0.652116402,,-0.753920792,-1.986389806,-0.681938868,0.62006971
36005044902,Woodlawn-Wakefield,2041,1457,1985,624,287,58333,787,,1994,1393,1520,455,560,77917,1283,,-0.216207817,-0.253646356,1.041,0.335727633,0.630241423,,-0.639197011,-1.59883891,-0.454483483,0.677858265
36005045101,Woodlawn-Wakefield,1783,1461,1650,492,431,66667,731,,1548,1260,1241,500,514,104028,1419,,-0.13370018,0.170537384,0.383,0.560412198,0.941176471,,0.261836915,-1.154249102,-0.008446635,1.119006008
36005045102,Woodlawn-Wakefield,1953,1547,1698,540,336,52195,750,,1870,1521,1489,516,569,97222,1399,,-0.084164131,-0.002032086,0.722,0.862668838,0.865333333,,0.512973874,-0.981244119,0.112452001,1.216619636
36005045600,Eastchester-Edenwald-Baychester,2828,1785,752,451,405,68019,851,,2988,2067,680,570,527,91027,1398,,-0.144165314,0.196181622,0.124,0.338258428,0.642773208,,-0.622338468,-1.946890421,-0.815859615,0.298928577
36005045800,Eastchester-Edenwald-Baychester,7329,3740,58,1315,205,13951,268,,5211,2793,13,1288,458,25833,480,,-0.684761678,0.377570261,1.992,0.851695219,0.791044776,,1.105715807,-1.070042686,-0.089648907,0.867423321
36005046000,Eastchester-Edenwald-Baychester,2746,1778,122,534,318,35903,635,,2888,1807,47,597,159,38938,925,,-0.633696244,0.063007719,-0.508,0.084533326,0.456692913,,-2.810280296,-2.664285938,-1.6363467,-0.609653001
36005046201,Co-op City,24834,18199,4323,3921,4043,52801,620,,29256,21585,2505,5053,5569,62068,937,,-0.508125595,0.093916531,0.161,0.17550804,0.511290323,,-1.366008244,-2.272942731,-1.207928846,-0.148499741
36005046202,Co-op City,7320,4759,738,1324,874,43294,629,,9410,5738,182,1766,1314,40152,1058,,-0.808161185,0.037586164,0.247,-0.072573567,0.682034976,,-1.880405124,-2.220222338,-1.306164164,-0.370812461
36005048400,Eastchester-Edenwald-Baychester,3801,2255,88,849,587,62396,972,,4054,2683,154,834,711,78387,1445,,0.640786877,-0.078972737,0.018,0.256282454,0.486625514,,-1.191179095,-2.013698246,-1.028452001,-0.031923636
36005051600,Pelham Bay-Country Club-City Island,4520,3459,3801,739,1147,73750,798,,4034,2911,2637,625,1083,111982,1226,,-0.222653225,-0.052371486,0.122,0.5184,0.536340852,,-0.967687699,-2.092091857,-0.860231304,0.375549995
36047000100,Brooklyn Heights-Cobble Hill,5311,4210,3836,1993,2403,112010,733,,4224,3624,2914,759,2468,133456,1478,,-0.04486812,-0.521163917,0.193,0.191465048,1.016371078,,-1.537003552,-1.546914518,-0.601296608,0.348060828
36047000200,Sunset Park West,1309,700,59,465,24,32174,749,,1638,1088,63,573,87,46964,1327,,-0.146675359,-0.01524676,1.332,0.459687947,0.771695594,,0.317476152,-0.674820941,0.37642593,1.445324612
36047000301,Brooklyn Heights-Cobble Hill,5101,4262,4103,1580,3028,144248,988,,4246,3477,3262,819,2316,179931,2023,,-0.044880365,-0.377266616,-0.062,0.247372581,1.04757085,,-1.33841195,-1.931795313,-0.908259213,0.098967314
36047000501,Brooklyn Heights-Cobble Hill,2812,2352,2352,971,1833,145502,909,,4697,2850,3285,1655,2274,184844,1894,,-0.163833406,0.020407224,0.024,0.270388036,1.083608361,,-0.488956034,-1.485042962,-0.407753025,0.634746531
36047000502,Brooklyn Heights-Cobble Hill,3252,2721,2720,1132,2121,145502,909,,2618,2188,2004,798,1895,175197,1998,,-0.084813284,-0.124336275,0.111,0.204086542,1.198019802,,-0.531184381,-0.620994188,0.363885459,1.304819509
36047000700,Brooklyn Heights-Cobble Hill,3668,2882,2878,1260,2247,151958,1079,,4110,3140,3100,1069,2729,176893,2115,,-0.03870118,-0.242827791,0.115,0.164091394,0.960148285,,-1.052914166,-1.197216878,-0.307067399,0.598934597
36047000900,Brooklyn Heights-Cobble Hill,2173,1725,1540,921,1302,125886,919,,4245,3345,2896,1858,2860,220139,2722,,-0.037368944,0.032685576,0.133,0.748717093,1.961915125,,1.088811407,0.391630936,1.339997985,2.292980018
36047001100,DUMBO-Vinegar Hill-Downtown Brooklyn-Boerum Hill,109,94,40.5,15,21.5,28988,701,,1124,1006,702,776,856,156250,2867,,0.680901542,4.016844603,2.720,4.390161446,3.089871612,,7.767826349,3.327721888,4.467783505,5.654016047
36047001300,DUMBO-Vinegar Hill-Downtown Brooklyn-Boerum Hill,2546,2304,1446,763,1243,101761,1078,,2565,2121,1512,892,1118,158542,2204,,0.037897649,0.160409689,-0.023,0.557983903,1.044526902,,0.022138689,0.191019318,1.14392616,2.108740188
36047001500,DUMBO-Vinegar Hill-Downtown Brooklyn-Boerum Hill,2515,1568,240,746,255,16755,278,,6390,4693,1927,2537,2839,79583,2253,,2.160149322,0.338501219,2.720,3.749806028,7.104316547,,7.544496056,3.056603945,4.039082731,5.056200944
36047002000,Sunset Park West,1559,884,94,472,75,24432,676,,1265,827,46,361,129,76964,1299,,-0.396905222,-0.057414417,0.839,2.150130976,0.921597633,,1.255116625,-0.385275286,0.643361679,1.653051967
36047002100,DUMBO-Vinegar Hill-Downtown Brooklyn-Boerum Hill,1137,883,814,528,547,106530,1192,,4628,3559,3410,1397,2918,248278,3261,,0.029193628,-0.349975691,0.324,1.330592321,1.735738255,,0.902239316,-0.264051767,0.88318631,2.010418086
36047002200,Sunset Park West,4240,2712,824,941,367,33924,629,,4976,3556,870,1169,857,44750,1184,,-0.100341835,0.058547553,0.781,0.319125103,0.882352941,,0.095724589,-1.208286118,-0.226484723,0.730666547
36047002300,DUMBO-Vinegar Hill-Downtown Brooklyn-Boerum Hill,4522,2472,36.5,875,47,11275,276,,4389,2653,36,1005,321,22269,425,,0.01618929,0.183376623,5.364,0.975077605,0.539855072,,2.062378789,1.003786462,2.07141367,3.138253977
36047002901,Fort Greene,4314,2107,45,1016,69,12589,234,,4074,2415,91,887,157,21125,509,,1.141351661,-0.075538077,0.985,0.678052268,1.175213675,,1.150824198,0.774805341,1.84712388,2.904516582
36047003000,Bay Ridge,2009,1463,1420,521,568,60040,791,,1792,1212,1111,414,670,91932,1423,,-0.122862566,-0.109150072,0.424,0.531179214,0.798988622,,-0.314996058,-1.416761576,-0.413659761,0.587454997
36047003100,Fort Greene,2756,1776,391,716,607,47888,648,,2879,2020,756,715,1101,92188,1905,,0.850898428,-0.044060147,0.595,0.925075175,1.939814815,,1.820955624,0.99588119,1.954153032,2.897237926
36047003300,Fort Greene,2438,1802,654,820,908,39671,908,,3171,2523,1711,1259,1721,145244,2266,,1.011452218,0.180454731,0.354,2.661213481,1.495594714,,2.613238795,1.285408275,2.22261894,3.186887352
36047003400,Bay Ridge,2889,2238,2200,683,807,57361,775,,2829,2317,1761,526,1008,103359,1315,,-0.182568688,-0.213534575,0.206,0.801903733,0.696774194,,-0.611741205,-1.718381063,-0.565896712,0.555155356
36047003500,Fort Greene,1470,1113,362,472,483,73977,798,,1589,1294,577,402,748,91750,1202,,0.474553995,-0.212088404,0.332,0.240250348,0.506265664,,-1.124667309,-0.373635915,0.561414093,1.47410287
36047003600,Bay Ridge,3940,3016,2923,841,1181,50690,764,,4342,3137,2418,976,1675,104006,1412,,-0.249356231,0.053077235,0.364,1.05180509,0.848167539,,0.351425423,-1.227063474,-0.260855976,0.68893504
36047003700,DUMBO-Vinegar Hill-Downtown Brooklyn-Boerum Hill,384,305,140,121,121,27955,828,,1214,883,884,668,756,152813,2646,,0.997269946,0.746238784,1.158,4.466392416,2.195652174,,5.022116736,2.064999846,2.99192566,3.931129002
36047003800,Bay Ridge,1599,1213,1408,359,648,78745,875,,1459,1099,1047,294,576,103125,1479,,-0.185038301,-0.102476035,-0.019,0.309606959,0.690285714,,-1.200899067,-2.056580502,-0.921440442,0.223104197
36047003900,DUMBO-Vinegar Hill-Downtown Brooklyn-Boerum Hill,2100,1642,874,747,673,45179,690,,2458,1924,1327,823,1422,149286,1380,,0.297170031,-0.058724728,0.803,2.304322805,1,,1.736925212,0.689378238,1.58913684,2.502680142
36047004100,DUMBO-Vinegar Hill-Downtown Brooklyn-Boerum Hill,3317,2732,2212,1076,1584,88487,931,,3653,2879,2383,859,1900,173438,2044,,-0.021784097,-0.27510235,0.138,0.960039328,1.195488722,,0.037287325,0.017571848,0.950276536,1.933887279
36047004300,DUMBO-Vinegar Hill-Downtown Brooklyn-Boerum Hill,2918,2142,1326,1197,958,78005,1006,,3260,2659,2065,1124,2050,186607,1968,,0.393940445,-0.159495877,0.724,1.392244087,0.956262425,,0.966295859,0.189745157,1.125260314,2.095900214
36047004400,Bay Ridge,2548,1901,2242,404,903,107001,947,,2255,1726,1812,409,972,112212,1362,,-0.086779898,0.143917806,0.186,0.048700479,0.438225977,,-1.311493478,-1.913354598,-0.911240047,0.108959377
36047004500,Carroll Gardens-Columbia Street-Red Hook,3464,2800,2881,1171,2102,130840,1031,,3465,2722,2928,1087,2281,209808,2192,,0.016020471,-0.072001459,0.116,0.603546316,1.126091174,,-0.010768054,-0.593946212,0.353034872,1.318681794
36047004600,Bay Ridge,1279,839,1120,187,334,80699,835,,1338,944,1110,197,525,166000,1153,,-0.052630525,0.007022214,0.397,1.057026729,0.380838323,,-0.286858333,-1.426635881,-0.42090949,0.56925612
36047004700,Carroll Gardens-Columbia Street-Red Hook,1214,840,574,508,464,72545,783,,2142,1535,1172,473,1027,135114,1710,,0.157217358,-0.47228839,0.211,0.862485354,1.183908046,,-0.374103861,-0.93027828,0.106294032,1.10175146
36047004900,Carroll Gardens-Columbia Street-Red Hook,2575,2113,1660,802,1158,87855,1002,,2599,2164,1695,792,1556,134583,1914,,0.011655317,-0.021588008,0.312,0.531876387,0.910179641,,-0.069421936,-0.863172757,0.099516313,1.062456671
36047005000,Bay Ridge,2345,1817,1961,441,775,91523,849,,2449,1801,1917,427,1225,124671,1681,,-0.063951005,-0.072864208,0.595,0.362182184,0.979976443,,-0.044442836,-1.278179828,-0.218920588,0.855275361
36047005100,Carroll Gardens-Columbia Street-Red Hook,2167,1651,1267,779,752,61806,951,,2392,1827,1442,437,1171,100446,2285,,0.031065799,-0.491791745,0.407,0.625182021,1.402733964,,-0.283159812,-0.591444673,0.409560099,1.432973205
36047005201,Bay Ridge,1777,1597,1600,232,497,103385,409,,1623,1380,1172,209,675,125815,520,,-0.197995995,-0.013658721,0.572,0.216956038,0.271393643,,-1.296078351,-1.808175567,-0.729070182,0.343160269
36047005202,Bay Ridge,2451,2032,2229,485,720,64792,856,,2464,2005,2109,542,1165,99934,1672,,-0.058827739,0.111629736,0.640,0.542381776,0.953271028,,0.428822751,-1.092455656,0.057023205,1.195645142
36047005300,Carroll Gardens-Columbia Street-Red Hook,1780,1046,508,523,283,33774,633,,2424,1794,1202,719,951,91080,1608,,0.737513318,0.009519212,0.959,1.696748979,1.54028436,,2.321438149,0.575225755,1.530589367,2.491247679
36047005400,Bay Ridge,3253,2701,2610,857,1035,56571,791,,3160,2686,2460,695,1456,83365,1452,,-0.029732286,-0.165164394,0.415,0.473634901,0.835651075,,-0.387965429,-1.214666,-0.218259657,0.79846936
36047005601,Bay Ridge,2549,2121,2134,554,755,61696,824,,2310,2086,1882,486,1093,80625,1439,,-0.026842667,-0.031979933,0.472,0.306810814,0.746359223,,-0.435277609,-1.32589802,-0.189889145,0.918627513
36047005602,Bay Ridge,1498,1238,1260,357,603,41484,792,,1622,1297,1198,502,765,96855,1307,,-0.12189341,0.298662992,0.211,1.334755568,0.650252525,,0.517473087,-0.773985526,0.401333796,1.51155162
36047005800,Bay Ridge,3308,2585,2497,874,967,48625,756,,3106,2255,1835,707,1089,75000,1311,,-0.217324795,-0.138466775,0.291,0.542416452,0.734126984,,-0.612293671,-1.312930703,-0.350583175,0.605074263
36047005900,Carroll Gardens-Columbia Street-Red Hook,1064,562,214,332,66,21189,506,,1397,1039,808,478,610,59554,1886,,1.875694914,0.096566653,3.999,1.810609278,2.727272727,,4.827841535,1.53165991,2.581286783,3.678030765
36047006000,Bay Ridge,2934,2088,2036,829,709,50118,767,,2541,1768,1598,660,746,93214,1429,,-0.09373659,-0.08072627,0.243,0.859890658,0.863102999,,-0.022036502,-1.183186976,-0.214791588,0.736424506
36047006200,Bay Ridge,3062,2200,2206,832,704,39902,736,,2916,2004,1744,563,1000,71023,1470,,-0.169846049,-0.289436761,0.559,0.779935843,0.997282609,,-0.060765259,-1.185524866,-0.181996615,0.833680978
36047006300,Carroll Gardens-Columbia Street-Red Hook,1752,1368,1353,654,779,66058,942,,1885,1428,1488,437,977,132292,2293,,0.022181183,-0.378950186,0.201,1.002664325,1.43418259,,0.182122597,-0.480759851,0.480718683,1.455350534
36047006400,Bay Ridge,3553,2592,2806,946,891,60161,776,,2975,2267,2206,469,875,76448,1286,,-0.061085429,-0.407906977,0.123,0.270723558,0.657216495,,-1.681080553,-1.933061676,-0.954179557,0.004632116
36047006500,Carroll Gardens-Columbia Street-Red Hook,5145,4079,4183,1662,2261,77714,1020,,5763,4559,4906,1259,3424,163333,2138,,0.047071741,-0.323712329,0.355,1.101719124,1.096078431,,0.181057646,-0.213976667,0.736639297,1.685171956
36047006600,Bay Ridge,3631,2632,2654,975,796,44338,770,,3528,2594,2198,962,970,71793,1384,,-0.147637289,0.015472411,0.236,0.619220533,0.797402597,,-0.220290088,-1.368216924,-0.436816467,0.481420979
36047006700,Carroll Gardens-Columbia Street-Red Hook,3500,2775,2924,1044,1921,100854,1020,,3867,2924,3183,942,2219,163571,1994,,-0.014734802,-0.183334374,0.096,0.621859321,0.954901961,,-0.420336524,-0.785077476,0.173621196,1.149116207
36047006800,Bay Ridge,4836,3208,2693,1167,766,41513,731,,4731,3198,2252,1301,985,41529,1341,,-0.145198301,0.139566791,0.290,0.000385421,0.834473324,,-0.727174597,-1.523044813,-0.572328061,0.392333339
36047006900,DUMBO-Vinegar Hill-Downtown Brooklyn-Boerum Hill,3285,2521,1900,1330,1457,60526,1013,,3417,2820,2536,1438,2391,162174,2226,,0.283175454,0.039435727,0.467,1.679410501,1.197433366,,1.51068082,0.067452439,1.011630378,1.969081642
36047007000,Bay Ridge,2439,1802,1443,465,440,46842,680,,2470,1706,1317,372,720,46618,1182,,-0.0987728,-0.210040486,0.728,-0.004782033,0.738235294,,-1.021606591,-1.766772582,-0.791081868,0.169722014
36047007100,DUMBO-Vinegar Hill-Downtown Brooklyn-Boerum Hill,4561,2721,715,991,584,22904,418,,4943,3368,993,1226,1098,43716,589,,0.281482467,0.141527235,0.519,0.908662242,0.409090909,,0.060886264,-0.071996451,0.833432877,1.741163486
36047007200,Sunset Park West,2016,1234,325,544,151,36434,689,,2127,1253,274,586,104,35077,1321,,-0.200920039,0.020990625,-0.322,-0.03724543,0.917271408,,-1.665564692,-2.113898305,-1.092606166,-0.087984809
36047007400,Sunset Park West,5330,3104,316,1526,276,35651,734,,5767,3511,441,1297,660,31071,1471,,0.289818983,-0.214470137,1.114,-0.128467645,1.004087193,,-0.492778229,-1.588098302,-0.643000991,0.311953612
36047007500,Carroll Gardens-Columbia Street-Red Hook,4359,3412,3345,1444,2143,75243,1016,,4543,3507,3686,1157,2711,172083,2281,,0.057312438,-0.231205447,0.231,1.287030023,1.24507874,,0.559256008,-0.290463078,0.687869161,1.681623676
36047007600,Sunset Park West,4440,2560,447,1272,295,35637,659,,4936,3245,668,1339,756,31302,1294,,0.344239827,-0.053106174,1.022,-0.121643236,0.963581184,,-0.29193921,-1.227971507,-0.316327829,0.577690768
36047007700,Carroll Gardens-Columbia Street-Red Hook,4000,3192,2903,1283,1313,58333,867,,4705,3821,3159,1194,2667,141635,2166,,-0.074869597,-0.20881502,0.697,1.428042446,1.498269896,,1.297855516,0.043041359,1.153554485,2.270594998
36047007800,Sunset Park West,5018,2947,378,1446,242,30192,642,,5518,3629,403,1641,675,43112,1358,,-0.030467868,0.032022698,1.265,0.427927928,1.115264798,,0.800916661,-0.744543443,0.217827277,1.206707353
36047008000,Sunset Park West,4360,2662,349,1287,270,28052,688,,4133,2640,607,1100,813,56474,1559,,0.834781481,-0.09835574,2.036,1.01318979,1.265988372,,1.968746067,-0.173091259,0.807953871,1.800898018
36047008200,Sunset Park West,4072,2337,420,1146,351,30000,702,,4306,2983,476,1417,683,40994,1352,,0.071744852,0.169281225,0.524,0.366466667,0.925925926,,0.239081905,-0.752924741,0.251538032,1.245865292
36047008400,Sunset Park West,3229,1917,350,895,290,29957,735,,3784,2611,756,881,483,44444,1266,,0.843192389,-0.160018366,0.223,0.48359315,0.72244898,,-0.422697191,-1.026400261,0.052549463,1.139040902
36047008500,Carroll Gardens-Columbia Street-Red Hook,7278,3846,40,1483,129,13575,214,,7281,4320,111,1746,216,21068,395,,1.773856613,0.176858121,0.491,0.551970534,0.845794393,,0.739777157,-0.035548352,1.192208396,2.41145178
36047008800,Sunset Park East,2688,1677,538,767,243,25727,686,,3399,2276,647,1078,676,54195,1436,,-0.048957106,0.111479602,1.050,1.106541765,1.093294461,,1.384148595,-0.457550939,0.623935801,1.694610347
36047009000,Sunset Park East,3174,1843,525,1004,169,27546,696,,3206,2007,296,827,303,37661,1343,,-0.44181802,-0.184516457,0.646,0.36720395,0.929597701,,-0.474829684,-1.305028106,-0.239012531,0.833498403
36047009200,Sunset Park East,5241,3131,888,1354,428,29419,673,,5488,3473,384,1467,573,36587,1243,,-0.587030179,0.034692989,0.207,0.243652062,0.846953938,,-0.897591415,-1.398680514,-0.452714212,0.521425368
36047009400,Sunset Park East,4855,2944,1656,1088,421,31509,737,,5571,3767,847,1394,810,35694,1319,,-0.55426252,0.116580282,0.504,0.132819195,0.789687924,,-0.708199738,-1.616197268,-0.665772345,0.298801441
36047009600,Sunset Park East,5900,3425,794,1648,372,30773,731,,6103,4145,1048,1459,601,34271,1339,,0.27599632,-0.144132123,0.335,0.113671075,0.831737346,,-0.762672843,-1.345284514,-0.434105875,0.480961409
36047009800,Sunset Park East,6121,3416,519,1721,252,25841,676,,8144,4825,399,2162,386,30893,1303,,-0.422183217,-0.055809919,0.084,0.19550327,0.927514793,,-0.98032642,-1.497903734,-0.594168781,0.295590371
36047010000,Sunset Park East,6271,3687,1002,1500,277,31638,716,,6642,4304,524,1636,482,25433,1202,,-0.506256382,0.029745659,0.491,-0.196124913,0.67877095,,-1.504193115,-1.82342863,-0.928229076,-0.056775369
36047010100,Sunset Park West,4095,2476,1025,1289,263,34219,723,,4297,2947,1057,1274,940,46118,1228,,-0.017257644,-0.058099423,2.003,0.347730793,0.698478562,,0.395067602,-0.53238749,0.691082005,1.879029748
36047010200,Sunset Park East,4616,2895,982,1125,252,28802,717,,5291,3664,269,1642,447,41480,1221,,-0.761015997,0.273352569,0.402,0.440177765,0.70292887,,-0.598561031,-1.723486229,-0.783552472,0.126137246
36047010400,Sunset Park East,5530,3721,993,1519,421,24228,723,,5904,4007,353,1513,597,32318,1188,,-0.667030665,-0.067046632,0.317,0.333911177,0.643153527,,-1.205159462,-2.058041741,-1.064410809,-0.069924176
36047010600,Sunset Park East,5460,3402,694,1275,379,27948,680,,5240,3510,320,1511,544,34309,1147,,-0.519545945,0.234854064,0.391,0.227601259,0.686764706,,-0.637030765,-1.701315171,-0.802979147,0.090601388
36047010800,Sunset Park East,4803,2847,932,1171,411,28188,682,,4108,2803,406,853,384,27370,1028,,-0.490678191,-0.148324238,-0.051,-0.029019441,0.507331378,,-2.28504744,-2.222857957,-1.272197956,-0.352995768
36047011000,Sunset Park East,1987,1337,562,414,172,30179,757,,2670,1609,571,801,222,55341,1453,,-0.243887534,0.439855072,0.073,0.833758574,0.919418758,,0.42964734,-0.987978486,0.032367779,1.043401692
36047011200,Sunset Park East,6242,3523,2214,1552,388,21667,597,,6707,3886,2886,1346,750,31520,1127,,0.213149066,-0.192860129,0.752,0.45474685,0.887772194,,-0.028117555,-1.213744115,-0.301570682,0.591913389
36047011400,Borough Park,4116,2543,2696,743,675,37750,613,,4664,2943,2506,1092,671,43643,1159,,-0.179690005,0.297031874,-0.141,0.15610596,0.890701468,,-0.748093537,-1.634483159,-0.740658696,0.131072332
36047011600,Borough Park,4259,2773,1205,849,260,29321,685,,4189,2773,446,1269,269,34213,1150,,-0.623690579,0.519676724,0.035,0.166842877,0.678832117,,-0.894473155,-1.724585856,-0.878956714,-0.020068246
36047011700,Park Slope-Gowanus,2874,1733,767,952,319,33233,755,,2796,2145,1687,1118,1424,64750,1711,,1.26083733,0.207131136,2.607,0.948364577,1.266225166,,2.651659606,1.239080402,2.241812595,3.255678942
36047011800,Sunset Park East,1923,1331,503,526,138,24943,681,,2072,1386,86,528,97,28600,1232,,-0.841320801,-0.068382342,-0.325,0.146614281,0.809104258,,-2.354433014,-2.328461145,-1.419688876,-0.501974966
36047011900,Park Slope-Gowanus,1453,1103,590,507,256,28569,739,,1654,1299,893,625,716,87841,1626,,0.329626176,0.082934444,1.375,2.074696349,1.200270636,,2.410684905,0.807043278,1.663289048,2.563535299
36047012000,Sunset Park East,1417,967,157,445,81,31484,739,,1305,881,73,323,96,56484,1291,,-0.495126534,-0.211862758,0.301,0.794054123,0.746955345,,-0.660431423,-1.747356537,-0.842915567,0.079827984
36047012100,Park Slope-Gowanus,1715,1144,550,501,220,35875,815,,1801,1444,947,749,904,100357,2046,,0.639599213,0.423621386,2.255,1.797407666,1.510429448,,3.464928508,1.401058059,2.477991344,3.534246883
36047012200,Sunset Park West,5131,2952,1130,1372,312,31483,723,,5787,3688,420,1620,413,36887,1192,,-0.67045147,0.04691021,0.060,0.171648191,0.64868603,,-1.510090344,-1.98759578,-1.096712227,-0.208118459
36047012600,Bay Ridge,2407,1599,1157,519,301,33217,748,,2852,1900,824,811,513,46522,1370,,-0.398936409,0.318803422,0.434,0.400547912,0.831550802,,0.00828544,-1.379241909,-0.547689521,0.305689579
36047012700,DUMBO-Vinegar Hill-Downtown Brooklyn-Boerum Hill,3405,2081,337,925,341,19675,405,,4204,3145,1169,1510,1327,48889,824,,1.80956458,0.322177077,1.575,1.484828463,1.034567901,,2.596317643,0.825163876,1.773165683,2.721943464
36047012801,Dyker Heights,1955,1239,982,456,208,49688,722,,2139,1538,696,542,380,53672,1346,,-0.352210761,0.086351632,0.472,0.080180325,0.864265928,,-0.591739103,-1.711104069,-0.787190924,0.115056719
36047012901,Park Slope-Gowanus,2276,1665,841,819,759,49476,784,,2462,1949,1411,845,1388,84063,2191,,0.551012247,-0.046200663,0.562,0.699066214,1.794642857,,1.388800385,0.248737843,1.259201546,2.257728907
36047012902,Park Slope-Gowanus,2097,1602,1256,857,956,58833,1029,,1908,1512,1175,713,1113,123438,2167,,0.028177953,-0.085615684,0.234,1.098108205,1.105928086,,0.509501212,-0.255487155,0.709386346,1.685849754
36047013000,Bay Ridge,4761,3163,2815,1303,765,38990,735,,5203,3608,2207,1263,1234,61622,1292,,-0.282588574,-0.11304152,0.414,0.580456527,0.757823129,,-0.42204838,-1.540210592,-0.466049323,0.594890389
36047013100,Park Slope-Gowanus,4105,2911,1610,1425,1305,57560,887,,4137,3197,2472,1417,2407,138056,2051,,0.523527266,-0.013305684,0.679,1.398471161,1.312288613,,1.619877903,0.251461469,1.153309528,2.043569591
36047013200,Dyker Heights,2054,1380,1348,499,301,41711,761,,2186,1433,617,495,450,55060,1279,,-0.569923658,-0.067916253,0.440,0.320035482,0.680683311,,-0.948686944,-1.676279298,-0.803803656,0.107505012
36047013300,Park Slope-Gowanus,3667,2689,2227,1264,1586,76170,946,,4657,3365,3068,1056,2652,151801,2128,,0.084775356,-0.342158123,0.336,0.992923723,1.249471459,,0.223988569,-0.372349963,0.563363936,1.524619322
36047013400,Bay Ridge,3865,2702,2975,928,917,55880,826,,3916,2715,2696,839,1341,91534,1382,,-0.105583643,-0.107679645,0.455,0.638045812,0.673123487,,-0.343646961,-1.439969241,-0.529124868,0.406708662
36047013500,Park Slope-Gowanus,2917,2001,1681,1024,1082,72917,980,,3594,2470,2461,756,1988,186042,2330,,0.18823477,-0.400788423,0.488,1.551421479,1.37755102,,0.796603428,-0.254881127,0.709658339,1.66465179
36047013600,Bay Ridge,3924,2783,3029,974,833,54583,759,,3946,2695,2768,972,1447,78625,1491,,-0.091261914,-0.007617206,0.794,0.440466812,0.964426877,,0.260160243,-1.233393483,-0.297506508,0.629180108
36047013700,Park Slope-Gowanus,2852,1937,1680,941,965,66524,912,,3497,2591,2208,989,1565,128882,1793,,0.071873851,-0.142842643,0.212,0.937375985,0.966008772,,0.114439762,-0.197052936,0.719782178,1.664958399
36047013800,Bay Ridge,3326,2586,2504,775,786,46615,758,,3217,2430,2043,876,1001,51917,1437,,-0.156460884,0.168620735,0.355,0.113740212,0.895778364,,-0.381102165,-1.312800867,-0.368808686,0.506606446
36047013900,Park Slope-Gowanus,3773,2642,1911,1269,1229,47059,794,,3621,2636,2245,1379,1750,131176,2012,,0.224091659,0.13229848,0.427,1.787479547,1.534005038,,1.993309029,0.624055029,1.547904664,2.455567255
36047014000,Dyker Heights,2071,1531,1673,434,533,70795,751,,1899,1372,1540,345,538,86875,1232,,0.003875636,-0.133069066,0.126,0.227134685,0.640479361,,-1.168948772,-1.659740867,-0.674277625,0.280094662
36047014100,Park Slope-Gowanus,2755,1872,1117,846,691,45078,799,,3385,2514,1937,1079,1838,119063,1787,,0.411365112,0.038039815,0.981,1.64126625,1.236545682,,1.941598499,0.685171181,1.69255931,2.708421627
36047014200,Bay Ridge,3220,2297,2432,905,888,48333,749,,3192,2251,2174,851,988,67800,1425,,-0.098244171,-0.051419986,0.135,0.402768295,0.902536716,,-0.496415411,-1.375288059,-0.461214081,0.435245427
36047014300,Park Slope-Gowanus,3702,2330,1119,1100,539,29258,749,,3561,2512,1368,1043,1510,86071,1833,,0.270926548,-0.014274336,1.599,1.941793697,1.447263017,,2.550647268,1.23329752,2.227912611,3.28543766
36047014500,Sunset Park West,4326,2744,1273,1306,493,31293,679,,4507,3163,2206,1905,1553,82328,1586,,0.663320965,0.400073257,1.733,1.630875915,1.335787923,,2.954002956,1.289148187,2.423520239,3.552137441
36047014700,Sunset Park West,1880,1186,647,479,203,36806,751,,2263,1753,1185,825,938,101146,1727,,0.521553982,0.430842167,2.126,1.748084551,1.299600533,,3.14714836,1.348363309,2.432829253,3.49906621
36047014800,Dyker Heights,1197,869,1064,240,230,60655,856,,1337,967,1197,263,319,79632,1519,,0.007198953,-0.018913613,0.246,0.312867859,0.77453271,,-0.559887481,-1.62489141,-0.611216876,0.404549582
36047014900,Park Slope-Gowanus,4774,3330,2366,1800,1443,53984,877,,5814,4375,3765,1675,2883,129022,1962,,0.30664505,-0.235900891,0.521,1.390004446,1.237172178,,0.967205861,0.320154229,1.205126567,2.085873968
36047015000,Dyker Heights,1664,1334,1524,402,273,50333,692,,1487,1102,1120,263,401,115202,1375,,-0.177614567,-0.267897232,0.778,1.288796615,0.98699422,,0.537663589,-1.064706848,-0.078738772,0.880583801
36047015100,Park Slope-Gowanus,3290,2498,2386,1136,1771,90653,1129,,4136,2940,2703,994,2302,158650,2203,,-0.098862684,-0.303977273,0.104,0.750079975,0.951284322,,-0.566078869,-0.629077614,0.352632735,1.340242152
36047015200,Dyker Heights,2158,1634,1600,498,544,55913,753,,2690,1922,1661,637,809,96875,1469,,-0.16718448,0.026146221,0.264,0.732602436,0.950863214,,0.121505721,-1.072449809,0.000933572,1.046647346
36047015300,Park Slope-Gowanus,2955,2340,2158,962,1659,88568,959,,2746,2214,1891,717,1818,161806,2128,,-0.057031814,-0.197950752,0.158,0.826912655,1.218978102,,0.103155529,-0.48393219,0.405675161,1.320916613
36047015500,Park Slope-Gowanus,3376,2570,2582,978,1783,94779,1063,,3688,2635,3004,842,2266,170938,2126,,0.065013753,-0.211893767,0.240,0.803542979,1,,-0.059287639,-0.663439927,0.286246256,1.248986351
36047015700,Park Slope-Gowanus,4143,3260,3203,1372,2437,107973,1080,,4198,3415,3061,1295,2971,168854,2129,,-0.056854081,-0.068488639,0.164,0.563853926,0.971296296,,-0.210501036,-0.661814425,0.294484752,1.243320917
36047015900,Park Slope-Gowanus,5091,4131,3665,1496,3112,102930,893,,5125,4086,4239,1388,3420,204181,2122,,0.14894348,-0.078347724,0.111,0.983687943,1.376259798,,0.642935342,-0.229176158,0.64053854,1.51113888
36047016000,Bay Ridge,4264,2982,2588,985,870,46250,729,,3989,3054,2207,1020,1185,67340,1341,,-0.088427488,0.106922209,0.330,0.456,0.839506173,,-0.089827743,-0.958645793,-0.136001199,0.702668276
36047016100,Prospect Heights,2554,1995,1179,1052,1348,76369,889,,3239,2527,2123,1117,1946,134063,2121,,0.419861993,-0.162764995,0.140,0.755463604,1.385826772,,0.436399964,-0.307059515,0.640234752,1.603585738
36047016200,Bay Ridge,1902,1500,1528,459,630,60561,796,,2275,1775,1685,561,925,117137,1566,,-0.078053622,0.021831502,0.241,0.934198577,0.967336683,,0.335501013,-0.80247202,0.158098741,1.108926185
36047016300,Prospect Heights,3046,2232,1216,1119,1358,71938,954,,3299,2653,1940,1005,1799,142731,1652,,0.473044064,-0.170753669,0.115,0.984083516,0.731656184,,-0.169236065,-0.145477077,0.777051099,1.687500354
36047016400,Bay Ridge,603,340,168,158,126,59250,990,,634,265,446,146,186,88929,3028,,1.524954935,-0.121131654,0.894,0.500911392,2.058585859,,1.738293214,-0.216182783,0.806989774,1.798801011
36047016500,Park Slope-Gowanus,4847,3741,3971,1331,2946,134806,1006,,5619,4177,4296,1422,3667,236328,2419,,-0.066792172,-0.078414722,0.115,0.753097043,1.404572565,,0.384471055,-0.636457278,0.369721403,1.338513461
36047016600,Dyker Heights,2041,1479,2009,257,493,87118,680,,1842,1417,1672,339,618,113500,1614,,-0.077832706,0.461571123,0.308,0.302830643,1.373529412,,0.74524234,-1.146642942,-0.189902449,0.77183327
36047016700,Park Slope-Gowanus,4534,3543,3460,1536,2531,90103,966,,5482,3939,4605,1064,3336,136324,2036,,0.100768569,-0.427081433,0.186,0.51297959,1.107660455,,-0.725876644,-0.941080102,0.065435676,1.080940822
36047016800,Bath Beach,1499,1174,1254,388,302,68704,627,,1852,1348,1128,285,632,110625,1382,,-0.271931547,-0.405469985,0.823,0.610168258,1.20414673,,-0.109401497,-1.032562772,0.029919539,1.093662663
36047016900,Windsor Terrace,4800,3505,2747,1461,1480,54464,804,,4682,3369,3104,1523,2291,115341,1933,,0.158438229,0.06870912,0.610,1.117747503,1.404228856,,1.458657153,0.007184178,1.073981679,2.15582466
36047017000,Bath Beach,2809,2049,2328,544,535,64792,764,,3935,2747,1593,830,824,79917,1576,,-0.511527856,0.089146237,0.149,0.233439313,1.062827225,,-0.555368447,-1.280844849,-0.218518163,0.882880022
36047017100,Windsor Terrace,3539,2596,2845,919,1435,79474,1043,,3986,2959,3310,852,2222,129740,2071,,0.032973051,-0.176872045,0.358,0.63248358,0.985618408,,-0.074665663,-0.731666216,0.387250069,1.510835761
36047017200,Bath Beach,2802,2054,2000,597,363,40536,730,,3877,2694,1355,1154,986,85114,1339,,-0.510354656,0.397023809,1.071,1.099713835,0.834246575,,1.121013452,-0.583538167,0.362713404,1.355016746
36047017400,Bath Beach,1734,1205,1317,432,257,56314,893,,1993,1440,1113,279,583,98500,1279,,-0.264722657,-0.438095835,0.898,0.749121,0.43225084,,-1.049962181,-1.424656588,-0.414318428,0.616920775
36047017600,Bath Beach,2314,1744,1664,466,248,42590,644,,2437,1809,1013,586,512,59688,1150,,-0.421951939,0.194041784,0.990,0.401455741,0.785714286,,0.189701152,-1.058312361,0.013275285,1.081605061
36047017800,Bath Beach,2554,1689,1531,558,313,28636,694,,3219,2156,815,762,636,58426,1363,,-0.577640435,0.083479475,0.592,1.040298924,0.963976945,,0.475075192,-0.845432261,0.098358548,1.009604894
36047017900,Fort Greene,3442,2325,300,870,699,41250,627,,4274,3195,876,1103,1396,75132,1028,,1.351576977,0.021016141,0.453,0.821381818,0.639553429,,0.398387799,-0.192706405,0.728775178,1.627738142
36047018000,Bath Beach,2776,1969,1882,583,272,51964,703,,3479,2329,1612,617,573,76587,1295,,-0.316544172,-0.155535023,0.781,0.473847279,0.842105263,,-0.229395431,-1.056147775,-0.076083082,0.882808879
36047018100,Fort Greene,3945,3193,1198,1567,1781,82013,848,,3531,2897,1791,972,2164,113500,1668,,0.670275296,-0.306978739,0.339,0.383926938,0.966981132,,-0.426579926,-0.17273098,0.761075867,1.684726298
36047018200,Bensonhurst West,2994,2013,1829,592,311,47961,709,,3542,2397,1045,951,525,56552,1336,,-0.517045937,0.357882056,0.418,0.179124705,0.884344147,,-0.267258552,-1.053861962,-0.147737647,0.738204771
36047018300,Fort Greene,2535,1816,714,907,938,53884,855,,2934,2224,1679,987,1710,114056,2030,,1.031750328,-0.059783822,0.489,1.116695123,1.374269006,,1.3863622,0.598899795,1.5486265,2.503526177
36047018400,Bensonhurst West,2116,1565,1618,379,277,48250,696,,2718,2006,1282,521,672,81786,1375,,-0.383155469,0.070199452,0.893,0.695046632,0.975574713,,0.547780005,-0.774809064,0.182462704,1.152545786
36047018501,Fort Greene,4765,2490,137,1078,84,18653,226,,4788,2959,258,1104,429,24192,477,,0.87416534,0.019199204,3.298,0.296949552,1.110619469,,1.704096397,0.830143331,1.864270759,2.853650558
36047018600,Bensonhurst West,1805,1330,1297,416,224,41875,767,,2289,1541,1166,454,473,69583,1432,,-0.29109182,-0.139414676,0.822,0.661683582,0.867014342,,0.070125825,-1.159085615,-0.144687777,0.849384537
36047018700,Fort Greene,1294,803,346,317,221,34886,927,,1471,1063,517,486,588,115357,2042,,0.314425718,0.348647994,1.010,2.30668463,1.202804746,,2.644247327,1.260348567,2.27114347,3.260533172
36047018800,Bensonhurst West,2534,1838,1837,629,348,51719,818,,2831,1920,1567,620,505,64318,1396,,-0.236469164,-0.117717256,0.389,0.243604865,0.706601467,,-0.885325693,-1.532536466,-0.584636138,0.386170605
36047019000,Bensonhurst West,4595,3115,2389,1073,431,33199,685,,4918,3304,1410,1330,717,44468,1184,,-0.448557856,0.158107596,0.568,0.339437935,0.728467153,,-0.323453007,-1.468813013,-0.525926288,0.395151424
36047019100,Clinton Hill,2741,1695,693,839,502,30280,712,,2676,1741,1226,1118,1067,84940,2261,,0.812091662,0.364906083,1.069,1.805151915,2.175561798,,3.460572471,1.589472662,2.507409046,3.416517267
36047019200,Borough Park,2395,1444,1300,635,232,38646,760,,3510,2025,1863,797,486,39707,1111,,-0.022159763,-0.1435875,0.494,0.027454329,0.461842105,,-1.416601263,-1.895966485,-0.996277797,-0.092203967
36047019300,Clinton Hill,5214,3051,1252,1599,842,48869,587,,5891,3154,1842,1664,1249,74688,1108,,0.302168847,-0.078942248,0.435,0.528330844,0.887563884,,0.029587191,0.569790031,1.504280465,2.427538816
36047019400,Dyker Heights,2921,1984,1312,676,315,36121,700,,3838,2602,1033,1072,497,58458,1267,,-0.400770655,0.206909417,0.203,0.618393732,0.81,,-0.135727423,-1.556401047,-0.610701631,0.330446254
36047019500,Clinton Hill,3970,2913,888,1293,1286,45208,733,,3886,2942,1683,1330,1977,105250,1710,,0.936238542,0.050850237,0.522,1.328127765,1.332878581,,1.669053125,0.75159371,1.753607132,2.742774087
36047019600,Dyker Heights,3625,2541,2298,821,348,36806,737,,4844,3181,1803,937,579,41362,1289,,-0.412849306,-0.145916543,0.329,0.123784166,0.748982361,,-1.206202479,-1.943464671,-1.030679604,-0.099884478
36047019700,Clinton Hill,3801,2837,865,1186,1473,51993,850,,3632,2910,1762,780,2075,126528,1815,,1.131777266,-0.311725082,0.373,1.433558364,1.135294118,,0.817484913,0.436969741,1.328836395,2.227758818
36047019800,Dyker Heights,1706,1207,1550,432,315,56914,740,,1877,1342,979,336,369,63214,1435,,-0.425928816,-0.293079974,0.054,0.110693327,0.939189189,,-1.549277264,-1.849423639,-0.932275886,-0.018742779
36047019900,Clinton Hill,3170,2338,632,1011,941,50667,728,,3454,2696,1603,1093,1736,117976,1686,,1.327841321,-0.007784664,0.600,1.328458365,1.315934066,,1.709066721,0.591898462,1.557313561,2.520698894
36047020000,Dyker Heights,1720,1289,1516,395,242,49800,759,,2301,1688,1211,316,363,58333,1313,,-0.402886665,-0.401999131,0.145,0.171345382,0.729907773,,-1.865968577,-2.04455305,-1.128977096,-0.205290562
36047020100,Clinton Hill,3645,2732,727,1042,1336,53828,794,,3828,2954,1773,1476,2112,114226,2003,,1.322201645,0.348789704,0.462,1.122055436,1.522670025,,2.107144436,1.338443672,2.273672959,3.246172348
36047020200,Dyker Heights,1836,1332,1529,341,399,61296,847,,2019,1441,1204,339,454,103438,1301,,-0.283930197,-0.095972426,0.052,0.687516314,0.536009445,,-0.981618262,-1.881078334,-0.901750038,0.036993313
36047020300,Prospect Heights,1114,720,135,239,154,42431,704,,1776,1313,738,639,823,114625,2021,,2.428978979,0.677046817,1.931,1.701444698,1.870738636,,4.169524735,1.940395786,2.903167632,3.904223244
36047020400,Dyker Heights,1947,1407,1615,355,358,62011,881,,2016,1493,1407,402,406,77188,1629,,-0.158610681,0.093636821,0.069,0.2447469,0.849035187,,-0.654198009,-1.717539244,-0.718570441,0.319364257
36047020500,Prospect Heights,2449,1632,572,829,718,45455,795,,2703,2252,1465,995,1518,112569,1988,,1.320514761,0.087454988,0.532,1.476493235,1.500628931,,2.076295193,0.873090799,1.883931787,2.911343963
36047020600,Dyker Heights,2200,1515,1990,427,449,59674,779,,2558,1799,1500,411,628,91771,1378,,-0.351723433,-0.172179671,0.178,0.53787244,0.768934531,,-0.822610739,-1.622734104,-0.704506609,0.202210985
36047020700,Prospect Heights,4646,3264,1348,1645,1754,61034,898,,4310,3495,2326,1133,2492,110787,1789,,0.860037729,-0.257552169,0.327,0.815168595,0.9922049,,0.181448445,-0.376022523,0.684298972,1.752361571
36047020800,Dyker Heights,2624,1938,1922,646,502,55625,830,,3192,2244,1106,606,653,52022,1183,,-0.526954744,-0.228846109,0.123,-0.064773034,0.425301205,,-2.451256331,-2.290387351,-1.398061772,-0.491673734
36047021000,Dyker Heights,3340,2224,2039,802,408,33109,719,,4514,3052,1549,832,708,39896,1294,,-0.437892857,-0.232401937,0.265,0.20498958,0.799721836,,-1.261302127,-1.977695456,-1.04836077,-0.158541656
36047021100,Fort Greene,1423,837,116,326,126,35518,526,,1577,1142,284,448,435,57773,1223,,1.209192487,0.240034079,1.530,0.626583704,1.325095057,,2.010458651,1.311616603,2.258105815,3.200167077
36047021200,Dyker Heights,3638,2662,1672,935,392,35793,648,,5138,3577,1120,1173,440,35927,1270,,-0.525703036,-0.111709544,-0.165,0.003743749,0.959876543,,-1.719721786,-2.11396666,-1.172586699,-0.268535375
36047021300,Crown Heights South,4795,2953,89,1155,388,31386,635,,4267,3154,779,1366,1170,48029,1290,,8.835884486,0.329029692,1.823,0.530268272,1.031496063,,2.476811582,1.239255261,2.242459409,3.239188731
36047021400,Borough Park,1751,1050,1122,448,88,36250,642,,2382,1304,1157,560,180,54250,1321,,-0.241972623,-0.081129303,0.647,0.496551724,1.057632399,,0.136747643,-1.496608307,-0.558329573,0.391870036
36047021500,Prospect Heights,5617,3745,972,1522,1384,39210,746,,5166,3911,1774,1328,2366,68529,1307,,0.984437259,-0.051290074,0.637,0.747742923,0.752010724,,0.457089186,0.327138695,1.323649615,2.342975707
36047021600,Borough Park,3601,1775,3011,692,340,29344,755,,4583,2204,3894,926,443,40324,1364,,0.016151484,0.051424654,0.049,0.374182116,0.806622517,,-0.548885479,-1.646695748,-0.688223466,0.279945843
36047021700,Crown Heights North,3843,2276,173,1104,517,35391,641,,3906,2579,929,1075,1421,63698,1185,,4.283330226,-0.041973469,1.426,0.799836117,0.848673947,,1.566283355,1.163859384,2.130865296,3.068367371
36047021800,Borough Park,3785,1773,3222,657,322,37446,738,,4381,1915,3313,943,316,29821,1434,,-0.111640951,0.240049307,-0.091,-0.203626556,0.943089431,,-1.246715562,-1.766279219,-0.843322832,0.060860316
36047021900,Crown Heights North,3820,2387,28,963,413,29013,666,,3639,2726,798,1425,1123,61875,1340,,28.91755977,0.553352013,1.381,1.132664668,1.012012012,,3.500683204,2.023070134,2.882066537,3.742366681
36047022000,Borough Park,4452,2305,3707,981,251,30341,722,,4538,2216,3867,926,379,31413,1557,,0.023392548,-0.073953822,0.571,0.035331729,1.156509695,,-0.262926702,-1.410981248,-0.482753919,0.431364494
36047022100,Crown Heights North,3928,2579,132,930,246,26058,582,,4014,3099,1251,1554,1255,50168,1188,,8.274222041,0.635167237,3.246,0.925243687,1.041237113,,3.649040699,2.348066789,3.250495022,4.154391761
36047022200,Borough Park,4719,2520,4017,912,350,30153,751,,4180,1966,3701,879,352,27295,1324,,0.040137966,0.088097299,0.289,-0.094783272,0.76298269,,-0.968937983,-1.657547192,-0.693942271,0.254267547
36047022400,Borough Park,4943,2673,2980,1189,350,35000,682,,5895,2800,4094,1045,560,35459,1483,,0.151962589,-0.263044547,0.527,0.013114286,1.174486804,,-0.59704648,-1.368967495,-0.42388461,0.549743153
36047022600,Borough Park,2560,1376,661,744,127,25938,657,,2287,1417,424,622,153,42569,1311,,-0.281977261,-0.064182311,0.170,0.641182821,0.99543379,,-0.207832031,-0.98127974,-0.022247905,0.93766496
36047022700,Clinton Hill,3476,2242,144,826,289,38649,587,,3972,2865,894,1322,1249,80972,1438,,4.433073179,0.4006252,2.382,1.095060674,1.449744463,,3.483418648,2.226513359,3.119189742,3.988302855
36047022800,Borough Park,3353,1630,1676,655,232,23508,657,,3313,1572,2075,789,261,32237,1328,,0.25301481,0.219123831,0.167,0.371320402,1.02130898,,0.161177226,-1.032871211,-0.032520467,0.973007947
36047022900,Clinton Hill,3226,1964,67,783,385,28913,656,,3719,2721,1156,1486,1442,47431,1629,,13.96653329,0.646247893,1.703,0.640473144,1.483231707,,3.525314757,2.213501566,3.231036785,4.212679506
36047023000,Borough Park,4163,1894,3016,978,165,26176,734,,4141,2025,2977,1198,318,33700,1327,,-0.007687007,0.231456693,0.803,0.287438875,0.807901907,,0.239435292,-1.109731209,-0.110446068,0.875608351
36047023100,Clinton Hill,2787,1893,193,766,562,41667,649,,3535,2662,1334,1501,1435,78808,1510,,4.449367172,0.544896799,0.816,0.891376869,1.326656394,,2.566563949,1.493763623,2.455365212,3.403049263
36047023200,Borough Park,6059,2846,5101,1106,371,27702,715,,5606,2568,4742,1273,285,36204,1138,,0.004740909,0.244002164,-0.149,0.306909248,0.591608392,,-0.95212227,-1.676642193,-0.701614986,0.240512429
36047023300,Bedford,4875,2637,106,979,326,27044,460,,4939,3163,1099,1425,1221,41125,834,,9.233576043,0.43670554,2.123,0.520670019,0.813043478,,2.447939614,1.830091243,2.785695821,3.74134448
36047023400,Borough Park,4733,2265,4621,1001,277,21853,760,,4957,2035,4811,1256,287,26773,1394,,-0.005929985,0.198045046,0.153,0.225140713,0.834210526,,-0.398341495,-1.451411475,-0.492279985,0.442306843
36047023500,Clinton Hill,1930,1129,122,560,68,14833,637,,4062,2060,2235,1154,818,36434,1344,,7.704324769,-0.020881691,5.593,1.456279916,1.10989011,,3.886652637,2.136203097,3.167977011,4.182009689
36047023600,Borough Park,5222,2697,5023,1142,305,23256,748,,5567,2498,5165,1574,542,27579,1414,,-0.035454334,0.29286825,0.919,0.185887513,0.890374332,,0.351581604,-1.159365281,-0.197158375,0.7398309
36047023800,Borough Park,4694,2484,4251,951,310,27531,746,,4043,2202,3709,945,403,30781,1418,,0.0129898,0.153694004,0.466,0.118048745,0.90080429,,-0.210243725,-1.408536788,-0.486368261,0.409169572
36047024000,Borough Park,4772,2526,4275,1034,534,29385,739,,4310,2090,3981,959,372,31788,1325,,0.031048805,0.026883636,-0.158,0.081776417,0.792963464,,-1.254806013,-1.894548569,-0.923890998,0.027528145
36047024100,Bedford,1426,1025,19,317,101,23929,569,,2712,1855,1285,1025,783,55036,1812,,34.56144232,0.700178201,3.284,1.299970747,2.184534271,,5.679592928,3.133774528,4.07282113,5.001630083
36047024200,Borough Park,2946,1439,2489,696,170,31629,866,,2987,1620,2629,556,298,58095,1409,,0.041749281,-0.212114565,0.557,0.836763729,0.627020785,,-0.258888245,-1.539463154,-0.582371944,0.368197907
36047024300,Bedford,4022,2449,85,926,291,31080,521,,4168,3168,1154,1473,1543,65833,1075,,12.10090324,0.534991999,3.099,1.118178893,1.063339731,,3.844886488,2.662839876,3.610880655,4.528475782
36047024400,Borough Park,3001,1820,2394,572,297,41188,809,,3782,1828,2861,622,415,51250,1387,,-0.051716525,-0.137143,0.391,0.244294455,0.714462299,,-0.810096785,-1.706710108,-0.699371851,0.289096874
36047024500,Bedford,3555,2354,90,718,371,32188,574,,4223,2891,599,1237,1168,59028,1190,,4.602770542,0.45031981,1.563,0.833851125,1.073170732,,2.582234674,2.161053296,3.10152198,4.061820412
36047024600,Borough Park,2898,1973,1911,690,374,44961,767,,3083,1960,1880,569,537,50083,1293,,-0.075254943,-0.224845929,0.445,0.113920954,0.685788787,,-1.151775926,-1.697213024,-0.805827565,0.107960858
36047024700,Crown Heights North,2297,1483,10,521,172,30724,536,,2295,1589,508,838,499,46435,1279,,49.84427015,0.609846993,1.708,0.511359198,1.38619403,,3.801668649,2.479258078,3.311347147,4.152447094
36047024800,Bensonhurst West,2513,1789,1577,600,329,37457,652,,3048,1867,1129,830,280,59423,1253,,-0.409744864,0.140523841,-0.184,0.586432443,0.921779141,,-0.592140131,-1.595219989,-0.646119832,0.297998931
36047024900,Bedford,4240,2785,68,925,472,35982,588,,4208,3195,931,1606,1476,64179,1379,,12.79529188,0.749419381,1.726,0.783641821,1.345238095,,3.586585539,2.551672482,3.467616737,4.405794555
36047025000,Bensonhurst West,1485,1018,680,314,164,47222,692,,1349,1024,362,314,169,63750,1098,,-0.413977674,0.100815419,0.024,0.350006353,0.586705202,,-1.093545732,-1.697854312,-0.762382405,0.147851838
36047025100,Bedford,3826,1898,4,777,119,29153,454,,3473,2430,376,1174,622,50244,886,,102.5542758,0.664513265,3.083,0.723458992,0.95154185,,4.398223028,3.060580785,3.925638119,4.807383697
36047025200,Bensonhurst West,4644,3285,2941,977,681,35987,710,,5334,3627,2346,1232,1001,45610,1255,,-0.305500107,0.097881189,0.331,0.267402117,0.767605634,,-0.54054587,-1.520500657,-0.549987027,0.393979137
36047025300,Bedford,2538,1315,8,521,208,33523,577,,2811,1977,936,1103,953,53000,1488,,104.6371398,0.911474732,2.048,0.581004087,1.578856153,,4.786431453,2.987538117,3.816115295,4.691807819
36047025400,Bensonhurst West,3379,2375,1692,894,342,42296,725,,4347,3214,1291,1028,887,45234,1128,,-0.406904765,-0.106171604,0.917,0.069462833,0.555862069,,-1.04588563,-1.649651462,-0.74377946,0.166255253
36047025500,Bedford,5077,2562,23,898,79,13891,219,,5613,3016,154,1364,187,25000,520,,5.056266896,0.373884282,1.011,0.799726442,1.374429224,,2.53446209,1.850789939,2.738685487,3.668941846
36047025600,Bensonhurst West,2893,2074,1683,617,317,45078,701,,3166,2311,694,696,520,56304,1329,,-0.623198279,0.030769593,0.472,0.249035006,0.895863053,,-0.626400063,-1.473366535,-0.558524084,0.362299059
36047025700,Bedford,2089,1146,53,497,93,37258,725,,2442,1490,427,984,447,53977,1374,,5.891992335,0.693680511,2.697,0.448735842,0.895172414,,2.756673411,1.727393063,2.608915788,3.457641428
36047025800,Bensonhurst West,4329,3015,2936,992,635,35466,695,,4242,3069,1667,1001,841,42656,1232,,-0.420576013,0.029767846,0.301,0.202729375,0.772661871,,-0.819796692,-1.740305839,-0.690883923,0.374272093
36047025901,Bedford,1924,1118,35,501,83,16765,594,,1981,1290,406,735,365,43375,1382,,10.26622918,0.424853473,2.811,1.587235312,1.326599327,,4.195195269,2.362771995,3.280626764,4.213409243
36047025902,Bedford,3558,1595,29,556,55,14278,260,,3736,1913,29,698,88,20521,350,,-0.04764454,0.195582934,0.334,0.437246113,0.346153846,,-0.731996444,0.176596383,1.234956452,2.257878528
36047026000,Bensonhurst West,3463,2445,2167,739,305,37841,756,,3428,2612,1114,773,491,50156,1340,,-0.480676521,0.056687899,0.507,0.32544066,0.772486772,,-0.490172964,-1.443840382,-0.507219455,0.453817132
36047026100,Bedford,4445,2394,23,1031,128,18493,537,,4591,3202,1035,1825,1108,59423,1444,,42.56893923,0.713833691,5.472,2.213269886,1.689013035,,6.426255239,3.571539905,4.504303022,5.49866215
36047026200,Bensonhurst West,2410,1664,1389,422,225,46250,708,,2404,1714,812,552,516,67250,1199,,-0.413947716,0.311321573,1.226,0.454054054,0.693502825,,0.40414924,-1.139096449,-0.188374861,0.786823154
36047026300,Bedford,1831,977,4,398,128,27700,555,,1865,1362,308,703,493,49107,1116,,74.59624665,0.734130438,1.763,0.772815884,1.010810811,,3.954122722,2.883620431,3.812183213,4.755291878
36047026400,Bensonhurst West,4440,2908,2702,1061,372,34239,715,,4743,3534,1683,1273,781,45779,1178,,-0.416919367,0.123163199,0.728,0.337042554,0.647552448,,-0.34423282,-1.311663192,-0.408940133,0.459912583
36047026500,Bedford,3717,2021,26,832,263,25196,644,,3594,2706,612,1189,847,55339,1145,,23.34403493,0.477995176,1.405,1.196340689,0.777950311,,3.09639959,2.404561505,3.347033711,4.338114364
36047026600,Bensonhurst West,3399,2369,2185,764,393,43636,805,,3607,2553,1490,752,480,63028,1323,,-0.35740129,-0.072466713,0.133,0.444403703,0.643478261,,-0.986778386,-1.699034049,-0.716759192,0.245457581
36047026700,Bedford,4117,2774,28,862,403,35208,592,,3897,2986,817,962,1320,93472,1211,,29.82580923,0.179012114,2.043,1.65485117,1.045608108,,3.806842453,2.465847075,3.455400306,4.462768069
36047026800,Bensonhurst West,4076,2877,3143,991,596,39500,770,,3667,2606,1693,842,675,59783,1334,,-0.401263351,-0.055587553,0.250,0.513493671,0.732467532,,-0.665598461,-1.678805624,-0.603176923,0.459900475
36047026900,Bedford,2750,1663,11,578,177,32015,607,,2979,2127,265,773,751,60125,1270,,21.23900638,0.234564675,2.317,0.878025925,1.092257002,,3.330617964,2.246165623,3.179405267,4.121985817
36047027000,Bensonhurst West,2371,1620,1918,426,449,46250,674,,2420,1708,1666,674,620,67656,1263,,-0.148974483,0.550124161,0.310,0.462832432,0.87388724,,0.41189937,-0.971944958,-0.075359579,0.839006631
36047027100,Crown Heights North,2831,1586,22,551,116,30464,604,,2658,1818,278,688,640,54375,1350,,12.45882071,0.329908409,3.813,0.784893645,1.235099338,,3.760374196,2.065300727,2.887574434,3.730020094
36047027200,Bensonhurst West,3428,2320,2397,637,544,39083,724,,3684,2324,1679,698,746,54700,1255,,-0.348215762,0.019617268,0.369,0.399585498,0.733425414,,-0.529328139,-1.122473183,-0.323828486,0.493664028
36047027300,Stuyvesant Heights,3115,1906,10,681,240,35962,548,,2895,2036,234,518,558,59875,956,,24.17823834,-0.181550042,1.177,0.664951894,0.744525547,,1.618447999,1.322399843,2.31857449,3.293031174
36047027400,Bensonhurst West,2831,1963,2110,590,323,45542,811,,3084,2245,1391,574,485,66944,1288,,-0.394840055,-0.106930247,0.313,0.469939836,0.588162762,,-0.941493132,-1.662137548,-0.667879602,0.317957142
36047027500,Stuyvesant Heights,4171,2582,55,777,296,40115,615,,4500,3209,568,1295,1274,70457,1538,,8.572234343,0.544814815,2.463,0.756375421,1.500813008,,3.670273914,2.198499392,3.116080978,4.022561408
36047027600,Bensonhurst West,3331,2304,2210,795,428,35294,700,,4132,2775,1392,1283,655,54271,1238,,-0.492236731,0.300989668,0.271,0.537683459,0.768571429,,-0.168002788,-1.147206936,-0.217483031,0.672087842
36047027700,Stuyvesant Heights,4136,2130,25,898,239,22359,522,,4832,2769,357,1212,634,40911,1207,,11.22311258,0.155260402,1.041,0.829732993,1.312260536,,2.56720157,2.025821143,2.950971888,3.854249231
36047027800,Bensonhurst West,2623,1997,2046,532,376,31172,673,,3461,2581,1683,1026,733,57917,1350,,-0.376587971,0.461613076,0.508,0.857981522,1.005943536,,0.918195284,-0.745096861,0.221161755,1.199477255
36047027900,Stuyvesant Heights,3791,2276,4,830,187,28375,615,,4057,2763,375,1224,876,60761,1146,,86.60321666,0.378009153,2.859,1.141356828,0.863414634,,4.215451529,2.696481021,3.591801785,4.479483551
36047028000,Bath Beach,1608,1218,1077,326,296,51074,673,,1666,1206,678,377,375,69375,1195,,-0.392389825,0.116181442,0.279,0.358323217,0.775631501,,-0.499781401,-1.275667375,-0.253774979,0.767166738
36047028100,Stuyvesant Heights,3656,1674,11,834,84,14063,403,,4798,2812,358,1242,433,28944,753,,23.79912085,0.134753389,2.069,1.058166821,0.868486352,,3.031107849,2.260701571,3.173876681,4.107640567
36047028200,Bath Beach,2890,2173,2001,592,540,41945,837,,3245,2562,1675,722,894,66772,1413,,-0.254494478,0.086172073,0.404,0.591894147,0.688172043,,-0.201692654,-1.265980267,-0.202589194,0.874929865
36047028300,Stuyvesant Heights,3624,1863,32,694,85,13919,441,,4142,2511,323,1147,221,34973,891,,7.831422018,0.446045778,0.929,1.512608664,1.020408163,,2.874266334,1.814096474,2.761052524,3.721670898
36047028400,Bensonhurst West,3868,2652,2662,860,728,38452,718,,3759,2742,1974,663,691,63301,1204,,-0.236949578,-0.206715047,-0.082,0.646234266,0.676880223,,-1.14147167,-1.435206842,-0.487759576,0.433937903
36047028501,Bushwick South,1443,1114,125,366,63,38438,675,,432,304,159,172,138,84875,2111,,3.248833333,0.569748027,7.027,1.208101358,2.127407407,,5.298702112,2.387588908,3.356764971,4.334927531
36047028502,Stuyvesant Heights,2858,1715,9,462,79,15184,218,,2749,1790,8,527,111,20189,435,,-0.075865971,0.185921996,0.346,0.329623288,0.995412844,,0.083407285,0.776416368,1.727151927,2.698972765
36047028600,Bath Beach,4984,3661,3544,922,1279,29500,724,,4646,3499,2189,1124,1347,40611,1257,,-0.337400847,0.307778576,0.102,0.376644068,0.736187845,,-0.44555793,-1.289619298,-0.302160673,0.709029944
36047028700,Stuyvesant Heights,2796,1565,168,731,106,17850,417,,2686,1935,331,818,449,29359,670,,1.050925433,0.164842172,2.426,0.644761905,0.606714628,,1.381766059,1.273177482,2.241977626,3.187308099
36047028800,Bensonhurst West,3502,2347,2019,779,452,36467,721,,3580,2594,1578,1231,825,73011,1232,,-0.235453693,0.54580145,0.651,1.002111498,0.708737864,,0.933555247,-0.784304386,0.201036798,1.136560022
36047028900,Stuyvesant Heights,3392,1909,46,720,168,23045,552,,3560,2259,345,1181,479,50486,1016,,6.146067416,0.562871411,1.409,1.190757214,0.84057971,,2.72262283,1.951822943,2.862375609,3.781409355
36047029000,Bensonhurst West,3802,2659,2701,802,671,32689,750,,3988,2913,2588,934,1072,59213,1228,,-0.086525032,0.110272213,0.458,0.811404448,0.637333333,,0.101280177,-1.051230573,-0.1089539,0.850870985
36047029100,Stuyvesant Heights,2842,1555,44.5,649,151,30489,620,,2909,2034,450,949,596,65536,1244,,8.879451991,0.428571126,2.018,1.14949654,1.006451613,,3.189935346,2.098037376,3.078316819,4.038219479
36047029200,Bath Beach,2332,1678,1610,517,446,26733,688,,2814,2028,1319,611,647,45556,1216,,-0.321072543,-0.02061123,0.200,0.704111024,0.76744186,,-0.366927413,-1.332559466,-0.351966481,0.673938002
36047029300,Stuyvesant Heights,3324,2019,36,676,221,30595,421,,3419,2381,140,884,712,39286,942,,2.780832602,0.271356897,1.732,0.284066024,1.237529691,,1.901051573,1.750211683,2.656009475,3.574942925
36047029400,Bensonhurst West,2278,1796,1540,335,356,52254,735,,2460,2011,1381,396,360,71000,1229,,-0.169591912,0.094634146,-0.097,0.358747656,0.672108844,,-0.968465003,-1.846884091,-0.782603827,0.271334979
36047029500,Stuyvesant Heights,3819,2449,16,842,510,37661,648,,3860,2890,695,1213,1390,85114,1367,,41.97611723,0.425315681,1.310,1.260003717,1.109567901,,3.704174625,2.121053894,3.005548707,3.932309697
36047029600,Bensonhurst West,5343,3900,3872,1093,826,43894,737,,5445,3804,3029,947,1339,53250,1313,,-0.23237128,-0.149807818,0.662,0.213149861,0.781546811,,-0.651469021,-1.487208258,-0.596711005,0.278374241
36047029700,Crown Heights North,3271,2189,126,665,487,35819,687,,4198,2902,396,1098,1149,63056,1509,,1.448853195,0.286526703,0.780,0.760406488,1.19650655,,1.663627188,1.253118116,2.169736034,3.081765575
36047029800,Bensonhurst East,3433,2417,2437,824,497,43393,740,,4036,2774,1644,719,846,50881,1281,,-0.42618892,-0.257794233,0.483,0.172562395,0.731081081,,-1.243252407,-1.84738157,-0.84395704,0.168527952
36047029900,Crown Heights North,1606,962,30,258,42,22625,550,,2791,1702,69,597,160,29432,1244,,0.323468291,0.331497421,1.153,0.300861878,1.261818182,,1.261969575,1.036150712,1.903813926,2.780980545
36047030000,Bensonhurst East,3627,2581,2151,802,518,42639,768,,4010,2747,1260,785,684,50664,1234,,-0.470173938,-0.114683677,0.241,0.188207979,0.606770833,,-1.398377233,-1.9128325,-0.917524594,0.072744876
36047030100,Ocean Hill,2619,1540,10,603,154,32114,645,,2621,1762,97,532,421,62530,1285,,8.692598245,-0.118417831,1.389,0.947125864,0.992248062,,2.000946862,1.155865176,2.014901945,2.873248862
36047030200,Bensonhurst East,3742,2717,2387,752,461,51331,697,,4461,3169,1405,966,900,66779,1230,,-0.506263237,0.077533661,0.674,0.300948744,0.764705882,,-0.393982198,-1.573514026,-0.558903553,0.444494493
36047030300,Ocean Hill,3409,1729,12,630,144,19911,504,,5319,2944,73,1252,524,31369,1092,,2.898868835,0.273681352,1.137,0.575460801,1.166666667,,1.866021537,0.813253665,1.778555279,2.734678918
36047030400,Bensonhurst East,3972,2880,2530,761,653,41275,720,,3888,2921,1795,599,923,46625,1080,,-0.275185429,-0.195872066,0.394,0.129618413,0.5,,-1.509430652,-1.956098081,-0.948429465,0.049191981
36047030500,Crown Heights North,4691,2909,160,1158,351,29857,673,,6042,5151,2483,2963,3029,36792,1651,,11.0487349,0.986587983,3.874,0.232273839,1.453194651,,3.947013594,2.124530749,2.962495202,3.820735118
36047030600,Gravesend,1893,1301,1244,286,207,45288,746,,1955,1375,844,444,359,75833,1158,,-0.343059679,0.503213922,0.641,0.674461226,0.55227882,,0.295163178,-1.202751916,-0.266860752,0.679295614
36047030700,Crown Heights North,3913,2156,5,914,85,11400,242,,4427,2661,129,1399,511,24659,583,,21.80447255,0.352919152,3.871,1.163070175,1.409090909,,4.526858702,1.786323939,2.642283112,3.520254453
36047030800,Gravesend,1678,1254,1299,356,195,38792,593,,1903,1457,1319,345,411,53750,933,,-0.104658299,-0.145479934,0.814,0.385594968,0.573355818,,-0.555000866,-1.25565033,-0.336718148,0.539859591
36047030900,Crown Heights North,1410,818,10.5,276,27,28922,374,,2021,1232,55,449,228,33150,1028,,2.65448505,0.134984833,4.607,0.146186294,1.748663102,,2.928328444,1.541919974,2.471540076,3.407326395
36047031100,Crown Heights North,2692,1744,9,544,120,27820,549,,2972,2010,301,891,627,45898,1165,,29.29355466,0.483559793,3.534,0.649820273,1.122040073,,3.950329361,2.007224093,2.984481778,3.949582821
36047031300,Crown Heights North,4782,3178,141,953,327,26158,551,,4657,3589,487,1083,1267,57647,999,,2.546607943,0.166914106,2.431,1.203799985,0.813067151,,2.394870842,1.833567738,2.753369605,3.6605202
36047031400,Gravesend,4512,3435,3567,853,714,41196,568,,4761,3652,3464,728,1143,71875,959,,-0.07966554,-0.191177437,0.506,0.744708224,0.688380282,,-0.309382782,-1.406561357,-0.367565751,0.688528883
36047031500,Crown Heights North,5371,3445,56,1424,380,27600,639,,5234,4061,1518,2061,2144,53885,1169,,26.81667258,0.485215375,3.786,0.952355072,0.82942097,,3.894810018,2.379234406,3.396680161,4.381627568
36047031701,Crown Heights North,3673,2209,15,877,340,31064,602,,3491,2445,952,1370,1193,82656,1253,,65.77544161,0.643584562,2.170,1.660829256,1.081395349,,4.734848985,2.478185932,3.432204044,4.373778445
36047031702,Crown Heights North,3599,2169,74,862,261,32831,665,,3733,2533,956,1563,1069,58512,1457,,11.4551806,0.748137419,2.507,0.782218026,1.190977444,,3.686842706,1.76250317,2.658982948,3.535715806
36047031900,Crown Heights South,3840,2395,690,755,647,36875,630,,3841,2371,1256,1256,889,48088,1132,,0.819815945,0.663143049,0.388,0.304081356,0.796825397,,0.631081524,0.138272506,1.063053939,1.952388275
36047032100,Crown Heights South,5612,3428,105,1198,431,30737,641,,6006,4069,775,1974,1351,43536,1315,,5.89675404,0.539652334,1.641,0.416403683,1.051482059,,2.354015018,1.191934234,2.145369264,3.081284607
36047032300,Crown Heights South,3763,2410,33,849,415,32090,609,,3823,2662,423,1139,1033,70234,1281,,11.61700711,0.320522952,1.254,1.188656902,1.103448276,,2.962826933,1.521610241,2.481621844,3.441805614
36047032500,Crown Heights South,6641,4061,17,1507,491,30596,623,,6538,4734,441,1880,1103,48833,1276,,25.34985515,0.267164977,0.927,0.596058308,1.048154093,,2.453772479,1.337364182,2.347078272,3.354285775
36047032600,Seagate-Coney Island,7247,3905,768,1502,276,16620,406,,7167,3773,1028,1480,498,29000,716,,0.353482832,-0.003648361,0.867,0.74488568,0.763546798,,0.538593855,-0.668127028,0.305263031,1.263103486
36047032700,Prospect Lefferts Gardens-Wingate,3974,2528,98,995,396,41944,644,,2509,2006,345,525,704,61250,1147,,4.575967334,-0.164274942,1.240,0.460280374,0.781055901,,0.860270421,0.759192355,1.641119681,2.534947774
36047032800,Seagate-Coney Island,3198,1819,212,601,309,32264,346,,2457,1924,334,455,304,63646,854,,1.050613956,-0.014605287,-0.070,0.97266303,1.468208092,,0.858599927,-0.573007541,0.508720302,1.606677468
36047032900,Prospect Lefferts Gardens-Wingate,5856,3700,763,1201,421,29932,643,,5997,3918,1777,1344,1285,44436,1265,,1.274206566,0.092756203,1.882,0.484565014,0.967340591,,1.443631941,0.51689595,1.400699196,2.277680439
36047033000,Seagate-Coney Island,5288,2809,696,914,335,23094,449,,4606,2860,747,933,492,30028,538,,0.232193391,0.171933478,0.442,0.300251147,0.198218263,,-0.997137735,-1.371320705,-0.300657177,0.750919668
36047033100,Crown Heights South,4725,2439,2345,1299,415,29009,607,,4058,2712,2386,1223,735,55104,1221,,0.18472448,0.096243613,0.593,0.899548416,1.011532125,,0.882058642,-0.230445139,0.677865895,1.566500748
36047033300,Crown Heights South,4491,2199,2539,851,587,40871,771,,4736,2420,3082,1195,806,46453,1274,,0.151068833,0.33158749,0.248,0.136576056,0.652399481,,-0.455925942,-0.746609228,0.280370685,1.307359078
36047033500,Crown Heights South,2975,1850,1083,596,554,38717,762,,3033,1508,1882,787,680,64432,1313,,0.704534211,0.29521848,0.506,0.664178526,0.723097113,,0.627021965,-0.329180808,0.779650617,1.82790257
36047033600,Seagate-Coney Island,907,566,720,157,160,42292,624,,3940,2948,2940,659,1474,80294,1427,,-0.06000423,-0.033733713,0.769,0.898562376,1.286858974,,1.035791738,-0.461759222,0.559888084,1.572851381
36047033700,Crown Heights North,4541,2499,1292,1318,496,35965,708,,4098,2403,1669,1033,829,66731,1300,,0.431440731,-0.131510726,0.738,0.855442792,0.836158192,,0.46941245,0.035381926,1.058021324,2.06632339
36047033900,Crown Heights North,4704,3062,26,1154,481,44063,620,,4788,3407,872,1374,845,58636,1021,,31.95006748,0.169752805,0.579,0.330730999,0.646774194,,1.362184785,0.905442897,1.825647563,2.743419137
36047034000,Seagate-Coney Island,2641,1834,987,280,146,18040,271,,2174,1815,806,348,392,37308,466,,-0.007965558,0.509837035,1.713,1.068070953,0.719557196,,1.695462831,-0.155824248,0.915829393,2.002360818
36047034100,Crown Heights North,2649,1827,63,582,260,39559,606,,2767,2136,300,798,643,61447,1302,,3.558831122,0.312661374,1.115,0.553300134,1.148514851,,1.923048479,1.525694047,2.450517296,3.375586733
36047034200,Seagate-Coney Island,7299,4336,1221,1239,519,14883,291,,5838,3881,1828,880,877,23618,439,,0.871801541,-0.112004758,0.888,0.586911241,0.508591065,,-0.00914075,-0.802965021,0.219144057,1.248565496
36047034300,Crown Heights North,5434,3119,33,1099,298,23265,309,,4809,3171,313,1064,704,37457,684,,9.717543495,0.093978514,1.324,0.610015044,1.213592233,,2.276317791,1.288252084,2.197905904,3.124662314
36047034500,Crown Heights North,2489,1592,21,538,130,39609,654,,3188,2080,159,924,443,30906,1236,,4.911319233,0.340899656,1.608,-0.21972279,0.889908257,,0.902597669,0.623437949,1.466611847,2.313007216
36047034700,Crown Heights North,3135,1690,26,787,121,16667,510,,3376,2341,55,913,508,42031,964,,0.964375228,0.077286338,2.031,1.521809564,0.890196078,,2.184465838,0.635619244,1.544581229,2.445892272
36047034800,Seagate-Coney Island,1563,940,683,460,138,29582,735,,2483,1622,958,671,360,52188,1532,,-0.117068393,-0.081779579,0.512,0.764180921,1.084353741,,0.394329953,-0.876663729,-0.010090634,0.85848897
36047034900,Crown Heights North,5572,3215,189,1300,319,29329,618,,5932,3641,464,1401,557,36886,1226,,1.306036313,0.012289538,0.542,0.257663064,0.98381877,,0.312406481,-0.400793132,0.604262013,1.59349318
36047035000,West Brighton,4032,2998,3515,674,694,33286,565,,2721,2391,2631,341,1076,50053,1043,,0.109142892,-0.250301807,0.944,0.50372529,0.846017699,,-0.047854628,-1.217670914,-0.070870279,1.024211274
36047035100,Crown Heights North,5104,2915,752,1231,461,29744,601,,4280,2803,480,660,440,40800,1065,,-0.238814874,-0.360629228,-0.007,0.371705218,0.772046589,,-1.525160932,-1.095403707,-0.054290501,0.979965485
36047035200,Seagate-Coney Island,530,497,320,18,79,12256,234,,1012,980,575,26,197,14522,286,,-0.058948864,-0.243522178,0.265,0.184889034,0.222222222,,-2.025144869,-1.168226712,-0.36515231,0.426393564
36047035300,Crown Heights North,5558,3014,677,1350,289,25652,572,,4903,3373,1056,1531,931,41970,1157,,0.768202087,0.285576933,1.879,0.636129736,1.022727273,,1.797221153,0.393120049,1.266535947,2.135551839
36047035400,West Brighton,5575,4653,5201,636,1502,37236,518,,5341,4706,5034,694,2527,70838,786,,0.010296041,0.139002425,0.663,0.902406273,0.517374517,,0.240757243,-0.830246961,-0.012637998,0.807406246
36047035500,Crown Heights South,5321,3058,490,1238,287,32586,651,,5660,3537,790,1332,803,50574,1257,,0.515681113,0.011487239,1.419,0.552016203,0.930875576,,0.961184425,-0.309457199,0.508406263,1.323184013
36047035601,West Brighton,2195,1828,2054,282,584,42111,532,,2683,2266,2560,522,1158,57200,898,,0.019655293,0.514381329,0.600,0.35831493,0.687969925,,0.329414187,-0.768295607,0.291201832,1.349413184
36047035602,West Brighton,5969,4971,5584,777,1588,42111,532,,5009,4229,4706,840,2165,72599,1183,,0.004285195,0.288275698,0.603,0.723991356,1.223684211,,1.142393801,-0.45490198,0.471153926,1.393540637
36047035700,Crown Heights North,2407,1282,22,566,82,19125,482,,2494,1356,34,551,141,25595,1082,,0.49154334,-0.060461007,0.626,0.338300654,1.244813278,,0.478597152,-0.299278649,0.57647688,1.464561266
36047035900,Crown Heights North,5268,2830,81,1155,135,20202,583,,5234,3287,6,1110,355,33779,1138,,-0.925444742,-0.032718142,1.264,0.672062172,0.951972556,,-0.311550922,-0.141438701,0.790353627,1.671764931
36047036001,Brighton Beach,3464,2842,3158,475,1029,27819,597,,2923,2475,2818,298,1069,43125,975,,0.057494047,-0.256515836,0.193,0.550199504,0.633165829,,-0.93339094,-1.416668003,-0.348768916,0.692198129
36047036002,Brighton Beach,4230,3575,3900,560,1039,18201,576,,4062,3395,3568,531,1246,42667,1065,,-0.047290081,-0.01256858,0.263,1.344211856,0.848958333,,0.48274478,-0.843531559,0.181534449,1.170260921
36047036100,Ocean Hill,2640,1461,151,520,85,24018,426,,2621,1789,51,445,170,37139,1009,,-0.65980327,-0.138027177,0.633,0.546298609,1.368544601,,0.082073313,-0.525476164,0.543663135,1.587165529
36047036200,Brighton Beach,4977,3109,1596,1359,386,21774,596,,3371,2219,1319,790,739,48889,1149,,0.220171275,-0.141744643,1.682,1.245292551,0.927852349,,1.348629307,-0.354257338,0.560548326,1.507392422
36047036300,Ocean Hill,3594,1734,10,640,163,14375,408,,3917,2549,184,801,497,26597,1088,,15.88271636,0.148357321,1.074,0.850226087,1.666666667,,3.0855164,0.887953132,1.724795783,2.59021188
36047036400,Brighton Beach,2711,1781,1189,601,458,26042,693,,2237,1633,1207,597,673,65673,1291,,0.230237466,0.203825096,0.603,1.521810921,0.862914863,,1.318560793,-0.297925122,0.701770148,1.69937996
36047036501,Ocean Hill,2429,1433,7,546,110,25694,529,,2758,1790,20,406,444,45825,938,,1.516316171,-0.345112586,2.231,0.783490309,0.7731569,,0.921163847,0.407439665,1.358505902,2.303135174
36047036502,Ocean Hill,916,550,37,172,35,26667,643,,1280,846,53,264,88,36250,1022,,0.025084459,0.098401163,0.635,0.359358008,0.589424572,,-0.261153864,-0.161753098,0.751396813,1.68079171
36047036600,Brighton Beach,4207,2825,2005,875,588,33536,710,,4995,3419,2164,961,1029,41408,1256,,-0.090966478,-0.074977377,0.446,0.234732824,0.769014085,,-0.614622586,-0.956743717,-0.117976381,0.72979341
36047036700,Ocean Hill,1649,918,12,388,57,29853,586,,1296,854,65,322,205,53173,1206,,5.892039609,0.055941358,2.866,0.781161022,1.058020478,,2.649100132,0.691993591,1.608316155,2.527519931
36047036900,Ocean Hill,4912,2601,73,1087,173,21308,602,,5504,3256,298,1410,534,44167,1138,,2.643118828,0.157629276,1.466,1.072789563,0.890365449,,1.986529614,1.038080504,1.92761239,2.798546945
36047037000,Brighton Beach,4028,2945,3039,699,920,52143,741,,4303,3064,2538,654,1241,75000,1263,,-0.218229941,-0.124172276,0.297,0.438352224,0.704453441,,-0.738473985,-1.163629563,-0.30309858,0.561444346
36047037100,Ocean Hill,3982,2115,1,829,179,24743,620,,4608,2698,126,1044,537,51154,1308,,107.8828125,0.088265229,1.352,1.067413006,1.109677419,,3.591796552,1.695176639,2.765221856,3.832742113
36047037300,Ocean Hill,4232,2451,47,950,364,27375,573,,4101,2483,343,1330,519,30000,1193,,6.530991403,0.4447208,0.407,0.095890411,1.082024433,,1.138839992,1.180935439,2.071325038,2.955654919
36047037401,Gravesend,3961,3010,3361,740,971,45686,710,,4264,3062,3515,962,1332,64821,1260,,-0.02849629,0.207621951,0.348,0.418837281,0.774647887,,-0.045499333,-1.059510125,-0.109561746,0.846282212
36047037402,Gravesend,5297,4019,4489,1000,1297,45787,713,,4977,3452,3149,918,1612,52232,1128,,-0.253404467,-0.022976492,0.447,0.140760478,0.582047686,,-1.017993512,-1.406109957,-0.457389486,0.490001745
36047037500,Stuyvesant Heights,2798,1625,29,590,71,27826,593,,3170,2032,563,1058,380,44492,1406,,16.13558142,0.582785649,3.280,0.598936247,1.370994941,,3.943138808,2.08481672,2.999191064,3.917236158
36047037700,Stuyvesant Heights,3823,2246,33,953,319,40040,654,,4013,2779,400,1106,753,41875,1332,,10.5473197,0.105598306,0.908,0.045829171,1.036697248,,1.178509707,0.753888231,1.748380708,2.75230432
36047037900,Stuyvesant Heights,2831,1637,11,539,207,35714,667,,3573,2263,240,1288,516,41646,1180,,16.28722998,0.893363284,0.803,0.166097329,0.769115442,,1.916041631,1.028282004,1.990958045,2.937081782
36047038100,Crown Heights North,4849,2768,51.5,923,172,22807,410,,5187,3201,335,1204,461,30734,663,,5.080979147,0.219440801,1.318,0.347568729,0.617073171,,1.133124634,0.852932954,1.767662698,2.675901231
36047038200,Gravesend,6161,3335,577,1393,240,17214,331,,5893,3649,519,1381,489,21590,505,,-0.059613659,0.036471417,0.862,0.254211688,0.525679758,,-0.452711095,-1.452238942,-0.404240144,0.650109619
36047038300,Stuyvesant Heights,3999,2425,101,837,481,38636,715,,4399,2977,236,1163,1033,77125,1394,,1.124164133,0.263140613,0.749,0.996195258,0.94965035,,1.467394644,1.116550685,2.077991755,3.020612008
36047038500,Stuyvesant Heights,3628,2083,10,796,260,30972,618,,3462,2355,409,1067,862,65385,1195,,41.86112074,0.404725824,1.932,1.111100349,0.933656958,,3.655370799,2.106811292,3.114955419,4.118259636
36047038600,Gravesend,3377,2284,2128,789,298,35093,724,,3706,2553,1387,765,669,51607,1234,,-0.406076536,-0.116492831,1.008,0.470578178,0.70441989,,-0.266941478,-1.228858077,-0.267246166,0.684547487
36047038700,Stuyvesant Heights,3581,2140,43,868,159,28438,531,,4347,2773,480,1161,768,37383,1213,,8.195756496,0.101861923,2.728,0.31454392,1.284369115,,2.554089013,1.81652536,2.75516902,3.709079045
36047038800,Homecrest,3780,2661,3270,754,659,42647,677,,3651,2470,2918,773,973,78388,1285,,-0.076115881,0.061422073,0.591,0.838065984,0.898079764,,0.529899004,-0.80375881,0.121906913,1.050902315
36047038900,Bushwick South,2311,1278,44,689,74,22391,598,,3063,2113,601,1101,655,49356,1399,,9.305634702,0.205649432,4.354,1.204278505,1.339464883,,4.084271854,2.260394614,3.100550002,3.961599096
36047039000,Homecrest,2248,1516,2006,440,426,41833,717,,2349,1434,2099,469,489,55662,1336,,0.001370516,0.020078176,0.214,0.330576339,0.863319386,,-0.397628257,-1.015777833,-0.136049955,0.741855147
36047039100,Bushwick South,1411,886,18,291,46,19205,595,,3157,2084,536,1155,573,35406,1202,,12.30897828,0.773950214,4.296,0.8435824,1.020168067,,4.107571306,2.640213751,3.611860241,4.582278735
36047039200,Homecrest,2773,1813,2482,580,471,30417,823,,2860,1721,2239,840,630,47938,1446,,-0.125346269,0.404219918,0.409,0.576026564,0.756986634,,0.332400305,-0.932489698,0.114618064,1.162578246
36047039300,Bushwick South,2816,1635,39,869,85,26875,598,,3672,2487,619,1197,679,51906,1278,,11.17183398,0.056341524,4.252,0.931386047,1.137123746,,3.50344571,2.240307955,3.12246577,4.043026647
36047039400,Homecrest,2592,1582,2241,519,148,34712,802,,2466,1411,2056,472,357,59632,1405,,-0.035675549,-0.044090967,1.704,0.717907352,0.751870324,,0.747572333,-0.712628962,0.153301427,1.044687347
36047039500,Bushwick South,3542,2246,183,731,191,27869,545,,4359,2740,656,1294,548,45326,1238,,1.912825296,0.438396399,1.352,0.626394919,1.271559633,,2.203440601,1.823105397,2.671667462,3.505021433
36047039600,Homecrest,2058,1362,1891,385,282,42292,728,,2028,1162,1644,419,330,78125,1291,,-0.11775805,0.104410974,0.372,0.847276081,0.773351648,,0.228148239,-0.856000014,0.051683127,0.953887018
36047039700,Bushwick South,3176,1776,11,695,131,21250,632,,3458,2449,507,967,556,36493,1323,,41.33219412,0.277900895,2.078,0.717317647,1.09335443,,3.427524975,2.060265885,3.073547998,4.069482117
36047039800,Gravesend,2452,1583,1496,529,182,37063,720,,2829,1956,1058,606,530,57917,1284,,-0.387026651,-0.007102378,1.357,0.562663573,0.783333333,,0.325620611,-0.978842767,0.018120486,1.012265327
36047039900,Bushwick South,3777,2002,12,783,115,24792,604,,3434,2224,304,1106,536,51506,1196,,26.86371578,0.553603028,3.196,1.077525008,0.98013245,,4.091801355,2.253811045,3.175938736,4.108479839
36047040000,Bensonhurst East,2878,2063,1940,802,300,36042,720,,3325,2264,1611,670,455,50975,1286,,-0.281225021,-0.276897981,0.382,0.41432218,0.786111111,,-0.891646417,-1.369282921,-0.458037095,0.454752534
36047040100,Bushwick South,3227,1678,23,669,103,22917,681,,3197,2063,442,1116,524,51719,1297,,18.39772341,0.683815124,3.138,1.256796265,0.904552129,,4.074613032,2.196222395,3.171772915,4.151887601
36047040200,Bensonhurst East,2568,1691,1483,686,269,43625,685,,2749,2099,1068,747,489,54400,1206,,-0.327255151,0.017224392,0.464,0.246991404,0.760583942,,-0.585001299,-1.349463986,-0.506213204,0.333996437
36047040300,Bushwick South,2977,1819,65,595,73,25917,672,,3770,2678,342,1277,573,25577,1421,,3.154801061,0.69477253,4.332,-0.013118802,1.114583333,,2.635167443,1.49568405,2.480449336,3.488892532
36047040400,Bensonhurst East,2065,1440,1476,458,271,46328,733,,2343,1816,1106,532,445,65083,1187,,-0.339585596,0.023750016,0.302,0.404830772,0.619372442,,-0.738781333,-1.561458285,-0.567377773,0.424008744
36047040500,Bushwick South,1308,710,32,280,43,38017,680,,1590,1141,87,641,292,55446,1366,,1.236556604,0.883261456,3.226,0.458452797,1.008823529,,2.738865505,1.089123731,2.146631213,3.205257018
36047040600,Bensonhurst East,3160,2283,2014,798,513,42056,683,,3117,2196,995,721,661,46146,1249,,-0.49914283,-0.084027039,0.340,0.097251284,0.828696925,,-1.09244027,-1.626616407,-0.667292933,0.300620956
36047040800,Bensonhurst East,2893,2021,1846,549,378,42096,772,,3391,2325,1130,924,623,62763,1287,,-0.477763297,0.435887023,0.433,0.490949259,0.667098446,,-0.055066202,-1.212846975,-0.242844423,0.705474024
36047040900,Bushwick North,3535,1905,33,799,115,23438,638,,3663,2285,322,1232,441,34716,1404,,8.416606689,0.488046244,2.197,0.481184401,1.200626959,,2.920779357,1.300686748,2.300442609,3.312847699
36047041000,Bensonhurst East,1729,1316,1375,346,288,49357,611,,1887,1314,1089,386,393,52917,1172,,-0.274314785,0.022196287,0.367,0.07212756,0.918166939,,-0.666893869,-1.353219992,-0.399968506,0.566212279
36047041100,Bushwick South,2857,1694,50,628,63,24219,597,,3158,2168,246,949,271,55568,1066,,3.451057631,0.367113851,2.361,1.294396961,0.78559464,,2.731488538,1.575974298,2.645791308,3.717371252
36047041200,Bensonhurst East,2716,1974,1790,644,448,46948,682,,3141,2094,1709,798,492,65240,1196,,-0.174435783,0.071467132,0.035,0.389622561,0.753665689,,-0.682128195,-1.429520774,-0.378327109,0.664367629
36047041300,Bushwick South,3241,1771,34.5,693,144,25054,719,,4217,2577,355,993,402,47000,1285,,6.908328264,0.101264004,0.919,0.875947952,0.787204451,,1.643310992,1.318267228,2.275987101,3.231577943
36047041401,Homecrest,1386,927,1152,280,139,45132,658,,1493,1071,1143,369,287,66184,1390,,-0.078920378,0.223409243,0.787,0.466453957,1.112462006,,0.776057284,-0.773950666,0.173994727,1.135224555
36047041402,Homecrest,1922,1214,1809,291,278,52050,692,,1765,1222,1750,320,495,52083,1183,,0.053435999,0.197472815,0.769,0.000634006,0.709537572,,-0.343114239,-1.144891122,-0.196560412,0.737159794
36047041500,Bushwick South,3638,1991,22,844,206,25000,676,,4311,2503,331,1340,423,52679,1426,,11.69667447,0.33982175,0.633,1.10716,1.109467456,,2.533434147,1.465118958,2.459706199,3.478572837
36047041600,Homecrest,2574,1481,2261,550,354,43125,763,,2532,1367,1949,573,309,44545,1302,,-0.123693329,0.059099526,-0.054,0.032927536,0.706422018,,-1.331743856,-1.561716342,-0.618222623,0.317022263
36047041700,Bushwick South,3106,1718,48,700,85,17238,466,,3208,2009,183,768,217,38787,852,,2.691279613,0.062258639,1.183,1.250087017,0.82832618,,1.766665854,1.321419778,2.25255039,3.21105939
36047041800,Homecrest,2538,1548,2122,469,337,35163,679,,2713,1400,2195,503,294,51389,1247,,-0.032321774,0.003314217,-0.035,0.461450957,0.8365243,,-0.603379536,-1.315056754,-0.3691308,0.549362109
36047041900,Bushwick South,3897,2040,83,802,137,24583,528,,3815,2263,501,1176,421,46550,1250,,5.165886087,0.497851701,1.770,0.893584998,1.367424242,,3.143034405,1.888088676,2.840093658,3.80873152
36047042000,Homecrest,2302,1126,1966,457,249,54375,819,,1696,942,1530,312,339,65000,1440,,0.056300265,-0.073345444,0.627,0.195402299,0.758241758,,-0.467649244,-1.229003489,-0.261991951,0.668729302
36047042100,Bushwick South,3435,1877,42,907,187,22283,600,,4219,2754,510,1579,548,40665,1297,,8.886398266,0.417398794,0.997,0.824933806,1.161666667,,2.581775762,1.87122922,2.822815845,3.761827252
36047042200,Homecrest,3691,2321,2997,856,539,46607,753,,3501,2311,2519,858,818,84426,1444,,-0.113878327,0.056733457,0.524,0.811444633,0.917662683,,0.453624071,-0.863624341,0.033635519,0.910672995
36047042300,Bushwick South,2617,1345,61,625,164,17667,635,,4718,2981,826,1944,632,39067,1412,,6.510969499,0.725289699,0.739,1.2112979,1.223622047,,2.961140894,2.313349272,3.264304853,4.192785379
36047042400,Bensonhurst East,3654,2423,2243,725,568,38872,686,,3786,2553,2277,854,794,70323,1195,,-0.020235521,0.136862124,0.327,0.809091377,0.741982507,,0.1980849,-1.009206196,-0.108485949,0.7463567
36047042500,Bushwick South,2298,1137,31,619,52,17917,595,,2932,1812,786,1204,779,46597,1439,,18.87224398,0.52448058,8.400,1.600714405,1.418487395,,5.770017479,3.383896946,4.45038751,5.476114595
36047042600,Bensonhurst East,3823,2610,2403,719,489,36900,685,,4231,3158,1954,779,941,51143,1169,,-0.265262745,-0.021028971,0.590,0.38598916,0.706569343,,-0.405631035,-1.232226245,-0.356296139,0.538152575
36047042700,Bushwick North,5599,2669,106,1603,99,17526,610,,5496,3401,1220,2372,949,27703,1384,,10.72513114,0.507456906,6.523,0.580680132,1.268852459,,4.279812251,2.700392819,3.703599172,4.71677555
36047042800,Bensonhurst East,3655,2723,2679,722,797,41923,700,,3764,2934,2602,780,1414,64010,1280,,-0.056868294,0.049047545,0.647,0.526846838,0.828571429,,0.172531382,-1.101280534,-0.192253982,0.726062744
36047042900,Bushwick North,5829,2921,253,1710,116,15108,642,,5811,3682,1157,2228,799,38476,1340,,3.587288113,0.306959879,4.464,1.546730209,1.087227414,,3.831120219,2.13713798,3.072774622,3.969256762
36047043000,Bensonhurst East,3291,2384,2252,570,453,33831,705,,3405,2458,1567,672,671,43500,1244,,-0.327470442,0.139476003,0.437,0.285802962,0.764539007,,-0.386218285,-1.321552264,-0.451573187,0.413215698
36047043100,Bushwick North,5276,2520,300,1466,96,19829,639,,5402,3241,1124,2284,888,36845,1381,,2.659276811,0.521641472,6.192,0.858137072,1.161189358,,3.870953879,1.932452789,2.846033505,3.7565911
36047043200,Bensonhurst East,3860,2674,2099,863,605,32273,669,,4730,3326,1913,1023,948,50087,1195,,-0.25624706,-0.032633593,0.260,0.551978434,0.786248132,,-0.411934804,-1.321088305,-0.397585421,0.511891754
36047043300,Bushwick North,3668,1893,68,1042,69,19492,563,,4303,2561,269,1259,338,38913,1118,,2.372107012,0.029949645,2.621,0.99635748,0.985790409,,2.315709937,1.274114414,2.23038203,3.176118824
36047043400,Bensonhurst East,3529,2507,2243,805,690,37396,695,,3327,2304,1903,776,984,55769,1189,,-0.100070741,0.022503253,0.552,0.491309231,0.710791367,,-0.159036175,-1.228044392,-0.229214911,0.784506956
36047043500,Bushwick North,4494,2361,42,973,216,26694,676,,5018,2915,408,1334,548,39041,1428,,7.69988043,0.227850243,1.055,0.462538398,1.112426036,,1.933191077,1.0301219,2.044868796,3.058833625
36047043600,Bensonhurst East,4020,2912,2881,877,705,31353,705,,4676,3540,2866,1024,1225,57574,1193,,-0.144766945,0.003810915,0.429,0.836315504,0.692198582,,0.001208647,-1.218139606,-0.326348837,0.55570707
36047043700,Bushwick North,5027,2738,87,1269,135,26115,656,,5904,3897,891,2193,986,40347,1395,,7.720090412,0.471429796,4.132,0.544974153,1.12652439,,3.443561205,1.418688124,2.347899764,3.255888792
36047043800,Ocean Parkway South,2719,1748,2429,460,548,41974,707,,2593,1705,1861,615,544,55000,1349,,-0.196611614,0.4019224,0.018,0.310334969,0.908062235,,-0.207978998,-1.109055494,-0.173271506,0.724710378
36047043900,Bushwick North,3733,2036,50,866,86,29853,749,,3971,2671,189,1032,390,33615,1312,,2.553447494,0.120262783,2.457,0.126017486,0.751668892,,1.171478448,0.49494114,1.379304369,2.251627798
36047044000,Ocean Parkway South,2726,1673,2377,663,322,42188,759,,2889,1704,2438,546,615,64375,1449,,-0.032206214,-0.222934864,0.875,0.525907841,0.909090909,,0.006207099,-1.234083444,-0.213350775,0.789037215
36047044100,Bushwick North,5630,3121,479,1639,231,22757,665,,5958,3893,688,2163,693,52930,1289,,0.357253033,0.24705458,1.405,1.325877752,0.938345865,,1.881635577,0.836845067,1.775667416,2.735918725
36047044200,Ocean Parkway South,2769,1533,2577,542,462,37266,811,,3035,1632,2696,666,795,73750,1421,,-0.045513633,0.121086707,0.616,0.979015725,0.75215783,,0.570433756,-0.888105004,0.004607887,0.864053473
36047044300,Bushwick North,5180,2954,452,1664,407,27188,679,,5414,3457,816,1762,892,45795,1408,,0.72728194,0.013127469,0.873,0.684382816,1.073637703,,1.009519256,0.611828937,1.577999021,2.546883945
36047044400,Ocean Parkway South,3201,1972,2750,539,666,41354,749,,3430,1967,2791,490,716,64286,1225,,-0.052850146,-0.151603499,0.078,0.554529187,0.635514019,,-0.904408388,-1.614641521,-0.679699574,0.297394113
36047044500,Bushwick North,4582,2636,373,1343,366,30815,657,,5039,3368,870,1606,997,40328,1350,,1.120904665,0.087377281,1.132,0.308713289,1.054794521,,0.93287441,0.681676388,1.701882375,2.702468041
36047044600,Borough Park,1813,1207,1119,362,275,46250,702,,2181,1540,1160,327,459,60603,1273,,-0.138272324,-0.249101355,0.308,0.310335135,0.813390313,,-0.912325658,-1.684383301,-0.730756145,0.230434676
36047044700,Bushwick North,1806,1052,168,529,87,22232,630,,2518,1581,675,877,631,42000,1424,,1.88175139,0.189065946,3.826,0.889168766,1.26031746,,3.041202514,1.743620047,2.705329906,3.680309184
36047044800,Ocean Parkway South,1679,1063,1413,390,416,60119,791,,1816,1077,1426,388,474,64853,1276,,-0.06693432,-0.080181859,0.125,0.078743825,0.613147914,,-1.364891478,-1.772532495,-0.868045878,0.069473656
36047044900,East Williamsburg,2968,1827,286,667,117,17038,373,,3468,2234,556,798,344,36023,758,,0.663771062,0.02391019,1.405,1.114273976,1.032171582,,1.638859175,1.534216385,2.332891999,3.136674338
36047045000,Ocean Parkway South,1197,796,1076,196,351,51406,827,,514,256,497,84,111,79375,1773,,0.075660321,-0.001945525,-0.017,0.544080458,1.143893591,,-0.076130703,-1.408344737,-0.427165242,0.576859004
36047045200,Ocean Parkway South,2880,1601,2731,551,628,62083,823,,2839,1638,2627,519,698,81534,1543,,-0.024189543,-0.04447324,0.086,0.31330638,0.874848117,,-0.648234009,-1.595004108,-0.698257609,0.232217664
36047045300,Bushwick North,1630,864,137,523,86,17500,603,,2337,1747,623,1019,491,29954,1716,,2.171731179,0.358943458,1.824,0.711657143,1.845771144,,3.014793269,2.066177354,2.999698137,3.970969456
36047045400,Ocean Parkway South,2033,1106,1725,432,389,46696,808,,1836,1035,1294,354,410,72083,1208,,-0.169365666,-0.092630416,0.126,0.54366541,0.495049505,,-1.037458836,-1.540930062,-0.658097341,0.19921281
36047045600,Midwood,2312,1586,1960,509,531,47500,770,,2520,1514,1848,505,633,43580,1290,,-0.134965986,-0.089749587,0.249,-0.082526316,0.675324675,,-1.453854906,-1.767165609,-0.847184073,0.072187945
36047045800,Midwood,1556,935,1510,165,473,79369,714,,1757,1057,1715,226,313,79028,1170,,0.005830981,0.21300426,-0.415,-0.004296388,0.638655462,,-1.818678783,-1.923604967,-1.016971867,-0.082982673
36047046000,Flatbush,3668,2397,2107,634,767,39572,725,,3726,2435,1793,770,918,47297,1252,,-0.162273545,0.195605609,0.178,0.195213788,0.726896552,,-0.635782126,-1.060198257,-0.265277686,0.523037572
36047046201,Flatbush,2469,1743,1926,467,465,50074,631,,2706,1724,1964,490,831,57679,1033,,-0.069581155,-0.04264613,0.807,0.151875225,0.637083994,,-0.578717571,-1.40788625,-0.51006235,0.380991709
36047046202,Ocean Parkway South,1468,868,1201,310,205,54250,824,,2301,1215,1915,532,464,50625,1527,,0.017267589,0.094861981,0.617,-0.066820276,0.85315534,,-0.51878398,-1.484480338,-0.565223231,0.327457707
36047046400,Borough Park,2510,1184,2238,448,186,38068,785,,2772,1180,2526,395,335,59962,1489,,0.022006739,-0.201638515,0.807,0.575128717,0.896815287,,0.059788731,-1.236271108,-0.346806563,0.536188259
36047046800,Borough Park,936,543,837,155,108,45917,796,,2254,988,2130,406,240,70096,1710,,0.05675931,0.087717892,0.221,0.526580569,1.148241206,,0.297164807,-1.192073294,-0.314655388,0.536623601
36047047000,Borough Park,3066,1480,2966,530,250,47885,693,,2616,1258,2397,383,224,54226,1355,,-0.052822663,-0.153050891,0.054,0.132421426,0.955266955,,-1.014156031,-1.651384718,-0.726253877,0.196813403
36047047200,Borough Park,3103,1331,2952,494,455,30104,892,,2905,1413,2873,411,339,56310,1564,,0.039572809,-0.111309553,-0.298,0.870515546,0.753363229,,-0.854485181,-1.532949054,-0.593934348,0.364369032
36047047400,Borough Park,2983,1473,2800,466,319,34597,774,,2749,1329,2646,437,295,53322,1384,,0.02544016,0.01759282,0.025,0.541231899,0.788113695,,-0.461111637,-1.47244043,-0.472985255,0.543997841
36047047600,Borough Park,3811,1844,3566,695,426,34716,683,,3547,1904,3105,634,398,39526,1185,,-0.064469338,-0.019873315,-0.095,0.138552829,0.734992679,,-1.274199288,-1.695454377,-0.774215959,0.132405253
36047047700,East Williamsburg,2259,1703,1517,650,412,43750,658,,3644,3079,2748,1739,1955,101250,2342,,0.122972213,0.658532889,1.625,1.314285714,2.559270517,,3.799783331,2.207700217,3.152327031,4.117639107
36047047800,Borough Park,4916,2495,3300,1038,529,37250,749,,4491,2444,3258,1170,347,33295,1306,,0.08070201,0.233835687,-0.330,-0.106174497,0.743658211,,-1.620912833,-1.679969089,-0.767914569,0.143328348
36047048000,Flatbush,3442,1949,2233,720,390,29922,655,,4051,2243,2644,872,471,38565,1336,,0.006054135,0.02904084,0.049,0.288851013,1.039694656,,-0.394008948,-1.267864561,-0.371641101,0.542095364
36047048100,East Williamsburg,2772,1810,1065,820,403,26500,630,,2978,2284,1521,1345,1288,78750,1758,,0.329376933,0.526781765,1.533,1.971698113,1.79047619,,3.520950759,2.159794256,3.134479194,4.161256168
36047048200,Flatbush,5310,3637,2925,1060,997,29183,640,,5316,3600,2438,1406,1447,37875,1212,,-0.167436476,0.324918012,0.466,0.297844636,0.89375,,0.141311608,-0.853848975,0.068920531,0.967228288
36047048400,Kensington-Ocean Parkway,5169,2904,3445,1061,721,31021,729,,6146,3034,4578,1410,995,47737,1581,,0.117636402,0.11768058,0.321,0.538860772,1.16872428,,0.494649052,-0.856067804,0.096686583,1.059118446
36047048500,Bushwick South,1607,1008,238,468,118,33314,723,,2854,2155,1454,1784,1250,75682,2169,,2.439928038,1.146401212,3.955,1.271777631,2,,5.014725503,2.751053836,3.601095694,4.482650387
36047048600,Kensington-Ocean Parkway,3657,2159,788,1037,346,31449,731,,3300,1940,834,715,450,40268,1302,,0.172872635,-0.235920926,0.447,0.280422271,0.781121751,,-0.708475971,-1.266629836,-0.322998864,0.629718835
36047048800,Kensington-Ocean Parkway,4393,2689,2430,952,773,40789,718,,4113,2587,2047,734,1058,49280,1196,,-0.100266144,-0.176503789,0.423,0.208168869,0.665738162,,-0.991782863,-1.475108067,-0.40772325,0.675287747
36047048900,Bushwick South,4020,2153,5,700,87,15926,216,,3755,2427,25,895,216,22454,420,,4.35286285,0.3688035,1.202,0.409895768,0.944444444,,1.705820219,1.390581436,2.382276612,3.380499195
36047049000,Kensington-Ocean Parkway,6153,3916,3699,1497,1036,33409,716,,6248,4104,3577,1831,1896,48058,1448,,-0.047685267,0.204515625,0.746,0.438474663,1.022346369,,0.601702881,-0.724101178,0.232001839,1.190851693
36047049100,East Williamsburg,5442,3702,358,957,447,25733,404,,6459,4568,1022,1517,635,38968,904,,1.405254977,0.33557074,0.151,0.514320134,1.237623762,,0.972926003,0.962554095,1.856077802,2.739790311
36047049200,Kensington-Ocean Parkway,3346,2148,1217,724,650,34891,697,,3293,2172,1521,865,706,47045,1216,,0.269909704,0.213980602,0.074,0.348341979,0.744619799,,-0.326109351,-0.661019557,0.215129724,1.081381953
36047049300,Bushwick South,7681,4444,372,1869,245,21358,424,,7684,5304,1413,2662,1639,29912,671,,2.796904124,0.423734991,4.605,0.400505665,0.58254717,,2.262678532,1.364851854,2.383925228,3.378615919
36047049400,Kensington-Ocean Parkway,5596,3903,3125,1125,1073,32941,742,,5874,4088,2952,1231,1909,60882,1374,,-0.100067171,0.042435743,0.699,0.848213473,0.851752022,,0.52205409,-0.635760885,0.339575972,1.34646812
36047049500,East Williamsburg,2793,1855,1179,1036,472,32635,683,,2899,2331,1764,1177,1245,99844,1652,,0.441476266,0.094559634,1.099,2.059414739,1.418740849,,2.530717353,1.68465053,2.646200041,3.589815579
36047049600,Kensington-Ocean Parkway,4484,2841,1974,1024,684,41201,718,,4190,2692,1399,984,1023,73291,1612,,-0.241558398,0.028363663,0.578,0.778864591,1.245125348,,0.742850638,-0.474031541,0.393268907,1.280099741
36047049700,East Williamsburg,2238,1728,1762,769,560,42457,720,,2838,2376,1982,1461,1530,81750,1856,,-0.112955439,0.498206121,0.987,0.925477542,1.577777778,,2.117055532,1.561350596,2.559361208,3.561926423
36047049800,Kensington-Ocean Parkway,4069,2832,2031,883,700,40163,708,,4512,3216,1848,988,1550,84183,1443,,-0.179439433,0.009055003,0.950,1.096033663,1.038135593,,1.042319264,-0.393490586,0.751750264,1.90461477
36047049900,Greenpoint,1633,1175,1503,508,268,33542,671,,1766,1419,1235,709,820,73352,1700,,-0.240192699,0.29055943,1.534,1.186870193,1.533532042,,2.295212224,1.781284253,2.721837288,3.686110342
36047050000,Windsor Terrace,3711,2655,2284,713,806,47353,738,,3694,2602,2089,541,1512,108105,1640,,-0.081167383,-0.237742338,0.914,1.282959897,1.222222222,,1.00439767,-0.164414824,0.830125074,1.855789791
36047050100,East Williamsburg,2662,2001,1856,763,513,41542,691,,3005,2428,2082,1394,1338,98000,1708,,-0.006274743,0.618459405,1.149,1.359058302,1.471780029,,2.606211357,1.879128658,2.784872809,3.702924934
36047050202,Windsor Terrace,2221,1815,1709,573,753,78726,640,,2306,1801,1950,380,1351,129583,1681,,0.098959795,-0.361268653,0.808,0.646000051,1.6265625,,0.627088715,-0.378810858,0.690507916,1.751626038
36047050300,East Williamsburg,2689,1823,1301,801,429,36875,692,,2408,1933,1682,978,984,128375,1882,,0.443720139,0.363454527,1.163,2.481355932,1.719653179,,3.389015969,1.798315605,2.764831425,3.747170843
36047050400,Windsor Terrace,4432,3143,2164,1099,1218,42428,737,,4515,3258,2406,976,1828,94755,1456,,0.091390989,-0.128245652,0.448,1.233312907,0.975576662,,0.609453326,-0.217462198,0.654440169,1.544833682
36047050500,East Williamsburg,4211,2653,461,922,327,27277,446,,4396,3270,1188,1449,1089,26729,958,,1.468556507,0.505445445,1.702,-0.020090186,1.147982063,,1.413668495,0.912944699,1.902177307,2.901029703
36047050600,Flatbush,6187,3413,312,1591,358,26571,695,,5616,3624,690,1479,1022,47813,1476,,1.436393957,0.024120386,1.689,0.799443002,1.123741007,,1.789750434,0.41740347,1.336184354,2.254273019
36047050700,Bedford,694,317,27,205,21,18214,436,,2523,929,1822,387,143,33487,1265,,17.56208805,-0.480722717,1.324,0.8385308,1.901376147,,2.29581164,1.435945869,2.325992376,3.21069658
36047050801,Flatbush,4575,2580,124,1132,248,24174,705,,4240,2929,363,1145,536,48690,1266,,2.158713101,0.091400885,0.904,1.014147431,0.795744681,,1.344811258,0.553790819,1.498432667,2.450040598
36047050803,Flatbush,3279,1849,89,811,177,24174,705,,2338,1563,467,872,472,50786,1215,,6.359084399,0.507969441,2.155,1.100852155,0.723404255,,2.789191778,1.304201619,2.313201495,3.316717605
36047050804,Flatbush,6030,3401,164,1503,328,24174,705,,6144,4082,944,1963,1143,52426,1179,,4.64929497,0.281821123,1.903,1.168693638,0.672340426,,2.308297346,0.96054421,2.048220503,3.104249966
36047050900,Williamsburg,1709,601,948,464,18,17078,669,,4488,1239,4064,555,57,30000,1250,,0.632430034,-0.544525343,0.536,0.756645977,0.868460389,,-0.61923316,0.005951524,0.968426634,1.908117872
36047051001,Flatbush,3877,2179,73,918,181,26108,681,,4498,3073,339,1534,882,44750,1251,,3.002701353,0.440320123,2.455,0.714034013,0.837004405,,2.391504254,0.506585825,1.531734639,2.533049232
36047051002,Flatbush,5396,3033,103,1282,252,26108,681,,4841,3320,526,1294,913,52321,1239,,4.692268507,0.125079236,2.310,1.004021756,0.81938326,,2.357862585,0.737130073,1.696508511,2.6441492
36047051100,East Williamsburg,3904,2562,384,917,294,30694,471,,3890,2984,1337,1422,1113,24542,981,,2.494301628,0.55628979,2.250,-0.200430051,1.082802548,,1.441224853,0.899036702,1.810227444,2.724493113
36047051200,Flatbush,6871,4069,251,1607,470,33848,710,,5759,4003,743,1588,1245,41510,1290,,2.531733804,0.17898286,1.693,0.226364926,0.816901408,,1.161100612,0.142055118,1.135970221,2.135184133
36047051300,North Side-South Side,4362,2718,1117,1398,440,29491,671,,4756,4088,2298,2393,2036,37426,1928,,0.886864295,0.56992658,2.077,0.269065139,1.873323398,,2.645630073,1.653618152,2.559717015,3.463819908
36047051400,Flatbush,7692,4590,528,1848,758,33075,715,,7717,5034,982,1339,1631,50858,1357,,0.853823318,-0.277780209,0.962,0.537656841,0.897902098,,0.236431449,-0.32429167,0.59769179,1.528978773
36047051500,North Side-South Side,887,622,472,272,117,36250,620,,1626,1354,1034,729,1022,125208,2465,,0.195037734,0.462048242,3.013,2.454013793,2.975806452,,5.088720104,2.702048246,3.658072371,4.641563189
36047051601,Flatbush,5467,3055,86,1258,245,27032,683,,5533,3538,262,1741,874,50526,1293,,2.010171529,0.367434503,2.080,0.869118082,0.893118594,,2.260828869,0.284626681,1.308005616,2.331064653
36047051602,Flatbush,4288,2397,68,992,193,27032,683,,4262,2798,290,1183,680,58162,1289,,3.290722389,0.199815322,2.018,1.151598106,0.887262079,,2.418846494,0.364889215,1.395066442,2.414171488
36047051700,North Side-South Side,1460,1136,1150,535,556,51012,796,,2107,1863,1560,1061,1384,136477,2334,,-0.060027651,0.37419993,0.518,1.675390104,1.932160804,,2.529067892,1.690532007,2.695548547,3.678615955
36047051800,Flatbush,3722,2510,732,799,796,38417,745,,3229,2440,829,607,1037,62104,1382,,0.305424542,-0.124310312,0.340,0.616575995,0.855033557,,-0.079436002,-0.543861631,0.340052959,1.241429357
36047051900,North Side-South Side,2921,2220,1948,1206,873,35452,742,,4792,3922,3512,2182,2898,106031,2433,,0.098955994,0.102864573,0.879,1.990832675,2.278975741,,2.989877675,1.966336359,2.864785687,3.763910403
36047052000,Flatbush,4521,2761,981,1080,667,36492,717,,4636,2923,1139,1041,1143,62857,1291,,0.132259039,-0.060021211,0.619,0.72248712,0.80055788,,0.227198784,-0.705631937,0.304871132,1.282658502
36047052300,North Side-South Side,5729,3235,438,1578,318,23315,491,,5538,4256,1722,2584,1894,37279,1214,,3.067100531,0.693992102,3.527,0.598927729,1.472505092,,3.583835652,1.962684227,2.890345003,3.826357139
36047052500,North Side-South Side,3537,1762,1918,701,139,13929,384,,3392,2065,2036,819,574,28958,805,,0.106899999,0.218274349,2.524,1.078971929,1.096354167,,2.2403175,1.122240688,2.010479579,2.877948718
36047052600,Flatbush,4515,3011,1706,1061,809,32243,711,,4486,3064,1776,1290,1618,62109,1481,,0.047761461,0.223693947,0.965,0.926278572,1.082981716,,1.358951823,-0.341829486,0.674986648,1.653233818
36047052700,North Side-South Side,7277,3974,321,2023,275,20665,518,,6523,4738,1138,2577,1715,36438,1191,,2.954961189,0.421096377,4.231,0.763271232,1.299227799,,3.473205458,1.608852213,2.54039549,3.509268959
36047052800,Flatbush,2016,1280,1118,478,591,72083,767,,1896,1313,1115,367,835,113824,1370,,0.060437943,-0.183623749,0.377,0.579068574,0.786179922,,-0.369456827,-1.22681664,-0.258075803,0.693904653
36047052900,Williamsburg,4384,1686,3539,940,116,19208,552,,4202,1838,3909,1298,362,31315,1037,,0.15239033,0.440659463,1.863,0.630310287,0.878623188,,1.586490935,0.629525563,1.525287885,2.446095616
36047053000,Midwood,3522,2173,2213,837,546,36181,682,,3777,2302,2492,863,778,51607,1301,,0.05004761,-0.038547785,0.345,0.426356375,0.907624633,,-0.167276611,-1.262520225,-0.284237461,0.720216126
36047053100,Bedford,2624,946,1933,629,45,24375,654,,8953,2747,8483,1951,489,31179,1676,,0.286212895,-0.090920488,2.742,0.279138462,1.562691131,,1.648576724,0.852044103,1.724297749,2.598523913
36047053200,Midwood,3015,1917,1918,646,679,45625,751,,2682,1762,1524,648,821,78125,1248,,-0.106766696,0.127641449,0.315,0.712328767,0.661784288,,-0.068375171,-1.045493733,-0.120543644,0.794003686
36047053300,Williamsburg,7302,2521,6462,1611,111,13750,563,,6821,2855,6593,1670,237,23194,1123,,0.092219438,0.109723313,0.885,0.686836364,0.994671403,,0.86019786,0.107130477,1.0491767,1.946343474
36047053400,Midwood,4612,2727,2763,868,678,31927,661,,4212,2598,2709,1043,873,31673,1214,,0.07356676,0.315726189,0.352,-0.007955649,0.836611195,,-0.368556127,-1.399129565,-0.390587455,0.616625829
36047053500,Williamsburg,4918,1667,4042,1050,92,17361,619,,4065,1392,3677,1157,71,18575,1090,,0.100589323,0.333128566,-0.076,0.069926848,0.760904685,,-0.787566538,-0.536038572,0.403969741,1.353403153
36047053700,Williamsburg,2059,650,1966,368,57,16813,579,,3539,1300,3382,553,65,29600,1280,,0.00084281,-0.12571486,-0.430,0.760542437,1.210708117,,-0.68504536,-0.367733712,0.626828214,1.596958903
36047053800,Midwood,4701,3466,3981,742,1091,39207,717,,4341,2978,3419,827,1212,39688,1330,,-0.069947663,0.206985547,0.293,0.012268217,0.854951185,,-0.556597386,-1.402374312,-0.4111906,0.580110203
36047053900,Williamsburg,3724,1580,2600,530,75,20847,530,,2580,1424,2111,520,178,26289,1024,,0.171938581,0.416176686,1.633,0.261044755,0.932075472,,1.116463615,-0.267052324,0.769761357,1.835666529
36047054200,Midwood,4391,2727,3704,942,966,42000,686,,4542,2769,3605,1100,1332,65402,1358,,-0.059084553,0.128906801,0.358,0.557190476,0.979591837,,0.266105339,-0.99288459,-0.087011741,0.80652264
36047054400,Midwood,3705,2356,2987,735,803,50469,699,,3069,2199,2466,568,785,58565,1233,,-0.003335078,-0.067062993,0.047,0.160415304,0.763948498,,-1.068024632,-1.427339718,-0.512596688,0.405921978
36047054500,Williamsburg,8009,3338,5206,1216,147,16260,309,,8072,3953,5797,1036,170,24799,440,,0.104832083,-0.154675764,-0.023,0.525153752,0.42394822,,-1.331509859,-1.477044353,-0.32099075,0.80265766
36047054600,Midwood,4571,3163,3994,795,1177,40129,720,,4429,3008,3515,852,1459,58315,1252,,-0.091713603,0.106058269,0.303,0.453188467,0.738888889,,-0.257185158,-1.236744949,-0.271698382,0.666488401
36047054700,North Side-South Side,3372,1304,2185,865,150,16598,613,,5172,2766,3604,1395,982,36250,1439,,0.075381079,0.051446428,2.086,1.183998072,1.347471452,,2.200845994,0.595903583,1.66929913,2.768265421
36047054800,Madison,2019,1287,1881,357,632,58250,741,,2168,1320,1900,364,779,79750,1269,,-0.059320139,-0.050466681,0.202,0.369098712,0.712550607,,-0.701239828,-1.238482758,-0.375576757,0.47366506
36047054900,North Side-South Side,1551,1018,598,606,402,26933,730,,3607,2420,2415,1455,1343,90278,2376,,0.736527265,0.032419086,0.405,2.351947425,2.254794521,,2.900062277,1.495963463,2.547523145,3.623375788
36047055000,Madison,3572,2419,3007,640,810,34525,723,,3638,2517,2578,840,1100,57489,1235,,-0.158220703,0.28868884,0.305,0.665141202,0.708160443,,0.114831444,-1.021981353,-0.130213206,0.788951938
36047055100,North Side-South Side,4322,2789,1028,1429,630,27173,600,,5860,4129,2200,1975,2246,78290,1329,,0.578398693,0.019346926,1.408,1.881168807,1.215,,2.323900461,1.420009744,2.418846666,3.43450741
36047055200,Madison,3519,2512,2683,536,836,36964,706,,3098,2357,2115,852,976,46465,1206,,-0.104578429,0.80556305,0.244,0.257033871,0.708215297,,0.12594961,-0.999406089,-0.122293579,0.764660617
36047055300,North Side-South Side,2553,1871,1502,975,676,38938,639,,2843,2358,1887,1110,1714,115991,2082,,0.128173574,0.022332855,1.012,1.978863835,2.258215962,,2.95204328,1.676159245,2.651722426,3.58952893
36047055400,Homecrest,4284,2922,3222,1030,1047,36875,721,,4083,2792,3063,1120,1301,53879,1318,,-0.002549062,0.140908669,0.300,0.461125424,0.828016644,,-0.043237887,-1.07921311,-0.206177994,0.651602221
36047055500,North Side-South Side,872,651,730,464,408,42343,1097,,5558,4467,3555,2322,3346,137279,2304,,-0.235962478,-0.214868906,0.195,2.242070708,1.100273473,,0.81836113,0.391862154,1.535484988,2.695422695
36047055600,Homecrest,3824,2437,3199,674,844,48387,740,,3658,2368,3028,801,1061,85106,1323,,-0.010499967,0.242358118,0.294,0.758860851,0.787837838,,0.319786091,-0.984216963,-0.100306215,0.781303291
36047055700,North Side-South Side,1285,922,1011,441,384,52996,673,,2556,2126,1610,896,1388,131190,2070,,-0.199397395,0.021437266,0.568,1.475469847,2.075780089,,2.050891912,1.268317302,2.269609679,3.243107709
36047055800,Madison,2418,1696,1794,422,464,31083,729,,2359,1674,1823,424,621,58462,1134,,0.041579888,0.029868468,0.356,0.880835183,0.555555556,,-0.105870964,-1.18348901,-0.274614474,0.63929465
36047056000,Madison,3571,2467,3141,652,990,52234,737,,3677,2586,3116,650,1267,65878,1369,,-0.036557649,-0.031806904,0.221,0.261209174,0.857530529,,-0.57829321,-1.342715064,-0.425524563,0.49903408
36047056100,Greenpoint,3748,2760,3002,989,757,43219,715,,3160,2517,2351,1326,1659,89408,1720,,-0.07113106,0.59022923,1.403,1.068719776,1.405594406,,2.409582743,1.689528608,2.634231599,3.604730472
36047056200,Madison,1676,1013,1514,279,422,58214,547,,1583,1119,1338,201,565,83250,2200,,-0.064328637,-0.237245193,0.212,0.430068368,3.021937843,,1.132100456,-0.755252186,0.198627437,1.170339634
36047056300,Greenpoint,4352,3063,1858,1219,675,33662,627,,4776,3977,2957,1756,2259,46164,1680,,0.450207622,0.312639215,1.578,0.371398016,1.679425837,,2.001680495,1.300626855,2.422469255,3.571478462
36047056400,Madison,2373,1700,2167,518,557,56658,668,,2566,1733,2046,341,865,101500,1529,,-0.126852119,-0.39121253,0.523,0.791450457,1.288922156,,0.047168035,-1.069545885,-0.200150195,0.682429017
36047056500,Greenpoint,3620,2708,2318,1078,831,40806,681,,3172,2643,2387,1212,1808,111500,1797,,0.175207026,0.283096295,1.229,1.732441308,1.63876652,,2.77887985,1.647006665,2.770691905,3.917401651
36047056600,Madison,2588,1921,1994,425,563,48375,804,,2568,1825,1285,520,690,72500,1378,,-0.350547749,0.233058457,0.290,0.49870801,0.713930348,,-0.240043308,-1.391480809,-0.352367047,0.701035178
36047056800,Madison,1270,865,1004,262,213,77427,708,,1367,1084,897,204,348,86250,1366,,-0.169969719,-0.276624022,0.304,0.113952497,0.929378531,,-1.100099572,-1.591772056,-0.577633901,0.426230251
36047056900,Greenpoint,1737,1357,1331,462,463,43750,752,,1505,1288,1215,661,862,100000,1834,,0.0535655,0.651287915,0.962,1.285714286,1.438829787,,2.463946849,1.763794595,2.689385017,3.625164854
36047057000,Sheepshead Bay-Gerritsen Beach-Manhattan Beach,3292,2645,2525,451,703,54063,607,,3468,2872,2300,498,942,72138,1170,,-0.135336371,0.048174376,0.234,0.334332168,0.927512356,,-0.313786719,-1.272901115,-0.379246077,0.49995036
36047057100,Greenpoint,5083,3780,4743,1313,636,38009,660,,3945,3370,3535,1513,1756,74091,1796,,-0.039694546,0.484729385,2.097,0.949301481,1.721212121,,2.840560185,1.940352267,2.83149825,3.74661697
36047057200,Sheepshead Bay-Gerritsen Beach-Manhattan Beach,5633,3176,1340,1055,200,19000,340,,5330,3220,700,1229,454,23958,390,,-0.447915208,0.231152824,1.239,0.260947368,0.147058824,,-0.883694131,-1.826093867,-0.758391601,0.294436361
36047057300,Greenpoint,2807,2077,2475,794,356,37740,700,,2386,1957,1811,1071,1045,78333,2021,,-0.139174308,0.586868509,2.115,1.075596184,1.887142857,,3.14495233,1.939271531,2.90769352,3.868583545
36047057400,Madison,2606,1832,1613,460,676,70729,777,,2905,2175,1509,585,794,100580,1135,,-0.160765851,0.140844122,-0.011,0.422047534,0.460746461,,-1.044540383,-1.538024232,-0.59999203,0.347643093
36047057500,Greenpoint,5006,3468,3315,1190,589,35123,600,,3802,3068,2921,1546,1589,91100,1878,,0.160183693,0.710571614,2.050,1.593741992,2.13,,3.918528688,2.224596804,3.234765287,4.252603911
36047057600,Madison,2863,1973,1782,681,695,52727,797,,2999,2222,1543,539,871,67188,1416,,-0.17338533,-0.244409419,0.113,0.274261763,0.776662484,,-1.216043851,-1.673339726,-0.720995108,0.216364995
36047057800,Madison,2910,2034,1933,636,702,45048,767,,3332,2347,1699,622,744,53357,1264,,-0.232374274,-0.145875331,-0.082,0.1844477,0.64797914,,-1.605483308,-1.827589445,-0.915421906,-0.010489197
36047057900,Greenpoint,1433,849,443,404,99,25594,585,,1071,857,529,335,353,65521,1481,,0.597749408,0.109481746,2.532,1.560014066,1.531623932,,3.062636392,1.830139474,2.881108179,3.912842904
36047058000,Madison,3154,2197,1776,701,482,43269,711,,3858,2545,1527,780,756,42893,1292,,-0.297096766,-0.090346384,0.354,-0.008689824,0.817158931,,-1.122464281,-1.583077989,-0.659781095,0.254319068
36047058200,Homecrest,2994,1995,1825,721,426,36172,676,,2950,1833,1850,596,451,53516,1362,,0.028818203,-0.161040927,0.152,0.479486896,1.014792899,,-0.376098702,-1.219680231,-0.294803748,0.620547766
36047058400,Homecrest,3646,2677,2857,689,749,45987,759,,3072,2425,2266,744,1273,69886,1305,,-0.058663024,0.281590167,0.876,0.519690347,0.719367589,,0.472075366,-0.92200337,-0.025558767,0.856036836
36047058600,Sheepshead Bay-Gerritsen Beach-Manhattan Beach,2209,1602,713,511,357,51058,766,,2744,1881,793,598,508,63864,1195,,-0.104644994,-0.057911087,0.212,0.250812801,0.560052219,,-1.096814226,-1.646407144,-0.679702459,0.262024049
36047058800,Homecrest,3479,2628,2563,759,982,51429,780,,3699,2832,2424,732,1467,101389,1261,,-0.110483299,-0.092932926,0.386,0.971436349,0.616666667,,-0.164500851,-1.139328532,-0.135663501,0.850202679
36047058900,Greenpoint,1775,1208,1650,543,248,51152,699,,1820,1446,1514,552,752,83750,1799,,-0.105111555,-0.0085605,1.533,0.637277135,1.573676681,,1.544674129,1.347265432,2.320640954,3.302538869
36047059000,Sheepshead Bay-Gerritsen Beach-Manhattan Beach,1979,1364,982,390,268,53050,776,,1890,1277,699,561,466,71607,1310,,-0.254668154,0.506198616,0.857,0.349802074,0.68814433,,0.360208666,-1.023302537,-0.031341997,0.917378667
36047059100,Greenpoint,4176,2872,3567,1188,581,37863,705,,3877,3362,3181,1784,1913,98462,1846,,-0.039438339,0.617495564,1.813,1.60048068,1.618439716,,3.222927077,1.938860745,2.923422507,3.851638088
36047059200,Sheepshead Bay-Gerritsen Beach-Manhattan Beach,3986,2931,2663,823,987,42483,734,,4402,3356,2572,781,1225,78214,1142,,-0.125445147,-0.140712578,0.084,0.841065838,0.555858311,,-0.759806931,-1.455743357,-0.547170067,0.375436093
36047059300,Greenpoint,2489,1612,1715,545,179,32634,658,,2071,1656,1531,808,692,83438,1570,,0.072891647,0.781802879,2.763,1.556781271,1.386018237,,3.522283687,1.959930467,3.075635613,4.206758104
36047059401,Sheepshead Bay-Gerritsen Beach-Manhattan Beach,7875,5595,5471,1646,1407,43750,684,,8043,5619,5202,1609,2450,60871,1217,,-0.069029056,-0.042896935,0.734,0.391337143,0.779239766,,-0.12165732,-1.345990321,-0.421252698,0.537661281
36047059402,Sheepshead Bay-Gerritsen Beach-Manhattan Beach,4614,3574,3940,577,1275,52763,748,,5205,4269,3819,887,2032,86220,1177,,-0.140768297,0.362713828,0.334,0.634099653,0.573529412,,0.003794265,-1.330177153,-0.369735119,0.595917266
36047059600,Sheepshead Bay-Gerritsen Beach-Manhattan Beach,2228,1865,1948,406,637,52200,533,,2526,1994,2193,314,1001,73594,782,,-0.007040536,-0.317841249,0.470,0.409846743,0.467166979,,-1.243331063,-1.786278069,-0.812550644,0.144485193
36047059800,Sheepshead Bay-Gerritsen Beach-Manhattan Beach,3331,2418,2682,649,847,53661,801,,3560,2329,2382,702,997,78919,1332,,-0.168987382,0.012085144,0.222,0.470695664,0.662921348,,-0.595646088,-1.427503071,-0.461213929,0.500277069
36047060000,Sheepshead Bay-Gerritsen Beach-Manhattan Beach,6116,4542,4936,1169,1448,47839,755,,6367,4816,5188,1047,2384,69833,1324,,0.009618833,-0.139670534,0.553,0.459750413,0.753642384,,-0.33743929,-1.152455354,-0.291292024,0.580671227
36047060600,Sheepshead Bay-Gerritsen Beach-Manhattan Beach,2429,1923,1751,452,607,36583,701,,2610,2148,1706,600,1001,57438,1290,,-0.093266026,0.235377886,0.476,0.570073531,0.840228245,,0.322591991,-0.924438146,-0.033936165,0.884738889
36047060800,Sheepshead Bay-Gerritsen Beach-Manhattan Beach,3768,2527,2765,871,756,52188,790,,3156,2384,2358,743,1342,64000,1422,,0.018175317,0.018461364,0.882,0.226335556,0.8,,-0.066115625,-1.013023751,-0.132614332,0.716975702
36047061002,Brighton Beach,1465,1196,1414,229,512,41607,765,,4213,3210,4213,740,1971,117788,1244,,0.036067893,0.123679358,0.434,1.830965943,0.626143791,,0.86264086,-0.754825983,0.224535707,1.183071617
36047061003,Brighton Beach,2227,1693,1610,426,539,27264,666,,1940,1149,573,518,277,49107,1292,,-0.591448101,0.395849668,-0.243,0.801166373,0.93993994,,-0.314259644,-1.063506097,-0.055229186,0.933538176
36047061004,Brighton Beach,6292,4783,4548,1211,1523,27264,666,,6113,4960,5346,1121,2227,40672,991,,0.209881446,-0.047213077,0.410,0.491784038,0.487987988,,-0.59093741,-1.11824639,-0.249735938,0.630417171
36047061200,Sheepshead Bay-Gerritsen Beach-Manhattan Beach,1211,894,1200,169,445,90000,772,,879,689,879,182,286,134563,1348,,0.009166667,0.483679006,-0.166,0.495144444,0.74611399,,-0.271921034,-1.390772527,-0.257795556,0.84652092
36047061600,Sheepshead Bay-Gerritsen Beach-Manhattan Beach,905,698,834,115,324,78279,897,,1583,1251,1462,139,633,113182,1396,,0.002187511,-0.308989536,0.090,0.445879482,0.556298774,,-1.405729796,-1.964504054,-0.856315772,0.301974635
36047062000,Sheepshead Bay-Gerritsen Beach-Manhattan Beach,1703,1258,1643,218,724,81587,898,,1927,1378,1846,245,835,127292,1560,,-0.007050717,-0.006786706,0.053,0.560199542,0.737193764,,-0.528068334,-1.466517659,-0.407270366,0.677795781
36047062200,Sheepshead Bay-Gerritsen Beach-Manhattan Beach,3146,2461,2760,450,620,50036,781,,3070,2489,2366,601,1110,73110,1691,,-0.121531889,0.368618169,0.770,0.461147973,1.165172855,,0.963544247,-0.723357766,0.322411213,1.373361089
36047062600,Sheepshead Bay-Gerritsen Beach-Manhattan Beach,2638,1905,1829,456,456,44572,670,,2953,1926,1404,503,674,42500,983,,-0.314251689,-0.014595624,0.462,-0.046486584,0.467164179,,-1.502514094,-1.987234739,-0.962092692,0.06568133
36047062800,Sheepshead Bay-Gerritsen Beach-Manhattan Beach,5502,3739,5229,1031,516,70160,769,,4934,3617,4251,712,897,85061,1411,,-0.093445529,-0.229907721,0.797,0.212385975,0.834850455,,-0.557503528,-1.332730184,-0.34528504,0.669738305
36047063200,Sheepshead Bay-Gerritsen Beach-Manhattan Beach,1321,1090,1206,113,252,55170,598,,1646,1204,1325,275,466,93083,1325,,-0.118257941,0.953112399,0.674,0.68720319,1.215719064,,1.712306669,-0.457163455,0.609018862,1.685507404
36047063600,Georgetown-Marine Park-Bergen Beach-Mill Basin,1330,982,1144,245,322,84248,712,,1432,992,1035,243,494,103625,1375,,-0.159722087,-0.078810854,0.519,0.229999525,0.931179775,,-0.38736236,-1.472222886,-0.424489161,0.622644929
36047063800,Madison,1472,1092,1298,261,331,70357,753,,1644,1241,1050,213,464,94306,1389,,-0.275696467,-0.269289929,0.234,0.340392569,0.844621514,,-1.022242761,-1.523709617,-0.507536914,0.475560441
36047064000,Georgetown-Marine Park-Bergen Beach-Mill Basin,1523,1064,1304,192,348,69643,758,,1783,1178,1350,364,556,134000,1094,,-0.115689591,0.619379791,0.443,0.924098617,0.443271768,,0.424364062,-0.951612168,-0.054322929,0.858113089
36047064200,Madison,2648,1804,2303,535,662,48281,747,,2360,1575,1821,519,759,62292,1264,,-0.112799076,0.088477744,0.313,0.290196972,0.69210174,,-0.540948496,-1.22019453,-0.315253379,0.589071019
36047064400,Georgetown-Marine Park-Bergen Beach-Mill Basin,2344,1482,1951,470,331,56522,765,,2906,1745,2051,677,658,93984,1307,,-0.152049719,0.161857346,0.688,0.662786172,0.708496732,,0.281575559,-1.01291796,0.062628066,1.084663452
36047064600,Georgetown-Marine Park-Bergen Beach-Mill Basin,2098,1411,1709,411,393,62019,915,,2281,1287,1863,474,551,102404,1494,,0.002653769,0.060758983,0.537,0.651171415,0.632786885,,-0.017553244,-1.178771851,-0.165393657,0.846400105
36047064800,Georgetown-Marine Park-Bergen Beach-Mill Basin,1940,1220,1121,402,328,73409,783,,2110,1378,1249,411,430,74600,1495,,0.024415404,-0.059984438,0.161,0.016224169,0.909323116,,-0.940471589,-1.541461719,-0.599880203,0.345755503
36047065000,Flatlands,1379,945,612,317,208,59931,541,,1335,1037,383,209,361,83295,1475,,-0.353556828,-0.318964071,0.582,0.389848326,1.726432532,,0.141274834,-1.118486634,-0.265536016,0.629458242
36047065200,Georgetown-Marine Park-Bergen Beach-Mill Basin,1234,833,1078,223,154,76157,925,,1125,859,920,139,342,102083,1048,,-0.063879612,-0.316288989,1.154,0.340428326,0.132972973,,-1.500721881,-1.767841992,-0.886409133,-0.022560018
36047065400,Georgetown-Marine Park-Bergen Beach-Mill Basin,1596,1074,1425,200,298,82021,640,,1764,1216,1318,257,462,103792,1500,,-0.163174603,0.162619048,0.369,0.265432024,1.34375,,0.342959123,-1.181495896,-0.238917518,0.733234031
36047065600,Georgetown-Marine Park-Bergen Beach-Mill Basin,1838,1232,1643,261,277,63105,1264,,1833,1255,1306,333,482,95000,1211,,-0.20294433,0.279342326,0.708,0.505427462,-0.04193038,,-1.151482477,-1.619970753,-0.657327756,0.285218494
36047065800,Georgetown-Marine Park-Bergen Beach-Mill Basin,1837,1279,1621,395,350,71406,808,,1939,1468,1550,375,706,103370,1162,,-0.094100478,-0.100573831,0.757,0.447637453,0.438118812,,-0.660727956,-1.650225389,-0.556169544,0.5003832
36047066000,Georgetown-Marine Park-Bergen Beach-Mill Basin,1666,1159,1396,375,335,80317,750,,2202,1453,1746,327,613,112738,1472,,-0.05372688,-0.340257947,0.460,0.403662985,0.962666667,,-0.622580941,-1.652127208,-0.56562715,0.50034125
36047066200,Georgetown-Marine Park-Bergen Beach-Mill Basin,1363,1035,1173,230,238,52813,760,,1687,1179,1164,260,402,93000,1295,,-0.198255958,-0.086673024,0.483,0.760930074,0.703947368,,-0.172034002,-1.43009976,-0.446783156,0.545242514
36047067000,Georgetown-Marine Park-Bergen Beach-Mill Basin,2456,1848,1402,598,360,60137,855,,2899,2042,518,538,541,90921,1569,,-0.686987347,-0.237813524,0.360,0.511897833,0.835087719,,-1.017958803,-1.727995116,-0.803566582,0.116792167
36047067200,Flatlands,1332,781,446,264,194,53214,879,,1704,1101,174,305,261,67604,1329,,-0.695035685,-0.096911012,-0.046,0.270417559,0.511945392,,-1.969146062,-2.073570095,-1.112577335,-0.150729474
36047067400,Flatlands,1904,1160,726,418,229,57391,842,,2040,1435,318,400,406,70104,1614,,-0.591184573,-0.106858054,0.433,0.221515569,0.916864608,,-0.845332383,-1.703302345,-0.694216609,0.295403784
36047067600,Flatlands,1747,1119,443,341,264,58375,862,,2132,1545,205,626,547,83197,1792,,-0.620810905,0.504269531,0.501,0.425216274,1.078886311,,0.396683323,-1.161660225,-0.189133352,0.768659286
36047067800,Flatlands,2628,1734,802,507,318,57778,863,,2477,1908,353,524,601,87750,1573,,-0.533018483,0.096535464,0.718,0.518744159,0.822711472,,-0.030639691,-1.275342188,-0.324475334,0.650029138
36047068000,Flatlands,1770,1087,724,235,208,67650,729,,2112,1316,271,381,354,63529,1395,,-0.686303208,0.358740329,0.406,-0.060916482,0.913580247,,-0.792533328,-1.50740754,-0.586900601,0.372367261
36047068200,Flatlands,2248,1558,1296,415,301,61250,704,,3099,2159,530,796,678,96875,1382,,-0.703349149,0.391360602,0.625,0.581632653,0.963068182,,0.304912063,-1.265765721,-0.276045267,0.749045409
36047068600,Georgetown-Marine Park-Bergen Beach-Mill Basin,1487,1168,1275,275,246,56467,699,,1729,1304,765,334,365,73403,1323,,-0.483979179,0.044551238,0.329,0.299927391,0.892703863,,-0.537497763,-1.780621885,-0.641811776,0.524433756
36047068800,Flatlands,1620,1168,1059,321,214,62283,765,,1636,1236,556,264,319,102019,1178,,-0.480111098,-0.185613418,0.409,0.637991105,0.539869281,,-0.955219456,-1.703114621,-0.735101606,0.202232471
36047069000,Flatlands,1742,1108,809,334,216,62212,734,,1901,1272,267,340,505,87656,1631,,-0.697567281,-0.067178636,1.037,0.40898862,1.222070845,,0.115593578,-1.251775364,-0.348233592,0.564558733
36047069200,Flatlands,2382,1501,996,417,353,54263,905,,2882,1804,267,645,588,103938,1622,,-0.778435742,0.278413771,0.386,0.915448833,0.792265193,,-0.051282742,-1.302087426,-0.320920241,0.690131698
36047069601,Georgetown-Marine Park-Bergen Beach-Mill Basin,2879,2038,2485,571,544,60299,900,,3960,2588,1650,735,911,78393,1478,,-0.517270288,-0.064168391,0.319,0.300071311,0.642222222,,-1.082541918,-1.720725586,-0.801296762,0.108879728
36047069602,Georgetown-Marine Park-Bergen Beach-Mill Basin,4914,3478,4241,985,929,60299,900,,6318,4556,3476,1063,1672,91042,1359,,-0.362519322,-0.160631698,0.374,0.509842618,0.51,,-1.03319769,-1.690634384,-0.785370795,0.136250106
36047069800,Georgetown-Marine Park-Bergen Beach-Mill Basin,1226,848,1086,235,225,79433,983,,1419,1041,1115,257,382,109750,1520,,-0.112939753,-0.055127225,0.383,0.381667569,0.546286877,,-0.793478496,-1.671933369,-0.754810031,0.176393323
36047070000,Georgetown-Marine Park-Bergen Beach-Mill Basin,1748,1247,1716,297,268,66894,839,,1757,1206,1624,341,421,84167,1480,,-0.058460796,0.142266911,0.624,0.258214489,0.764004768,,-0.120428385,-1.500520934,-0.281649618,0.928705832
36047070201,Georgetown-Marine Park-Bergen Beach-Mill Basin,6502,4641,6197,1017,1860,81322,990,,6265,4295,5400,743,1718,105139,1408,,-0.095646646,-0.241782593,-0.002,0.292872777,0.422222222,,-1.822729172,-2.408953735,-1.293115719,-0.1482227
36047070600,Georgetown-Marine Park-Bergen Beach-Mill Basin,3010,2091,2895,624,602,76947,756,,2588,1875,2352,328,705,106800,2142,,-0.055088852,-0.388647802,0.306,0.387968342,1.833333333,,0.002199534,-1.470317328,-0.324971482,0.820717146
36047072000,Flatlands,1548,970,451,321,149,43750,941,,2182,1351,180,374,466,66719,1619,,-0.716852864,-0.173424022,1.246,0.525005714,0.720510096,,-0.462727649,-1.477673682,-0.59443522,0.278920917
36047072200,Flatlands,2948,1943,231,541,434,55234,774,,2928,2061,88,615,571,70536,1318,,-0.616445485,0.14454865,0.240,0.277039505,0.702842377,,-0.900943921,-1.777024645,-0.907257611,-0.026850672
36047072400,Flatlands,2037,1348,63,494,265,49441,847,,2025,1425,35,444,369,87716,1429,,-0.441152263,-0.095888439,0.317,0.774155053,0.687131051,,-0.501718346,-1.787566403,-0.771253675,0.244383918
36047072600,Flatlands,2495,1602,189,550,393,65791,920,,2159,1578,61,457,505,86607,1274,,-0.627019662,-0.039778517,0.305,0.31639586,0.384782609,,-1.562270108,-1.773634254,-0.933978769,-0.098681906
36047072800,Flatlands,3777,2532,510,688,718,50417,870,,4107,2796,174,896,987,74338,1237,,-0.686237271,0.197682912,0.245,0.474462979,0.42183908,,-1.119837765,-1.803780754,-0.842923127,0.102883418
36047073000,Flatlands,2290,1478,367,428,408,69250,695,,2510,1799,116,539,592,95000,1619,,-0.711627604,0.148964888,0.192,0.371841155,1.329496403,,-0.188474952,-1.305034373,-0.425337775,0.458054808
36047073200,Flatlands,2394,1504,191,447,365,64677,799,,2633,1798,39,662,480,80724,1186,,-0.814345908,0.346553935,0.100,0.248109838,0.484355444,,-1.486672162,-1.992104332,-0.966200585,0.042238996
36047073400,Flatlands,2069,1187,84,463,243,59464,825,,2217,1619,71,463,717,91500,1610,,-0.211187362,-0.066756879,1.163,0.538746132,0.951515152,,0.431228896,-1.171492398,-0.196927044,0.798344324
36047073600,Flatlands,3440,2193,545,764,338,48191,734,,3638,2407,324,646,722,81855,1122,,-0.437860302,-0.200469736,0.946,0.698553672,0.528610354,,-0.507181769,-1.409673309,-0.455658643,0.525992108
36047073800,Flatlands,3306,2002,1138,716,437,50094,720,,3509,2292,995,975,770,63567,1179,,-0.176240759,0.282953968,0.539,0.268954366,0.6375,,-0.240506142,-1.244392976,-0.270238316,0.742980958
36047074000,Flatlands,3623,2092,312,801,406,42844,728,,4152,2433,259,1090,669,60500,1159,,-0.275637166,0.187421672,0.417,0.412099711,0.592032967,,-0.408197581,-1.315503852,-0.387918389,0.554201396
36047074200,Flatlands,3336,1930,871,728,393,52352,752,,3491,2073,1430,669,624,81111,1204,,0.568895711,-0.121845499,0.478,0.549339089,0.60106383,,-0.300149813,-1.360682404,-0.399523928,0.567920816
36047074400,Flatlands,2364,1304,2069,459,379,75451,694,,2748,1361,2339,483,717,106176,1219,,-0.02747567,-0.094756971,0.813,0.40721793,0.75648415,,-0.142632018,-1.237900434,-0.245215315,0.762137703
36047074600,Flatlands,2052,1298,1281,392,431,57917,640,,2363,1366,1799,433,522,86286,1500,,0.21953893,-0.040786099,0.151,0.489821641,1.34375,,0.27289965,-0.973708389,-0.126089154,0.715878695
36047074800,Midwood,2024,1115,1416,384,403,65217,765,,1863,1068,1370,328,501,85139,1462,,0.051126456,-0.072016461,0.298,0.3054725,0.911111111,,-0.402359741,-1.330347832,-0.367851641,0.584335225
36047075000,Midwood,3148,1683,2619,595,707,55083,773,,2827,1670,2277,601,598,60339,1289,,-0.031863827,0.124776985,-0.148,0.095419639,0.667529107,,-1.288416279,-1.60453135,-0.63865305,0.332763616
36047075200,Midwood,1284,609,1284,178,305,76923,1060,,926,567,899,146,379,148000,1875,,-0.029157667,0.137331036,0.335,0.924001924,0.768867925,,0.339345773,-0.982234549,0.02026817,1.033293069
36047075400,Midwood,1576,882,1570,281,473,97324,1070,,1569,944,1562,234,475,121917,3097,,-0.000656834,-0.163544566,-0.062,0.252692039,1.894392523,,-0.035308841,-1.166025855,-0.209978266,0.757392119
36047075600,Midwood,1917,1187,1687,414,532,70714,720,,2123,1279,1718,371,716,118625,1093,,-0.080439737,-0.190818981,0.249,0.67753203,0.518055556,,-0.862092666,-1.447647921,-0.483261702,0.464735489
36047075800,Midwood,1934,1145,1774,247,548,64600,683,,1765,1182,1590,370,635,114286,1087,,-0.017901,0.641407943,0.122,0.769133127,0.591508053,,0.280288802,-1.052287134,-0.128968107,0.802872578
36047076000,Midwood,2993,1935,2634,468,711,41848,708,,2956,1695,2429,452,751,56094,1131,,-0.066285655,-0.022099048,0.206,0.340422481,0.597457627,,-0.860126812,-1.307450884,-0.390726497,0.528059428
36047076200,Midwood,4671,2883,2792,939,921,33615,673,,4721,3077,2249,1201,1206,62969,1243,,-0.203015439,0.265474161,0.227,0.873241113,0.846953938,,0.368736595,-0.833426015,0.085164866,0.981201628
36047076400,Flatbush,4150,2533,1023,834,558,30917,692,,3824,2576,1161,857,850,65549,1230,,0.231648548,0.115180032,0.498,1.12016043,0.777456647,,0.72621708,-0.525721316,0.342278465,1.191991624
36047076600,Flatbush,2339,1353,171,492,259,38380,742,,2393,1464,175,478,442,60750,1388,,0.000298141,-0.050378985,0.577,0.582855654,0.870619946,,0.111609433,-0.923325035,0.170877384,1.28849414
36047076800,Midwood,3545,2159,2684,740,632,40594,735,,3298,1981,2494,769,838,63347,1295,,-0.001197718,0.117018095,0.445,0.560501552,0.761904762,,0.073807162,-1.001930874,-0.168473644,0.646961436
36047077000,Flatbush,3071,1961,289,687,406,44236,673,,3283,1855,283,879,803,56967,1406,,-0.08399567,0.196853714,1.091,0.287797269,1.089153046,,0.698143916,-0.506744227,0.322618668,1.141365655
36047077200,Flatbush,3317,1915,990,641,609,55789,671,,3203,2040,1147,827,922,65507,1286,,0.199821821,0.336090921,0.421,0.174192045,0.916542474,,0.141038256,-0.871777147,0.036316947,0.945213982
36047077400,Flatbush,3121,2008,844,688,699,36897,737,,3352,2173,470,770,754,59948,1291,,-0.481504287,0.042058368,-0.003,0.624739139,0.751696065,,-0.720519516,-1.430538941,-0.484792661,0.475264905
36047077600,Flatlands,4104,2763,427,864,751,50065,769,,3767,2819,129,758,1029,68380,1256,,-0.670865379,-0.044199628,0.343,0.365824428,0.633289987,,-1.126432617,-1.546312338,-0.672075383,0.199839986
36047078000,East Flatbush-Farragut,2647,1664,153,587,428,60949,870,,2513,1858,77,639,682,90709,1402,,-0.469896408,0.146632401,0.427,0.488277084,0.611494253,,-0.471319828,-1.487914848,-0.507887849,0.483472317
36047078200,East Flatbush-Farragut,4237,2574,74,923,418,31866,637,,5120,3389,17,1040,732,62455,1139,,-0.809889675,-0.06756162,0.330,0.95992594,0.788069074,,-0.60075242,-1.223447211,-0.342094773,0.521309531
36047078400,East Flatbush-Farragut,2740,1785,122,549,327,56324,752,,2661,1912,98,552,631,81458,1428,,-0.172873504,0.035314798,0.801,0.446239614,0.89893617,,0.211139953,-1.140503463,-0.153374187,0.842655639
36047078600,Flatbush,4466,2902,264,1089,610,34375,714,,4994,3325,349,886,778,47205,1197,,0.182201976,-0.272427924,0.113,0.373236364,0.676470588,,-1.135168844,-1.512757449,-0.581935199,0.353025098
36047078800,Flatbush,3775,2077,75,894,165,26985,630,,3114,2012,21,515,346,40833,1105,,-0.660565189,-0.301658168,1.165,0.513173986,0.753968254,,-0.644763388,-0.981983399,-0.071287312,0.836420226
36047079000,Erasmus,5908,3513,13,1317,447,35464,669,,5154,3304,85,868,565,45000,1234,,6.495000149,-0.244507734,0.344,0.268892398,0.844544096,,0.065924697,-0.424497973,0.463032655,1.355497584
36047079200,Erasmus,3843,2362,90,923,252,28243,692,,3965,2615,304,916,353,34132,1106,,2.273846154,-0.038119843,0.265,0.208511844,0.598265896,,-0.443356014,-0.495424967,0.386836153,1.254765743
36047079400,Erasmus,1904,1048,34,470,59,32500,708,,1904,1208,10,385,157,43229,1231,,-0.705882353,-0.180851064,1.309,0.330123077,0.738700565,,-0.621714294,-0.290940489,0.560791431,1.418815334
36047079601,Prospect Lefferts Gardens-Wingate,4671,2849,75,1128,225,30655,684,,4622,3451,956,1571,1170,71292,1250,,11.88180009,0.407495489,3.293,1.325623879,0.82748538,,3.623531848,1.547636773,2.501964996,3.493720731
36047079602,Prospect Lefferts Gardens-Wingate,5713,3484,92,1388,276,30655,684,,4870,3256,381,1227,814,46778,1197,,3.858166682,0.037027706,2.156,0.52595009,0.75,,1.571812375,0.675410005,1.622261194,2.563617441
36047079801,Prospect Lefferts Gardens-Wingate,4994,3121,172,1139,519,31250,685,,3188,2398,801,949,1194,79464,1271,,6.295151148,0.305186922,1.994,1.542848,0.855474453,,2.996703189,1.254539397,2.265269793,3.278908084
36047079802,Prospect Lefferts Gardens-Wingate,4097,2561,142,941,427,31250,685,,5811,4384,990,1810,1473,63324,1288,,3.915434787,0.356138483,1.015,1.026368,0.880291971,,2.051845343,1.12345267,2.122614118,3.151132321
36047080000,Prospect Lefferts Gardens-Wingate,3927,2536,240,862,510,48606,667,,3690,2523,828,695,946,80156,1315,,2.671585366,-0.141951031,0.864,0.649096819,0.971514243,,0.932196744,0.184268636,1.189641398,2.18441927
36047080200,Prospect Lefferts Gardens-Wingate,4817,3061,97,1139,502,36065,696,,5106,3496,400,1398,986,48333,1208,,2.890308955,0.157921941,0.720,0.340163594,0.735632184,,0.653598983,0.168836615,1.117861331,2.062836539
36047080400,Prospect Lefferts Gardens-Wingate,3409,2157,68,882,249,36163,704,,3173,2309,245,948,374,38750,1219,,2.870919152,0.15477316,0.403,0.071537207,0.731534091,,0.027474546,-0.338185296,0.51533959,1.391379886
36047080600,Prospect Lefferts Gardens-Wingate,2741,1633,45,520,181,36667,654,,4125,2160,1835,1000,609,41875,1372,,26.09621549,0.277855478,1.544,0.142035072,1.097859327,,2.338444574,0.364076315,1.369996173,2.381305793
36047081000,Prospect Lefferts Gardens-Wingate,2380,1559,34,604,205,44076,638,,2235,1411,377,550,381,48542,1257,,10.80760626,-0.030327274,1.053,0.101324984,0.970219436,,1.088932553,-0.268808363,0.847396537,1.978791398
36047081400,East Flatbush-Farragut,3144,1900,65,693,347,46250,751,,2912,2075,29,625,415,65125,1310,,-0.51830093,-0.026271348,0.095,0.408108108,0.744340879,,-0.978625856,-1.957825224,-0.833333638,0.288609521
36047081600,East Flatbush-Farragut,3011,1889,37,603,364,45268,660,,2627,1719,45,457,380,41080,1277,,0.393995823,-0.131340506,0.147,-0.092515684,0.934848485,,-1.087567102,-1.568017064,-0.555016179,0.472373017
36047081800,Erasmus,5253,3183,225,1583,592,33929,702,,4549,2983,276,1334,898,49621,1200,,0.416504726,-0.026880044,0.619,0.462495211,0.709401709,,-0.015767186,-0.923194289,0.086987728,1.105376865
36047082000,Prospect Lefferts Gardens-Wingate,5392,3280,48,1131,347,32139,709,,4899,3042,200,1158,435,46341,1211,,3.585969926,0.126907835,0.352,0.441893027,0.708039492,,0.467313818,-0.372588222,0.596439899,1.579636746
36047082200,Prospect Lefferts Gardens-Wingate,7463,4661,123,1561,337,31038,655,,7479,5108,417,1789,1226,53170,1205,,2.382991074,0.143608424,2.320,0.713061409,0.839694656,,1.929529621,0.472166444,1.438423073,2.401858459
36047082400,Erasmus,4448,2691,81,1079,386,35250,680,,4361,2832,110,1093,558,46875,1300,,0.385116677,0.033183375,0.374,0.329787234,0.911764706,,-0.022752369,-0.605471296,0.316764563,1.234492087
36047082600,Erasmus,6051,3855,53,1392,564,38415,662,,5081,3655,321,1295,804,58601,1157,,6.212853658,0.107920227,0.504,0.525471821,0.747734139,,0.91991225,-0.34510385,0.542299961,1.418134261
36047082800,Erasmus,3985,2487,71,863,257,27240,723,,4135,2611,124,944,692,61311,1173,,0.683124138,0.05417815,1.565,1.250770925,0.622406639,,1.321662643,-0.126989185,0.847809831,1.858907641
36047083000,East Flatbush-Farragut,6563,3756,1,1521,438,30222,644,,6395,4233,98,1550,1215,56076,1238,,99.57451134,0.045837812,1.461,0.855469526,0.922360248,,3.153001558,0.189836531,1.189763838,2.187497856
36047083200,East Flatbush-Farragut,2493,1615,91,552,324,55458,744,,2412,1738,63,468,464,67446,1369,,-0.284443169,-0.123702141,0.331,0.216163583,0.840053763,,-0.829935719,-1.548934531,-0.500042528,0.569161612
36047083400,East Flatbush-Farragut,2088,1352,62,429,167,67596,754,,1524,1085,63,273,293,70000,1181,,0.392176784,-0.128131711,1.186,0.035564235,0.566312997,,-0.584174916,-1.566582274,-0.619930773,0.312561787
36047083600,East Flatbush-Farragut,2300,1419,14,587,289,46023,702,,2109,1427,23,407,324,75573,1348,,0.791641265,-0.243850683,0.115,0.642070269,0.92022792,,-0.275336843,-1.439620757,-0.533207022,0.375444492
36047083800,East Flatbush-Farragut,2550,1631,56,579,359,58184,733,,2339,1710,103,369,448,69063,1277,,1.005206743,-0.305203278,0.190,0.186975801,0.742155525,,-1.032252281,-1.821791226,-0.830973421,0.139949151
36047084000,East Flatbush-Farragut,2448,1644,123,552,344,52313,730,,2472,1727,112,566,304,76528,1178,,-0.098271371,0.015407345,-0.159,0.462886854,0.61369863,,-1.097529163,-1.823738613,-0.867947894,0.104047057
36047084600,Rugby-Remsen Village,2151,1429,72,500,262,50833,824,,1770,1296,70,311,302,65583,1254,,0.181497175,-0.244111864,0.271,0.290165837,0.52184466,,-1.25152448,-1.931342797,-0.970993958,-0.016119745
36047084800,Rugby-Remsen Village,1806,1266,5,304,270,53125,663,,1491,1079,2,324,301,67596,1215,,-0.515492958,0.290956264,0.308,0.272395294,0.832579186,,-0.384529531,-1.486163077,-0.590078865,0.336102953
36047085000,East Flatbush-Farragut,1434,895,25,372,209,58889,856,,1576,1106,13,335,260,73250,1644,,-0.526852792,-0.180602178,0.007,0.243865578,0.920560748,,-1.311776724,-1.778993442,-0.894501444,-0.022647261
36047085400,East Flatbush-Farragut,2273,1412,113,406,280,58750,664,,2042,1314,9,377,289,55250,1213,,-0.911344075,0.033615503,0.109,-0.059574468,0.826807229,,-2.122487107,-1.791475194,-0.854576686,0.050970804
36047085600,East Flatbush-Farragut,3835,2451,51,967,326,37333,661,,3174,2414,39,699,536,63427,1194,,-0.076040624,-0.126608125,0.669,0.698952669,0.806354009,,0.054039553,-1.05186015,-0.071036786,0.908001761
36047085800,East Flatbush-Farragut,2334,1505,8,445,227,47414,660,,2552,1670,12,557,314,59896,1261,,0.371865204,0.144762425,0.247,0.263255579,0.910606061,,-0.080150776,-1.437921076,-0.430462051,0.576137312
36047086000,East Flatbush-Farragut,3774,2396,57,881,333,45405,717,,3710,2527,1,721,422,69441,1170,,-0.982153497,-0.167494057,0.202,0.529369012,0.631799163,,-2.385393377,-2.056523407,-1.128422348,-0.207469285
36047086200,Rugby-Remsen Village,3422,2090,18,653,237,31151,710,,2900,1824,127,670,436,56399,1146,,7.325555556,0.210719755,1.108,0.810503676,0.614084507,,1.617539378,-0.71356716,0.212190058,1.131220456
36047086400,Rugby-Remsen Village,2107,1356,19,508,158,40357,834,,2239,1444,12,423,283,63024,1168,,-0.40565572,-0.216413226,0.682,0.561662165,0.400479616,,-1.042259669,-1.385871033,-0.476846215,0.432721334
36047086600,Rugby-Remsen Village,3215,2040,31,705,330,50491,708,,2993,2072,17,559,601,67000,1197,,-0.410937348,-0.148279792,0.793,0.326969163,0.690677966,,-0.651308233,-1.202328462,-0.297314855,0.618129807
36047086800,Rugby-Remsen Village,3438,2149,31,755,249,37216,723,,3416,2360,211,757,413,64414,1268,,5.850287074,0.009106348,0.510,0.730814703,0.753803596,,0.978353701,-0.88067925,0.134585322,1.154893637
36047087000,East Flatbush-Farragut,3110,1961,51,689,249,33600,685,,3285,2280,35,613,456,53500,1244,,-0.350285015,-0.157701034,0.575,0.592261905,0.816058394,,-0.31645272,-1.604994972,-0.474731494,0.679961688
36047087200,East Flatbush-Farragut,3733,2600,53,934,499,49511,735,,2856,1923,34,644,427,46019,1365,,-0.161500449,-0.098763488,0.157,-0.070529781,0.857142857,,-1.305200087,-2.064800486,-1.007233018,0.046385215
36047087401,Prospect Lefferts Gardens-Wingate,3220,2037,181,549,264,39750,644,,3291,2134,295,519,399,31588,1037,,0.594672227,-0.075039892,0.443,-0.205333333,0.610248447,,-1.313252,-1.217547076,-0.234406057,0.784098595
36047087600,Prospect Lefferts Gardens-Wingate,1802,1072,344,359,276,32656,756,,1513,1100,166,344,276,60368,944,,-0.425267834,0.141247535,-0.025,0.848603626,0.248677249,,-1.181180729,-1.506935919,-0.474325381,0.537992402
36047087800,Prospect Lefferts Gardens-Wingate,3198,2196,246,586,255,35109,643,,2658,2000,21,555,200,42381,1190,,-0.897291196,0.139511861,-0.139,0.207126378,0.850699844,,-1.796419995,-1.982455609,-0.920240382,0.177736049
36047088000,Prospect Lefferts Gardens-Wingate,2688,1779,14,510,270,50703,581,,2876,1932,78,665,485,60474,1101,,4.207232267,0.218686084,0.654,0.192710491,0.895008606,,0.833372555,-0.720821428,0.271086191,1.26361842
36047088200,Rugby-Remsen Village,6700,3979,28,1449,592,33040,698,,6750,4587,66,1542,1266,53706,1244,,1.33968254,0.056299364,0.855,0.625484262,0.782234957,,0.766383939,-0.547777367,0.379514299,1.29893451
36047088400,Rugby-Remsen Village,5158,3080,5,1277,257,26931,749,,5305,3294,106,1009,448,43816,1262,,19.61255419,-0.231761234,0.630,0.626972634,0.684913218,,0.957077744,-0.509743238,0.552727282,1.592050689
36047088600,Rugby-Remsen Village,4650,2711,22,1128,268,32055,689,,4473,3157,30,1102,423,48836,1185,,0.417596488,0.015609021,0.355,0.523506473,0.71988389,,-0.090850262,-0.946365368,-0.001043143,0.969001306
36047088800,Rugby-Remsen Village,4124,2532,9,881,270,31951,690,,4125,2761,79,796,602,53393,1208,,7.775649832,-0.096700306,1.045,0.671090107,0.750724638,,1.237727379,-0.781784785,0.159269663,1.057584409
36047089000,Rugby-Remsen Village,6566,3978,163,1414,321,24135,643,,6370,4455,76,1269,548,34219,1177,,-0.519395941,-0.074931999,0.524,0.417816449,0.830482115,,-0.518125683,-0.941536667,-0.058237639,0.816498401
36047089200,Brownsville,3930,2316,23,925,225,24556,686,,3756,2460,40,807,155,32391,1136,,0.81969718,-0.087151369,-0.351,0.319066623,0.655976676,,-1.373028429,-1.207640094,-0.255281247,0.673389595
36047089400,Brownsville,3746,2031,30,990,168,35405,719,,3794,2317,206,1196,431,52566,1303,,5.779792655,0.192796707,1.249,0.48470555,0.812239221,,1.544663985,-0.192272956,0.762412403,1.717169681
36047089600,Brownsville,3654,2052,37,803,240,31571,674,,3471,2357,55,906,370,45921,1153,,0.564857857,0.187754219,0.342,0.454531057,0.710682493,,0.083243221,-0.749330885,0.256365533,1.253307542
36047089800,Brownsville,1530,880,10,431,74,46595,726,,1676,1131,30,376,242,48050,1321,,1.738663484,-0.203605978,1.545,0.031226526,0.819559229,,0.123817356,-0.578202824,0.382847905,1.341731864
36047090000,Brownsville,5520,2817,19,1270,97,20167,384,,5283,2881,45,1005,412,27279,849,,1.474670492,-0.173161276,3.153,0.352655328,1.2109375,,1.655939377,-0.024036649,0.883798307,1.78902417
36047090200,Brownsville,4884,2363,27,960,234,21005,355,,3339,2151,37,606,200,50147,527,,1.004459086,-0.076662174,-0.061,1.387383956,0.484507042,,-0.160685095,-0.505307204,0.436423258,1.389038572
36047090600,Brownsville,3984,1853,21,823,60,12570,256,,4017,2356,100,1034,212,23007,446,,3.722785305,0.246057839,1.779,0.830310263,0.7421875,,1.957163281,0.452056863,1.420294928,2.405662666
36047090800,Brownsville,3689,2112,24,696,78,13495,274,,6254,3963,108,1655,214,17875,422,,1.654381196,0.402618416,0.462,0.324564654,0.540145985,,0.259537871,-0.283944846,0.677420958,1.60354413
36047091000,Brownsville,5642,2999,3,1084,36,12019,195,,5201,3333,18,1036,90,16354,394,,5.508748318,0.036756343,1.249,0.360678925,1.020512821,,1.442905253,0.143033843,1.087373183,2.0648341
36047091200,Brownsville,7340,3327,69,1506,35,11577,247,,6920,3597,38,1751,241,24815,522,,-0.415849879,0.233250044,5.369,1.14347413,1.113360324,,2.786020196,0.640433815,1.583089271,2.564579524
36047091600,Brownsville,4073,2105,29,870,190,22618,626,,4202,2744,24,1151,236,36795,925,,-0.197820414,0.282373199,-0.047,0.626801662,0.477635783,,-0.691496423,-0.66424494,0.235288988,1.095888577
36047091800,Brownsville,2882,1604,7,532,165,25132,310,,2759,1783,20,585,321,31379,713,,1.9845182,0.148646807,0.750,0.248567563,1.3,,1.116673638,-0.008683029,0.953635164,1.913453475
36047092000,Brownsville,3048,1590,3,570,185,35357,332,,3229,2162,8,765,374,44034,1088,,1.517187984,0.266874216,0.487,0.245411093,2.277108434,,1.84239943,0.05560815,1.063735441,2.081203004
36047092200,Brownsville,2709,1877,1,537,272,38875,573,,2909,1964,45,643,326,52031,1099,,40.90615332,0.115069588,0.145,0.338418006,0.917975567,,1.37991475,-0.304676039,0.636725604,1.592186252
36047092400,Brownsville,2507,1221,6.5,477,68,34435,675,,3314,2123,4,793,344,44461,1023,,-0.534469152,0.257640858,1.909,0.291157253,0.515555556,,0.11294602,-0.224258212,0.654342001,1.587048823
36047092800,Rugby-Remsen Village,2850,1834,63,695,394,47083,755,,2987,1939,51,486,572,62527,1307,,-0.227605337,-0.33279222,0.373,0.328016482,0.731125828,,-1.164586185,-1.502909278,-0.503953429,0.502021404
36047093000,Rugby-Remsen Village,2793,1866,39,583,330,39479,819,,2749,1996,3,646,503,62031,1217,,-0.921845706,0.125797187,0.425,0.571240406,0.485958486,,-1.406093683,-1.995985183,-0.870240761,0.25782295
36047093200,East Flatbush-Farragut,1496,953,55,289,163,57828,708,,1256,955,18,276,296,101280,1146,,-0.610191083,0.137504683,0.812,0.751400706,0.618644068,,-0.044640013,-1.456791151,-0.551548673,0.379053906
36047093400,Rugby-Remsen Village,2335,1586,71,430,215,36629,760,,2393,1794,52,536,522,66875,1074,,-0.285356939,0.216299478,1.146,0.825739168,0.413157895,,0.263758818,-1.249173634,-0.231591806,0.76270796
36047093600,Rugby-Remsen Village,1843,1242,17,415,242,51932,718,,1863,1285,1,335,356,78750,1275,,-0.941807963,-0.201436988,0.422,0.516406069,0.775766017,,-1.653261079,-1.940438601,-0.914661214,0.073806794
36047093800,Rugby-Remsen Village,2716,1706,8,518,279,39189,754,,2315,1599,36,624,299,42754,1209,,4.279481641,0.413297531,0.143,0.090969405,0.603448276,,0.051822522,-1.226566273,-0.285474305,0.661363353
36047094401,Flatlands,3250,2019,51,743,423,51947,836,,3896,2911,50,962,559,88603,1348,,-0.182167734,0.080066935,-0.083,0.705642289,0.612440191,,-0.69595843,-1.784656962,-0.858845008,0.088229683
36047094402,Flatlands,2821,1722,456,475,140,19737,336,,2897,1663,45,699,133,19129,430,,-0.903904675,0.432973493,-0.016,-0.030805087,0.279761905,,-2.570612602,-2.74233923,-1.682355516,-0.618986719
36047094600,Rugby-Remsen Village,2061,1408,42,538,352,54948,772,,1812,1276,47,393,282,61210,1196,,0.27282403,-0.169135749,-0.116,0.113962292,0.549222798,,-1.722503008,-1.858161499,-0.94110202,-0.007958674
36047095000,Canarsie,3182,1886,216,727,385,51086,821,,3252,2373,143,790,591,81023,1415,,-0.352213453,0.06326696,0.220,0.586011823,0.723507917,,-0.423581499,-1.644290171,-0.769678902,0.105972279
36047095400,Canarsie,4742,2943,399,1116,474,42560,891,,4557,3047,31,909,777,75132,1457,,-0.919151621,-0.152417054,0.583,0.765319549,0.635241302,,-1.259780554,-2.229085377,-1.092497402,0.016736428
36047095600,Canarsie,3966,2340,687,819,504,52000,927,,4709,3071,210,1274,906,65676,1705,,-0.742553746,0.310115382,0.370,0.263,0.839266451,,-0.579172804,-1.69124868,-0.811018775,0.071733806
36047095800,Canarsie,3343,2159,643,626,503,55929,868,,3820,2799,140,820,613,68625,1423,,-0.809458282,0.146337588,-0.060,0.227002092,0.639400922,,-1.694230884,-2.156533787,-1.152360786,-0.15991822
36047096200,Canarsie,1687,964,317,324,95,41653,932,,2055,1303,75,545,331,77159,1571,,-0.805774943,0.380876213,1.578,0.852423595,0.685622318,,0.573106282,-1.060900196,0.011975932,1.086933993
36047096400,Canarsie,2146,1326,496,393,205,51389,928,,1875,1284,67,407,289,64263,1366,,-0.845395699,0.185305513,0.456,0.250520539,0.471982759,,-1.42200662,-1.802430559,-0.850737815,0.104850327
36047096600,Canarsie,2114,1327,476,387,239,51779,901,,2445,1573,117,734,335,60000,1376,,-0.787477445,0.639876772,0.182,0.15877093,0.527192009,,-1.100405686,-1.708349109,-0.870546481,-0.037865721
36047096800,Canarsie,1380,753,237,329,66,46518,1031,,1513,935,184,309,319,82375,1436,,-0.291875476,-0.14335134,2.893,0.770819898,0.392822502,,0.396737165,-1.061547848,-0.141450411,0.782419445
36047097000,Canarsie,2035,1273,341,460,142,38424,776,,2526,1650,205,621,325,85846,1377,,-0.515682068,0.087589074,0.766,1.234176556,0.774484536,,0.569077077,-0.945266822,0.065966472,1.08100115
36047097400,Canarsie,2671,2026,610,469,337,53203,638,,2967,2071,210,476,323,59769,1439,,-0.690082713,-0.086327714,-0.062,0.123414093,1.255485893,,-1.194466727,-1.636932147,-0.715739788,0.187429676
36047098200,Canarsie,4685,2373,57,1022,99,17009,289,,4241,2400,25,764,228,27966,531,,-0.515485838,-0.174183063,1.277,0.644188371,0.837370242,,0.06490889,-1.330501408,-0.400105673,0.502910961
36047098400,Canarsie,2158,1335,66,431,196,56090,871,,2143,1406,68,308,433,69844,1607,,0.037514671,-0.280380844,1.098,0.24521305,0.845005741,,-0.350050094,-1.714885241,-0.712356708,0.283919806
36047098600,Canarsie,3072,1954,103,664,493,53646,882,,3107,2267,42,767,603,68646,1370,,-0.596826458,0.142108182,0.054,0.279610782,0.553287982,,-1.303349996,-1.948324353,-1.048225465,-0.143332542
36047098800,Canarsie,3038,2118,497,683,371,47981,788,,3283,2155,295,586,513,75720,1317,,-0.450734256,-0.206048819,0.359,0.578124674,0.671319797,,-0.874868705,-1.746694669,-0.81990403,0.093149306
36047099000,Canarsie,1551,902,325,313,100,46250,910,,1774,1084,84,371,321,97734,1498,,-0.774028272,0.036305384,1.671,1.113167568,0.646153846,,0.413038675,-1.383956037,-0.422579688,0.519291104
36047099200,Canarsie,1727,1031,263,340,208,69464,891,,2072,1422,106,371,317,77708,1588,,-0.664066973,-0.090510731,0.105,0.11868018,0.782267116,,-1.543357414,-2.062803826,-1.094102276,-0.129649088
36047099400,Canarsie,2030,1300,468,540,310,52857,914,,1838,1267,192,336,403,77083,1606,,-0.546887643,-0.312779591,0.334,0.458330968,0.757111597,,-1.199713955,-1.917120096,-1.005245533,-0.097789983
36047099600,Canarsie,3875,2290,642,799,487,48125,891,,4225,2940,186,1123,691,81207,1429,,-0.734280816,0.289074361,0.105,0.687418182,0.603815937,,-0.717614173,-1.794684263,-0.801608939,0.199149137
36047099800,Canarsie,3590,2202,749,741,627,58103,895,,3361,2371,177,866,709,80432,1504,,-0.747583707,0.248319113,0.050,0.384300294,0.680446927,,-1.057841197,-1.668005496,-0.814933563,0.018582479
36047100400,Canarsie,2883,1740,396,587,323,55972,850,,2887,1820,89,652,446,71193,1550,,-0.775563918,0.109193595,0.320,0.271939541,0.823529412,,-0.938216251,-1.915712878,-0.909478936,0.112993146
36047100600,Canarsie,2477,1581,688,461,393,55652,865,,2686,1900,76,663,591,89940,1640,,-0.898130271,0.326272001,0.251,0.616114425,0.895953757,,-0.58249107,-1.783025425,-0.828790741,0.119150689
36047100800,Canarsie,2105,1267,509,421,276,65428,910,,2232,1394,177,518,421,69792,1317,,-0.672045651,0.160394265,0.386,0.066699272,0.447252747,,-1.496093553,-1.952154708,-1.041300406,-0.130434175
36047101000,Canarsie,2137,1322,657,430,192,45625,919,,2277,1379,114,460,444,64750,1605,,-0.837152546,0.003993423,1.217,0.419178082,0.746463547,,-0.504603597,-1.682454877,-0.72904779,0.235032904
36047101200,Canarsie,2027,1392,485,412,339,61161,773,,2261,1581,96,496,389,62500,1326,,-0.822547272,0.079288742,0.010,0.021893036,0.715394567,,-1.910077106,-2.177729825,-1.250109719,-0.348315201
36047101400,Canarsie,2178,1283,206,453,313,54271,742,,2186,1602,89,428,479,64625,1257,,-0.569542277,-0.058645323,0.226,0.190783291,0.694070081,,-1.28049346,-1.986967106,-1.116059479,-0.226787889
36047101600,Canarsie,1535,915,221,289,326,77142,896,,1710,1224,92,406,350,99348,1196,,-0.626313143,0.261073676,-0.197,0.287858754,0.334821429,,-1.88283984,-2.366421698,-1.365496674,-0.372800755
36047101800,Canarsie,2057,1273,365,489,359,61750,771,,1767,1317,35,347,549,97560,1351,,-0.888372057,-0.173927133,0.478,0.579919028,0.75226978,,-1.266682481,-1.939904798,-1.03093552,-0.116288853
36047102000,Canarsie,2052,1206,355,458,487,62813,893,,2171,1310,198,433,431,101950,1600,,-0.47282553,-0.106406602,-0.185,0.623071657,0.791713326,,-1.135312236,-2.048102151,-1.106336921,-0.143292713
36047102200,Canarsie,2131,1442,457,476,246,53750,790,,2091,1369,111,340,386,72195,1304,,-0.752465239,-0.272050284,0.653,0.343162791,0.650632911,,-1.393042725,-1.910189792,-0.976957731,-0.058809262
36047102400,Canarsie,2022,1238,476,386,302,50938,805,,2203,1559,91,595,485,90096,1556,,-0.82453072,0.414804118,0.275,0.768738466,0.932919255,,-0.047724478,-1.452246582,-0.475359094,0.468716383
36047102600,Canarsie,2762,1706,522,520,440,60500,882,,2448,1687,87,463,501,80833,1394,,-0.811955338,0.004592446,0.151,0.336082645,0.580498866,,-1.595082805,-1.971122005,-1.016483465,-0.074849077
36047102800,Canarsie,4032,2415,684,805,366,39098,566,,1767,1158,34,450,403,82045,1489,,-0.886575522,0.275559164,1.296,1.098444933,1.630742049,,1.375542339,-0.8721369,0.14427534,1.139446048
36047103400,Canarsie,1798,1003,337,319,91,18607,342,,3918,2268,227,801,406,27696,439,,-0.690884194,0.152304051,0.973,0.48847208,0.283625731,,-0.845741535,-1.782701746,-0.764468198,0.229077204
36047105801,Starrett City,5094,3429,1683,813,533,28520,381,,5913,4629,1530,1049,986,33208,718,,-0.216825792,0.111567919,0.370,0.164375877,0.884514436,,-0.416133554,-1.554157478,-0.411578317,0.709384913
36047105804,Starrett City,9529,6416,3147,1527,999,28517,381,,6475,4691,1229,1065,774,33963,597,,-0.425271552,0.026403501,0.060,0.190973805,0.566929134,,-1.397097633,-1.980264627,-0.939048857,0.109317828
36047107800,East New York,4428,3052,35,961,505,43490,736,,4276,3400,92,944,680,79028,1189,,1.722009889,0.017228507,0.209,0.817153369,0.61548913,,0.1894324,-1.079137642,-0.100367937,0.862398146
36047109800,East New York,1304,606,154,274,55,45375,686,,2256,1350,30,660,320,47670,1541,,-0.887399834,0.392296941,1.612,0.050578512,1.246355685,,0.155385017,-0.773434501,0.07024769,0.907850763
36047110400,East New York,3973,2463,50,949,333,30712,579,,4906,3085,50,1165,364,59596,972,,-0.190175296,-0.005852707,-0.127,0.940479291,0.678756477,,-0.575640642,-0.952276773,-0.2184833,0.537065049
36047110600,East New York,4277,2185,35,877,101,22188,414,,4284,2276,35,1029,239,24180,430,,-0.001633987,0.171400944,1.272,0.089778259,0.038647343,,-1.158755714,-1.93037501,-0.809909784,0.335474007
36047111000,East New York,3490,1907,22,718,108,19432,298,,3400,2000,40,810,166,18618,346,,0.86631016,0.157996068,0.466,-0.041889667,0.161073826,,-1.384315375,-1.861703106,-0.795724069,0.278038733
36047111600,East New York,2419,1445,66,518,201,26320,563,,3836,2059,162,769,278,36017,1553,,0.547848137,-0.063831875,-0.029,0.368427052,1.758436945,,0.389433439,-0.645560152,0.229478199,1.092671206
36047111800,East New York,2678,1387,31,613,151,30000,681,,3093,2045,144,729,270,44531,1286,,3.021901693,0.029669163,0.213,0.484366667,0.888399413,,0.433332615,-0.494893516,0.491381117,1.505149215
36047112000,East New York,3114,1886,28,645,235,30521,727,,3069,2038,77,770,267,32386,1403,,1.790322581,0.211302826,0.051,0.061105468,0.929848693,,-0.154369572,-0.764571184,0.173106254,1.074970024
36047112200,East New York (Pennsylvania Ave),2887,1590,10,611,75,27033,687,,3810,2267,79,714,238,36250,1288,,4.986167979,-0.114519891,1.226,0.340953649,0.874818049,,0.954834449,-0.435406995,0.533158196,1.475656268
36047112400,East New York,3291,1822,33,780,129,41172,723,,3160,1934,4,819,443,52891,1222,,-0.873762946,0.093528481,2.235,0.284635189,0.690179806,,-0.255046248,-0.779119946,0.138434894,1.058556042
36047112600,East New York (Pennsylvania Ave),3588,1744,34,788,102,23023,605,,3601,2189,141,769,197,52500,1178,,3.132087492,-0.027634738,0.539,1.280328367,0.947107438,,1.426882041,-0.150867677,0.813648221,1.77583615
36047112800,East New York (Pennsylvania Ave),3937,2143,44,949,307,28523,686,,3688,2355,221,924,438,40026,1240,,4.361843078,0.039394133,0.298,0.403288574,0.807580175,,0.460246292,-0.613609315,0.378192988,1.372895794
36047113000,East New York (Pennsylvania Ave),3544,1840,27,850,117,20682,561,,4194,2272,7,884,234,48261,1131,,-0.780921599,-0.121182642,0.620,1.333478387,1.016042781,,0.190332561,-0.685693329,0.273647887,1.226765052
36047113200,East New York (Pennsylvania Ave),1453,859,2,257,80,20433,620,,1939,1228,0,453,221,66771,1341,,-1,0.320848125,0.932,2.267802085,1.162903226,,0.352501577,-0.476975941,0.425173187,1.344011497
36047113400,East New York (Pennsylvania Ave),2932,1250,42,774,72,11875,290,,3182,1780,10,808,89,28900,527,,-0.780611176,-0.038090551,-0.132,1.433684211,0.817241379,,-0.630232252,-0.838457888,0.115867785,1.061691045
36047114201,Cypress Hills-City Line,1382,711,1,287,97,38024,678,,1860,1101,45,390,142,37917,1190,,32.43548387,0.00966618,-0.055,-0.002814012,0.755162242,,0.205175443,-0.543765615,0.42073571,1.375606495
36047114202,Cypress Hills-City Line,2884,1661,139,682,275,42750,718,,2848,1837,39,722,316,49837,1164,,-0.71587786,0.072032851,0.039,0.165777778,0.621169916,,-1.611396574,-2.048675306,-0.907708333,0.22847034
36047114400,East New York (Pennsylvania Ave),2241,1144,57,426,68,15146,562,,2144,1333,51,534,88,31707,1014,,-0.064782993,0.310233603,0.111,1.093424006,0.804270463,,0.490474484,-0.280389177,0.582791208,1.413223914
36047114600,Cypress Hills-City Line,3182,1747,97,706,158,31632,703,,3416,2248,95,784,317,45042,1291,,-0.087707332,0.034412297,0.559,0.423937785,0.836415363,,-0.032968869,-1.168888485,-0.123954214,0.894695816
36047115000,East New York,1846,949,8,341,34,26143,563,,2796,1559,36,684,145,57361,1277,,1.971030043,0.324330107,1.596,1.194124622,1.268206039,,2.695269458,0.198682641,1.148629101,2.062790812
36047115200,East New York,2442,1282,118,551,134,17946,493,,2947,1899,63,781,283,43259,1155,,-0.557590885,0.174532285,0.426,1.410509306,1.342799189,,1.177713673,-0.279900739,0.72370186,1.728742812
36047115600,East New York (Pennsylvania Ave),3984,1961,18,820,78,12363,278,,4075,2243,13,978,166,21429,512,,-0.29390593,0.16604878,0.861,0.733317156,0.841726619,,0.577650205,-0.471136897,0.52331168,1.530605145
36047115800,East New York (Pennsylvania Ave),2929,1602,7,666,212,32391,599,,2814,1898,45,689,243,69350,1149,,5.691288456,0.076812954,-0.033,1.141026828,0.918196995,,1.076804021,-0.315373737,0.646701262,1.590670124
36047116000,East New York,2477,1352,18,481,168,24038,432,,2031,1393,0,419,202,41750,780,,-1,0.062392582,0.167,0.736833347,0.805555556,,-2.060069814,-1.608878899,-0.541746413,0.481446374
36047116200,East New York,2417,1312,10,412,139,38750,577,,2329,1476,6,612,248,44712,1315,,-0.377329326,0.541563319,0.586,0.153858065,1.279029463,,0.596192431,-0.50261614,0.463278928,1.414117392
36047116400,East New York,2755,1547,5,482,144,42262,593,,3013,2000,60,689,218,56500,1147,,9.972452705,0.307057385,0.171,0.336898396,0.934232715,,1.071680557,-0.185630555,0.782528622,1.753089579
36047116600,East New York,2610,1372,116,665,120,24559,668,,2977,1740,87,830,355,43281,1293,,-0.342458851,0.094253942,1.333,0.762327456,0.935628743,,0.881000214,-0.224292199,0.664516221,1.565619908
36047116800,East New York,2026,1101,49,574,66,31031,674,,1399,906,36,336,164,44265,1127,,0.063966973,-0.152286476,2.020,0.426476749,0.672106825,,0.335374492,-0.734740836,0.232457406,1.182386062
36047117000,East New York,1768,863,15,451,86,23043,690,,1783,942,23,458,49,37266,1377,,0.520433726,0.006977701,-0.478,0.617237339,0.995652174,,-0.78897142,-1.082000764,-0.144909835,0.808700861
36047117201,Cypress Hills-City Line,2982,1701,140,805,193,37500,716,,2375,1495,61,627,148,59375,1354,,-0.452926316,-0.022052174,-0.127,0.583333333,0.891061453,,-0.811134432,-1.3317483,-0.388107712,0.584743972
36047117202,Cypress Hills-City Line,4219,2279,128,930,184,35806,686,,2937,1865,131,444,358,56556,1336,,0.470167795,-0.314187178,1.378,0.579511814,0.947521866,,0.403647157,-0.930283461,0.184040301,1.345428835
36047117400,Cypress Hills-City Line,4268,2360,195,1049,176,30323,810,,4451,2677,51,1359,249,50385,1523,,-0.749214524,0.24225509,0.247,0.661609999,0.880246914,,-0.286296855,-1.092918465,-0.072128916,0.936696831
36047117601,Cypress Hills-City Line,2641,1513,176,668,117,27279,681,,3198,1875,169,722,195,50886,1335,,-0.207016814,-0.107412754,0.345,0.86539096,0.960352423,,0.102701538,-1.239922425,-0.112630176,1.010296207
36047117602,Cypress Hills-City Line,3284,1868,174,845,118,30927,737,,2958,1955,83,659,215,41647,1142,,-0.470417259,-0.134167897,0.741,0.346622692,0.549525102,,-0.897425705,-1.549678124,-0.486414867,0.572137189
36047117800,Cypress Hills-City Line,1627,818,45,416,56,35450,762,,1732,1086,20,325,76,43938,1324,,-0.582499358,-0.266112154,0.022,0.239435825,0.737532808,,-1.75788517,-1.59741814,-0.649735176,0.275555468
36047118201,Cypress Hills-City Line,2951,1636,191,685,66,31011,805,,2962,1874,107,859,283,59018,1144,,-0.44187103,0.249357556,2.743,0.903131147,0.421118012,,0.967888814,-0.714069832,0.432875425,1.573625639
36047118202,Cypress Hills-City Line,3008,1613,188,719,130,36810,749,,3066,1795,184,754,219,48500,1389,,-0.039791259,0.028840702,0.514,0.317576745,0.85447263,,-0.157326309,-1.176331697,-0.17522577,0.851487725
36047118400,Cypress Hills-City Line,5049,2803,406,1145,247,28625,737,,5465,3294,205,1425,471,51435,1403,,-0.533509255,0.14980603,0.623,0.796855895,0.903663501,,0.34709552,-0.93308034,-0.051241887,0.846316384
36047118600,Cypress Hills-City Line,3190,1804,122,753,131,33798,700,,2453,1514,79,637,165,40329,1299,,-0.157906344,0.100113745,0.501,0.193236286,0.855714286,,-0.28518209,-1.068824127,-0.201766887,0.662799068
36047118800,Cypress Hills-City Line,4376,2398,334,1063,166,24423,731,,4627,2949,112,1301,401,50000,1216,,-0.682861206,0.157502255,0.964,1.047250543,0.663474692,,0.312706762,-0.953119589,-0.001134932,0.95100751
36047119000,Cypress Hills-City Line,2086,1081,103,456,46,24135,771,,2533,1362,17,658,128,37558,1382,,-0.86407767,0.188338493,1.209,0.556163248,0.792477302,,-0.122206355,-1.098824197,-0.176672859,0.725755262
36047119200,East New York,2471,1288,54,568,44,27574,620,,3269,2012,95,720,340,45083,1284,,0.329804108,-0.041831288,3.947,0.63498223,1.070967742,,1.967496661,-0.174481261,0.743317228,1.675245248
36047119400,East New York,3208,1747,86,695,101,26681,696,,3960,2082,92,1006,354,37063,1260,,-0.133380315,0.172606642,1.941,0.38911585,0.810344828,,0.841834281,-0.266464028,0.678028821,1.625101379
36047119600,East New York,5154,2743,61,1370,174,30435,685,,5203,3436,117,1076,378,36481,1112,,0.899969438,-0.221995171,0.734,0.198652867,0.623357664,,-0.579481707,-1.088757588,-0.11691122,0.848959683
36047119800,East New York,3047,1899,222,655,232,21479,667,,3264,1844,152,658,201,28656,1448,,-0.3608351,-0.062207192,-0.108,0.334140323,1.170914543,,-0.720509095,-0.797522886,0.090592745,0.979100212
36047120000,East New York,2330,1712,160,541,133,31834,708,,2330,1380,48,455,149,33269,1191,,-0.7,-0.15896488,0.390,0.04507759,0.68220339,,-1.673886301,-1.970524613,-0.912768355,0.132089489
36047120200,Cypress Hills-City Line,1897,1094,106,480,113,30625,852,,2018,1216,160,428,186,45870,1439,,0.418927763,-0.161797985,0.481,0.497795918,0.688967136,,-0.335575507,-1.316188375,-0.36862058,0.590086348
36047120800,East New York,8413,4826,241,1656,647,31136,606,,8851,5817,133,1971,983,42962,1136,,-0.475442445,0.131318372,0.260,0.379817575,0.874587459,,-0.404703591,-1.063599055,-0.138870685,0.773068721
36047121000,East New York,3986,2039,57,777,44,12155,208,,4157,2462,50,957,160,19071,533,,-0.158890732,0.180995353,2.012,0.568983957,1.5625,,1.911062361,-0.087694055,0.883162172,1.863181049
36047121400,East New York,4440,2235,25,892,72,11483,221,,4608,2408,25,1029,118,26671,498,,-0.036458333,0.111529568,0.521,1.322650875,1.253393665,,1.358380643,-0.30573945,0.908883902,2.116120555
36047122000,East New York,2512,1451,161,589,170,25640,627,,5903,3796,50,1581,858,57602,1240,,-0.867842754,0.142255945,0.929,1.246567863,0.977671451,,0.475557603,-0.657609915,0.296059769,1.248458141
36047123700,Bedford,1476,769,74,434,64,20823,643,,6610,2297,5698,1532,402,28831,1549,,16.19394856,-0.211768233,1.103,0.384574749,1.409020218,,1.837958554,1.450340782,2.298384945,3.166741938
36047150200,Windsor Terrace,2280,1569,1677,493,482,62616,754,,2848,2069,2011,654,1192,114583,1830,,-0.039994171,0.062002872,0.875,0.829931647,1.427055703,,1.34179728,0.220091228,1.150448129,2.064879298
36047152200,Flatbush,3407,2224,1171,755,939,64125,760,,3496,2464,1449,690,1385,97321,1532,,0.205902512,-0.109358662,0.331,0.517676413,1.015789474,,0.002232781,-0.460090838,0.447397246,1.361273698
36061000201,Lower East Side,3729,2401,279,869,351,25068,417,,2670,1927,439,711,264,21631,628,,1.197563529,0.142696629,-0.063,-0.137107069,0.505995204,,-1.423376269,-1.944987047,-0.801367866,0.346653211
36061000202,Lower East Side,5427,3883,1453,877,798,31183,360,,8016,6007,1141,1338,1790,43521,720,,-0.468354499,0.032900846,0.450,0.395664304,1,,-0.18423179,-0.975914828,0.049710637,1.115988145
36061000600,Lower East Side,12881,8894,718,2795,944,24467,451,,10765,8301,472,1975,1735,28183,652,,-0.213401524,-0.15448594,0.969,0.15187804,0.445676275,,-1.029827505,-1.530472972,-0.466491518,0.623541246
36061000700,Battery Park City-Lower Manhattan,958,729,585,679,539,126315,1930,,9008,6768,6091,5036,5834,147454,2941,,0.107311639,-0.211225106,0.166,0.167351463,0.523834197,,-1.482680753,-2.028976101,-1.01011878,0.026131593
36061000800,Chinatown,10924,7807,1045,2464,753,25363,535,,9299,7325,756,1836,1553,34159,977,,-0.150133034,-0.124658705,1.198,0.3468044,0.826168224,,0.011639216,-1.043427346,0.011312972,1.096114514
36061000900,Battery Park City-Lower Manhattan,1159,928,814,418,743,131659,2001,,1733,1414,1217,710,1189,201000,3500,,-0.000112713,0.135970204,0.050,0.526671173,0.749125437,,-0.348495428,-1.562119201,-0.518455257,0.54672718
36061001001,Lower East Side,1739,1360,1084,318,465,56815,555,,1485,1249,996,247,758,123281,1238,,0.075977487,-0.090415687,0.775,1.169867113,1.230630631,,1.166370587,-0.286100831,0.868675801,2.008154041
36061001002,Lower East Side,8099,4592,193,1414,185,18938,279,,5909,3973,221,1284,441,32766,400,,0.569467669,0.244609247,1.755,0.730172141,0.433691756,,0.897839601,-0.192349301,0.819685411,1.828714531
36061001200,Lower East Side,3466,2657,1705,763,865,38068,399,,3726,2974,1727,636,1368,80804,914,,-0.057777085,-0.22461341,0.413,1.122622675,1.290726817,,0.619953495,-0.319519117,0.645409001,1.619377512
36061001300,Battery Park City-Lower Manhattan,1560,1165,1152,890,838,108922,2001,,4537,3457,2756,2583,3205,177159,2853,,-0.177411652,-0.002092656,0.289,0.626475827,0.425787106,,-0.765084237,-1.384538961,-0.489899058,0.389289562
36061001401,Lower East Side,2962,2457,2268,460,979,62454,612,,3199,2673,2102,476,1866,135063,1000,,-0.141855397,-0.041879935,0.752,1.162599673,0.633986928,,0.366736003,-0.545282576,0.376849771,1.302844362
36061001402,Lower East Side,3019,2092,547,851,383,21277,459,,2902,2361,989,947,1020,28036,1014,,0.880938822,0.157673585,1.360,0.317666964,1.209150327,,1.28588495,0.077942826,1.077651111,2.0775
36061001501,Battery Park City-Lower Manhattan,4981,3779,2856,1112,1578,61177,477,,6777,5659,3940,1760,3837,95982,2379,,0.01395125,0.163287166,0.624,0.568922961,3.987421384,,2.825781262,0.024533621,1.026343883,2.021885471
36061001502,Battery Park City-Lower Manhattan,3945,1966,2860,2538,1557,125437,1970,,7747,5089,5048,4237,4646,163500,3120,,-0.101192341,-0.149879874,0.153,0.303443163,0.583756345,,-1.204940403,-1.794684166,-0.71589093,0.340507285
36061001600,Chinatown,9598,7004,525,2484,1037,23248,560,,7219,5958,1001,1422,2282,37961,1056,,1.535003001,-0.238882498,1.587,0.632871645,0.885714286,,0.875375839,-0.204970981,0.714966475,1.640717434
36061001800,Chinatown,10459,7324,1071,2886,752,27865,554,,7991,6107,2384,2808,2455,40625,1318,,1.913438216,0.273473198,2.915,0.457922125,1.379061372,,2.591247951,0.662468759,1.575123523,2.512669906
36061002000,Lower East Side,6000,3324,144,1111,140,14706,245,,4720,3200,87,821,256,21959,398,,-0.231991525,-0.060626402,0.899,0.493200054,0.624489796,,-0.22619241,-0.482922945,0.496652942,1.474293427
36061002100,SoHo-TriBeCa-Civic Center-Little Italy,2512,1891,1861,828,1539,159944,1828,,6488,4704,4811,1678,4168,250000,3500,,0.000916336,-0.215360055,0.089,0.563047066,0.914660832,,-0.591374714,-1.161804834,-0.199811166,0.760349798
36061002201,Lower East Side,6541,4435,812,1531,822,29549,481,,6546,5211,969,2178,1704,39266,956,,0.192438243,0.421512991,0.764,0.328843616,0.987525988,,0.786588649,-0.118977704,0.811846845,1.751516291
36061002202,Lower East Side,1414,1203,798,724,541,39531,844,,1937,1677,1054,960,1130,114630,1942,,-0.035821355,-0.032051044,0.498,1.899749564,1.300947867,,1.547653662,0.086936815,1.013382797,1.936688364
36061002400,Lower East Side,3012,1663,55,606,69,18459,286,,5126,3651,628,1348,836,26075,526,,5.709239882,0.307054311,4.519,0.412590064,0.839160839,,2.745515172,0.446198903,1.474393489,2.519504575
36061002500,Chinatown,5516,3718,145,978,226,16361,280,,5311,3951,9,1090,403,21989,394,,-0.935535226,0.157538912,0.678,0.343988754,0.407142857,,-1.622470736,-1.577534179,-0.509946553,0.577489936
36061002601,Lower East Side,3400,2097,665,939,412,32778,477,,4139,3003,1057,1149,1165,57321,923,,0.305680243,0.005166317,0.975,0.748764415,0.935010482,,0.834011644,-0.128885949,0.81619908,1.774988908
36061002602,Lower East Side,3781,2944,1796,1371,1428,21667,868,,4289,3672,2232,1592,2383,103837,1241,,0.095565857,0.023661194,0.338,3.792403194,0.429723502,,1.208290703,-0.124636829,0.874072926,1.886107815
36061002700,Chinatown,1536,1261,286,264,240,31549,545,,1400,1137,207,100,540,91083,1027,,-0.205914086,-0.584415584,1.495,1.88703287,0.88440367,,0.363012705,-0.790227474,0.305358888,1.394734464
36061002800,Lower East Side,6682,4592,1871,1970,1280,32039,648,,7360,5429,1882,2033,2280,28538,965,,-0.086781946,-0.063085825,0.507,-0.109273073,0.489197531,,-1.489186982,-1.208819196,-0.168844977,0.850592947
36061002900,Chinatown,6673,5265,473,1678,644,22320,496,,6110,5220,527,1771,1592,39722,939,,0.216828545,0.152674059,1.493,0.779659498,0.893145161,,1.270054959,-0.134843661,0.802505307,1.734174955
36061003001,Chinatown,4427,3208,1540,1811,1276,33487,789,,4167,3260,2227,2426,2360,46786,2056,,0.536333561,0.423175202,0.820,0.397139188,1.605830165,,1.677356325,0.255610709,1.192907466,2.114384995
36061003002,East Village,3129,2457,1800,1260,1155,40393,701,,2848,2475,1465,1075,1448,79263,1241,,-0.105808169,-0.062646301,0.245,0.962295447,0.770328103,,-0.034224048,-0.372942659,0.491959924,1.359114161
36061003100,SoHo-TriBeCa-Civic Center-Little Italy,1663,490,844,943,282,95020,1633,,2744,1357,1661,1512,1023,222344,2826,,0.192711284,-0.028264116,0.310,1.339970533,0.730557257,,0.43856969,-0.483858177,0.373457085,1.243330238
36061003200,East Village,8016,6729,5823,3057,3406,44594,786,,7920,7023,6024,3231,4888,61982,1762,,0.047057905,0.069729682,0.375,0.389917926,1.24173028,,0.36652893,-0.339249345,0.474423826,1.314630905
36061003300,SoHo-TriBeCa-Civic Center-Little Italy,3707,2880,3119,940,2349,156898,2001,,5030,3860,3716,928,3196,250000,3117,,-0.121958725,-0.2724301,0.015,0.593391885,0.557721139,,-1.315556734,-1.405230516,-0.421765571,0.536539302
36061003400,East Village,6561,5130,3999,3102,2736,30750,812,,6222,5084,3957,3149,3396,83083,2047,,0.043409237,0.07046112,0.252,1.701886179,1.520935961,,1.615965515,-0.16470008,0.769821635,1.739592224
36061003601,Chinatown,2978,1993,579,909,414,24674,423,,3401,2505,856,1041,962,45033,1262,,0.294533407,0.002778255,0.849,0.825119559,1.983451537,,1.867624246,0.176300852,1.131907397,2.107508447
36061003602,East Village,2323,1905,1223,993,874,52639,826,,2883,2272,1578,1222,1270,90694,1585,,0.039645096,-0.008422817,0.218,0.722943065,0.918886199,,0.072475608,-0.538858162,0.370966185,1.285339195
36061003700,SoHo-TriBeCa-Civic Center-Little Italy,2286,1913,1787,768,1246,112045,1131,,2663,2149,2129,593,1575,204957,2304,,0.022718633,-0.33717553,0.125,0.829238252,1.037135279,,-0.383234965,-1.000806874,-0.083772012,0.814986256
36061003800,East Village,9162,7405,6217,4057,4260,50943,878,,8429,6974,5724,4082,4889,71438,1756,,0.000767035,0.093659743,0.219,0.402312388,1,,-0.032802939,-0.738377698,0.142637995,1.016448669
36061003900,SoHo-TriBeCa-Civic Center-Little Italy,4292,3423,3237,680,2131,96907,801,,5632,4174,4140,1055,3268,250000,1847,,-0.025336486,0.182335185,0.258,1.579792997,1.305867665,,1.446075148,-0.54635173,0.522031147,1.601219592
36061004000,East Village,8690,6066,5973,4777,3942,64406,997,,9429,6533,6749,4343,5207,141953,2187,,0.041360389,-0.162106679,0.226,1.204033786,1.193580742,,0.558462855,-0.526412817,0.399128195,1.306477249
36061004100,SoHo-TriBeCa-Civic Center-Little Italy,8723,6294,1672,2264,1040,21125,552,,8336,6308,2910,3176,3457,60000,1405,,0.821230364,0.467953294,2.317,1.840236686,1.545289855,,3.63767425,0.855532741,1.859308183,2.8817797
36061004200,East Village,3898,2444,2554,1767,1702,82569,1145,,5291,2393,3721,2061,2020,246838,2442,,0.073353682,-0.140698608,0.212,1.989475469,1.132751092,,1.021755331,-0.630380522,0.292417421,1.179051398
36061004300,SoHo-TriBeCa-Civic Center-Little Italy,4851,3917,2664,1722,1918,30815,803,,4315,3592,2448,1619,2482,59146,2185,,0.033065047,0.056973688,0.411,0.919389908,1.721046077,,1.370270119,-0.075427575,0.797540237,1.676912445
36061004400,Stuyvesant Town-Cooper Village,15839,13315,12113,3140,8659,88286,1027,,16039,12327,11821,6665,10022,116807,1870,,-0.036275341,1.096143338,0.250,0.323052353,0.82083739,,0.623063539,-0.3277885,0.579889133,1.48530862
36061004500,SoHo-TriBeCa-Civic Center-Little Italy,1099,829,721,307,557,90830,833,,932,741,611,263,543,183500,1161,,-0.00071878,0.010180901,0.091,1.020257624,0.393757503,,-0.571700873,-0.794834914,0.119174707,1.03234153
36061004700,SoHo-TriBeCa-Civic Center-Little Italy,2433,2019,1976,809,1357,73542,1061,,2277,1865,1855,733,1548,123542,2154,,0.00308111,-0.031868098,0.235,0.679883604,1.030160226,,0.134179486,-0.967917163,0.065125774,1.089979448
36061004800,Gramercy,6402,5387,4710,2309,3874,83800,1105,,7147,4909,4758,2153,3618,172866,1802,,-0.095110772,-0.164758654,0.025,1.062840095,0.630769231,,-0.557034329,-0.973453416,0.002002878,0.97106965
36061004900,SoHo-TriBeCa-Civic Center-Little Italy,5010,4161,4232,1623,2991,98432,996,,4562,3612,3769,1702,2886,135772,2038,,-0.021945798,0.151657873,0.112,0.379348179,1.046184739,,-0.051311232,-0.916549301,-0.010839139,0.916992239
36061005000,Gramercy,5695,4748,4696,2091,3627,130437,1205,,5174,4423,4117,1894,3923,223693,2686,,-0.035016066,-0.00300439,0.161,0.714950513,1.229045643,,0.345205048,-0.868240785,0.00240944,0.88887534
36061005200,Hudson Yards-Chelsea-Flat Iron-Union Square,3741,2276,2893,1683,1872,140013,1616,,3852,2490,2823,1274,2216,191563,2660,,-0.052315289,-0.264831752,0.082,0.368180098,0.646039604,,-1.301687307,-1.415611816,-0.531289942,0.350508378
36061005400,Hudson Yards-Chelsea-Flat Iron-Union Square,3955,3377,3185,1101,2835,126620,1179,,4626,3896,3546,1481,3179,227882,2624,,-0.048146406,0.150028489,-0.028,0.79973148,1.225614928,,0.405249748,-0.881281899,0.003395242,0.863955549
36061005501,West Village,4907,3749,3754,1905,3146,119064,1163,,4705,3635,3535,1458,3370,168500,2100,,-0.017909342,-0.201786674,0.105,0.415205268,0.805674979,,-0.859861326,-1.344405251,-0.389880365,0.548816008
36061005502,West Village,2174,1818,1661,1046,1323,108944,1592,,2214,1806,1510,804,1416,138472,2349,,-0.107333498,-0.245244498,0.077,0.271038332,0.475502513,,-1.679120169,-1.360091231,-0.447807916,0.479760224
36061005600,Hudson Yards-Chelsea-Flat Iron-Union Square,2590,2180,1906,1286,1763,200001,1896,,2983,2525,1993,1128,1891,250000,1705,,-0.092114849,-0.238421558,-0.074,0.24999375,-0.100738397,,-3.071224169,-1.923034209,-1.022856633,-0.101284274
36061005700,West Village,2595,2148,2332,827,1779,183074,2001,,2844,2378,2123,918,2164,214167,3500,,-0.169328676,0.012849555,0.099,0.169838426,0.749125437,,-0.974319434,-1.451655361,-0.491158719,0.448444276
36061005800,Hudson Yards-Chelsea-Flat Iron-Union Square,634,495,503,260,380,200001,1009,,3509,2995,2310,1345,2609,205167,3059,,-0.170244988,-0.065337484,0.135,0.025829871,2.031714569,,0.07136371,-0.815642837,0.060531349,0.931650474
36061005900,West Village,5581,4031,4622,1617,3204,125624,1181,,5543,4267,4542,1280,3644,208531,2081,,-0.01057169,-0.202983901,0.074,0.659961472,0.762066046,,-0.693787892,-1.454050641,-0.449666213,0.56306507
36061006000,Stuyvesant Town-Cooper Village,4459,3956,4008,503,2794,99830,948,,5423,3959,4053,1758,3282,144063,2476,,-0.168529666,1.873748474,0.174,0.443083242,1.611814346,,1.967076418,0.127450667,1.251487704,2.352807341
36061006100,West Village,5101,3115,4058,1777,2584,135274,1402,,4811,2989,3792,1178,2606,215345,2688,,-0.009222233,-0.297125433,0.051,0.591917146,0.917261056,,-0.768099229,-1.287150328,-0.396269546,0.51362794
36061006200,Murray Hill-Kips Bay,3370,2490,1798,1019,1227,79962,1143,,4417,3197,1978,1336,1982,173315,2438,,-0.160657718,0.000310381,0.258,1.167467047,1.132983377,,0.661960952,-0.590981193,0.351194231,1.296163087
36061006300,West Village,6265,5462,5544,1848,4218,117441,1182,,6286,5079,5109,1805,4444,250000,2243,,-0.081541834,-0.026531421,0.133,1.128728468,0.897631134,,0.218174257,-0.964131305,-0.061213213,0.836331407
36061006400,Gramercy,7334,6165,5690,2865,4577,100277,1133,,7929,6613,5564,3209,5628,147120,2361,,-0.095523385,0.036018662,0.146,0.467136033,1.083848191,,-0.059159671,-0.781068435,0.129322489,1.022967899
36061006500,West Village,6690,4835,5260,3380,3378,82982,1136,,6460,4751,5007,3332,3858,176146,2258,,-0.014207642,0.020896917,0.162,1.122701309,0.987676056,,0.458676483,-0.810279393,0.091934838,1.002304095
36061006600,Murray Hill-Kips Bay,11841,9147,6628,4166,4779,55061,833,,11546,9301,6285,3799,5646,78205,1379,,-0.027522392,-0.064794923,0.162,0.420333812,0.655462185,,-0.773671578,-1.364336359,-0.36353772,0.606544339
36061006700,West Village,5645,4884,4741,2449,3563,77557,1060,,5271,4534,4540,2472,3754,184412,2341,,0.025549973,0.08101224,0.135,1.377760873,1.208490566,,0.971501498,-0.59880501,0.400491718,1.415612432
36061006800,Gramercy,6753,5508,5059,3087,4011,97089,1238,,7636,4957,5365,3961,3807,189259,2273,,-0.062144614,0.134746999,0.055,0.949335146,0.836025848,,0.141798299,-1.087450554,-0.188811716,0.700472814
36061006900,West Village,2389,1735,1953,846,1412,143656,2001,,2442,1866,1900,907,1631,237500,3479,,-0.048252274,0.048835586,0.074,0.653254998,0.738630685,,-0.345545812,-1.23001037,-0.159461054,0.920807368
36061007000,Murray Hill-Kips Bay,7763,6352,6060,3475,4642,101869,1322,,8397,7178,5352,4339,5972,206221,2499,,-0.183513678,0.154357354,0.138,1.024374442,0.8903177,,0.333458531,-0.995717902,0.048884536,1.037048312
36061007100,West Village,5620,4917,4817,2083,3663,124762,1198,,6038,5298,4699,2222,4090,193917,2117,,-0.092028942,-0.00711719,0.036,0.554295378,0.767111853,,-0.551792249,-1.05034702,-0.146000632,0.772629137
36061007200,Murray Hill-Kips Bay,8111,6147,6667,4464,4765,128229,1750,,7002,5233,4635,3819,4160,166742,2348,,-0.194674264,-0.008990615,0.026,0.300345476,0.341714286,,-1.57718006,-1.569002382,-0.688269272,0.211166932
36061007300,West Village,6699,6082,5684,2504,4326,91109,1015,,5844,5392,4832,2276,4486,166549,2023,,-0.025520681,0.041927987,0.170,0.828019186,0.993103448,,0.25535735,-0.92402232,0.089952644,1.111527738
36061007400,Midtown-Midtown South,3712,2642,2891,1636,2022,129366,1418,,3875,2919,2847,1620,2440,205486,2838,,-0.056643956,-0.051433078,0.092,0.588408082,1.001410437,,-0.199906811,-0.968077268,-0.086267157,0.806105749
36061007500,West Village,4165,3573,3519,1506,2667,133234,1234,,4161,3632,3495,1168,3040,209375,2483,,-0.005865368,-0.223690035,0.121,0.571483255,1.012155592,,-0.444155339,-1.39206308,-0.31225608,0.765922229
36061007600,Midtown-Midtown South,2445,2057,1084,1137,1232,51731,1125,,1980,1424,888,1157,1202,241750,2656,,0.011573298,0.256569654,0.409,3.673213354,1.360888889,,2.71794524,0.239995034,1.110836434,1.989634533
36061007700,West Village,6146,5436,5227,1988,4180,127793,1052,,5872,5333,4805,2350,4661,203867,2227,,-0.037839772,0.237251506,0.137,0.595290822,1.116920152,,0.393579989,-0.951087054,0.023045905,0.96823653
36061007800,Murray Hill-Kips Bay,7471,6275,5621,3150,4211,108266,1424,,7995,6377,4695,3691,4776,150478,2463,,-0.219483156,0.094948668,0.116,0.389891563,0.729634831,,-0.614973898,-1.286859515,-0.322350894,0.627530287
36061007900,West Village,4598,3991,3936,1541,3061,126026,1230,,4281,3695,3771,948,2952,176827,1829,,0.029023237,-0.339261767,0.042,0.40309936,0.48699187,,-1.675342323,-1.742149701,-0.660180275,0.403185856
36061008000,Murray Hill-Kips Bay,5392,4677,4526,1722,3362,144087,1270,,5159,4313,4194,1737,3597,241010,2413,,-0.031503106,0.054268006,0.160,0.672669984,0.9,,-0.000471995,-1.131825881,-0.156193026,0.817036114
36061008100,Hudson Yards-Chelsea-Flat Iron-Union Square,7359,6432,5531,2561,4551,104681,936,,8170,6908,6310,2743,5844,193750,1719,,0.0275961,-0.035254025,0.196,0.850861188,0.836538462,,0.013405477,-0.863896134,0.032077704,0.954247668
36061008200,Murray Hill-Kips Bay,2647,2399,2221,725,1758,114624,1361,,3258,2777,2141,801,2199,178309,2852,,-0.216803081,-0.102369975,0.081,0.555599176,1.095518001,,-0.297545677,-0.914659444,-0.017421167,0.894169568
36061008300,Hudson Yards-Chelsea-Flat Iron-Union Square,3490,2596,1534,1077,1088,32778,617,,3994,3236,1904,1451,1796,25000,938,,0.084573405,0.17725102,0.324,-0.237293306,0.520259319,,-1.437148409,-1.288622273,-0.357956316,0.617484866
36061008400,Midtown-Midtown South,1145,955,498,624,700,67368,1702,,2065,1504,925,1110,1241,250000,3216,,0.029906551,-0.013666418,0.126,2.710960694,0.889541716,,1.173412859,-0.334708792,0.578276311,1.509301299
36061008601,Turtle Bay-East Midtown,2929,2384,2142,670,1770,137460,1754,,2828,2187,1966,1166,1846,177750,3391,,-0.049386421,0.802452026,0.137,0.293103448,0.933295325,,0.384436649,-0.931701281,0.123569816,1.192269443
36061008603,Turtle Bay-East Midtown,3307,2748,2495,821,2072,153993,1917,,4062,3709,3356,404,2960,232685,2628,,0.095079573,-0.599380132,0.058,0.511010241,0.370892019,,-2.436755969,-2.592770292,-1.491766209,-0.41182442
36061008700,Hudson Yards-Chelsea-Flat Iron-Union Square,4626,4140,3512,1689,2933,70842,988,,7008,5844,5134,2701,4547,178306,2341,,-0.035032043,0.055617229,0.098,1.51695322,1.369433198,,1.132913647,-0.444419081,0.460566698,1.374709416
36061008800,Turtle Bay-East Midtown,7345,6336,5165,2773,4597,105834,1240,,6840,5840,4298,2246,4894,148088,2139,,-0.106423408,-0.13024771,0.155,0.399247879,0.725,,-0.84905506,-1.487617557,-0.478226581,0.525790573
36061008900,Hudson Yards-Chelsea-Flat Iron-Union Square,5320,4524,3553,1692,2883,79893,888,,5368,4035,3673,1555,2740,163300,1757,,0.024530392,-0.089187128,0.066,1.043983828,0.978603604,,0.12737082,-0.636172828,0.32093465,1.263374884
36061009000,Turtle Bay-East Midtown,7599,6412,5490,3025,4879,134810,1521,,7760,6595,4977,2903,5461,205778,2304,,-0.112251352,-0.060241246,0.088,0.52642979,0.514792899,,-0.985678008,-1.678989121,-0.680271732,0.347633807
36061009100,Hudson Yards-Chelsea-Flat Iron-Union Square,4553,4058,3274,1692,2778,88710,1101,,6402,5177,4143,2223,4007,195078,1938,,-0.100050295,-0.06562527,0.131,1.199053094,0.760217984,,0.016502319,-0.724959386,0.218489191,1.187863668
36061009200,Turtle Bay-East Midtown,1357,1226,908,554,813,91852,1213,,1701,1498,1239,730,1282,192396,2601,,0.088581607,0.051207932,0.291,1.094630493,1.144270404,,0.837095385,-0.817579401,0.099819018,1.013395739
36061009300,Hudson Yards-Chelsea-Flat Iron-Union Square,8714,7375,5906,2035,4053,59423,826,,10012,7765,5382,2268,5288,91190,1834,,-0.206865273,-0.029991921,0.239,0.534590983,1.220338983,,0.110008339,-0.543492715,0.421525017,1.374693218
36061009500,Midtown-Midtown South,2723,1336,2052,1205,938,94755,1155,,3332,1809,2263,985,1462,164650,2231,,-0.09874052,-0.331976359,0.151,0.737639175,0.931601732,,-0.611414894,-0.641230342,0.282721732,1.192400048
36061009600,Midtown-Midtown South,168,168,96,71,121,114222,1015,,119,119,74,43,101,250000,2371,,0.088235294,-0.144987572,0.178,1.188720212,1.335960591,,0.699622551,-0.741871471,0.152241248,1.07785884
36061009700,Hudson Yards-Chelsea-Flat Iron-Union Square,4852,3978,2596,911,1516,43611,540,,5186,4433,2677,901,2500,74667,972,,-0.035211845,-0.074674152,0.480,0.712113916,0.8,,0.012745173,-0.36903367,0.599842363,1.533218288
36061009800,Turtle Bay-East Midtown,7066,6232,5779,2730,4587,110122,1275,,7284,6326,5412,2354,4409,206477,2366,,-0.091533767,-0.163535513,-0.053,0.874984109,0.855686275,,-0.492109974,-1.45509894,-0.514857378,0.465855517
36061009900,Hudson Yards-Chelsea-Flat Iron-Union Square,1126,990,485,437,345,61250,950,,5310,4620,3222,2684,3728,202917,2942,,0.408729687,0.302401669,1.316,2.312930612,2.096842105,,3.630330782,0.948592096,1.833068049,2.734669307
36061010000,Turtle Bay-East Midtown,1826,1529,1514,744,1118,86744,1197,,1776,1568,1349,735,1364,245574,2372,,-0.083897884,0.015715817,0.190,1.831020013,0.981620718,,0.908984674,-0.746891475,0.165917928,1.084088286
36061010100,Midtown-Midtown South,247,247,152,58,148,80488,1519,,1189,1003,557,543,764,175313,3500,,-0.238751051,0.944853688,0.271,1.178125932,1.304147465,,1.81165945,0.465352435,1.421650604,2.382979946
36061010200,Midtown-Midtown South,255,224,245,55,188,200001,1230,,180,154,132,27,129,167167,2972,,-0.236734694,-0.304545455,-0.002,-0.164169179,1.416260163,,-1.441524224,-1.46033183,-0.518883988,0.400903172
36061010300,Hudson Yards-Chelsea-Flat Iron-Union Square,1501,1255,816,710,742,38750,1237,,1797,1468,1183,867,1154,172639,2523,,0.210952759,0.019984011,0.330,3.4552,1.039611964,,1.982668161,0.598747006,1.54523786,2.499579818
36061010400,Midtown-Midtown South,1065,951,959,222,655,143775,1123,,914,860,655,167,657,153083,2375,,-0.204159375,-0.12346975,0.109,0.064740045,1.114870882,,-0.885426222,-1.320212932,-0.384295826,0.52916463
36061010601,Turtle Bay-East Midtown,8425,7467,7561,1184,5063,172321,1490,,7139,6413,6209,885,5034,250000,2694,,-0.030885817,-0.117887257,0.158,0.45078081,0.808053691,,-0.617261061,-1.728316723,-0.69033078,0.310655051
36061010602,Lenox Hill-Roosevelt Island,4062,3254,3044,1261,2698,111735,1379,,4458,3599,3281,1079,3153,166111,2585,,-0.017887051,-0.220338278,0.057,0.486651452,0.874546773,,-0.778679157,-1.663280378,-0.654196553,0.318594227
36061010800,Turtle Bay-East Midtown,8079,7113,6941,2525,5260,151027,1347,,9032,7420,7223,2787,6567,249830,2248,,-0.069172405,-0.012699708,0.197,0.654207526,0.668893838,,-0.409193943,-1.388130843,-0.506223098,0.367592086
36061010900,Midtown-Midtown South,159,127,106,68,105,70893,1136,,147,124,87,90,109,199750,3020,,-0.112244898,0.431572629,0.063,1.817626564,1.658450704,,1.970503207,0.638847802,1.56422806,2.474503984
36061011000,Lenox Hill-Roosevelt Island,6793,5922,5765,2588,4172,113280,1394,,7499,6276,5931,2489,4814,208292,2140,,-0.068062316,-0.128797956,0.089,0.838735876,0.535150646,,-0.740956021,-1.50358562,-0.632581318,0.244916596
36061011100,Hudson Yards-Chelsea-Flat Iron-Union Square,2987,2347,1486,1141,1122,43859,848,,5034,4164,2494,2389,2869,113417,2373,,-0.004136876,0.242374465,0.441,1.585945872,1.798349057,,2.171982513,1.077094241,1.993419765,2.907863885
36061011201,Midtown-Midtown South,1068,940,912,329,633,102097,1721,,837,766,692,186,577,213750,2484,,-0.031817896,-0.278622087,0.119,1.093597265,0.443346891,,-0.907416533,-1.612874729,-0.607868466,0.395579633
36061011202,Midtown-Midtown South,397,354,275,75,195,200001,741,,257,205,234,69,161,200313,2778,,0.314439335,0.421167315,0.426,0.001559992,2.748987854,,1.651344883,-0.579082661,0.327336685,1.228765311
36061011203,Turtle Bay-East Midtown,1225,1067,1037,187,637,136277,1537,,1206,1010,890,365,882,250000,2778,,-0.128233791,0.982622538,0.463,0.834498852,0.807417046,,1.2034609,-0.743707782,0.170503614,1.073234256
36061011300,Midtown-Midtown South,288,169,171,122,34,65536,708,,120,91,25,73,56,65000,2750,,-0.649122807,0.436065574,2.059,-0.008178711,2.884180791,,2.111893365,0.257675176,1.196391986,2.086213756
36061011401,Upper East Side-Carnegie Hill,1553,1326,1366,249,923,183470,2001,,1195,1027,1084,229,807,250000,2135,,0.03129315,0.195197527,0.129,0.362620592,0.066966517,,-1.553602239,-1.854386485,-0.905405039,0.046162888
36061011402,Upper East Side-Carnegie Hill,2380,2030,1899,556,1474,181500,1203,,2126,1766,1777,333,1503,250000,2112,,0.047553374,-0.329524151,0.172,0.377410468,0.755610973,,-1.127275575,-1.652923388,-0.749684349,0.164666264
36061011500,Clinton,1403,980,663,575,415,47250,960,,3380,2471,1285,1412,1772,141000,2407,,-0.195491624,0.019313609,0.693,1.984126984,1.507291667,,1.952325499,0.689385259,1.572245337,2.453962172
36061011600,Lenox Hill-Roosevelt Island,4288,3586,3019,1803,2550,75361,856,,3321,2607,2152,1327,2172,202381,1514,,-0.079624488,-0.049699195,0.172,1.685487188,0.768691589,,0.431861563,-1.263301774,-0.243880312,0.777745397
36061011700,Hudson Yards-Chelsea-Flat Iron-Union Square,397,155,47,73,46,18502,435,,3954,3316,1957,1554,2427,115962,2816,,3.180678871,1.137381254,1.466,5.267538644,5.473563218,,7.754247178,3.05928368,4.228617986,5.404269467
36061011800,Lenox Hill-Roosevelt Island,8605,7384,7529,2627,5523,166345,1385,,9010,7214,7975,2471,5944,224107,2437,,0.011624825,-0.101664099,0.102,0.347242177,0.759566787,,-0.819138302,-1.748163128,-0.780614457,0.196824612
36061011900,Midtown-Midtown South,1424,1295,788,430,419,55938,442,,996,996,289,30,243,30000,535,,-0.475648788,-0.900252171,-0.246,-0.463691945,0.21040724,,-7.114296272,-3.201207658,-2.063654672,-0.99918388
36061012000,Upper East Side-Carnegie Hill,3965,3389,3577,602,2534,200001,1667,,3504,2839,3081,614,2487,200556,2220,,-0.025342897,0.154120019,0.172,0.002774986,0.331733653,,-1.543650833,-2.057851983,-1.184871309,-0.29027373
36061012100,Clinton,8288,7330,5328,2057,4098,60382,738,,7917,6561,5332,2941,4796,126875,1476,,0.047647117,0.496751942,0.307,1.101205657,1,,1.194702923,0.120219845,1.030987066,1.954985778
36061012200,Upper East Side-Carnegie Hill,3914,3375,3603,453,2416,200001,1185,,3125,2640,2866,292,2146,250000,2376,,-0.003716991,-0.192661898,0.136,0.24999375,1.005063291,,-0.749732262,-2.010088636,-0.987256513,0.019669751
36061012400,Lenox Hill-Roosevelt Island,10899,9011,8554,4275,6640,98054,1229,,10300,8070,7271,3012,6545,176429,2233,,-0.100555591,-0.254464589,0.101,0.799304465,0.816924329,,-0.598409194,-1.766137323,-0.741018688,0.268003422
36061012500,Midtown-Midtown South,1795,1491,1074,902,1069,96557,2001,,2501,2094,1416,1389,1803,217969,3413,,-0.053741632,0.105214234,0.201,1.25741272,0.705647176,,0.326736961,-0.83311338,0.099710658,1.008224656
36061012600,Lenox Hill-Roosevelt Island,12895,11216,11500,3896,8531,138586,1306,,12658,10551,9545,3252,8356,234632,1896,,-0.15445963,-0.14966933,0.041,0.693042587,0.451761103,,-1.143687262,-1.935298728,-1.031386901,-0.118950091
36061012700,Clinton,7278,5940,3850,2912,2991,54602,924,,6681,5922,3701,2531,4471,71206,1914,,0.047198316,-0.05317143,0.499,0.304091425,1.071428571,,-0.001808925,-0.686764933,0.217515511,1.146851911
36061012800,Upper East Side-Carnegie Hill,6639,5343,6123,1041,4149,200001,1362,,5896,4699,5194,456,3933,250000,2014,,-0.044825148,-0.506758844,0.078,0.24999375,0.478707783,,-2.294578668,-2.518881165,-1.585663235,-0.668600762
36061012900,Clinton,4459,3543,2448,1754,1856,41992,1299,,5743,4829,3384,2518,3839,126053,2417,,0.07329127,0.114614768,0.518,2.001833683,0.860662048,,1.358437375,0.458716276,1.418143761,2.37081085
36061013000,Upper East Side-Carnegie Hill,4622,3957,4181,575,3072,200001,1326,,3472,2862,3060,394,2424,250000,1736,,-0.025702735,-0.087824083,0.091,0.24999375,0.309200603,,-1.663719878,-2.436143069,-1.435687187,-0.427132509
36061013100,Midtown-Midtown South,2053,1886,1404,745,1130,85388,1128,,2825,2293,1685,1251,1720,112232,2642,,-0.127825681,0.220313833,0.252,0.314376727,1.342198582,,0.381637097,-0.81264524,0.1548008,1.12867967
36061013200,Lenox Hill-Roosevelt Island,9929,8154,8311,4089,6139,119125,1170,,10094,8387,7555,3828,6785,181541,1924,,-0.105823202,-0.079132748,0.075,0.52395383,0.644444444,,-0.831441998,-1.910924603,-0.91114305,0.095527679
36061013300,Clinton,5805,4766,3480,2640,2625,55556,914,,4870,4207,2613,2287,3113,128125,2177,,-0.104978581,0.032608036,0.343,1.30623155,1.381838074,,1.187174853,-0.257166254,0.649534714,1.562445976
36061013400,Lenox Hill-Roosevelt Island,10666,9107,9374,4252,6780,126077,1156,,12980,10206,10236,2921,8216,182119,1872,,-0.102711266,-0.435498386,0.081,0.444506135,0.619377163,,-1.665492124,-2.195490995,-1.265822998,-0.354812774
36061013500,Clinton,3507,2516,1010,788,490,31664,529,,7000,5738,2985,2236,3196,62091,1347,,0.480678218,0.421619289,1.860,0.960933552,1.5463138,,2.714277953,0.149839459,1.087314251,2.034043305
36061013600,Yorkville,15698,12744,13651,4737,9423,127927,1205,,15234,12613,12390,4622,10103,168550,2203,,-0.064729549,0.005441785,0.083,0.317548289,0.828215768,,-0.65102629,-1.782715661,-0.816800744,0.142237594
36061013700,Midtown-Midtown South,6797,5913,5432,2302,4273,153303,1663,,6430,5483,4535,2131,4441,200754,2848,,-0.117481482,-0.021446832,0.121,0.309524275,0.712567649,,-0.84283304,-1.366195184,-0.402230557,0.555089785
36061013800,Yorkville,12612,10713,10909,4974,8015,144292,1213,,12704,10852,9877,4308,8660,209013,2146,,-0.101157521,-0.140168422,0.067,0.448541846,0.769167354,,-0.844151661,-1.869044522,-0.960023219,-0.031266324
36061013900,Clinton,9795,8637,7043,3781,5758,87059,1091,,8702,7586,5599,2257,5363,157096,2063,,-0.105174935,-0.328091333,0.060,0.804477423,0.890925756,,-0.69771232,-1.091205321,-0.123258448,0.832423784
36061014000,Upper East Side-Carnegie Hill,7754,6113,7064,1958,5152,180766,1349,,8175,6463,6632,1733,5164,250000,2356,,-0.109504227,-0.160493795,-0.052,0.383003441,0.746478873,,-1.135257317,-2.115093597,-1.229088875,-0.374781678
36061014200,Upper East Side-Carnegie Hill,4980,4015,4669,695,3221,200001,1393,,4186,3377,3877,486,2762,250000,2390,,-0.012124884,-0.168079965,0.020,0.24999375,0.715721464,,-1.220905829,-2.336818255,-1.324886318,-0.348472703
36061014401,Yorkville,4887,3993,4290,1212,3109,143223,1235,,5334,4393,4583,1077,3374,181000,2249,,-0.021227198,-0.185853779,-0.014,0.263763502,0.821052632,,-1.134965277,-1.939926153,-0.928123608,0.070624322
36061014402,Yorkville,6508,5370,5656,2139,4381,123538,1216,,7405,6110,6445,2061,5365,245068,2159,,0.001465522,-0.153182765,0.076,0.983745892,0.775493421,,-0.289289789,-1.460922481,-0.509033534,0.427611267
36061014500,Lincoln Square,4262,3716,3084,1690,3069,161030,2001,,5465,4099,3787,1534,3328,250000,3397,,-0.042355729,-0.292116264,-0.017,0.552505744,0.697651174,,-1.191099257,-1.466278784,-0.518407753,0.457111557
36061014601,Yorkville,3929,3337,3227,2185,2476,126141,1318,,4305,3802,3246,2073,3186,175786,2254,,-0.081966725,-0.134121943,0.129,0.393567516,0.71016692,,-0.899188866,-1.796576183,-0.902514,-0.011127876
36061014602,Yorkville,8174,6807,6833,3176,5126,107546,1288,,7731,6489,6168,2332,5743,220396,2093,,-0.045596761,-0.22366885,0.175,1.049318431,0.625,,-0.491738884,-1.573742714,-0.650040985,0.237902995
36061014700,Lincoln Square,1680,931,1013,866,799,93164,1174,,3384,2676,1880,1342,2374,249219,3288,,-0.078644291,-0.230668436,0.034,1.675056889,1.800681431,,1.077722089,-0.564661795,0.493343569,1.559321203
36061014801,Upper East Side-Carnegie Hill,2923,2329,2639,837,1867,176170,1356,,3164,2468,2498,763,2132,250000,2313,,-0.125529055,-0.157846185,0.078,0.419083839,0.705752212,,-0.996016605,-2.026953942,-1.142460254,-0.24731144
36061014802,Upper East Side-Carnegie Hill,6947,5452,6116,2121,4410,191631,1236,,6884,5352,5243,2142,4437,221449,2308,,-0.134895008,0.019143257,0.025,0.155601129,0.867313916,,-0.894396691,-1.922826603,-1.022455236,-0.155459394
36061014900,Lincoln Square,5956,4947,4991,1889,3881,151389,1523,,5866,4673,4373,1096,3776,250000,2968,,-0.11038,-0.41089701,0.030,0.651374935,0.948785292,,-0.999856567,-1.834688064,-0.740184359,0.326653069
36061015001,Upper East Side-Carnegie Hill,2266,1735,2090,319,1407,200001,1308,,2122,1614,1778,163,1390,220125,2125,,-0.09155216,-0.454353408,0.062,0.100619497,0.624617737,,-2.164810703,-2.682508893,-1.66978378,-0.699104228
36061015002,Upper East Side-Carnegie Hill,5866,4487,5474,539,3839,200001,1548,,5015,3955,4079,187,3445,202255,2494,,-0.128394357,-0.594188862,0.018,0.011269944,0.611111111,,-2.824159459,-2.898124409,-1.87945255,-0.865822863
36061015100,Lincoln Square,5146,3581,1969,1968,1968,45776,969,,7682,5917,2824,1927,3503,89386,1095,,-0.039241014,-0.344078148,0.077,0.952682628,0.13003096,,-1.803257724,-1.720258711,-0.755326705,0.238683651
36061015200,Yorkville,8517,6336,4965,2022,3476,60581,833,,7510,5807,3869,1376,3571,156094,1172,,-0.116256592,-0.22823693,0.121,1.576616431,0.406962785,,-0.569613683,-1.08681118,-0.12604767,0.819084723
36061015300,Lincoln Square,9040,7840,7693,3137,6255,200001,1379,,9298,7393,7395,1549,6040,250000,2605,,-0.065409559,-0.519917597,0.024,0.24999375,0.889050036,,-1.812190563,-2.026689157,-1.003162793,0.02971791
36061015400,Yorkville,13058,10366,9661,4818,7210,78271,1038,,15502,12105,10427,4903,9430,118284,1910,,-0.09086951,-0.142796315,0.120,0.511211049,0.840077071,,-0.619267849,-1.493759597,-0.558576156,0.415262018
36061015500,Lincoln Square,7930,6799,6121,1519,4746,98881,930,,9798,8088,8066,1704,6770,205541,2754,,0.066526351,-0.09208003,0.199,1.078670321,1.961290323,,1.294118033,-0.80865907,0.207802569,1.232530644
36061015601,Yorkville,5299,3977,3582,3228,2741,52083,1386,,5553,4793,3623,2720,3427,101600,2130,,-0.034818479,-0.195915623,0.037,0.950732485,0.536796537,,-0.804767507,-1.103964211,-0.145746773,0.813622706
36061015602,East Harlem South,1785,1101,219,429,105,14907,458,,2454,1728,556,660,712,58143,963,,0.846691451,0.119052097,3.321,2.900382371,1.102620087,,3.622833339,0.741275927,1.691856274,2.625215625
36061015700,Lincoln Square,10961,9430,9125,3646,6693,130122,1086,,9052,7568,7144,2259,6592,245069,2072,,-0.051987191,-0.249751391,0.227,0.883378675,0.907918969,,-0.238881849,-1.386052659,-0.378576102,0.641657674
36061015801,Upper East Side-Carnegie Hill,5804,4464,5060,1720,3568,177019,1343,,5811,4329,4621,1341,3900,206716,2404,,-0.087858994,-0.221288014,0.127,0.167761653,0.790022338,,-1.236282638,-1.500359845,-0.596382444,0.258184574
36061015802,East Harlem South,3190,2647,1740,1283,1445,99117,1201,,4830,3248,2760,2197,2728,112422,2391,,0.047619048,0.130959239,0.539,0.134235298,0.990840966,,-0.029905655,-0.731145317,0.19411273,1.077898402
36061015900,Lincoln Square,10084,8473,8215,2851,6375,112828,1001,,9146,7777,7513,2433,6408,187150,2122,,0.008341081,-0.059093364,0.095,0.658719467,1.11988012,,0.030512202,-1.296882243,-0.268253532,0.755161507
36061016001,Upper East Side-Carnegie Hill,4175,3015,3822,668,2476,200001,1323,,3918,2988,3215,186,2662,250000,2565,,-0.103640258,-0.703292496,0.085,0.24999375,0.93877551,,-2.394440994,-2.355603478,-1.339436786,-0.309256459
36061016002,East Harlem South,3161,2263,2025,896,1411,65600,790,,3599,2516,2453,1450,2179,147375,1665,,0.063935181,0.421355262,0.389,1.246570122,1.107594937,,1.435816826,-0.346689291,0.648109548,1.652711861
36061016100,Upper West Side,6710,5834,5809,2420,4574,136037,1156,,6305,5438,5187,1890,4557,187188,2310,,-0.049718443,-0.168841468,0.069,0.376007998,0.998269896,,-0.654815499,-1.704487698,-0.699952336,0.323521502
36061016200,East Harlem South,10344,6025,351,2196,731,26496,460,,9429,6218,600,2526,1629,34095,788,,0.875283835,0.261896938,1.159,0.286798007,0.713043478,,0.645430816,0.126882542,1.047622216,1.967545264
36061016300,Upper West Side,6790,5800,5803,1742,4463,148926,1098,,7118,5820,5722,1799,4708,205142,2077,,-0.059395454,-0.014867145,0.051,0.377476062,0.891621129,,-0.56076672,-1.666784208,-0.662043851,0.377615797
36061016400,East Harlem South,5986,3397,188,1452,274,17403,263,,7260,5176,1040,2034,1760,35250,875,,3.561162886,0.155006489,3.216,1.025512843,2.326996198,,4.085431075,1.586578631,2.675777946,3.782896873
36061016500,Upper West Side,6618,5556,5448,1926,4449,155509,1173,,6425,5454,4775,1110,4129,240066,1912,,-0.097203415,-0.406363868,-0.055,0.543743449,0.630008525,,-1.631097896,-2.302821633,-1.272727748,-0.255884617
36061016600,East Harlem South,7327,4288,599,2260,536,26277,515,,7555,5063,2172,2568,1767,35828,1056,,2.516614167,0.101991648,1.792,0.36347376,1.050485437,,1.57008599,0.430317765,1.366802673,2.284551975
36061016700,Upper West Side,6939,5602,5951,1777,4539,149678,1361,,6423,4992,5219,1154,4198,250000,2149,,-0.052549974,-0.298419763,0.038,0.670252141,0.57898604,,-1.199212635,-2.143008808,-1.112761241,-0.106829765
36061016800,East Harlem South,4158,2610,571,867,545,26667,357,,4681,3280,1072,951,1138,40962,632,,0.667648515,-0.025667334,0.662,0.536055799,0.770308123,,0.25444228,-0.422677976,0.576172732,1.581866408
36061016900,Upper West Side,8641,7119,6520,2780,5115,125459,1145,,8505,6855,6797,1691,5539,121455,2050,,0.059154611,-0.381999966,0.125,-0.031914809,0.790393013,,-1.816475575,-2.45058399,-1.418337469,-0.411159199
36061017000,East Harlem South,8157,5361,460,2149,803,33193,537,,7477,5811,651,2033,1633,50750,1063,,0.543925139,0.032057858,0.876,0.528936824,0.979515829,,0.719980158,0.290925239,1.296286114,2.286342134
36061017100,Upper West Side,9625,7719,7819,2358,5935,177531,1078,,9050,7572,7045,2113,5876,205938,1835,,-0.041743126,-0.046967184,0.009,0.160011491,0.702226345,,-1.186480497,-2.211869848,-1.187022228,-0.139936711
36061017200,East Harlem South,5283,2973,217,1632,250,22072,474,,5644,4032,641,1686,1262,36447,1057,,1.764979408,-0.032989875,2.722,0.651277637,1.229957806,,2.143623579,0.789307058,1.682866225,2.5577563
36061017300,Upper West Side,8966,7343,6421,2745,5144,123912,1126,,8491,6997,5756,1829,5262,175625,1760,,-0.053418507,-0.296423621,0.074,0.417336497,0.563055062,,-1.444811376,-2.175116583,-1.183233202,-0.16842994
36061017401,East Harlem South,5819,3745,483,1116,721,24332,483,,4508,3003,657,575,1150,20887,855,,0.755830904,-0.334928864,0.989,-0.1415831,0.770186335,,-1.004270341,-0.847343881,0.245361384,1.312487093
36061017402,East Harlem South,2175,1134,146,423,182,28190,715,,2340,1660,396,832,576,44286,1422,,1.521074816,0.82821119,1.162,0.570982618,0.988811189,,2.011537343,0.77518126,1.781090469,2.77170181
36061017500,Upper West Side,10727,8772,8803,2363,6332,147481,1091,,10263,8125,8529,1791,6687,209811,2079,,0.012677974,-0.207798216,0.140,0.422630712,0.905591201,,-0.679405308,-1.89928516,-0.883102599,0.149601198
36061017700,Upper West Side,9618,7301,4822,1811,4087,61029,627,,9476,7023,4377,1787,4361,91968,1087,,-0.07868305,0.00153429,0.109,0.50695571,0.733652313,,-0.545226121,-1.658398941,-0.636270271,0.361581477
36061017800,East Harlem North,4168,2531,665,1223,305,23444,584,,3728,2531,737,1248,972,39750,1116,,0.239075156,0.140879916,2.187,0.695529773,0.910958904,,1.511537331,0.550762895,1.556023093,2.57414209
36061017900,Upper West Side,9499,7541,6588,2590,5096,86932,975,,9521,7291,6307,2360,5133,119968,1527,,-0.044865432,-0.090908575,0.042,0.380021166,0.566153846,,-1.139214529,-1.874054093,-0.854534197,0.165311951
36061018000,East Harlem North,7851,4374,278,2036,314,15873,389,,8306,5118,679,2525,1341,37315,815,,1.308649637,0.172240331,2.650,1.350847351,1.095115681,,2.746705262,1.010095198,1.980033475,2.968734111
36061018100,Upper West Side,9082,7292,5194,2293,4565,66707,743,,9135,7332,5446,1642,5118,137344,1167,,0.042434167,-0.288062214,0.115,1.058914357,0.570659489,,-0.720604439,-1.597119242,-0.528694778,0.517172104
36061018200,East Harlem North,6859,3927,145,1491,288,18568,396,,7218,4662,646,1936,1105,21047,566,,3.233586532,0.233876335,2.232,0.133509263,0.429292929,,0.824578509,0.832393631,1.698386732,2.56989164
36061018300,Upper West Side,9114,7398,5721,2989,4857,74903,962,,7582,6342,5425,1587,5315,185290,1998,,0.139864003,-0.361771409,0.277,1.473732694,1.076923077,,0.301997986,-1.083895102,-0.056247886,0.949069636
36061018400,East Harlem North,6006,3690,36,1059,196,17270,284,,7286,4736,358,1478,1293,33475,634,,7.197410559,0.150468242,4.140,0.938332368,1.232394366,,3.540994889,1.846613913,2.72517626,3.591342036
36061018500,Upper West Side,3783,3317,2243,731,2414,105537,792,,5259,4308,3115,1188,3567,155066,2010,,-0.001008144,0.169047706,0.138,0.469304604,1.537878788,,0.634918772,-0.837248547,0.225558073,1.316422365
36061018600,Central Harlem South,5736,3439,171,1340,392,14889,317,,7774,4545,344,2424,609,32900,570,,0.484317947,0.334726931,0.176,1.209685002,0.798107256,,0.868938549,0.704615852,1.674644418,2.620370031
36061018700,Upper West Side,9808,7327,5924,2788,4785,78079,956,,8046,6472,5978,1732,5139,191055,1763,,0.230102468,-0.242721639,0.216,1.446944761,0.844142259,,0.219749363,-0.974951303,0.103350921,1.179689792
36061018800,East Harlem North,6471,3606,469,1991,380,20377,523,,5262,3603,995,1469,1142,33995,1014,,1.608980266,-0.092657838,2.008,0.668302498,0.938814532,,1.43616259,0.70211054,1.67159626,2.637327972
36061018900,Upper West Side,11883,8185,2425,2517,1929,25021,473,,12939,9171,2796,2531,3274,29297,780,,0.058889906,-0.076505499,0.515,0.170896447,0.649048626,,-0.749605957,-1.170912875,-0.168311981,0.842664903
36061019000,Central Harlem South,1953,1104,19,421,91,17841,458,,3260,2331,619,621,1233,92674,789,,18.51738779,-0.116321787,5.417,4.194439774,0.722707424,,4.783722916,2.486220561,3.438814508,4.413995809
36061019100,Upper West Side,9079,7059,5770,2209,4625,83826,909,,9481,7726,5706,2027,5586,161818,1668,,-0.053022144,-0.121297418,0.104,0.930403455,0.834983498,,-0.192593956,-1.040351653,0.031769379,1.102408702
36061019200,East Harlem North,3740,2303,132,627,160,13875,200,,4000,2282,59,898,299,19450,419,,-0.582083333,0.339122807,0.886,0.401801802,1.095,,0.541221983,0.098011065,1.162568928,2.239788515
36061019300,Morningside Heights,9416,6597,2022,2909,2363,31944,653,,9360,6636,3537,2737,3205,49362,1351,,0.759723807,-0.053497692,0.348,0.545266717,1.068912711,,0.365138159,-0.371415961,0.588916197,1.573296755
36061019400,East Harlem North,6845,3775,160,1412,109,18623,283,,6729,4315,342,1752,617,27891,627,,1.174347971,0.262183008,3.952,0.497664179,1.215547703,,2.612445934,1.11170632,2.070279909,3.036809173
36061019500,Morningside Heights,8069,5961,4556,2467,3843,88158,875,,7339,5590,4927,2127,4276,171810,2144,,0.188999507,-0.052059304,0.187,0.948887225,1.450285714,,0.826337245,-0.614601028,0.455936242,1.532003625
36061019600,East Harlem North,3487,2245,24,599,119,18224,323,,4291,3206,478,1050,606,39046,575,,15.18490251,0.424478535,2.566,1.142559263,0.780185759,,3.314045816,1.555659173,2.493057476,3.419147102
36061019702,Central Harlem South,2355,1595,276,653,497,37974,600,,2228,1789,669,847,982,67159,1228,,1.562080439,0.371026831,0.762,0.768552167,1.046666667,,1.600601443,0.774131448,1.851600565,2.903113938
36061019800,East Harlem North,1558,1266,50,378,301,20893,642,,2824,2154,421,735,1049,86042,1304,,3.645311615,0.072749449,1.048,3.118221414,1.031152648,,3.042475312,1.776076566,2.660169976,3.549369702
36061019900,Morningside Heights,9104,6088,5863,3437,4340,84329,933,,9013,5670,5622,3364,4530,159048,1711,,-0.031423729,-0.01135737,0.121,0.886041575,0.833869239,,-0.029107214,-1.008141759,-0.041611361,0.944539305
36061020000,Central Harlem South,2348,1651,113,405,269,46316,500,,3478,2701,819,935,1526,120820,1364,,3.892986,0.558565658,2.468,1.608601779,1.728,,4.244918536,2.328318813,3.216880416,4.104913726
36061020101,Morningside Heights,2346,466,1291,1464,385,111803,884,,1813,491,910,1159,452,160208,1869,,-0.087893914,0.02440706,0.114,0.432949026,1.114253394,,-0.110219072,-1.350734754,-0.215503761,0.909241096
36061020102,Central Harlem South,3658,2331,142,976,491,26357,517,,4378,3191,1154,1292,1707,70547,1213,,5.790244436,0.106064975,1.540,1.676594453,1.34622824,,3.169974673,1.785801113,2.803429673,3.828835825
36061020300,Morningside Heights,3324,1018,2186,1731,871,50583,945,,3238,844,1734,1490,684,54911,1467,,-0.185702491,-0.116364061,-0.053,0.085562343,0.552380952,,-1.778048542,-1.838799992,-0.814612582,0.225389068
36061020500,Morningside Heights,5180,2382,3545,2204,2057,110411,1037,,5188,2153,3611,1943,1897,171806,1968,,0.017047042,-0.119780465,0.020,0.556058726,0.897782064,,-0.524028738,-1.48363748,-0.334410019,0.796387004
36061020600,Central Harlem North-Polo Grounds,2356,1583,118,592,342,32981,468,,3142,2077,329,781,675,47540,1002,,1.090658007,-0.010767371,0.504,0.441435978,1.141025641,,0.611447193,0.858154241,1.773818835,2.710092824
36061020701,Morningside Heights,2448,1966,1524,1425,1640,49653,919,,3379,2216,1799,1837,1968,74464,1807,,-0.144796602,-0.066063145,0.065,0.499687834,0.966267682,,-0.433385502,-1.439298423,-0.304434784,0.849059719
36061020800,Central Harlem North-Polo Grounds,4009,2665,86,1086,437,33362,536,,5555,3833,1067,1737,1702,85313,1094,,7.95401796,0.154308746,1.708,1.557190816,1.041044776,,3.021114856,1.83358443,2.711701659,3.5797357
36061020901,Morningside Heights,3521,2065,45,750,266,18029,364,,3652,2449,175,852,382,33387,805,,2.749391505,0.095250821,0.211,0.851849798,1.211538462,,1.234845418,0.662596706,1.677941419,2.694304777
36061021000,East Harlem North,6998,4652,27,1238,722,26611,551,,7199,4502,292,1505,1427,29063,928,,9.512859296,0.181728256,1.042,0.092142347,0.684210526,,0.928592284,0.729607522,1.679618689,2.634303905
36061021100,Morningside Heights,10574,7556,3535,3715,3539,34754,620,,9976,6594,3356,4043,3983,97423,1119,,0.006272026,0.153527065,0.290,1.803216896,0.80483871,,0.994320099,-0.417860165,0.581544995,1.596602525
36061021200,Central Harlem North-Polo Grounds,4156,3326,48,731,864,33810,570,,4562,3711,297,1186,1889,53958,1503,,4.636836914,0.478044705,0.960,0.595918367,1.636842105,,2.638969487,1.546730825,2.45964123,3.379999163
36061021303,Manhattanville,4861,2834,103,1213,376,27376,540,,5795,4174,829,1791,1611,40885,1234,,5.751332334,0.238531241,1.909,0.493461426,1.285185185,,2.491010971,1.332369857,2.322050268,3.326501071
36061021400,Central Harlem North-Polo Grounds,3198,2607,1,582,467,40463,560,,3332,2788,238,991,1129,67560,1164,,227.4285714,0.634271234,1.261,0.669673529,1.078571429,,4.086754227,1.870541179,2.900650731,3.923022294
36061021500,Central Harlem North-Polo Grounds,2922,1735,24,655,113,21745,539,,4128,2355,627,1168,709,31554,1097,,17.49255087,0.262240369,3.622,0.451092205,1.035250464,,3.208775097,1.918901434,2.798179634,3.674551807
36061021600,Central Harlem South,7949,4809,338,2018,980,29468,549,,8289,6072,2103,2257,2951,75947,1177,,4.966682514,0.072557921,1.385,1.577270259,1.143897996,,2.708977532,1.232077853,2.262921244,3.279217903
36061021800,Central Harlem South,5018,3255,86,1187,497,28191,461,,7110,4906,1192,2495,1884,40985,1184,,8.782252314,0.483477239,1.515,0.453832784,1.568329718,,2.980669101,1.803423506,2.707020544,3.613624507
36061021900,Manhattanville,6595,3840,216,1519,273,20821,434,,6415,4102,298,1947,763,26996,528,,0.418340983,0.317729646,1.616,0.296575573,0.216589862,,0.007809806,0.076728553,1.113315079,2.12502856
36061022000,Central Harlem South,5068,3155,199,1297,638,29648,442,,5977,4309,815,1598,1672,56893,1051,,2.472624962,0.044696523,0.919,0.918949002,1.377828054,,1.935309912,1.681178068,2.628276765,3.609354751
36061022102,Central Harlem North-Polo Grounds,2163,1532,56,554,433,33534,582,,2451,1802,562,771,937,45781,1196,,7.856487148,0.228168124,0.840,0.365211427,1.054982818,,1.625650002,1.298676406,2.265755963,3.230211124
36061022200,Central Harlem South,2329,1534,92,613,264,24451,432,,3090,2147,939,736,923,69265,1067,,6.692876741,-0.095042156,1.498,1.832808474,1.469907407,,3.125447224,2.034558329,2.990666572,3.947493922
36061022301,Manhattanville,8413,4986,124,2155,434,24841,551,,8022,5132,815,2751,1519,36575,965,,5.892934551,0.338787187,2.400,0.472364237,0.751361162,,2.139388784,1.051553627,2.111632331,3.176864045
36061022302,Manhattanville,3999,2440,10,779,215,25232,497,,3426,2266,407,1157,802,30708,1117,,46.50709282,0.733644103,3.017,0.217025999,1.247484909,,3.874607777,1.883423671,3.094659918,4.31444671
36061022400,Central Harlem North-Polo Grounds,6211,3705,101,1351,335,17026,360,,7616,4643,759,1885,1133,35409,809,,5.128511367,0.137864634,1.699,1.079701633,1.247222222,,2.72710394,1.938072371,2.879088015,3.8126328
36061022500,Hamilton Heights,10977,6768,472,3027,863,31926,574,,10631,7610,1823,3140,2032,52203,1127,,2.987991427,0.071091994,1.094,0.635124977,0.963414634,,1.415651251,0.726000308,1.85660448,3.000451724
36061022600,Central Harlem North-Polo Grounds,3736,2724,81,740,283,16949,502,,4563,3167,519,1165,1232,47552,1015,,4.246126249,0.288993135,2.744,1.80559325,1.021912351,,3.47993004,1.996411386,2.934847747,3.915170746
36061022700,Hamilton Heights,4748,3207,149,1179,670,33864,555,,5638,4066,1178,1940,1980,81250,1327,,5.658013337,0.385713869,1.331,1.399303095,1.390990991,,3.256190532,1.773253916,2.774274902,3.800600876
36061022800,Central Harlem North-Polo Grounds,4636,3210,61,1005,442,29609,489,,6185,4468,701,1717,1385,52228,1037,,7.613742926,0.280583662,1.251,0.763923131,1.120654397,,2.417715574,1.464327344,2.463173295,3.485467586
36061022900,Hamilton Heights,8846,5534,276,2451,558,23912,580,,8437,6189,1413,2761,1900,47667,1189,,4.367746108,0.18108725,2.045,0.993434259,1.05,,2.58153531,1.363912181,2.421058266,3.505326348
36061023000,Central Harlem North-Polo Grounds,7965,4756,145,1693,680,22242,425,,9402,6808,670,2850,1348,39545,778,,2.914464274,0.426111346,0.385,0.777942631,0.830588235,,1.28429936,1.114022953,2.086850264,3.040108383
36061023100,Hamilton Heights,4991,3387,159,1243,612,27880,583,,6604,4920,1103,2327,1909,44938,1311,,4.242746915,0.414834886,1.147,0.611836442,1.248713551,,2.284774062,1.429511661,2.369823142,3.289729743
36061023200,Central Harlem North-Polo Grounds,8344,4469,79,1963,300,20520,444,,8788,5419,556,2784,1165,34375,818,,5.682391984,0.346583158,2.203,0.675194932,0.842342342,,2.392342023,1.403564593,2.398230861,3.415838114
36061023300,Hamilton Heights,6171,3824,223,1483,628,25929,622,,7109,5125,1358,2094,1850,50472,1306,,4.286179901,0.225695406,1.198,0.946546338,1.099678457,,2.244788067,1.15490534,2.209979489,3.252664624
36061023400,Central Harlem North-Polo Grounds,3455,2078,42,908,191,24250,537,,5480,3733,451,1878,1396,45154,1152,,5.770094717,0.303998923,3.069,0.862020619,1.145251397,,3.189508977,1.684424099,2.74225896,3.815170263
36061023501,Hamilton Heights,7104,4423,165,1621,645,26099,551,,6132,4064,877,1740,1329,38779,990,,5.15767064,0.243560847,1.242,0.485842369,0.796733212,,1.540886186,1.06281769,1.933330655,2.819289039
36061023502,Central Harlem North-Polo Grounds,2063,1199,46,536,79,21250,529,,1931,1212,216,665,372,31958,1190,,4.016639272,0.325481925,3.658,0.503905882,1.24952741,,3.018998075,1.488784153,2.474804503,3.441024337
36061023600,Central Harlem North-Polo Grounds,5688,3937,151,1010,495,29097,522,,6969,4386,59,1622,807,39022,874,,-0.681092901,0.310746176,0.463,0.341100457,0.674329502,,-0.536591084,0.388657427,1.337767418,2.272977441
36061023700,Hamilton Heights,7144,4519,267,1814,576,24136,587,,7957,5502,1007,2777,1612,40000,1180,,2.386182002,0.374455504,1.299,0.657275439,1.010221465,,1.907171648,0.949112323,1.966274279,2.997585345
36061023801,Lenox Hill-Roosevelt Island,2555,1782,1166,506,818,60473,1166,,9278,6978,4070,2993,4836,109573,1988,,-0.03875876,0.628893673,0.510,0.811932598,0.704974271,,0.832066086,-0.547943684,0.789644933,2.151953302
36061023802,Lenox Hill-Roosevelt Island,1741,1216,797,378,562,60473,1166,,2453,2165,1053,396,916,171250,2815,,-0.062284116,-0.256459534,-0.085,1.83184231,1.414236707,,0.61684174,-0.706218,0.643194619,1.973333943
36061023900,Washington Heights South,2685,1615,54,551,202,21702,541,,2596,1942,249,751,674,41908,1117,,3.769196199,0.409704026,1.775,0.931066261,1.064695009,,2.641786882,1.157030975,2.172407409,3.193760673
36061024100,Washington Heights South,8386,5559,667,1834,1337,31866,601,,8108,6537,1061,2474,2216,52802,1171,,0.645245335,0.395216109,0.409,0.657001192,0.948419301,,0.931262297,0.350441591,1.384344458,2.374045434
36061024200,East Harlem North,3003,1653,23,609,119,17404,359,,4188,2584,179,1201,540,27925,474,,4.58050953,0.414081283,1.903,0.604516203,0.320334262,,1.385138682,0.782590094,1.737471549,2.735657164
36061024301,Washington Heights South,4296,2585,36,1185,359,23036,619,,4505,3311,803,1796,1192,39040,1173,,20.27073622,0.445298192,1.592,0.69473867,0.894991922,,2.830515139,1.289830725,2.383433851,3.45683328
36061024302,Central Harlem North-Polo Grounds,5406,2906,33,957,143,12681,262,,7601,4371,19,1704,507,23125,478,,-0.590508426,0.266376846,1.357,0.823594354,0.824427481,,0.817303363,0.181563576,1.306049246,2.443755837
36061024500,Washington Heights South,15838,9429,457,4126,736,25490,599,,15642,11434,874,4813,2344,44596,1067,,0.936436632,0.181121827,1.626,0.749548843,0.78130217,,1.397870149,0.520659503,1.486197611,2.437609679
36061024700,Washington Heights South,7765,5061,504,1790,936,31426,647,,7615,5774,1146,2259,1761,46667,1186,,1.318598943,0.286870225,0.649,0.484980589,0.833075734,,0.829968027,-0.004734528,1.05400382,2.12992114
36061024900,Washington Heights South,1169,757,43,226,46,17500,494,,1304,918,99,449,201,43015,947,,1.063971323,0.781044709,2.603,1.458,0.917004049,,3.157270344,1.46449368,2.586637338,3.719845404
36061025100,Washington Heights South,2976,1885,143,819,138,21419,573,,2832,1985,282,901,405,41250,977,,1.072300581,0.156060512,1.787,0.925860218,0.705061082,,1.519257435,0.594287802,1.600436714,2.557758958
36061025300,Washington Heights South,12753,7780,665,3140,710,28550,623,,13903,9704,1892,4827,2882,50105,1153,,1.609776545,0.410105114,2.254,0.754991243,0.850722311,,2.154644865,0.649637324,1.662662552,2.656320749
36061025500,Washington Heights South,6900,4664,1790,2822,1771,43829,741,,5758,4299,1723,2515,2356,56875,1477,,0.153478959,0.067968419,0.443,0.297656803,0.993252362,,0.069260666,-0.214023275,0.705418349,1.654924451
36061025700,Central Harlem South,2923,1912,131,710,316,19400,540,,4511,3213,1320,1042,2063,81389,1624,,5.529179732,-0.049033193,2.885,3.195309278,2.007407407,,4.793575075,2.408547474,3.308771115,4.229086504
36061025900,Central Harlem North-Polo Grounds,1909,1032,64,453,45,14839,533,,4167,2912,700,1022,1552,53971,1113,,4.010724142,0.03355864,11.223,2.637104926,1.088180113,,5.10601822,2.231403653,3.116245603,4.006683184
36061026100,Washington Heights South,13080,7690,275,2964,478,25532,572,,13492,9283,413,4023,1411,39555,1074,,0.455957739,0.315840486,1.445,0.549232336,0.877622378,,1.274814999,0.006539318,1.069194691,2.142378255
36061026300,Washington Heights South,9811,5721,561,2396,528,31959,689,,9033,5810,680,2194,1255,28580,1240,,0.316519563,-0.005439802,1.340,-0.105729216,0.799709724,,-0.229757131,-0.481042375,0.494630163,1.4555301
36061026500,Washington Heights South,8014,5423,1472,2128,1225,31672,703,,7688,6190,2254,2856,2643,65885,1325,,0.596180736,0.399015554,0.890,1.080228593,0.884779516,,1.574247179,-0.038168716,0.976718609,1.957198134
36061026700,Washington Heights North,1945,1035,616,660,182,19729,687,,2201,1077,1249,1017,436,40568,1263,,0.791765992,0.361684771,1.302,1.056262355,0.838427948,,1.749898666,0.03763389,1.263593093,2.500873612
36061026900,Washington Heights North,9931,5355,1164,2645,371,21916,587,,9431,6506,517,2555,1093,33500,1126,,-0.532294152,0.017186213,1.425,0.528563606,0.918228279,,0.421218676,-0.38736323,0.596237426,1.574880904
36061027100,Washington Heights North,8897,5689,1852,2234,1283,32491,670,,9744,6857,2610,2899,2873,49580,1333,,0.286784557,0.184871796,0.858,0.525961035,0.989552239,,0.841346127,-0.163043453,0.752817662,1.682107962
36061027300,Washington Heights North,6265,4766,3627,1626,2584,55287,824,,6898,5291,4216,1844,4143,85625,1625,,0.055725306,0.030002457,0.444,0.548736593,0.972087379,,0.238974574,-0.516889963,0.470025019,1.476314521
36061027500,Washington Heights North,2814,2280,1857,557,1446,70571,850,,3667,2845,2084,522,1932,131500,1672,,-0.138809969,-0.280835086,0.071,0.86337164,0.967058824,,-0.454490965,-0.936488123,0.144381605,1.204623721
36061027700,Washington Heights North,8112,5162,672,1938,378,23640,635,,7315,5586,743,1335,810,27379,1071,,0.226120496,-0.236091919,0.980,0.158164129,0.686614173,,-0.596219571,-0.934502079,0.135164221,1.200033524
36061027900,Washington Heights North,11764,7307,1439,3018,1548,28220,651,,12413,8866,1882,3674,2376,45320,1327,,0.239473042,0.153714038,0.265,0.605953225,1.038402458,,0.451780227,-0.347331666,0.582701314,1.479438656
36061028100,Washington Heights North,2857,2259,1943,564,1240,54311,802,,3191,2554,2286,555,1752,152308,1738,,0.05338435,-0.118956573,0.250,1.804367439,1.167082294,,1.022900333,-0.248022142,0.795817287,1.858360665
36061028300,Washington Heights North,8370,5218,1448,2052,1025,29398,636,,7653,5737,1559,2434,2404,49625,1143,,0.17752815,0.297289677,1.133,0.688040003,0.797169811,,1.024708402,-0.301430659,0.755567559,1.824037777
36061028500,Washington Heights North,8391,4966,417,2195,524,21580,595,,7050,4694,605,2282,1244,34583,1101,,0.72680749,0.237387486,1.512,0.602548656,0.850420168,,1.311113956,-0.244616207,0.788749548,1.784366682
36061028700,Washington Heights North,4158,2665,896,1171,733,27813,696,,3960,2958,1328,1128,1343,48472,1377,,0.55625,0.011443211,0.651,0.742782152,0.978448276,,0.746286561,-0.280481785,0.59949629,1.482104749
36061029100,Marble Hill-Inwood,12413,7198,390,3101,702,22610,607,,12188,7760,647,3192,1327,34180,1120,,0.689600321,0.048347892,0.753,0.511720478,0.845140033,,0.509502918,-0.586704889,0.397263768,1.430186099
36061029300,Marble Hill-Inwood,9522,5408,532,2312,486,21181,618,,9338,6196,586,2812,1010,35187,1198,,0.123208267,0.240228749,0.814,0.66125301,0.938511327,,0.894584543,-0.637687323,0.425164345,1.51635749
36061029500,Marble Hill-Inwood,7588,5273,2258,2272,1760,41061,713,,8440,6563,2594,2517,2986,74808,1366,,0.032834912,-0.003999024,0.363,0.821874772,0.915848527,,0.301779558,-0.767057168,0.274054999,1.341572815
36061029900,Marble Hill-Inwood,2770,1733,85,511,166,27844,457,,4627,3030,97,772,500,29223,657,,-0.31682325,-0.095566438,0.723,0.04952593,0.437636761,,-1.321554477,-1.502283312,-0.470988065,0.543621379
36061030300,Marble Hill-Inwood,4184,2753,1314,1288,918,37083,744,,4878,3486,1490,1171,1506,49405,1428,,-0.027385403,-0.220186208,0.296,0.332281638,0.919354839,,-0.651176358,-1.39648172,-0.351386139,0.751038984
36061030700,Marble Hill-Inwood,3633,2812,1861,953,1367,54185,779,,3739,2930,2035,760,1682,90469,1483,,0.062497638,-0.225126829,0.181,0.669631817,0.903722721,,-0.390299059,-1.589245299,-0.392712297,0.811762104
36061030900,Marble Hill-Inwood,7820,4759,495,2041,719,26356,594,,9471,6012,918,2160,1503,32909,1006,,0.531258099,-0.126180639,0.655,0.248634087,0.693602694,,-0.391920684,-1.559715993,-0.49655808,0.541131445
36061031703,Battery Park City-Lower Manhattan,4368,3479,3155,1464,2622,135310,1933,,8891,6191,6372,2054,5281,248676,2957,,-0.007778981,-0.310726817,0.132,0.837824255,0.529746508,,-1.019794524,-1.755733703,-0.670736692,0.414248524
36061031704,Battery Park City-Lower Manhattan,3646,2904,2632,1222,2188,135263,1933,,7044,5370,4218,1442,4736,213804,2928,,-0.170496911,-0.389210769,0.171,0.580653985,0.514743921,,-1.502221826,-2.395161686,-1.168230223,0.02097719
36081000100,Hunters Point-Sunnyside-West Maspeth,1445,1339,699,346,690,106944,1105,,6756,5613,3900,3144,4569,167448,2983,,0.193343955,0.943500447,0.580,0.565754039,1.699547511,,2.124006547,0.596353886,1.618301648,2.656524058
36081000200,Woodhaven,2949,1864,887,678,476,39891,720,,3425,2344,525,801,429,72981,1488,,-0.490375991,0.017224985,-0.283,0.829510416,1.066666667,,-0.575204764,-1.670286319,-0.530389678,0.582242213
36081000400,Woodhaven,4747,2889,710,1139,450,47770,810,,4896,3232,465,1242,585,52056,1444,,-0.365001899,0.057245132,0.162,0.089721583,0.782716049,,-1.027014416,-1.517741373,-0.579385178,0.338565015
36081000600,Woodhaven,3727,2185,744,833,253,45000,813,,4208,2629,342,1139,439,74042,1423,,-0.592866506,0.211050865,0.442,0.645377778,0.750307503,,-0.127706185,-1.143068873,-0.220780146,0.690823446
36081000700,Hunters Point-Sunnyside-West Maspeth,4121,2936,2033,1349,1117,43286,785,,5928,4736,3557,1658,3415,141827,1888,,0.216300558,-0.145588675,0.895,2.276509726,1.405095541,,2.062534316,0.904757912,2.147454518,3.371611968
36081000800,Woodhaven,3176,1960,1020,804,314,48723,842,,3728,2434,516,981,628,66406,1486,,-0.569022974,0.039483377,0.611,0.362929212,0.764845606,,-0.477665925,-1.382356526,-0.376861101,0.624158619
36081001000,Woodhaven,3170,2016,945,615,273,51152,832,,3890,2413,510,898,456,72794,1512,,-0.560207288,0.189901143,0.396,0.423091961,0.817307692,,-0.305502573,-1.360121434,-0.391725444,0.549569878
36081001200,Woodhaven,3797,2474,1575,791,596,50000,756,,4727,3169,1018,1004,675,66815,1457,,-0.480814907,0.019558675,-0.116,0.3363,0.927248677,,-0.984962469,-1.681853592,-0.689185858,0.323354941
36081001400,Woodhaven,3268,2312,1494,704,428,55064,828,,3810,2541,616,884,493,65313,1670,,-0.646338987,0.077052016,0.048,0.186128868,1.016908213,,-0.941914832,-1.436430556,-0.520725122,0.390516311
36081001600,Woodhaven,2760,1693,843,552,206,54139,747,,2967,2063,281,825,493,65298,1389,,-0.689922481,0.390293225,0.964,0.206117586,0.859437751,,-0.014263927,-1.259997483,-0.306973368,0.651330233
36081001800,Woodhaven,2723,1669,992,697,224,55909,811,,3224,2065,400,626,415,67417,1340,,-0.659434283,-0.24143262,0.497,0.205834481,0.652281134,,-1.491427279,-1.871419466,-0.867697019,0.098309472
36081001900,Hunters Point-Sunnyside-West Maspeth,955,687,430,262,231,44505,630,,1850,1533,947,907,1197,163452,2762,,0.136876179,0.787053848,1.322,2.672665993,3.384126984,,5.023268251,1.89348264,3.05646407,4.195064563
36081002000,Woodhaven,1434,1008,439,410,130,71071,791,,2019,1388,279,449,383,90694,1600,,-0.548609395,-0.222186787,1.140,0.276104178,1.022756005,,-0.308483766,-1.593401915,-0.594656558,0.412996356
36081002200,Woodhaven,2307,1590,789,565,357,57500,755,,2220,1491,407,452,316,78179,1346,,-0.463941698,-0.168648649,-0.056,0.359634783,0.782781457,,-1.352622699,-1.66989446,-0.767262991,0.138393541
36081002400,Richmond Hill,2328,1518,568,571,400,49907,773,,2249,1695,255,603,383,61625,1426,,-0.535286418,0.093137327,-0.142,0.234796722,0.844760673,,-1.201861374,-1.741496504,-0.73766776,0.287001297
36081002500,Queensbridge-Ravenswood-Long Island City,6417,3399,177,1212,183,13797,261,,6592,4310,85,1304,181,18047,339,,-0.532522729,0.047345117,-0.220,0.308037979,0.298850575,,-2.137139909,-1.310641376,-0.211775648,0.901847604
36081002600,Richmond Hill,1967,1220,684,435,250,48542,760,,2503,1559,364,553,499,81979,1179,,-0.581795413,-0.000968034,0.562,0.688826171,0.551315789,,-0.552280955,-1.748851376,-0.723601168,0.328370695
36081002800,Richmond Hill,3164,2017,823,838,211,41213,761,,3384,2049,410,977,291,64559,1333,,-0.53421002,0.090075718,0.358,0.566471744,0.751642576,,-0.3779512,-1.602045556,-0.723570766,0.156372498
36081003000,Woodhaven,1330,858,495,344,172,63056,834,,1442,904,265,306,282,48897,1391,,-0.506227322,-0.179555204,0.556,-0.224546435,0.667865707,,-1.859781892,-2.179429565,-1.195349707,-0.183880451
36081003100,Queensbridge-Ravenswood-Long Island City,1872,1212,487,517,255,34519,730,,1032,730,269,253,227,56042,1461,,0.001957882,-0.112320633,0.478,0.623511689,1.001369863,,0.137816768,-0.759027258,0.376794369,1.492675955
36081003200,Woodhaven,1501,949,560,388,135,51087,811,,1690,1057,237,413,224,67847,1527,,-0.624115596,-0.054607149,0.490,0.328067806,0.882860666,,-0.657603808,-1.495531123,-0.632241331,0.261517006
36081003300,Queensbridge-Ravenswood-Long Island City,2140,1293,319,644,291,35264,749,,2922,2349,933,1287,1050,53182,1785,,1.142024937,0.463612943,0.986,0.508110254,1.38317757,,1.879098448,0.297430711,1.17142764,2.070468675
36081003400,Woodhaven,2145,1215,472,473,120,41023,785,,2573,1669,372,561,297,76750,1472,,-0.342965081,-0.011243775,0.802,0.870901689,0.875159236,,0.430853728,-0.953536613,-0.059419981,0.803715314
36081003600,Woodhaven,3362,2008,775,788,127,46483,851,,3830,2479,524,988,709,75000,1323,,-0.406489346,0.10060039,3.522,0.613493105,0.554641598,,0.991761204,-0.765335617,0.217721006,1.167221708
36081003800,Woodhaven,2230,1498,857,583,206,43257,758,,2520,1561,361,561,370,60000,1337,,-0.627238799,-0.148472597,0.724,0.387058742,0.763852243,,-0.722863585,-1.366855425,-0.484863851,0.386887507
36081003900,Queensbridge-Ravenswood-Long Island City,1499,906,307,416,89,36103,808,,1658,1167,564,470,412,41106,1545,,0.660954881,0.021460634,2.594,0.138575742,0.912128713,,0.981342573,-0.270562559,0.958328875,2.163995665
36081004001,Woodhaven,1772,1165,767,415,90,50859,735,,2267,1570,471,604,394,67568,1350,,-0.520003865,0.137630008,2.248,0.328535756,0.836734694,,0.627670011,-0.939756369,-0.040565263,0.887132607
36081004002,Ozone Park,1251,746,477,288,74,33092,745,,1639,1037,140,483,226,67321,1374,,-0.775979371,0.280067877,1.197,1.034358757,0.844295302,,0.69332646,-0.946152499,0.002015091,0.98683817
36081004200,Woodhaven,3740,2371,910,998,234,37132,754,,4496,2646,376,972,471,51250,1403,,-0.656290329,-0.189820923,0.804,0.380211139,0.860742706,,-0.652797201,-1.161969766,-0.287083297,0.589527716
36081004300,Queensbridge-Ravenswood-Long Island City,2434,1464,312,431,48,20000,289,,2660,1709,205,589,270,31293,601,,-0.398773376,0.25048061,3.819,0.56465,1.079584775,,1.921693932,0.287771185,1.356456154,2.420014901
36081004401,Ozone Park,3172,1954,856,681,183,37211,848,,3872,2437,399,979,446,48882,1274,,-0.618146337,0.177696569,0.954,0.313643815,0.502358491,,-0.556256641,-1.340974466,-0.383446041,0.565010865
36081004500,Astoria,3165,2557,1846,539,904,65288,520,,3290,2715,1707,662,1401,99583,1470,,-0.110430998,0.181536223,0.460,0.525287955,1.826923077,,1.231238976,0.21007081,1.102204687,1.998698947
36081004700,Astoria,4436,2950,1067,881,480,29390,470,,3910,2685,997,1026,768,31447,682,,0.060096789,0.321253749,0.758,0.069989792,0.45106383,,-0.492113629,-0.689549608,0.319624125,1.316794871
36081005100,Queensbridge-Ravenswood-Long Island City,2670,1787,735,909,403,35183,773,,2001,1454,398,705,557,38375,1428,,-0.277463309,0.0348786,0.699,0.090725635,0.847347995,,-0.444978649,-0.721746617,0.221986295,1.159070759
36081005200,Woodhaven,2252,1380,576,538,187,34886,841,,2769,1823,382,866,474,63036,1430,,-0.460630593,0.30912479,0.919,0.806913948,0.700356718,,0.543901722,-0.903414251,0.090793761,1.102646104
36081005300,Astoria,5966,4233,2926,1997,1327,41591,812,,4666,3812,2069,1582,2459,81875,1468,,-0.0958829,0.012900834,1.058,0.968574932,0.807881773,,0.763561334,0.018170374,0.818898076,1.632325088
36081005400,Ozone Park,5241,3360,2243,1293,376,51081,697,,5200,3534,1188,1228,887,68125,1492,,-0.466176138,-0.042782438,1.243,0.333666138,1.140602582,,0.33716571,-0.93700628,-0.03375443,0.890352593
36081005500,Queensbridge-Ravenswood-Long Island City,1218,724,277,460,92,40000,802,,933,696,284,289,273,70298,1353,,0.338456359,-0.179826646,2.087,0.75745,0.687032419,,0.77431657,-0.400089019,0.626932904,1.62964006
36081005700,Astoria,4904,3278,1847,1584,807,38813,747,,4084,3145,1644,1619,1450,45897,1491,,0.068807877,0.22731601,0.873,0.182516167,0.995983936,,0.416851981,-0.401135325,0.54630333,1.473357822
36081005800,Ozone Park,5569,3878,3385,1304,419,57143,852,,5921,4188,1620,1157,959,81964,1362,,-0.54986944,-0.165477742,1.119,0.434366414,0.598591549,,-0.599937929,-1.434883248,-0.497018191,0.485835543
36081005900,Astoria,4916,3488,2353,1525,914,49028,784,,4315,3586,2425,1606,1621,76538,1723,,0.174142721,0.199794237,0.725,0.561107938,1.197704082,,1.00682799,-0.091774431,0.876176946,1.820013173
36081006100,Astoria,6749,4892,3516,2558,1637,36434,782,,5757,4777,3106,2202,2613,62413,1589,,0.035608923,0.009159872,0.635,0.713042762,1.031969309,,0.590076826,-0.248034072,0.738521188,1.685400193
36081006201,Lindenwood-Howard Beach,3071,2384,2360,523,492,52454,851,,6202,4799,3640,739,1459,76282,1166,,-0.236274247,-0.300333945,0.473,0.454264689,0.370152761,,-1.43297688,-2.10612071,-0.967572226,0.15940121
36081006202,Lindenwood-Howard Beach,8610,6679,6546,1470,1362,52338,848,,7083,4751,3723,973,1126,55508,1480,,-0.308642076,-0.19539743,0.162,0.060567847,0.745283019,,-1.487957848,-1.535638169,-0.676869915,0.188808041
36081006300,Astoria,7029,5091,3562,2332,1413,36004,818,,5204,4404,2958,2421,2462,63355,1496,,0.121658134,0.402240475,1.014,0.759665593,0.828850856,,1.157349813,0.025300981,0.937930368,1.849490537
36081006501,Astoria,3698,2615,1984,1314,751,42619,772,,3418,2863,2470,1616,1795,62734,1550,,0.346945842,0.330579536,1.183,0.471972594,1.007772021,,1.196460215,-0.055507158,0.94666023,1.957116184
36081006502,Astoria,5092,3600,2733,1818,1035,42619,772,,4161,3295,1957,1697,1740,62273,1620,,-0.123722071,0.142295965,0.837,0.461155823,1.098445596,,0.664892957,-0.281968919,0.633793911,1.537930733
36081006900,Old Astoria,4508,3103,1782,1571,686,33533,774,,4527,3746,2142,1643,1577,52829,1580,,0.196975275,0.041441288,0.904,0.575433155,1.041343669,,0.764018769,-0.231691983,0.730546607,1.673143653
36081007100,Old Astoria,4572,3241,2286,1764,796,38259,843,,3813,3105,2077,1846,1751,82857,1728,,0.089430894,0.254794286,1.296,1.165686505,1.049822064,,1.757257401,0.16198828,1.075739141,1.974186647
36081007300,Old Astoria,4881,3694,2578,1814,1402,46467,811,,4058,3481,2025,1570,1904,47008,1684,,-0.055202187,0.041020147,0.441,0.011642671,1.076448829,,-0.360918409,-0.456174715,0.48726975,1.451208878
36081007500,Astoria,4518,3472,2443,1277,985,39205,699,,4492,3662,2193,1329,1915,122243,1557,,-0.097137441,0.046744199,0.843,2.118046168,1.227467811,,1.930338461,0.348322388,1.239284333,2.134752937
36081007700,Astoria,1349,923,453,370,188,46563,780,,1596,1234,696,679,675,86364,1916,,0.298643961,0.551126126,1.686,0.854777398,1.456410256,,2.53008478,0.612424205,1.572592343,2.53071015
36081007900,Old Astoria,3356,2122,1060,1100,465,40192,735,,3384,2366,1106,983,977,51705,1512,,0.034762924,-0.113757791,0.884,0.28645004,1.057142857,,0.139681189,-0.235793132,0.70139783,1.648474576
36081008100,Old Astoria,1092,558,236,278,103,36667,936,,1389,1005,439,414,416,92386,1827,,0.462422667,0.170781733,1.242,1.519595276,0.951923077,,1.881171208,0.370354601,1.396244658,2.404818465
36081008300,Old Astoria,3118,1918,934,942,363,37596,767,,3143,2042,1093,1049,786,47108,1341,,0.160927277,0.104730426,1.034,0.253005639,0.748370274,,0.171664754,-0.340933991,0.616762683,1.558595498
36081008500,Queensbridge-Ravenswood-Long Island City,1218,692,377,245,105,39430,753,,1129,773,443,246,331,42955,1411,,0.267697758,0.083234215,1.822,0.089398935,0.873837981,,0.529160526,-0.276757265,0.727058407,1.722150151
36081008600,Ozone Park,2699,1799,1510,735,190,52688,775,,3030,1974,781,698,381,80096,1348,,-0.539282889,-0.154081857,0.827,0.520194352,0.739354839,,-0.454461544,-1.354331791,-0.420548971,0.533717236
36081008700,Old Astoria,4510,2254,233,868,135,18957,312,,5196,2885,364,1229,502,30439,582,,0.355978683,0.22896512,1.905,0.605686554,0.865384615,,1.398848607,-0.004961749,1.111112874,2.232511574
36081008800,Ozone Park,3004,2047,2163,591,271,51117,760,,3691,2281,1243,575,577,86222,1407,,-0.532296637,-0.208162169,0.911,0.68675783,0.851315789,,-0.169787761,-1.389308638,-0.438659608,0.499499285
36081009100,Old Astoria,2799,2039,1497,851,720,44792,793,,2600,2045,1424,757,857,56094,1752,,0.02404193,-0.04237413,0.187,0.252321843,1.209331652,,-0.192870983,-0.749693487,0.341253283,1.419610691
36081009400,South Ozone Park,3081,1825,537,830,230,41997,740,,2922,1936,208,619,515,51976,1390,,-0.59158608,-0.213635239,1.111,0.23761221,0.878378378,,-0.581770632,-1.501175523,-0.605342868,0.286088967
36081009500,Steinway,2647,1889,1737,823,478,42829,843,,2520,1915,1779,779,1032,79853,1734,,0.075795022,-0.005760478,1.130,0.864460996,1.056939502,,1.079748157,-0.129091876,0.862061434,1.853054741
36081009600,South Ozone Park,3378,2008,592,834,242,39375,833,,4024,2650,285,974,697,90380,1613,,-0.595866524,-0.019619692,1.182,1.295365079,0.93637455,,0.856672783,-1.162921175,-0.084051831,0.997985894
36081009700,Steinway,3619,2701,2747,1041,888,65515,856,,3593,2868,2694,1214,1721,104375,1753,,-0.012197098,0.174625225,0.825,0.593146608,1.047897196,,0.831472683,-0.330671079,0.757959818,1.807560492
36081009800,South Ozone Park,2918,1778,308,738,275,46406,807,,2844,1930,77,505,386,45167,1385,,-0.743495077,-0.297913355,0.293,-0.026699134,0.716232962,,-2.161638424,-2.106879246,-1.235979209,-0.389364503
36081010000,South Ozone Park,3475,2210,708,817,258,57074,776,,4798,3522,75,932,729,51211,1315,,-0.923277531,-0.173793854,0.773,-0.102726285,0.694587629,,-2.187460425,-2.389745094,-1.350238464,-0.346911611
36081010100,Steinway,2995,2127,2127,899,668,60217,857,,2695,2044,1798,948,967,63295,1573,,-0.060579021,0.171889607,0.506,0.051115134,0.835472579,,-0.371586363,-0.830135678,0.2386605,1.326971507
36081010200,South Ozone Park,2748,1809,560,602,301,48827,746,,3132,2069,212,851,422,57535,1387,,-0.667843459,0.240303713,0.226,0.178343949,0.85924933,,-0.775186279,-1.756783641,-0.787521539,0.160919139
36081010300,Steinway,4847,3506,3006,1321,974,40243,752,,3863,2972,2537,1400,1504,58750,1471,,0.058960602,0.32976081,0.822,0.459881222,0.956117021,,0.789526188,-0.271382864,0.72983665,1.730912089
36081010400,South Ozone Park,3481,2160,452,901,276,45147,744,,3320,2475,201,821,401,79300,1309,,-0.533744935,-0.044602049,0.268,0.756484373,0.759408602,,-0.459971285,-1.796180704,-0.718025897,0.368695241
36081010500,Steinway,4705,3099,1858,1088,563,29327,733,,4012,2873,1923,731,994,55375,1472,,0.213758482,-0.212070819,0.904,0.888191769,1.008185539,,0.613311658,-0.527793055,0.673251436,1.87213339
36081010600,South Ozone Park,3482,2180,318,897,169,46932,759,,3939,2697,135,1076,445,61940,1210,,-0.624725172,0.060382653,1.128,0.319781812,0.594202899,,-0.461235449,-1.423687589,-0.571396053,0.265956024
36081010800,Richmond Hill,2996,1894,447,804,248,55781,860,,3504,2327,137,846,356,54329,1508,,-0.737946023,-0.100311797,0.168,-0.026030369,0.753488372,,-1.859697193,-2.252983808,-1.249095975,-0.2749685
36081011000,Richmond Hill,3101,1825,514,896,164,47132,840,,3635,2353,354,662,327,59531,1431,,-0.412459925,-0.369699966,0.546,0.263069677,0.703571429,,-1.339764789,-1.975826499,-1.023926075,-0.073918983
36081011100,Steinway,3145,2303,2076,915,602,46389,879,,3413,2408,1776,1211,1245,82188,1739,,-0.211684667,0.219571904,0.978,0.771713122,0.978384528,,0.977016068,-0.272849299,0.799829153,1.872821321
36081011200,Richmond Hill,2233,1346,565,570,173,46000,775,,2202,1544,468,433,332,48519,1259,,-0.160020255,-0.229656453,0.673,0.05476087,0.624516129,,-1.199891224,-1.710468427,-0.8380386,0.050278162
36081011300,Steinway,5256,3629,2768,1499,989,38950,738,,4295,3342,2140,1518,1487,62054,1485,,-0.053893827,0.2392597,0.633,0.593170732,1.012195122,,0.711056953,-0.30077936,0.577286773,1.461502069
36081011400,Richmond Hill,1160,733,331,323,86,33462,820,,1150,705,147,221,43,45179,1370,,-0.552029423,-0.309839817,-0.480,0.350158389,0.670731707,,-2.605207172,-2.26445433,-1.336404218,-0.41601888
36081011500,Steinway,2824,2041,1791,904,557,36570,797,,2249,1847,1236,1137,1121,103293,1543,,-0.133441031,0.579309585,1.224,1.824528302,0.936010038,,2.251594304,0.242517089,1.164482237,2.123672406
36081011600,Richmond Hill,2086,1308,458,563,60,43438,881,,2335,1655,245,509,293,63235,1338,,-0.522109909,-0.192324691,2.859,0.455753027,0.518728717,,0.021423635,-1.494968457,-0.587266415,0.315059734
36081011700,Steinway,4147,3011,2826,1447,933,51425,881,,3841,3042,2428,1731,1384,90938,1548,,-0.072388225,0.29157094,0.468,0.768361692,0.757094211,,0.472258166,-0.50422577,0.450773945,1.420422499
36081011800,Richmond Hill,2370,1460,374,554,201,38487,795,,2757,1714,349,790,384,53482,1629,,-0.197831868,0.22582622,0.627,0.389612077,1.049056604,,0.441513906,-1.319221684,-0.394840736,0.506080571
36081011900,Steinway,1915,1379,1272,570,480,42841,768,,1576,1270,950,626,616,51786,1574,,-0.092494932,0.334479918,0.393,0.208795313,1.049479167,,0.203292585,-0.808034338,0.247303236,1.316962781
36081012000,Richmond Hill,2599,1603,269,544,286,53295,702,,2681,1845,75,678,524,41389,1306,,-0.729717175,0.208203973,0.592,-0.223398067,0.86039886,,-1.250783196,-1.524750374,-0.717114388,0.082504224
36081012100,Steinway,2571,1886,1948,713,628,58724,859,,2268,1757,1450,818,717,53828,1529,,-0.156202807,0.300537263,0.226,-0.083373067,0.779976717,,-0.815368055,-1.125414424,-0.125140545,0.836888702
36081012200,Richmond Hill,3100,1921,570,862,296,37829,781,,3373,2176,208,828,518,58929,1268,,-0.66462257,-0.117187602,0.545,0.557773137,0.623559539,,-0.863384922,-1.668980745,-0.706467096,0.263134719
36081012301,Steinway,3191,2312,2457,801,570,50935,854,,2741,2104,1755,902,949,98750,1715,,-0.168447386,0.310967092,0.830,0.93874546,1.008196721,,1.193078331,-0.416823711,0.578719279,1.605747665
36081012400,Richmond Hill,3046,1863,649,875,291,45110,777,,3261,1948,169,774,411,59118,1344,,-0.756767778,-0.173748981,0.351,0.310529816,0.72972973,,-1.390051724,-1.806463502,-0.891809831,0.038047968
36081012500,Steinway,2185,1612,1416,732,528,58684,840,,1851,1475,997,728,699,64250,1553,,-0.168854749,0.173992496,0.447,0.094846977,0.848809524,,-0.38855692,-0.331019724,0.45397298,1.271117721
36081012601,Richmond Hill,2448,1465,559,570,248,46250,878,,2798,1716,194,749,338,59440,1406,,-0.696363746,0.149663293,0.164,0.285189189,0.601366743,,-1.211981057,-1.82393708,-0.896052039,0.058348571
36081012602,Richmond Hill,2515,1572,526,690,298,51339,737,,2628,1751,265,413,345,63875,1411,,-0.51786045,-0.427186045,0.039,0.244180837,0.914518318,,-1.797287167,-2.152177563,-1.218612617,-0.266548163
36081012800,Richmond Hill,2080,1342,893,447,304,58750,790,,2389,1513,704,481,578,60278,1384,,-0.313614049,-0.063118338,0.686,0.026008511,0.751898734,,-0.850766511,-1.836557753,-0.827675503,0.192093838
36081013000,Richmond Hill,1734,1163,791,378,296,39914,734,,1620,1189,509,342,517,71731,1444,,-0.311228169,-0.031569665,0.708,0.797138849,0.967302452,,0.405985097,-1.262200769,-0.247963386,0.784240663
36081013200,Richmond Hill,1721,1145,949,343,396,44489,766,,2604,1563,1017,620,594,64766,1397,,-0.291736876,0.194641122,0.099,0.455775585,0.823759791,,-0.343744713,-1.514614127,-0.547248456,0.429820194
36081013400,Kew Gardens,5522,4086,3451,1413,1680,41538,819,,5616,4167,2925,1285,1850,58457,1469,,-0.166606298,-0.105809052,0.080,0.407313785,0.793650794,,-0.817606871,-1.558024444,-0.622241658,0.334587981
36081013500,Steinway,1731,1351,1449,423,431,57500,836,,1447,1067,1139,321,364,88000,1421,,-0.059662241,-0.09219368,0.069,0.530434783,0.699760766,,-0.749364509,-1.401340267,-0.31075201,0.762866202
36081013600,Kew Gardens,2315,1574,1261,596,551,58906,794,,1935,1526,1142,308,702,102250,1374,,0.08348036,-0.381735255,0.314,0.735816385,0.730478589,,-0.749950228,-1.668597457,-0.603355373,0.483325336
36081013700,Steinway,1373,1060,1152,439,280,57813,794,,1842,1316,1201,590,691,69625,1847,,-0.222909786,0.001770879,0.988,0.204313909,1.326196474,,0.453989178,-0.570918334,0.292245433,1.143029856
36081013800,Kew Gardens,3596,2425,1591,952,854,46932,822,,3609,2470,1217,778,1141,62066,1343,,-0.237827632,-0.185716847,0.312,0.322466547,0.633819951,,-1.081343562,-1.561802213,-0.620562013,0.349593036
36081014000,Kew Gardens,4153,2588,2393,1126,990,45792,841,,3890,2519,2053,996,1068,88179,1533,,-0.08407781,-0.055649363,0.108,0.925642034,0.822829964,,-0.115665089,-1.223864454,-0.377446222,0.46165546
36081014100,Astoria,2010,1348,1154,606,218,32356,780,,1755,1365,808,749,512,66125,1425,,-0.198092106,0.415559505,1.319,1.043670417,0.826923077,,1.440790966,-0.252259729,0.76009128,1.779990063
36081014201,Richmond Hill,4374,2529,290,1076,281,33289,794,,4219,2627,157,1256,373,55347,1404,,-0.438731191,0.210170665,0.278,0.662621286,0.768261965,,-0.098339223,-1.313875375,-0.328802888,0.704378816
36081014202,Richmond Hill,2874,1967,293,651,223,36964,818,,2739,1896,172,794,311,70163,1590,,-0.384035677,0.279776837,0.447,0.89814414,0.943765281,,0.62314837,-0.843540195,-0.00578528,0.812577176
36081014300,Astoria,4509,3226,2258,1386,743,39271,777,,4205,3150,2045,1461,1241,65598,1460,,-0.028856048,0.130319502,0.711,0.670392911,0.879021879,,0.554617938,-0.479825286,0.476841618,1.426022941
36081014400,Richmond Hill,2044,1288,421,559,275,43889,895,,2223,1478,29,592,303,49792,1426,,-0.936663023,-0.026241352,-0.040,0.134498394,0.593296089,,-2.547467406,-2.096425917,-1.13963769,-0.204212331
36081014500,Astoria,2204,1574,1493,577,378,48167,781,,2197,1721,1528,645,821,47379,1623,,0.026703588,0.121412608,0.986,-0.016359748,1.078104994,,0.139074253,-0.836805665,0.218843858,1.244399438
36081014700,Astoria,3219,2354,2470,1108,613,54310,835,,3227,2574,2186,957,1202,81719,1504,,-0.117173795,-0.138422818,0.793,0.504676855,0.801197605,,-0.101193775,-0.654940559,0.202510992,1.09102533
36081014800,Richmond Hill,2272,1316,162,537,78,36667,816,,2051,1315,97,435,213,62917,1526,,-0.336716206,-0.102658738,1.733,0.715902583,0.870098039,,0.661528131,-0.895043644,0.063760895,1.014220142
36081014900,Astoria,3186,2160,1743,967,441,41818,882,,2228,1705,1349,881,689,75151,1553,,0.10673883,0.302806808,0.979,0.797096944,0.760770975,,0.963088725,-0.270669177,0.724285093,1.741032909
36081015000,Richmond Hill,2633,1621,206,570,144,37930,812,,3017,2018,94,682,440,76382,1431,,-0.601767975,0.044203316,1.454,1.013762194,0.762315271,,0.647564905,-0.790676996,0.252470806,1.307415562
36081015100,Astoria,3033,2112,1738,970,592,47770,799,,2435,2100,1786,1196,1088,79792,1479,,0.279985728,0.53579373,0.848,0.670337032,0.85106383,,1.187815017,-0.374148688,0.633318211,1.654214872
36081015200,Richmond Hill,2484,1459,109,559,92,46471,690,,3067,2112,137,973,509,61298,1622,,0.017962746,0.409739433,2.822,0.319059198,1.350724638,,2.060654399,-0.46331908,0.375312749,1.230972848
36081015300,Astoria,2511,1853,1397,796,359,42072,770,,2029,1598,968,836,735,58500,1572,,-0.142481266,0.299744162,1.374,0.390473474,1.041558442,,1.017262251,-0.354260133,0.607110924,1.564578364
36081015400,Richmond Hill,2423,1574,172,720,229,43500,761,,2521,1777,98,687,439,64327,1369,,-0.452381392,-0.082925096,0.698,0.478781609,0.798948752,,-0.314968102,-1.225176869,-0.233606166,0.776935406
36081015500,Astoria,2614,1752,1279,761,361,41250,824,,2499,1956,1428,1029,937,52273,1568,,0.167876689,0.414392827,1.325,0.267224242,0.902912621,,0.929462193,-0.112068736,0.690457135,1.503581279
36081015600,Richmond Hill,3578,2148,300,957,251,39200,795,,3365,2243,159,877,406,58250,1460,,-0.436451709,-0.025587328,0.549,0.485969388,0.836477987,,-0.268860444,-1.226565326,-0.269742534,0.68255156
36081015700,Astoria,1486,1029,345,564,161,31513,776,,1508,1059,610,523,377,48015,1391,,0.742321147,-0.086223357,1.275,0.523656904,0.792525773,,0.58573042,-0.416477239,0.575268434,1.571753648
36081015801,South Ozone Park,4397,2683,205,1007,244,40776,734,,3680,2381,22,798,269,65915,1463,,-0.871773595,-0.053148072,0.242,0.616514616,0.993188011,,-0.874209168,-1.452479126,-0.574591131,0.289425691
36081015802,South Ozone Park,4051,2472,189,927,225,40776,734,,4862,3540,276,1192,669,73563,1467,,0.216730981,0.071380678,1.076,0.804075927,0.998637602,,1.088856922,-0.821961607,0.18053378,1.190699395
36081015900,Astoria,4754,3469,2850,1525,719,36773,785,,3932,3141,2234,1234,1407,40147,1426,,-0.052271421,-0.021657355,1.161,0.091752101,0.81656051,,-0.150840602,-0.899966536,0.170467653,1.229183617
36081016100,Astoria,3040,1997,988,1073,324,42388,840,,2556,1729,833,800,569,51339,1600,,0.002768749,-0.113246321,1.028,0.211168255,0.904761905,,-0.066602981,-1.080527276,0.047338725,1.134675073
36081016300,Astoria,4470,2670,812,891,269,28076,365,,3788,2922,566,1015,336,29008,555,,-0.177458243,0.344268095,0.141,0.033195612,0.520547945,,-1.054372586,-1.193924533,-0.271935893,0.630109049
36081016400,South Ozone Park,3607,2273,199,975,271,55565,779,,3828,2484,89,1107,318,76563,1474,,-0.578583881,0.069836026,0.074,0.377899757,0.892169448,,-0.75909916,-1.543254862,-0.522827062,0.468064683
36081016600,South Ozone Park,3723,2287,236,851,310,45982,808,,3625,2281,82,1030,381,74375,1279,,-0.643149036,0.243061712,0.232,0.617480753,0.582920792,,-0.611891258,-1.493369769,-0.548283183,0.423748541
36081016800,South Ozone Park,2827,1837,314,668,187,45757,721,,3235,2263,96,906,224,80032,1334,,-0.732826667,0.1852317,-0.028,0.749065717,0.850208044,,-0.592143635,-1.323143579,-0.433043643,0.441688753
36081016900,Hunters Point-Sunnyside-West Maspeth,5579,4159,2793,1577,1503,48632,803,,5779,4478,2451,1216,2194,66703,1544,,-0.152819321,-0.255601398,0.356,0.37158661,0.922789539,,-0.671963155,-1.444826266,-0.465829643,0.525776555
36081017000,South Ozone Park,2196,1364,43,489,146,50660,697,,2790,1978,69,675,356,59318,1261,,0.263015754,0.086483277,0.681,0.170904066,0.809182209,,-0.078640928,-1.365866648,-0.401911444,0.544436928
36081017200,South Ozone Park,2133,1344,39,408,152,43041,806,,2333,1604,56,432,308,71714,1145,,0.312802928,-0.03194574,0.698,0.66617876,0.420595533,,-0.234978348,-1.325256634,-0.339790235,0.664011515
36081017400,South Ozone Park,2047,1242,36,398,141,57778,724,,2564,1753,35,489,319,72361,1341,,-0.223814786,-0.019098025,0.603,0.252397106,0.852209945,,-0.334592174,-1.196575754,-0.240219953,0.700511812
36081017600,South Ozone Park,2116,1276,61,438,122,42873,750,,2408,1585,45,583,260,63750,1559,,-0.351750994,0.169643805,0.716,0.486949829,1.078666667,,0.48992675,-0.741337004,0.192573308,1.150438231
36081017800,South Ozone Park,1967,1291,28,442,160,51374,437,,2214,1417,22,521,163,49883,1447,,-0.301942186,0.047230295,-0.072,-0.029022463,2.311212815,,0.042034715,-0.994502262,-0.118491626,0.755263684
36081017900,Hunters Point-Sunnyside-West Maspeth,1147,824,383,337,145,28500,708,,979,734,344,312,259,45250,1402,,0.052301997,0.084689458,1.005,0.587719298,0.980225989,,0.770723908,-0.4228154,0.63961297,1.697453977
36081018000,South Ozone Park,954,580,33,268,62,57250,679,,1486,841,198,303,106,55804,1333,,2.851951548,-0.274165846,0.179,-0.025257642,0.963181149,,-0.72226072,-1.302107585,-0.398678666,0.503274832
36081018101,Hunters Point-Sunnyside-West Maspeth,4497,3325,1742,1308,828,40183,749,,3727,2883,1216,863,937,40946,1357,,-0.15773468,-0.203901975,0.305,0.018988129,0.811748999,,-1.248501794,-1.447883839,-0.393852261,0.665096366
36081018102,Hunters Point-Sunnyside-West Maspeth,4418,3267,1712,1292,814,40183,749,,3683,3103,1951,1030,1390,73223,1455,,0.367028289,-0.043689986,0.798,0.82223826,0.94259012,,0.740714733,-0.79587113,0.363402085,1.504885564
36081018200,Baisley Park,2220,1290,5,484,219,39112,785,,2602,1824,30,670,343,66950,1423,,4.119139124,0.181068599,0.108,0.711750869,0.812738854,,0.761819249,-0.6120721,0.308555801,1.219535847
36081018300,Hunters Point-Sunnyside-West Maspeth,6754,5068,2695,2032,1548,51234,790,,6475,4919,2648,1518,2233,66869,1470,,0.024897644,-0.220763384,0.486,0.305168443,0.860759494,,-0.56833278,-1.296174299,-0.282073898,0.720626657
36081018401,Baisley Park,2516,1338,29,501,115,30000,456,,2147,1420,1,501,223,66417,1293,,-0.959590768,0.171867722,0.827,1.2139,1.835526316,,0.842616139,-0.560640717,0.375448006,1.32978773
36081018402,Baisley Park,2203,1431,15,512,109,60357,744,,2440,1613,51,511,200,72232,1597,,2.069754098,-0.098894563,0.628,0.196746028,1.146505376,,0.444513206,-0.66560649,0.214905506,1.129026716
36081018501,Hunters Point-Sunnyside-West Maspeth,3867,2769,1555,1178,687,40435,794,,3777,2675,1375,930,1177,70142,1391,,-0.094685467,-0.191714393,0.773,0.734685297,0.751889169,,-0.034564635,-1.000688351,0.060591799,1.110360911
36081018502,Hunters Point-Sunnyside-West Maspeth,3862,2766,1554,1179,687,40435,794,,3491,2698,1623,1112,1179,71406,1585,,0.155393516,0.043406175,0.759,0.765945344,0.996221662,,0.784372598,-0.684943816,0.279442892,1.239805667
36081018600,Baisley Park,1802,1127,11,241,162,51256,967,,2063,1276,40,533,185,64265,1684,,2.176309875,0.931815851,0.009,0.253804433,0.741468459,,0.562816877,-0.630640855,0.263289114,1.161352189
36081018700,Hunters Point-Sunnyside-West Maspeth,3138,2313,1364,737,635,46603,793,,3077,2312,921,1018,978,84183,1384,,-0.311394158,0.408658542,0.541,0.806385855,0.745271122,,0.549083839,-0.755327371,0.263616077,1.268220322
36081018800,Baisley Park,1434,915,2,306,96,50417,711,,1493,985,8,412,191,85938,1349,,2.841929002,0.293198324,0.848,0.704544102,0.897327707,,1.50722512,-0.364777868,0.545297119,1.470944987
36081018900,Hunters Point-Sunnyside-West Maspeth,3547,2566,1015,890,631,37447,716,,3542,2685,1069,1032,964,64167,1511,,0.054688704,0.16118742,0.460,0.713541806,1.110335196,,0.7578433,-0.516767129,0.435956185,1.396321944
36081019000,Baisley Park,2288,1320,46,443,189,37550,705,,2437,1616,46,615,160,76681,1428,,-0.061140747,0.303382485,-0.309,1.042103862,1.025531915,,0.141551604,-0.918610485,-0.047498854,0.825533454
36081019200,Baisley Park,2104,1289,12,349,237,52892,822,,2092,1518,17,510,384,74643,1396,,0.424792862,0.469700373,0.376,0.411234213,0.698296837,,0.321273909,-0.920121385,-0.015104835,0.901291564
36081019400,South Jamaica,2910,1781,59,571,220,54759,861,,2549,1818,1,687,300,67446,1197,,-0.980650438,0.373547815,0.336,0.231687942,0.390243902,,-2.231795977,-1.965130621,-1.043321571,-0.127595756
36081019600,South Jamaica,2604,1597,31,543,288,45517,733,,2877,1800,24,609,333,71719,1296,,-0.299270073,0.015122797,0.026,0.575653053,0.768076398,,-0.620619323,-1.321105968,-0.489924712,0.352833009
36081019800,South Jamaica,2994,1731,81,779,180,27059,720,,3117,1816,16,711,247,37500,1249,,-0.810263905,-0.123307812,0.308,0.385860527,0.734722222,,-1.349284239,-1.961309064,-0.911963715,0.159289605
36081019900,Hunters Point-Sunnyside-West Maspeth,1317,949,345,591,45,19571,825,,888,706,154,320,48,78942,1260,,-0.337974931,-0.196963461,0.434,3.033621174,0.527272727,,0.596483469,-0.485657288,0.532736066,1.560558906
36081020200,South Jamaica,1712,1055,34,417,77,48742,907,,1675,1097,12,396,181,52305,1227,,-0.639262511,-0.029382583,1.261,0.073099175,0.352811466,,-1.267306276,-1.668006116,-0.771182215,0.094036347
36081020400,Jamaica,1936,1183,48,332,108,35768,615,,2307,1473,131,515,162,50536,1192,,1.290275972,0.301747954,0.205,0.412883024,0.938211382,,0.507932512,-1.206931259,-0.200114945,0.805658333
36081020500,Hunters Point-Sunnyside-West Maspeth,1248,747,464,327,96,42307,806,,1176,821,141,305,138,57813,1403,,-0.677515834,-0.010172876,0.308,0.366511452,0.740694789,,-0.960766615,-1.621034392,-0.463427357,0.704400879
36081020600,Jamaica,1912,1045,288,518,100,38085,806,,1930,1290,217,420,80,55962,1238,,-0.25355498,-0.196751155,-0.352,0.469397401,0.535980149,,-1.958341165,-2.024452405,-1.032311131,-0.042730391
36081020800,Jamaica,2574,1529,469,652,223,40718,747,,2847,1857,225,684,234,62692,1394,,-0.566258726,-0.051516934,-0.136,0.539663048,0.866131191,,-1.045982137,-1.391596135,-0.472431221,0.480329235
36081021200,Jamaica,2837,1723,176,707,61,27591,691,,2302,1644,139,626,319,42250,1177,,-0.026678876,0.091211504,4.481,0.531296437,0.703328509,,1.569726065,-0.483342313,0.535496844,1.552458949
36081021400,Briarwood-Jamaica Hills,6146,4099,1282,1391,903,45383,778,,6967,4690,671,1613,1707,56778,1448,,-0.538277285,0.022949002,0.652,0.251085208,0.861182519,,-0.449766883,-1.142511448,-0.253457933,0.615087052
36081021600,Kew Gardens,4969,3555,1743,1379,1037,46048,797,,4483,3255,1231,869,1504,65417,1567,,-0.217181783,-0.301517116,0.584,0.420626303,0.966122961,,-0.496212272,-1.166578766,-0.360747798,0.470814431
36081022001,Briarwood-Jamaica Hills,6158,4625,2597,1873,1615,47807,774,,6012,4788,1625,2236,2255,66552,1391,,-0.359082502,0.222798042,0.349,0.392097392,0.797157623,,-0.207630338,-1.401811917,-0.337848888,0.709452145
36081022002,Briarwood-Jamaica Hills,4972,3767,2166,1226,1501,51834,737,,6650,4990,2176,1750,2066,77997,1434,,-0.248878984,0.067227612,0.039,0.50474592,0.945725916,,-0.342946669,-1.341619922,-0.428642133,0.48541846
36081023000,Briarwood-Jamaica Hills,1734,1220,710,530,320,52008,752,,2274,1502,718,422,658,104063,1792,,-0.228875098,-0.392851098,0.670,1.000903707,1.382978723,,0.38070937,-1.11769842,-0.108090099,0.905288149
36081023200,Briarwood-Jamaica Hills,5019,3473,1176,1156,996,47718,792,,5271,3958,704,1184,1425,75625,1451,,-0.429980757,-0.024745309,0.255,0.58483172,0.832070707,,-0.423934409,-1.365188773,-0.334474263,0.670211536
36081023500,Hunters Point-Sunnyside-West Maspeth,8450,5303,1088,2662,636,36947,694,,8843,6168,685,2655,919,41938,1405,,-0.398384856,-0.046954669,0.242,0.135085393,1.024495677,,-0.745910932,-1.25962112,-0.358030769,0.565339921
36081023600,Briarwood-Jamaica Hills,2817,1831,387,608,423,46932,727,,2924,2034,242,726,539,54250,1490,,-0.397559889,0.150383172,0.147,0.155927725,1.049518569,,-0.506793721,-1.331784149,-0.444307279,0.489281376
36081023800,Jamaica,5272,3115,205,1635,234,29929,717,,4951,3440,172,1166,774,40795,1263,,-0.106577139,-0.240612807,1.995,0.36305924,0.761506276,,0.140018529,-1.166323598,-0.10744868,0.938839933
36081024000,Jamaica,5748,3537,226,1843,256,31875,714,,6402,4420,222,1641,778,37647,1346,,-0.118046628,-0.200562833,1.432,0.181082353,0.885154062,,-0.115961699,-1.170492486,-0.251069842,0.649968659
36081024300,Elmhurst-Maspeth,5325,3700,2059,1367,755,43397,801,,6346,4585,1792,1342,1050,64841,1615,,-0.269700164,-0.176234602,0.122,0.494135539,1.016229713,,-0.566800801,-1.406806685,-0.502342389,0.3871598
36081024500,Woodside,4608,3515,2469,1174,891,48211,698,,5770,4528,2088,1320,1431,69837,1463,,-0.324623319,-0.10206998,0.247,0.448569828,1.095988539,,-0.299725207,-1.519009656,-0.54105925,0.474797149
36081024700,Woodside,1442,1052,369,490,279,35000,766,,1504,1048,230,371,196,60938,1413,,-0.402388572,-0.274069149,-0.295,0.741085714,0.84464752,,-1.379878862,-1.874678026,-0.957356499,-0.053894425
36081024900,Woodside,5095,3851,1881,1469,1150,45877,800,,5043,3945,1409,1455,1365,55759,1496,,-0.243206457,0.00068276,0.159,0.215402053,0.87,,-0.742843416,-1.703392232,-0.749468169,0.200918214
36081025100,Woodside,5501,4011,1775,1569,935,41563,786,,6119,4429,1742,1298,1581,55333,1406,,-0.117710755,-0.256274041,0.531,0.331304285,0.788804071,,-0.728775893,-1.541043971,-0.601307667,0.307980364
36081025301,Hunters Point-Sunnyside-West Maspeth,4350,3041,1268,1397,824,35518,753,,3898,3193,1585,1174,1194,59191,1456,,0.394946126,-0.062180815,0.380,0.666507123,0.933598938,,0.236997313,-1.197492188,-0.119772478,0.950190413
36081025302,Hunters Point-Sunnyside-West Maspeth,3485,2436,1016,1126,661,35518,753,,3053,2414,673,827,577,49637,1408,,-0.243868494,-0.161615777,-0.119,0.397516752,0.869853918,,-1.116119984,-1.803305813,-0.751313568,0.327391361
36081025400,South Jamaica,6853,3764,28,1415,418,29640,421,,9155,5583,1,2198,737,43837,889,,-0.973265975,0.1627695,0.189,0.478981107,1.111638955,,-1.212158121,-1.346534958,-0.467432498,0.408679638
36081025500,Woodside,1808,1387,600,449,356,49353,841,,1471,1118,434,482,466,105446,1534,,-0.110954,0.319430292,0.624,1.136567179,0.824019025,,1.008200947,-0.830535163,0.14058451,1.093747752
36081025700,Woodside,1577,1142,459,450,341,40284,797,,1419,1096,352,305,321,73056,1359,,-0.147725929,-0.246754365,-0.019,0.81352398,0.705144291,,-0.890279012,-1.516559998,-0.606316823,0.297453927
36081025800,South Jamaica,1639,884,1,295,72,34808,747,,2405,1561,1,491,295,64000,1615,,-0.318503119,0.13428803,1.320,0.83865778,1.161981258,,1.280628161,-0.317810619,0.624149766,1.599224539
36081025900,Woodside,3362,2285,692,947,484,37308,783,,3524,2623,528,935,661,44861,1447,,-0.272069968,-0.058059563,0.190,0.202449877,0.848020434,,-0.862361784,-1.778925099,-0.795846269,0.202603101
36081026000,South Jamaica,1639,884,12,343,67,20625,457,,2425,1316,4,724,100,47656,1262,,-0.774707904,0.426631,0.003,1.310593939,1.761487965,,1.073932155,-0.535035158,0.461786474,1.474819686
36081026100,Woodside,7233,4788,958,2410,947,37064,720,,7139,4739,506,1543,1142,44576,1325,,-0.464861631,-0.351320809,0.218,0.202676452,0.840277778,,-1.524777251,-2.106032697,-1.10985236,-0.116902997
36081026200,South Jamaica,1176,703,49,256,73,58214,709,,1167,747,1,236,148,78875,1402,,-0.979434447,-0.071015424,0.908,0.354914625,0.977433004,,-1.340408191,-1.397025594,-0.444488511,0.495138388
36081026300,Woodside,5997,4032,851,1816,1058,36837,776,,6780,4682,566,1605,1400,55024,1437,,-0.411710325,-0.218257816,0.140,0.493715558,0.851804124,,-0.925834204,-1.830323084,-0.85922818,0.101929821
36081026400,South Jamaica,2177,1409,2,402,118,47337,372,,2643,1659,14,519,297,67500,1100,,4.765796443,0.063414483,1.138,0.425945877,1.956989247,,2.366218652,-0.131687726,0.727988626,1.59517758
36081026500,Elmhurst-Maspeth,4540,3176,392,1510,765,36607,782,,4213,3061,427,1107,1096,55462,1471,,0.173832695,-0.209985491,0.487,0.515065425,0.881074169,,-0.220539411,-1.560832237,-0.645215789,0.252947015
36081026600,South Jamaica,1771,1196,5,289,112,30515,370,,1907,1365,1,287,157,70250,567,,-0.814263241,-0.077743081,0.228,1.302146485,0.532432432,,-0.83806226,-1.342641647,-0.32901954,0.658376322
36081026700,Elmhurst,6415,4435,601,2131,1106,36021,745,,6229,4659,274,2075,848,44464,1337,,-0.53047965,0.002796896,-0.270,0.23439105,0.794630872,,-1.590500642,-1.933603332,-1.103534269,-0.25521019
36081026901,Elmhurst,6243,4158,368,1928,1010,35443,774,,5152,3756,132,1373,830,49271,1521,,-0.565346088,-0.137059229,-0.090,0.390147561,0.965116279,,-1.160946392,-1.933519431,-1.061686443,-0.201063773
36081026902,Elmhurst,4270,2844,252,1326,692,35443,774,,4363,3084,171,1320,845,47414,1230,,-0.335892734,-0.025744045,0.126,0.337753576,0.589147287,,-1.113978158,-2.185592555,-1.117173533,-0.059788225
36081027000,South Jamaica,1555,876,40,271,87,52143,723,,1999,1051,27,391,145,47614,1257,,-0.474924962,0.122341614,0.389,-0.086857296,0.738589212,,-1.146997572,-1.468355522,-0.557820511,0.33970379
36081027100,Elmhurst,8911,5662,673,2339,1148,35283,745,,8359,5638,398,1732,1308,60802,1322,,-0.369565275,-0.210613337,0.144,0.723266162,0.774496644,,-0.748083024,-1.918053924,-1.043450396,-0.193179404
36081027200,Baisley Park,2097,1410,24,598,104,40655,718,,2384,1560,8,636,170,55346,1154,,-0.706795302,-0.064490696,0.477,0.361357767,0.60724234,,-1.133591445,-1.635433873,-0.629076244,0.390452937
36081027300,Jackson Heights,9459,5588,431,2646,713,34631,783,,7991,5250,253,2161,588,38209,1305,,-0.305155945,-0.033261484,-0.122,0.103317837,0.666666667,,-1.609499892,-2.374635305,-1.471699669,-0.552600453
36081027400,Baisley Park,1841,1218,26,351,97,40588,824,,1722,1226,1,333,233,61750,1293,,-0.95888055,0.014279758,1.386,0.521385631,0.569174757,,-1.080931553,-1.625785974,-0.633956966,0.364381694
36081027500,Jackson Heights,7115,4596,904,1940,818,41056,795,,6907,5016,506,1887,642,41417,1345,,-0.423409431,0.001972077,-0.281,0.008792868,0.691823899,,-1.991247938,-2.530179081,-1.558988863,-0.606885497
36081027600,Baisley Park,1179,676,5,305,83,32941,959,,1198,863,4,316,132,61406,1608,,-0.212687813,0.019633816,0.246,0.864120701,0.676746611,,-0.179511372,-1.07786742,-0.170498522,0.726498061
36081027700,Jackson Heights,9360,6057,1242,2742,1028,38013,761,,7779,5691,670,1530,1030,43034,1286,,-0.350909453,-0.328608162,0.066,0.132086391,0.689881735,,-1.860358754,-2.422703303,-1.452850089,-0.504611095
36081027800,Baisley Park,2277,1284,1,405,80,29935,476,,2368,1485,1,541,202,55729,668,,-0.038429054,0.284468844,1.183,0.861666945,0.403361345,,0.509194228,-0.947641496,0.062884845,1.077234812
36081027900,Jackson Heights,6763,4672,1376,1771,1070,46195,770,,6541,4995,1082,1748,1104,49769,1395,,-0.186974691,0.020511975,-0.035,0.07736768,0.811688312,,-1.180559216,-2.106713294,-1.128516291,-0.167480776
36081028000,St. Albans,1733,1085,10,401,155,47885,818,,1926,1288,1,488,255,93167,1287,,-0.910020768,0.095009102,0.386,0.945640597,0.573349633,,-0.940383432,-1.272494189,-0.341888278,0.557103377
36081028100,Jackson Heights,6120,4453,1981,1443,1204,50614,770,,4462,3674,1081,1036,1510,55233,1273,,-0.251549514,-0.015274282,0.520,0.091259335,0.653246753,,-0.909331849,-1.896012501,-0.896640231,0.112202533
36081028200,St. Albans,1267,805,5.5,174,118,54323,806,,1790,1129,23,285,351,80313,1491,,1.959979685,0.159362358,1.121,0.478434549,0.849875931,,1.109533135,-0.61587771,0.390478148,1.390262921
36081028300,Jackson Heights,8241,5708,2202,2094,1229,37205,799,,7446,5716,1595,2083,2172,63933,1422,,-0.198321466,0.100954764,0.765,0.718398065,0.779724656,,0.385166778,-1.396335485,-0.438654953,0.487117804
36081028400,Baisley Park,3281,2057,23,645,299,53185,955,,4354,2648,37,1102,429,82742,1675,,0.212248607,0.287477611,0.115,0.5557394,0.753926702,,0.031088419,-1.023028875,-0.085202955,0.838176401
36081028500,Jackson Heights,4979,3795,2172,1223,1355,51321,733,,5152,3846,1755,894,1896,67875,1380,,-0.219121309,-0.293556662,0.381,0.322558017,0.882673943,,-0.87197257,-1.822666998,-0.871113914,0.096458372
36081028700,Jackson Heights,6545,4971,2323,1619,1484,42178,756,,6321,4877,2045,1434,1785,71389,1266,,-0.088476304,-0.082880003,0.226,0.692564844,0.674603175,,-0.451766879,-1.82316436,-0.741242353,0.317442292
36081028800,Baisley Park,4366,2616,69,855,381,46890,818,,4703,3254,57,1182,680,65089,1445,,-0.233107452,0.283394325,0.435,0.388121135,0.766503667,,-0.028218136,-0.997366602,-0.133093902,0.714027742
36081028900,Jackson Heights,5484,3906,1730,1369,1535,49541,836,,5043,3803,1079,1039,1445,65732,1439,,-0.321759344,-0.174683406,-0.033,0.32682021,0.721291866,,-1.356838645,-2.063423173,-1.102464717,-0.141616377
36081029100,Jackson Heights,7053,5057,1452,2161,1118,36250,778,,6476,4825,1033,1547,1409,51286,1345,,-0.225180131,-0.220344781,0.321,0.414786207,0.728791774,,-0.882961304,-1.808584046,-0.837442909,0.120215655
36081029300,Woodside,1375,927,249,393,325,38530,765,,1109,821,111,316,256,78250,1533,,-0.447293231,-0.003067661,-0.111,1.030885025,1.003921569,,-0.209575888,-1.473924768,-0.610727858,0.269264472
36081029400,Springfield Gardens North,6133,4126,165,1256,798,52740,745,,7252,4643,29,1317,1091,77639,1284,,-0.851362216,-0.113229362,0.215,0.472108457,0.723489933,,-1.442823371,-1.506839976,-0.590798015,0.288007823
36081029500,Woodside,3906,2892,1758,921,836,49485,698,,3559,2797,1343,649,1077,80781,1350,,-0.161580457,-0.226626445,0.332,0.632434071,0.934097421,,-0.3454502,-1.348254998,-0.297749394,0.787552078
36081029700,Woodside,1946,1382,743,515,414,44333,801,,2265,1546,936,480,617,63333,1523,,0.082334905,-0.199228445,0.332,0.428574651,0.901373283,,-0.440812944,-1.060303751,-0.250593483,0.523740988
36081030600,Springfield Gardens South-Brookville,4145,2580,190,945,511,54343,1109,,4372,2765,160,789,600,78142,1575,,-0.201617952,-0.208429544,0.096,0.437940489,0.420198377,,-1.529533814,-1.604103668,-0.706629583,0.200510156
36081030902,Jackson Heights,7870,5361,2458,2056,1371,46489,815,,7954,5245,1752,1480,1243,37167,1515,,-0.294752803,-0.28775772,-0.073,-0.200520553,0.858895706,,-2.241478194,-2.333735777,-1.351786269,-0.397977285
36081030903,Jackson Heights,5094,3486,1308,1258,826,53542,856,,6379,4302,802,1432,1252,58300,1547,,-0.510364427,-0.090989886,0.228,0.088864816,0.807242991,,-1.261779094,-1.953009385,-1.032703429,-0.116842858
36081030904,Jackson Heights,5736,3938,1622,1410,936,53655,858,,3632,2515,931,740,732,79279,1393,,-0.093511844,-0.171150061,0.225,0.477569658,0.623543124,,-0.900396557,-1.883471755,-0.904305179,0.043701558
36081031700,Steinway,5854,4286,4669,1227,1078,55875,886,,5973,4610,4224,1207,1535,64704,1679,,-0.113333625,-0.035898162,0.324,0.158013423,0.89503386,,-0.610303488,-1.392753067,-0.39161682,0.61322522
36081032000,Springfield Gardens South-Brookville,4585,2508,37,1036,370,47917,786,,4958,3045,94,1454,545,73844,1500,,1.349410726,0.297888752,0.213,0.541081453,0.908396947,,0.626636525,-1.145200274,-0.234567919,0.668212765
36081032700,Jackson Heights,4110,2576,644,1089,367,38090,839,,3809,2769,356,845,468,60375,1400,,-0.403521245,-0.162741282,0.186,0.585061696,0.668653159,,-0.925782739,-1.820860693,-0.88721185,0.021317261
36081032800,Laurelton,2330,1530,100,526,475,60134,818,,2562,1635,31,506,453,62500,1569,,-0.718071819,-0.125133941,-0.108,0.039345462,0.91809291,,-1.879282515,-2.121019996,-1.220520117,-0.297997138
36081032900,Jackson Heights,4070,2423,730,920,418,52335,996,,3918,2661,348,1189,447,57281,1463,,-0.504793472,0.342530018,-0.026,0.094506544,0.468875502,,-1.462551996,-2.129956029,-1.157290339,-0.203700387
36081033000,Springfield Gardens North,6157,3865,52,1330,790,53100,873,,7168,4570,63,1569,1010,77200,1622,,0.040658804,0.013310306,0.081,0.45386064,0.857961054,,-0.396541557,-1.365930592,-0.488338267,0.393571463
36081033401,St. Albans,2464,1439,10,453,218,49286,888,,3580,2294,19,927,491,81827,1269,,0.307709497,0.408442784,0.413,0.660248346,0.429054054,,0.098443237,-0.916852055,-0.017398772,0.913168021
36081033402,Springfield Gardens North,13194,9127,260,2379,1859,47275,571,,13157,9830,198,2673,2782,57432,1072,,-0.236319947,0.126741062,0.389,0.214849286,0.877408056,,-0.330353113,-1.276305752,-0.302787005,0.687837898
36081033700,Jackson Heights,3860,2398,502,1159,268,31625,920,,3391,2327,88,1121,363,67857,1409,,-0.800456094,0.100985734,0.396,1.145675889,0.531521739,,-0.504474011,-1.835343246,-0.817133518,0.204122532
36081033900,Jackson Heights,3703,2444,736,757,423,45511,855,,3357,2257,372,514,535,70427,1203,,-0.442470956,-0.251021053,0.370,0.54747204,0.407017544,,-1.394171574,-2.2526177,-1.250171424,-0.27568992
36081034700,Jackson Heights,3378,2041,307,750,214,40469,880,,3352,2311,289,751,409,48250,1471,,-0.051330141,0.009100239,0.688,0.192270627,0.671590909,,-0.470453789,-1.578599366,-0.653885916,0.249893663
36081035100,Jackson Heights,4288,2924,689,1007,572,39738,739,,4215,2851,379,742,821,47336,1349,,-0.44040067,-0.250396454,0.472,0.191202376,0.825439783,,-1.094338138,-2.108431538,-1.181471887,-0.26736179
36081035200,St. Albans,2620,1745,5,507,222,57273,938,,2907,1907,89,581,368,87750,1519,,15.04265566,0.032819509,0.517,0.532135561,0.619402985,,1.000260164,-0.989622258,-0.084789488,0.83045651
36081035300,East Elmhurst,2612,1625,165,571,151,32446,759,,2432,1679,24,610,131,49813,1545,,-0.843779904,0.147369573,-0.160,0.535258583,1.035573123,,-1.025418856,-2.06870571,-1.128289315,-0.167303387
36081035700,East Elmhurst,4127,2778,356,785,332,49356,795,,3820,2981,665,822,629,63472,1225,,1.018100329,0.131288225,0.766,0.286003728,0.540880503,,0.008450539,-1.030010176,0.045025163,1.134017282
36081035800,Laurelton,4059,2654,53,848,633,55132,963,,3979,2653,32,879,772,83800,1376,,-0.384087213,0.057397149,0.220,0.519988391,0.42886812,,-0.977568627,-1.79072711,-0.845644988,0.129492503
36081036100,East Elmhurst,2362,1458,169,545,172,39457,765,,2960,1855,72,836,306,50641,1405,,-0.660035183,0.224046615,0.398,0.283447804,0.836601307,,-0.513339659,-1.595418216,-0.662973764,0.247700814
36081036300,East Elmhurst,2063,1321,40,491,99,45625,834,,2014,1330,44,520,137,44355,1415,,0.126762661,0.084829817,0.374,-0.027835616,0.696642686,,-0.837089053,-1.793651598,-0.706019971,0.364623635
36081036500,East Elmhurst,3184,1800,97,895,147,32969,820,,3463,2155,103,1156,181,48042,1342,,-0.023693776,0.187559467,0.028,0.457187055,0.636585366,,-0.556179059,-1.508264376,-0.524854556,0.495334321
36081036600,St. Albans,2711,1762,20,481,285,54048,497,,3348,2304,16,614,424,78958,1208,,-0.352210275,0.033635372,0.138,0.460886619,1.430583501,,0.150623177,-1.069618084,-0.205829891,0.68447404
36081036700,East Elmhurst,2749,1820,29,498,267,52083,839,,2667,1877,108,718,274,60703,1570,,2.83864086,0.486095865,-0.005,0.165505059,0.871275328,,0.296892014,-0.81369892,0.142361488,1.120645149
36081036800,St. Albans,2498,1563,7,405,259,58017,737,,2502,1658,17,620,441,79189,1159,,1.42468882,0.528416773,0.605,0.364927521,0.572591588,,0.561771443,-0.777748055,0.330539905,1.432010631
36081037100,East Elmhurst,1424,977,10,202,133,56039,779,,1741,1172,40,492,314,100909,1648,,2.271682941,0.992163375,0.968,0.800692375,1.115532734,,2.508240268,0.36151218,1.520173457,2.664031337
36081037300,East Elmhurst,2153,1306,59,458,124,33462,767,,2663,1650,113,770,325,59301,1550,,0.548457519,0.359246147,1.075,0.772189349,1.020860495,,1.542679181,-0.448961734,0.571598767,1.612432915
36081037500,North Corona,4073,2431,152,1264,374,36410,772,,4155,2759,47,971,298,41442,1483,,-0.696891823,-0.246964348,-0.298,0.13820379,0.920984456,,-2.213702254,-2.53576656,-1.63852755,-0.752716323
36081037600,St. Albans,5975,3931,71,1276,843,51354,778,,6476,4311,1,1393,1013,73059,1406,,-0.987005107,0.007236631,0.096,0.422654516,0.807197943,,-2.172017695,-2.092501249,-1.192323118,-0.323887503
36081037700,North Corona,3579,1951,58,1044,123,26667,733,,3792,2328,1,1046,142,49360,1460,,-0.983727084,-0.054362784,-0.032,0.850976863,0.991814461,,-1.696545576,-2.242445638,-1.310388269,-0.417170853
36081037900,North Corona,4631,2621,107,1366,215,29205,801,,7232,4162,4,2611,283,45682,1648,,-0.97606174,0.223974968,-0.171,0.564184215,1.057428215,,-1.588101469,-2.159025253,-1.229956963,-0.33048428
36081038100,North Corona,5306,3136,57,1463,314,35081,788,,7583,4867,75,2269,477,47788,1513,,-0.079311757,0.085216428,-0.021,0.362218865,0.920050761,,-0.497174486,-1.698825063,-0.69393245,0.31921705
36081038400,St. Albans,2616,1645,17,564,381,62008,864,,2387,1512,26,410,245,70833,1363,,0.676137904,-0.203308702,-0.300,0.142320346,0.577546296,,-1.867250121,-2.143455432,-1.239501135,-0.31215223
36081039400,St. Albans,2857,1838,6,634,299,56289,815,,2986,2056,27,603,370,63162,1412,,3.305592766,-0.089985125,0.106,0.122102009,0.732515337,,-0.495174807,-1.693626304,-0.603887283,0.454064591
36081039800,St. Albans,1909,1263,32,526,146,65764,737,,1762,1235,16,451,300,75125,1286,,-0.458286039,-0.071053245,1.101,0.142342315,0.744911805,,-0.529000719,-1.28422591,-0.372333518,0.549302683
36081039900,Corona,3552,2061,170,1189,166,34322,763,,4173,2450,72,1190,245,46684,1424,,-0.639497611,-0.148097919,0.242,0.360177146,0.866317169,,-1.037013053,-2.178314183,-1.05824042,0.091076013
36081040000,St. Albans,1314,839,2,186,165,57708,817,,1299,913,1,211,274,89375,1271,,-0.494226328,0.147508009,0.526,0.548745408,0.555691554,,-0.42843556,-1.386248471,-0.348721572,0.712472288
36081040100,North Corona,6622,3942,251,2267,266,34714,788,,7085,4375,42,2738,385,41313,1612,,-0.84360427,0.128837025,0.304,0.190096215,1.045685279,,-0.906511283,-2.099311812,-1.045612112,0.026606071
36081040200,St. Albans,1589,1032,38,259,156,53026,634,,1681,1149,1,371,323,110952,1089,,-0.975124456,0.354036368,0.860,1.092407498,0.717665615,,-0.394335927,-1.245221853,-0.32863966,0.596814058
36081040300,North Corona,6412,3766,214,2409,267,28897,865,,7208,4318,88,2208,285,40080,1603,,-0.634196687,-0.184655765,-0.069,0.38699519,0.853179191,,-1.436226827,-2.457131943,-1.48790416,-0.519221819
36081040400,St. Albans,3862,2508,26,746,351,44444,716,,4600,2828,30,1074,478,71667,1296,,-0.031270903,0.208703812,0.208,0.612523625,0.810055866,,0.073901187,-1.069102838,-0.116108743,0.824298668
36081040500,North Corona,3400,1952,190,1031,193,33523,813,,3291,2000,6,1036,64,35586,1392,,-0.967375138,0.038130916,-0.676,0.061539838,0.712177122,,-3.954267075,-3.796498762,-2.676312221,-1.595674069
36081040700,North Corona,7904,4447,283,2424,154,33659,779,,8285,5250,226,2622,273,39727,1434,,-0.238137807,0.031940104,0.502,0.180278677,0.840821566,,-0.459723058,-2.208282804,-1.246770255,-0.271356765
36081040900,North Corona,5198,3022,208,1814,288,37500,754,,6046,4014,59,1621,289,48438,1440,,-0.756130881,-0.231730018,-0.245,0.29168,0.909814324,,-1.995630579,-2.732363014,-1.749482162,-0.751462966
36081041100,Corona,3576,2092,168,1048,201,37260,864,,3935,2565,26,927,277,46917,1432,,-0.859357415,-0.196157017,0.124,0.259178744,0.657407407,,-2.054504636,-2.523737917,-1.667208192,-0.827264525
36081041300,Corona,3536,2114,406,994,187,37824,814,,4705,2742,50,1177,181,45168,1632,,-0.9074457,-0.110096926,-0.254,0.194162437,1.004914005,,-2.202035189,-2.757048422,-1.918099577,-1.069735847
36081041400,South Jamaica,3637,2154,7,723,309,40594,740,,4103,2559,43,970,453,49781,1331,,4.445179485,0.189255644,0.234,0.226314234,0.798648649,,0.372652417,-0.675767865,0.232256814,1.171741155
36081041500,Corona,3604,2128,485,962,278,38571,793,,4056,2465,606,1097,244,41197,1376,,0.110242177,0.013254151,-0.242,0.068082238,0.73518285,,-1.472180033,-2.480940607,-1.460098365,-0.437911073
36081042400,St. Albans,2481,1642,8,337,515,74552,666,,2496,1657,12,595,560,81548,1436,,0.490985577,0.754968186,0.078,0.093840541,1.156156156,,0.469066765,-0.809551564,0.069272968,0.930858505
36081042700,Corona,3809,2295,661,1036,224,39924,798,,5393,3432,222,1281,302,36607,1504,,-0.762790506,-0.126686997,-0.098,-0.083082857,0.884711779,,-2.187746725,-2.969777202,-1.910104374,-0.847788378
36081043200,St. Albans,1129,749,31,242,167,66500,738,,1403,907,1,273,263,88750,1550,,-0.9740418,-0.092213851,0.301,0.334586466,1.100271003,,-1.65549443,-1.66092012,-0.657172681,0.350846926
36081043400,South Jamaica,1629,1084,10,333,124,49531,750,,1818,1261,16,448,324,100556,1736,,0.433663366,0.20548271,1.246,1.030162928,1.314666667,,1.980875368,-0.184229892,0.727905505,1.674958214
36081043701,Corona,4113,2636,804,914,492,33951,799,,3425,2350,441,599,376,58077,1365,,-0.3413106,-0.212992701,-0.143,0.710612353,0.708385482,,-1.193855174,-2.231238299,-1.232808348,-0.217683099
36081043702,Corona,5651,3634,1162,1266,688,33995,794,,6033,4207,213,1283,1140,48611,1408,,-0.828301913,-0.050740543,0.431,0.42994558,0.773299748,,-1.058067989,-2.035429695,-1.12993505,-0.245923881
36081043900,Corona,3663,2126,547,994,283,35915,914,,4357,2849,232,1096,208,41772,1488,,-0.643425717,-0.073013246,-0.452,0.163079493,0.628008753,,-2.507946318,-3.00586439,-1.992108362,-1.001051074
36081044000,South Jamaica,3473,1906,29,812,186,40417,763,,3766,2446,7,913,472,58241,1440,,-0.777400333,0.03690559,0.977,0.441002548,0.887287025,,-0.255090807,-1.34743638,-0.224672678,0.883551303
36081044301,Corona,2703,1681,204,691,213,39356,793,,3442,2329,168,913,368,33448,767,,-0.353282975,0.037595095,0.247,-0.150116882,-0.032786885,,-2.843390812,-2.96647,-1.976409819,-1.027788592
36081044302,Corona,5644,3511,427,1448,447,39356,793,,4902,3403,158,1397,701,55234,1422,,-0.573967324,0.110814506,0.618,0.403445472,0.793190416,,-0.292694707,-1.767192732,-0.899603339,-0.034148923
36081044400,Jamaica,2391,1580,43,663,220,45316,484,,3182,2177,90,817,405,44344,1247,,0.572727406,-0.074049162,0.336,-0.021449378,1.576446281,,0.065780209,-1.000528381,-0.283607416,0.43709242
36081044601,Jamaica,2591,1587,125,626,191,35595,683,,3247,2258,54,693,359,45776,1164,,-0.655278103,-0.116627194,0.321,0.286023318,0.704245974,,-1.23752626,-1.848598194,-0.831103237,0.159077769
36081044602,Jamaica,3837,2338,89,1080,302,32484,751,,4843,3108,58,1202,780,41356,1206,,-0.483684317,-0.118224471,0.943,0.273119074,0.605858855,,-0.749803942,-1.652879185,-0.728775786,0.195549375
36081044800,Briarwood-Jamaica Hills,2513,1605,478,588,408,49167,777,,2936,1910,145,710,936,70163,1395,,-0.740357045,0.033516608,0.928,0.427034393,0.795366795,,-0.363534564,-1.509303435,-0.529299422,0.423769647
36081045000,Briarwood-Jamaica Hills,1891,1330,701,451,316,51957,783,,2183,1478,282,507,464,86500,1426,,-0.651527201,-0.026201255,0.321,0.664838232,0.821200511,,-0.508988369,-1.564974039,-0.609722712,0.341551014
36081045200,Briarwood-Jamaica Hills,1184,919,481,202,218,50137,771,,1096,825,255,106,240,57891,1455,,-0.42728804,-0.433114114,0.226,0.154656242,0.887159533,,-1.689869031,-2.116426501,-1.160830206,-0.171768091
36081045400,Briarwood-Jamaica Hills,4240,2840,396,1044,990,47907,780,,4543,3084,176,1090,1249,62885,1616,,-0.585198229,-0.025573427,0.162,0.312647421,1.071794872,,-0.664692024,-1.764392422,-0.804954115,0.15171872
36081045500,Corona,12577,8028,2029,2973,1561,41142,744,,14205,9020,1795,2610,1831,53735,1451,,-0.216717852,-0.22271297,0.044,0.306086238,0.950268817,,-1.010134638,-2.061619535,-1.059910597,-0.058750133
36081045600,Briarwood-Jamaica Hills,1120,719,128,246,302,60625,1111,,1368,924,26,446,318,87604,1694,,-0.83369883,0.484334142,-0.181,0.445014433,0.524752475,,-1.448838707,-2.18820823,-1.218597765,-0.253751171
36081045700,Elmhurst,3330,2230,492,909,550,47663,869,,3033,2385,137,946,978,58676,1314,,-0.694277581,0.142612778,0.663,0.231059732,0.512082854,,-0.985637087,-1.945669487,-0.914987322,0.153243179
36081045800,Jamaica Estates-Holliswood,1672,1200,351,348,531,49125,845,,2246,1582,175,550,954,69125,1378,,-0.628843173,0.176548858,0.363,0.407124682,0.630769231,,-0.705630116,-1.837536109,-0.87214376,0.107967617
36081045900,Elmhurst,4108,2767,460,1298,740,43079,835,,3691,2603,89,980,604,57083,1533,,-0.784663046,-0.159693403,-0.132,0.325077184,0.835928144,,-1.800270879,-2.292737464,-1.343710073,-0.405735509
36081046000,Jamaica,5718,3506,179,1473,550,29595,715,,5920,3796,65,1118,1192,31169,1220,,-0.649262041,-0.266902901,1.002,0.05318466,0.706293706,,-1.310541687,-1.866417592,-0.935034511,0.043955253
36081046100,Elmhurst,2758,1710,153,760,296,37250,786,,2767,1932,227,655,340,44265,1595,,0.478834348,-0.14096114,0.017,0.188322148,1.029262087,,-0.675382392,-2.064718443,-1.043589538,-0.042567111
36081046200,Jamaica,6576,4250,429,1521,541,39531,768,,8694,5452,275,2210,1205,46239,1388,,-0.515138646,0.09901907,0.736,0.169689611,0.807291667,,-0.44164402,-1.620931122,-0.617483897,0.388859545
36081046300,Elmhurst,4021,2480,231,1313,370,36382,791,,4023,2616,46,936,395,43779,1466,,-0.800964799,-0.287483111,0.012,0.203314826,0.85335019,,-2.019426051,-2.587297316,-1.63117441,-0.681043346
36081046400,Jamaica Estates-Holliswood,1325,927,386,329,540,76419,905,,1685,913,337,528,470,97059,1420,,-0.313471503,0.261984433,-0.116,0.270089899,0.569060773,,-1.131353709,-2.080838521,-1.127197935,-0.173529617
36081046500,Elmhurst,4398,2700,288,1574,233,41181,842,,3348,2131,109,1134,358,44500,1375,,-0.502831292,-0.053592655,0.947,0.08059542,0.633016627,,-0.884182544,-2.314728311,-1.231577736,-0.184319138
36081046600,Jamaica Estates-Holliswood,2848,2212,762,693,975,62367,914,,3660,2683,386,841,1414,60743,1567,,-0.605823043,-0.055674623,0.196,-0.026039412,0.714442013,,-1.64042864,-2.14119187,-1.159336129,-0.196170555
36081046700,Elmhurst,7108,4726,382,2098,833,33026,721,,6765,4095,231,1659,647,31925,1241,,-0.364627761,-0.169154025,-0.104,-0.033337371,0.721220527,,-1.981327506,-2.627090149,-1.6366028,-0.650628937
36081046800,Jamaica,4064,2636,190,1031,492,38208,711,,3083,2334,160,625,803,50298,1375,,0.110060263,-0.200899271,0.843,0.316425879,0.933895921,,-0.122283289,-1.52493846,-0.518082385,0.504202282
36081046900,Elmhurst,9282,6076,596,2609,1094,36743,735,,7860,5380,304,1628,1076,43140,1200,,-0.397653568,-0.263115639,0.111,0.174101189,0.632653061,,-1.730225779,-2.310540976,-1.407967084,-0.514179406
36081047000,Jamaica,3824,2369,179,945,469,46648,699,,3205,2259,98,595,445,59167,1320,,-0.346774854,-0.248766395,-0.005,0.268371634,0.888412017,,-1.324048182,-1.996573288,-1.011359725,0.008071178
36081047100,Elmhurst,4001,2685,427,872,755,31489,801,,4415,3329,266,981,819,47724,1425,,-0.435464048,0.019507361,-0.125,0.515576868,0.779026217,,-0.952078766,-2.009583614,-1.105180101,-0.195124659
36081047200,Jamaica Estates-Holliswood,3828,2748,1048,689,1209,65903,818,,4204,3156,1208,637,1335,81806,1301,,0.049578373,-0.158160243,-0.039,0.241309197,0.590464548,,-1.444685471,-1.965797144,-1.077644031,-0.205825977
36081047300,Elmhurst,3830,2774,645,1000,876,42143,875,,4007,3200,572,1219,1232,53765,1592,,-0.152351602,0.165153481,0.219,0.275775336,0.819428571,,-0.394109198,-1.63833127,-0.708463704,0.220100663
36081047500,Elmhurst,4534,3139,835,1196,1006,42761,796,,4142,3097,387,1113,1050,61944,1504,,-0.492663731,0.018674432,0.058,0.448609714,0.889447236,,-0.69228268,-1.716788346,-0.817116828,0.104958607
36081047600,Jamaica Estates-Holliswood,1435,1043,792,159,614,100493,1076,,1456,996,439,158,563,92917,3500,,-0.45370168,-0.020621674,-0.040,-0.075388336,2.252788104,,-0.243460234,-1.616097308,-0.583579594,0.475587464
36081047800,Jamaica Estates-Holliswood,5586,4026,1390,1115,1373,49826,787,,5506,4226,981,1090,1737,87122,1335,,-0.283990258,-0.008217696,0.205,0.748524867,0.696315121,,-0.378226686,-1.547015469,-0.586146766,0.379193676
36081047900,Elmhurst-Maspeth,5282,3631,1021,1311,977,37638,863,,5170,3842,505,1005,1164,54891,1456,,-0.494671852,-0.216802624,0.126,0.458393113,0.687137891,,-1.268526598,-1.911683906,-0.933682338,0.012724566
36081048000,Jamaica,2613,1725,115,594,374,52143,827,,2684,1837,94,545,406,63661,1506,,-0.204231193,-0.106762483,0.019,0.220892545,0.821039903,,-1.103797673,-1.782474786,-0.826047759,0.114674781
36081048100,Elmhurst,6438,4317,604,1901,832,37282,819,,6130,4711,651,1028,1140,38246,1389,,0.131969037,-0.432061257,0.256,0.025856982,0.695970696,,-1.813023447,-2.269059394,-1.30279209,-0.368726859
36081048200,Hollis,1563,1063,178,305,304,58125,769,,1504,1097,60,395,329,95556,1353,,-0.649698183,0.345886379,0.049,0.643974194,0.759427828,,-0.41845691,-1.56508961,-0.513283485,0.543322532
36081048300,Elmhurst-Maspeth,3833,2556,702,1079,637,32095,840,,4399,3211,438,1110,928,50926,1612,,-0.456346916,-0.103631902,0.160,0.586726905,0.919047619,,-0.552158494,-1.557362225,-0.716641372,0.123229966
36081048400,Hollis,5282,3336,305,1170,605,51875,808,,5377,3699,176,1429,1058,73773,1296,,-0.433146035,0.19978859,0.577,0.42213012,0.603960396,,-0.3367919,-1.544188791,-0.557265622,0.393883366
36081048500,Elmhurst-Maspeth,4636,3218,657,1140,737,38420,865,,4620,3772,288,1316,1426,59901,1776,,-0.560125719,0.158383838,0.651,0.559109839,1.053179191,,0.307354209,-1.429544053,-0.557864396,0.322851383
36081048900,Elmhurst-Maspeth,1257,904,382,298,208,44896,793,,1712,1135,138,568,278,64191,1632,,-0.734754979,0.399469987,0.065,0.429771026,1.058007566,,-0.306293832,-1.410464049,-0.533515616,0.32254824
36081049200,Jamaica Estates-Holliswood,5212,3350,325,1111,742,42083,695,,4597,3474,161,886,879,68867,1221,,-0.438341393,-0.095831097,0.142,0.636456526,0.756834532,,-0.708327657,-1.525799977,-0.643931062,0.223827623
36081049301,Maspeth,1658,1247,1115,340,212,54563,810,,1914,1403,785,387,369,70139,1605,,-0.390129843,-0.014005163,0.547,0.285468174,0.981481481,,-0.269242299,-1.352100256,-0.398155726,0.574008083
36081049302,Maspeth,3157,2251,2200,729,269,55517,790,,2669,1786,1214,610,350,69750,1434,,-0.347287374,-0.010243609,0.640,0.256371922,0.815189873,,-0.412149298,-1.346063848,-0.483294138,0.375782797
36081049500,Maspeth,1001,777,871,234,135,55759,812,,1343,952,755,278,258,75938,1526,,-0.353919161,-0.114503185,0.560,0.361896734,0.879310345,,-0.427619773,-1.404456911,-0.490350659,0.436573806
36081049600,Queens Village,3540,2276,213,828,458,59750,786,,3254,2415,137,673,425,74828,1379,,-0.30027615,-0.115759422,-0.125,0.252351464,0.754452926,,-1.412702555,-1.939713,-1.031664441,-0.118061094
36081049700,Maspeth,2638,1991,1657,613,332,52241,929,,2854,2023,1020,707,607,67098,1529,,-0.431018055,0.066055369,0.799,0.284393484,0.645855759,,-0.449026597,-1.577371485,-0.582990476,0.415700035
36081049900,Elmhurst,4578,3355,1720,1124,797,51346,863,,5123,3772,596,1023,943,58355,1423,,-0.690351311,-0.186681305,0.052,0.136505278,0.648899189,,-1.966207699,-1.965583111,-1.12453741,-0.279447813
36081050000,Hollis,4013,2432,204,855,238,39750,698,,4362,3140,174,919,540,44354,1254,,-0.215301939,-0.011144359,0.757,0.115823899,0.796561605,,-0.465143467,-1.320072085,-0.525177381,0.290504467
36081050201,Hollis,1270,799,25,187,162,49250,1014,,1246,841,12,331,222,80865,1573,,-0.510754414,0.804147604,0.302,0.641928934,0.551282051,,0.118343724,-1.151784073,-0.128316145,0.872502056
36081050202,Hollis,1445,899,5,243,92,65357,1160,,1351,872,12,430,157,56818,1380,,1.566987417,0.892669049,0.759,-0.130651652,0.189655172,,-0.389568142,-1.332572279,-0.339977919,0.664724366
36081050400,Hollis,1829,1163,20.5,435,136,44948,765,,1921,1373,48,433,276,57955,1292,,1.229326697,-0.052269232,0.719,0.289378838,0.688888889,,-0.015503454,-1.250830029,-0.199179257,0.822544076
36081050500,Middle Village,1824,1348,900,543,474,51537,960,,1467,1083,555,374,418,72188,1433,,-0.233265167,-0.143620046,0.098,0.400702408,0.492708333,,-1.350704052,-2.021620976,-1.055636318,-0.124202164
36081050600,Hollis,1524,1039,8,342,232,53199,792,,1652,1073,13,404,293,84063,1236,,0.49909201,0.089758294,0.223,0.580161281,0.560606061,,-0.266225112,-1.299582597,-0.388821203,0.518332527
36081050700,Middle Village,2716,1990,1857,629,570,61923,971,,3943,2894,1888,609,877,81120,1702,,-0.299685571,-0.333086305,0.058,0.31001405,0.752832132,,-1.521759841,-1.934605215,-1.004496828,-0.110167192
36081050800,Hollis,2031,1187,1,426,250,60156,602,,1846,1101,50,367,208,93250,988,,54.01083424,-0.052160743,-0.103,0.550136312,0.641196013,,0.81779732,-0.914816724,0.044782582,1.00029929
36081051000,Hollis,1742,1166,9,381,152,64583,878,,1955,1355,6,473,397,84531,1092,,-0.405967604,0.106209933,1.248,0.308873852,0.243735763,,-0.748982578,-1.521566767,-0.606231206,0.32602269
36081051100,Maspeth,2190,1623,1860,458,295,57123,857,,2068,1461,1525,259,444,104306,1455,,-0.131738629,-0.401136469,0.672,0.825989531,0.697782964,,-0.559117582,-1.296693582,-0.342801694,0.615028881
36081051200,Queens Village,2884,1785,53,532,283,54799,868,,2850,1867,14,495,392,78232,1332,,-0.732697782,-0.058448753,0.324,0.427617292,0.534562212,,-1.333947708,-1.836336278,-0.982629929,-0.147857294
36081051300,Maspeth,2095,1527,1503,542,283,45000,841,,2146,1502,976,442,416,70750,1494,,-0.366064392,-0.203882276,0.494,0.572222222,0.776456599,,-0.549291414,-1.377042903,-0.42730133,0.533629787
36081051500,Maspeth,2798,2047,2190,539,350,53934,637,,2757,2085,1846,548,734,82407,1406,,-0.144542327,0.031817139,1.059,0.527923017,1.20722135,,0.841100372,-0.846520815,0.289228152,1.401026229
36081051600,Queens Village,2207,1460,10,546,341,63375,842,,1854,1459,16,411,324,63835,1321,,0.904638619,-0.10393032,-0.049,0.007258383,0.56888361,,-1.477664252,-2.116215956,-1.121611415,-0.120119421
36081051700,Maspeth,1545,1078,1292,304,161,42363,667,,1959,1437,1058,413,332,71953,1487,,-0.354171507,0.071446562,0.547,0.698486887,1.229385307,,0.616647723,-0.786496862,0.160431084,1.129655065
36081051800,St. Albans,2045,1182,16.5,362,177,56500,995,,2196,1388,2,520,340,82772,1779,,-0.887122592,0.337690829,0.636,0.46499115,0.787939698,,-0.498869097,-1.449903865,-0.447786327,0.558959553
36081052000,St. Albans,1779,1099,18,376,144,48472,914,,1695,1182,32,257,227,70703,1431,,0.865880039,-0.282616268,0.466,0.458635914,0.565645514,,-0.684669679,-1.554118897,-0.572321051,0.424945625
36081052100,Maspeth,1862,1272,1433,411,130,51419,817,,1958,1307,1345,423,341,79167,1263,,-0.107428361,-0.021264064,1.553,0.539644878,0.545899633,,0.195647196,-0.852283869,0.224605251,1.305110717
36081052200,St. Albans,1455,929,40,316,195,74595,852,,1777,1196,4,332,348,103250,1281,,-0.918120428,-0.139746266,0.386,0.384141028,0.503521127,,-1.996011045,-2.055839485,-1.09121259,-0.125510674
36081052400,St. Albans,1968,1317,34,385,140,47083,817,,1516,1107,1,260,249,76750,1140,,-0.961819028,-0.123325224,1.116,0.630100036,0.395348837,,-1.643930783,-1.773855076,-0.823801466,0.121015046
36081052500,Maspeth,1798,1233,1386,433,195,51964,783,,1864,1309,1188,526,343,81111,1517,,-0.173206622,0.171767983,0.657,0.560907551,0.937420179,,0.462667942,-0.58765377,0.414129695,1.431798173
36081052600,St. Albans,1867,1122,2,403,160,47045,796,,1998,1195,49,437,318,85167,1549,,21.89364364,0.013270094,0.866,0.810330535,0.945979899,,2.101999441,-0.547265659,0.487611071,1.515443105
36081052800,St. Albans,1411,936,27,263,248,57125,671,,1405,937,1,283,134,74167,1455,,-0.962804798,0.08064084,-0.460,0.298328228,1.168405365,,-2.328070438,-2.091050838,-1.166362965,-0.238456575
36081053000,St. Albans,2329,1445,27,430,248,47167,817,,2389,1651,27,465,416,76397,1317,,-0.025115111,0.054235985,0.468,0.619712935,0.611995104,,-0.158055443,-1.524721371,-0.602466453,0.290213613
36081053100,Maspeth,3293,2307,2536,694,259,43976,702,,2943,2257,1747,788,580,71827,1311,,-0.229193933,0.27048112,1.289,0.633322721,0.867521368,,0.936665473,-0.427389061,0.663668732,1.719340166
36081053200,Queens Village,1801,1211,7,331,251,63088,860,,1994,1372,33,477,347,89969,1534,,3.25798825,0.301604208,0.220,0.42608737,0.78372093,,0.608713719,-1.181060205,-0.312749059,0.570955343
36081053401,Cambria Heights,2144,1318,18,480,217,61883,872,,1956,1463,72,377,452,68500,1012,,3.384458078,-0.139093388,0.877,0.106927589,0.160550459,,-0.908973551,-1.842627031,-0.993716379,-0.162182712
36081053500,Maspeth,1152,762,473,312,52,40216,675,,1405,827,291,369,129,60455,1473,,-0.495561758,-0.030276485,1.286,0.50325741,1.182222222,,0.596318762,-0.182801129,0.821029976,1.823140616
36081053601,Queens Village,1881,1223,19,387,241,54094,844,,1913,1265,1,486,210,95888,1260,,-0.948248824,0.234807134,-0.158,0.772618035,0.492890995,,-1.867802624,-2.38936477,-1.372185651,-0.390627596
36081053800,Queens Village,1933,1264,41,341,207,69600,770,,1696,1106,18,371,220,82750,1094,,-0.499626093,0.240010997,0.215,0.188936782,0.420779221,,-1.249430757,-2.224612005,-1.134574664,-0.066489433
36081053900,Ridgewood,4566,2815,1281,1144,473,41790,713,,4413,2983,1395,1258,862,63563,1383,,0.126748679,0.137775549,0.720,0.521009811,0.939691445,,0.560878684,0.390581819,1.255855757,2.121369907
36081054000,Queens Village,4503,2689,79,923,372,56569,780,,4535,3018,75,1079,504,63203,1406,,-0.057331863,0.160765253,0.207,0.117272711,0.802564103,,-0.603207562,-1.744630026,-0.854521166,0.02115834
36081054200,Queens Village,5709,3611,530,1410,650,56932,929,,5429,3740,592,1204,546,82778,1417,,0.174589295,-0.102059468,-0.189,0.453980187,0.525296017,,-1.355389016,-1.936936285,-1.109279389,-0.267007715
36081054500,Ridgewood,3932,2256,1039,1095,196,26183,697,,4126,2615,938,1244,455,47927,1334,,-0.139657105,0.082656149,1.003,0.830462514,0.913916786,,0.827007068,0.070362856,1.068856084,2.071216836
36081054700,Ridgewood,4717,2768,709,1246,207,27134,712,,4909,3182,936,1551,665,57500,1364,,0.26853501,0.196097547,1.795,1.119112553,0.915730337,,1.796862187,0.32036768,1.277220541,2.240210499
36081054800,Queens Village,2392,1566,189,512,343,62734,804,,2351,1740,124,426,576,66083,1328,,-0.332473629,-0.153458635,0.511,0.05338413,0.651741294,,-1.248298484,-2.01483168,-1.013075522,-0.00966827
36081054900,Ridgewood,5322,2976,1106,1500,286,30143,714,,5807,3539,1089,1899,637,43600,1403,,-0.097606835,0.16026382,0.873,0.446438642,0.964985994,,0.548758026,-0.27637683,0.73189648,1.703843839
36081055100,Ridgewood,4679,2896,2138,1239,516,32455,681,,4745,3284,2215,1226,880,61635,1318,,0.021604643,-0.024255769,0.504,0.899091049,0.935389134,,0.480419309,-0.495869962,0.478230722,1.409014204
36081055200,Queens Village,3100,2048,482,628,361,56944,779,,2950,2065,247,760,508,71563,1354,,-0.461495183,0.271726223,0.396,0.256725906,0.738125802,,-0.429592311,-1.453306389,-0.488658623,0.468703415
36081055300,Ridgewood,2503,1430,207,743,148,32148,642,,2554,1595,477,984,362,40742,1371,,1.25833305,0.297914969,1.193,0.267326117,1.135514019,,1.29842129,-0.038367206,0.954088447,1.950377003
36081055400,Queens Village,2444,1623,641,462,455,62614,664,,2302,1696,303,460,324,71667,1540,,-0.498142428,0.05708945,-0.319,0.144584278,1.319277108,,-1.067349091,-1.795845485,-0.873456604,0.080017064
36081055500,Ridgewood,2235,1324,384,697,183,34375,721,,2233,1414,487,581,157,51563,1312,,0.269365064,-0.165680952,-0.197,0.500014545,0.819694868,,-0.962534757,-0.469285863,0.514844112,1.486449511
36081055600,Queens Village,2155,1486,468,413,245,59750,782,,2345,1842,171,413,442,73068,1514,,-0.664220108,-0.081023454,0.455,0.222895397,0.936061381,,-0.842468442,-1.89503353,-0.925405911,0.012819908
36081055700,Ridgewood,4058,2613,1164,1076,351,38405,736,,3452,2165,1358,993,472,49803,1306,,0.371475473,0.084871332,0.623,0.296784273,0.774456522,,0.02964672,-0.479853874,0.3732326,1.202228457
36081055800,Queens Village,1964,1139,438,458,327,73382,929,,1625,1269,320,262,283,82368,1648,,-0.116993326,-0.308608666,-0.223,0.122455098,0.773950484,,-1.970072542,-2.442774274,-1.447945062,-0.417156232
36081055900,Ridgewood,1264,773,132,369,59,33158,708,,1365,789,113,475,195,59868,1359,,-0.207281607,0.192014851,2.238,0.805537125,0.919491525,,1.514589362,0.315404963,1.335458489,2.341257614
36081056000,Queens Village,1696,1024,481,335,224,48333,697,,1666,1101,360,342,207,70114,1363,,-0.238081927,0.039278995,-0.141,0.450644487,0.955523673,,-0.657040219,-1.867126281,-0.956385934,-0.044669887
36081056200,Queens Village,1562,1020,276,331,271,66447,837,,1695,1137,371,437,166,85000,1390,,0.238728571,0.216647506,-0.450,0.279215013,0.660692951,,-1.362813019,-2.358926852,-1.200050824,-0.073890403
36081056400,Queens Village,1732,1171,608,449,227,62750,747,,1432,980,228,230,240,51719,1464,,-0.546438547,-0.380435729,0.263,-0.175792829,0.959839357,,-2.076694271,-2.476130634,-1.453775791,-0.448314592
36081056500,Glendale,1156,702,258,286,71,31339,767,,1527,1025,329,319,166,64318,1473,,-0.034627354,-0.155609289,0.601,1.052330961,0.920469361,,0.427579941,-0.589892398,0.504549991,1.61626773
36081056600,Queens Village,1691,1089,325,378,222,55511,758,,1505,1006,99,366,174,64659,1299,,-0.657737797,0.087918578,-0.152,0.164796167,0.713720317,,-1.626675196,-2.375112888,-1.366126588,-0.355372248
36081056700,Glendale,4400,2827,2332,901,381,60980,778,,4552,3161,1593,1024,705,82904,1449,,-0.339705541,0.098564571,0.655,0.359527714,0.862467866,,-0.051564111,-0.831742963,0.155044018,1.163344865
36081056800,Queens Village,5356,3360,371,1086,611,53750,810,,4414,3229,225,1040,846,76773,1302,,-0.264103313,0.162015052,0.441,0.428334884,0.607407407,,-0.370696953,-1.723039788,-0.778853424,0.173951829
36081057700,Glendale,3483,2446,2431,870,266,45846,720,,4001,2785,2028,1047,738,63879,1208,,-0.273780485,0.047640676,1.437,0.393338568,0.677777778,,0.185446177,-0.768315246,0.131540382,1.035975774
36081057900,Glendale,1660,1082,1104,397,64,48073,734,,1693,1185,1040,310,243,63355,1321,,-0.076333068,-0.234364051,2.467,0.31789154,0.79972752,,0.345681912,-0.902828811,0.153065782,1.21064402
36081058000,Queens Village,4412,2832,97,925,570,56511,779,,3654,2587,46,930,758,86602,1421,,-0.42739774,0.213970621,0.456,0.532480402,0.824133504,,0.019382749,-1.57913328,-0.505774946,0.57460696
36081058100,Ridgewood,2563,1776,1790,615,310,37727,700,,2865,2075,1598,827,554,58750,1342,,-0.201366131,0.202968828,0.530,0.557240173,0.917142857,,0.358120494,-0.692929066,0.233443169,1.15698264
36081058200,Queens Village,4528,2962,256,1008,554,54771,828,,5268,3788,120,1191,644,84417,1548,,-0.597095672,0.015574719,-0.091,0.541271841,0.869565217,,-0.908139269,-1.842274259,-0.93516173,-0.022054764
36081058300,Ridgewood,3366,2225,2033,809,431,44063,740,,3572,2645,1810,980,746,75697,1381,,-0.161034972,0.141511301,0.456,0.717926605,0.866216216,,0.335035075,-0.724131209,0.327303489,1.369860409
36081058500,Ridgewood,4135,2686,2398,1103,416,36953,759,,4685,3114,1970,1088,822,73342,1404,,-0.274924942,-0.12939872,0.704,0.984737369,0.849802372,,0.280006686,-0.738353151,0.208312241,1.14864728
36081058700,Ridgewood,3304,2325,2226,853,329,40000,697,,3467,2472,2451,548,660,51900,1302,,0.049311296,-0.387765605,0.887,0.2975,0.868005739,,-0.616934444,-1.317697644,-0.242259523,0.806202148
36081058900,Ridgewood,4410,2718,2428,1141,399,31554,697,,4587,2713,2369,1266,681,40938,1331,,-0.061949482,0.066738355,0.710,0.297394942,0.909612626,,0.082895927,-0.63523168,0.289757743,1.229031175
36081059000,Cambria Heights,1215,859,39,246,121,67917,795,,1399,1012,14,274,260,82059,1383,,-0.688238852,-0.03267142,0.824,0.208224745,0.739622642,,-0.798505575,-1.991624538,-1.066376642,-0.129971605
36081059100,Ridgewood,5181,3140,2212,1580,361,36620,738,,5142,3565,2421,1247,1016,52015,1213,,0.102785855,-0.204773422,1.479,0.420398689,0.643631436,,-0.0366864,-0.540725091,0.421319175,1.382020702
36081059200,Cambria Heights,1087,759,26,170,185,53984,772,,1193,923,11,218,156,99722,1000,,-0.614514153,0.168413786,-0.307,0.847251037,0.295336788,,-1.649541839,-2.35788715,-1.363078729,-0.355858809
36081059300,Ridgewood,3805,2698,2814,939,413,41231,732,,4273,2927,2880,1038,767,60870,1344,,-0.088639581,-0.01564097,0.712,0.476316364,0.836065574,,0.067189192,-0.936477322,-0.024264433,0.896642383
36081059400,Cambria Heights,1794,1188,26,376,326,70208,1208,,1712,1341,5,345,417,87455,1211,,-0.798481308,-0.038498583,0.133,0.245655766,0.002483444,,-2.867218358,-2.953247044,-1.931334178,-0.911411407
36081059500,Ridgewood,4523,2902,2382,1150,367,37200,731,,4795,3197,2329,1147,844,70216,1309,,-0.077713806,-0.059186471,1.088,0.887526882,0.790697674,,0.589644479,-0.555569893,0.367570873,1.298939926
36081059600,Cambria Heights,1641,1119,96,287,335,66944,746,,1345,1030,20,165,408,98438,1000,,-0.745817844,-0.298563527,0.323,0.470452916,0.340482574,,-2.069727059,-2.447067105,-1.505528223,-0.52252144
36081059800,Cambria Heights,1789,1206,65,314,302,54864,753,,1669,1172,29,331,382,92276,1476,,-0.521767986,0.129932108,0.302,0.681904345,0.960159363,,0.022970849,-1.697164177,-0.684206076,0.329479261
36081059900,Maspeth,1487,1002,1193,381,174,58456,840,,1259,941,876,248,224,87891,1584,,-0.132740829,-0.231202533,0.371,0.503541125,0.885714286,,-0.49902542,-1.306548738,-0.214526629,0.833047977
36081060000,Cambria Heights,1231,862,22,220,266,68000,739,,1122,814,10,223,324,91500,1550,,-0.501296386,0.112109058,0.290,0.345588235,1.097428958,,-0.191073222,-1.89800225,-0.825761436,0.214497127
36081060100,Maspeth,2032,1397,1532,432,208,55774,841,,1972,1384,1059,221,310,67500,1410,,-0.28771469,-0.472860792,0.504,0.210241331,0.676575505,,-1.660353069,-1.929181651,-0.839925696,0.239897965
36081060300,Middle Village,1645,1279,1280,390,190,59653,820,,1941,1470,983,290,372,102708,1540,,-0.349145495,-0.369806735,0.704,0.721757498,0.87804878,,-0.436632387,-1.518616678,-0.393385149,0.736748124
36081060600,Cambria Heights,1669,1083,50,282,198,69545,1067,,1392,1081,26,257,292,104844,1726,,-0.376522989,0.092700436,0.477,0.507570638,0.617619494,,-0.399313714,-1.904336584,-0.934235651,0.000655363
36081060800,Cambria Heights,1537,999,8,316,362,74000,759,,1591,1079,1,312,341,95147,1375,,-0.879242615,-0.046169514,-0.128,0.28577027,0.811594203,,-1.927674958,-2.35819385,-1.417300219,-0.492063515
36081061000,Cambria Heights,1182,837,41,207,130,79297,1282,,1354,945,11,312,308,80714,1956,,-0.76578881,0.315779333,1.098,0.017869528,0.52574103,,-0.887493247,-2.06757607,-1.084130858,-0.100228737
36081061200,Cambria Heights,1739,1214,26,377,338,82321,725,,1747,1217,1,330,410,129570,1200,,-0.961714588,-0.128676822,0.210,0.573960472,0.655172414,,-1.986414205,-2.476001704,-1.492856624,-0.535353728
36081061301,Ridgewood,3001,1990,2249,780,282,51169,785,,5960,4157,3094,1461,873,77415,1351,,-0.307291384,-0.056861771,0.482,0.512927749,0.721019108,,-0.410972199,-0.999184171,-0.137432905,0.706192691
36081061400,Cambria Heights,1283,888,34,221,188,63571,863,,1324,978,13,169,226,99375,1700,,-0.629487293,-0.258974587,0.092,0.563212786,0.969872538,,-1.032729416,-2.189712883,-1.150125808,-0.071852404
36081061601,Laurelton,2252,1584,94,420,491,72275,626,,2278,1720,4,408,497,110000,1556,,-0.95793249,-0.039658849,-0.068,0.521964718,1.485623003,,-1.198108756,-2.156536827,-1.145735987,-0.128049484
36081061602,Rosedale,1623,1087,110,284,247,68558,825,,1262,939,34,297,247,102381,1155,,-0.602492436,0.344922546,0.158,0.493348697,0.4,,-0.953913526,-1.971611115,-0.96185714,0.023209926
36081061800,Laurelton,1480,1027,131,233,199,70750,746,,1876,1336,47,341,378,89375,1218,,-0.716955029,0.154588797,0.460,0.263250883,0.632707775,,-0.935641785,-1.936379225,-0.947319104,0.066740392
36081061900,Middle Village,2728,1922,2315,598,289,51180,714,,2590,1893,1811,661,494,97969,1178,,-0.176028753,0.164246329,0.736,0.914204767,0.649859944,,0.450202679,-0.970489849,-0.046463926,0.88506436
36081062000,Laurelton,1686,1142,44,337,287,68376,937,,1521,1133,12,178,518,96875,1700,,-0.697686928,-0.414511381,0.819,0.416798292,0.814300961,,-1.192911142,-2.092511443,-1.011331904,0.042701324
36081062100,Middle Village,2666,1784,2336,607,200,54910,847,,2567,1894,1879,582,322,73607,1477,,-0.164612028,-0.004208144,0.516,0.340502641,0.743801653,,-0.385359767,-1.310870122,-0.354769635,0.612899419
36081062200,Cambria Heights,2299,1551,98,433,387,61785,749,,1742,1364,16,270,491,85363,1163,,-0.784531034,-0.177062812,0.443,0.38161366,0.552736983,,-1.542004951,-2.333905518,-1.386092407,-0.423772174
36081062300,Glendale,1679,1268,1614,437,238,55820,772,,2033,1531,1393,400,317,82552,1339,,-0.28721114,-0.244052088,0.103,0.478896453,0.734455959,,-1.107354112,-1.575481093,-0.48558167,0.587630273
36081062500,Glendale,2142,1499,1804,426,220,56034,755,,2710,1941,1854,635,429,90871,1303,,-0.187687059,0.178187204,0.506,0.621711818,0.725827815,,0.125940342,-1.010318772,-0.01731412,0.97181397
36081062600,Laurelton,2684,1740,12,592,345,63141,868,,2913,2047,55,474,481,87500,1146,,3.223023229,-0.262267932,0.185,0.385787365,0.320276498,,-1.04496466,-1.919752119,-0.841209689,0.21754911
36081062700,Glendale,2620,1890,2249,477,341,53250,726,,2992,2185,1666,599,319,75804,1397,,-0.351327863,0.099633965,-0.191,0.423549296,0.924242424,,-0.787456944,-1.278480622,-0.301104141,0.720575922
36081062900,Glendale,2657,1776,2068,569,169,42813,735,,2932,1986,1950,624,570,67500,1332,,-0.14550079,-0.006197896,2.016,0.576623923,0.812244898,,0.830706844,-0.710096168,0.305748338,1.306748536
36081063000,Laurelton,1807,1203,17,341,259,65444,1041,,1740,1290,6,364,351,123897,2125,,-0.63346856,0.108551589,0.264,0.893175845,1.041306436,,0.134863183,-1.474590769,-0.462717796,0.548626647
36081063200,Laurelton,2595,1615,36,604,305,62250,885,,2592,1816,22,501,485,90833,1452,,-0.388181584,-0.169569766,0.414,0.459164659,0.640677966,,-0.884997662,-1.82796678,-0.871838293,0.101025182
36081063301,Glendale,1349,980,1301,229,137,51118,719,,1483,1068,1241,257,268,93355,1313,,-0.132308619,0.020865294,0.795,0.826264721,0.826147427,,0.490485763,-0.971225417,0.102525586,1.144843664
36081063302,Glendale,1318,938,1197,277,156,49957,811,,1510,1113,1143,268,227,90400,1592,,-0.166528905,-0.15551199,0.226,0.809556218,0.963008631,,-0.117424049,-1.222016477,-0.219166792,0.797809081
36081063500,Glendale,2388,1680,2273,547,340,61683,855,,2701,1859,1947,491,489,82500,1417,,-0.242685532,-0.206395898,0.300,0.337483585,0.657309942,,-1.080360937,-1.890655573,-0.744856691,0.376935449
36081063700,Glendale,3721,2673,2935,610,603,58536,905,,3193,2388,2229,543,733,107526,1566,,-0.114960377,0.037362982,0.361,0.836920869,0.73038674,,0.058440254,-1.37984791,-0.424513222,0.503486154
36081063800,Rosedale,3835,2467,485,833,480,65058,843,,4169,3104,164,1029,897,110347,1466,,-0.688946149,0.136328362,0.485,0.696132682,0.739027284,,-0.266853682,-1.614645412,-0.733699141,0.157161775
36081063900,Glendale,2719,1987,2080,520,448,55227,697,,2702,2010,1681,517,631,93125,1191,,-0.186742192,0.000486107,0.392,0.686222319,0.708751793,,-0.17281054,-1.524169563,-0.297551706,0.936426191
36081064101,Woodhaven,1577,1393,1384,149,244,46477,336,,2120,1661,1454,334,568,82284,1354,,-0.218508698,0.667462327,0.952,0.770424081,3.029761905,,3.150081251,0.279794643,1.474246755,2.635621387
36081064500,Forest Hills,1326,969,830,289,272,53229,924,,1947,1458,1032,319,669,89632,1612,,-0.15320326,-0.248255234,0.635,0.683894118,0.744588745,,-0.329646682,-1.565687724,-0.6139845,0.281342303
36081064600,Laurelton,3108,2064,65,684,549,64750,764,,3262,2318,23,575,649,82222,1410,,-0.662859029,-0.199043747,0.053,0.269837838,0.845549738,,-1.498917904,-2.098249867,-1.079997277,-0.065868186
36081065000,Laurelton,3027,2045,81,616,417,66705,827,,3035,2201,71,701,636,90417,1367,,-0.125767283,0.134987377,0.417,0.355475602,0.652962515,,-0.368238833,-1.84306485,-0.882337001,0.079596202
36081065400,Rosedale,2592,1684,383,606,328,64091,797,,3161,2004,83,657,485,101591,1239,,-0.822299021,-0.110996959,0.243,0.585105553,0.554579674,,-1.467773422,-1.883538747,-0.967624536,-0.044680454
36081065600,Rosedale,4373,2673,678,875,480,60804,1003,,5576,3697,160,1381,1013,78750,1708,,-0.814925323,0.237776799,0.526,0.295145056,0.702891326,,-0.814708415,-1.877109943,-0.799351273,0.256254581
36081065702,Middle Village,1507,1123,1407,287,200,56053,827,,1716,1380,1308,270,305,77083,1427,,-0.183587557,-0.173813991,0.241,0.375180633,0.725513906,,-0.902703714,-1.783073601,-0.661053317,0.478289684
36081065703,Middle Village,1824,1394,1652,431,237,61361,804,,2733,2042,2250,427,539,85913,1313,,-0.091012989,-0.33879549,0.553,0.400123857,0.633084577,,-1.01099918,-1.684041683,-0.661741121,0.347834982
36081065900,Middle Village,1709,1270,1625,335,261,70583,804,,1874,1323,1624,280,569,97031,1568,,-0.08860816,-0.237770592,1.093,0.374707791,0.950248756,,-0.029638226,-1.268989929,-0.32309339,0.659525885
36081066000,Rosedale,3202,1908,366,624,432,66429,962,,3657,2461,163,755,625,94255,1613,,-0.610055422,0.059396977,0.122,0.418883319,0.676715177,,-0.99907089,-2.03124229,-0.903072018,0.24916213
36081066100,Middle Village,1531,1194,1455,261,253,70568,952,,1496,1197,1179,265,389,84048,1422,,-0.170732951,0.039079948,0.534,0.191021426,0.493697479,,-0.879162668,-1.683314121,-0.611391984,0.464657281
36081066300,Middle Village,2672,2032,2331,528,485,72708,811,,2466,1887,1920,395,766,109286,1667,,-0.1075121,-0.189400084,0.701,0.503080816,1.055487053,,0.067271482,-1.260734654,-0.280112355,0.683090714
36081066400,Rosedale,9808,5920,1028,1974,1243,62212,994,,9637,6164,427,2489,1658,90000,1626,,-0.577259985,0.283264991,0.281,0.446666238,0.635814889,,-0.545497568,-1.593987724,-0.581324545,0.437777238
36081066501,Middle Village,2762,2216,2567,496,416,61844,909,,3603,2689,3132,573,944,105225,1573,,-0.064690605,-0.114410706,0.870,0.701458509,0.730473047,,0.118589343,-1.195147288,-0.236501052,0.707938353
36081066701,Middle Village,2113,1575,1979,504,259,61149,854,,2344,1641,1790,514,461,92969,1406,,-0.184640517,-0.080663565,0.708,0.520368281,0.646370023,,-0.301638095,-1.366927263,-0.300196897,0.775138222
36081066900,Middle Village,1767,1333,1638,337,383,64423,887,,1641,1222,1533,254,506,105357,1356,,0.007757934,-0.188419163,0.441,0.635394192,0.528748591,,-0.665237675,-1.612067293,-0.597736157,0.40758385
36081067100,Middle Village,2230,1697,1863,431,413,78325,995,,2171,1668,1549,246,679,112981,1738,,-0.145949399,-0.413722973,0.673,0.442464092,0.746733668,,-0.910580449,-1.705573137,-0.738240411,0.22473817
36081067700,Middle Village,1907,1319,1654,346,425,80871,874,,1739,1396,1339,346,536,105655,1462,,-0.112238753,0.096607246,0.192,0.30646338,0.672768879,,-0.657388049,-1.566575095,-0.555779182,0.486965214
36081067900,Middle Village,4253,3299,2772,644,796,41514,642,,3727,3068,2084,506,856,70096,1223,,-0.142092472,-0.103396067,0.156,0.68849063,0.904984424,,-0.274595926,-1.487576083,-0.600748311,0.272821102
36081068000,Springfield Gardens South-Brookville,4310,2827,199,757,669,70250,974,,5225,3660,22,1128,765,91524,1698,,-0.908807194,0.229148047,-0.117,0.30283274,0.743326489,,-1.722305555,-2.066579139,-1.167380789,-0.284167123
36081068200,Laurelton,1384,941,62,312,231,65000,1167,,1166,795,8,172,174,86324,1438,,-0.846843357,-0.345648063,-0.108,0.328061538,0.232219366,,-3.240227355,-3.436643359,-2.276832818,-1.128395277
36081068300,Elmhurst,4781,3470,795,1122,1041,42497,792,,4256,3382,423,1142,1468,72143,1537,,-0.402290218,0.143379421,0.447,0.697602184,0.940656566,,0.258361196,-1.4124817,-0.492006351,0.406742211
36081068700,Rego Park,4217,3049,1700,1004,1128,47950,838,,4477,3492,1348,793,1505,71343,1399,,-0.253108568,-0.256029044,0.165,0.487862357,0.669451074,,-1.126168454,-1.774403215,-0.927785129,-0.072762289
36081069000,Springfield Gardens South-Brookville,3285,2072,85,694,359,55521,965,,3530,2159,36,820,691,74722,1659,,-0.605865689,0.099550171,0.847,0.345833108,0.719170984,,-0.347376655,-1.573941892,-0.500435494,0.537305849
36081069300,Rego Park,2835,2112,1417,754,751,42315,871,,3060,2122,986,558,942,48080,1488,,-0.355328158,-0.314362615,0.248,0.136240104,0.708381171,,-1.605461356,-2.092554955,-1.078197923,-0.07125477
36081069400,Springfield Gardens South-Brookville,2897,1860,118,548,385,51107,972,,3815,2370,123,958,756,77788,1675,,-0.208452362,0.327513369,0.541,0.522061557,0.723251029,,0.213106562,-1.253555376,-0.180373542,0.876677147
36081069500,Rego Park,2296,1682,1254,448,773,61970,823,,1962,1574,895,344,694,77917,1441,,-0.164784819,-0.101427115,-0.041,0.257334194,0.7509113,,-1.19652065,-1.870888135,-0.890702542,0.112674705
36081069701,Rego Park,3213,2358,1933,794,798,33229,820,,3901,3051,1515,1128,1687,89750,1451,,-0.354471302,0.170101059,0.634,1.700953986,0.769512195,,1.006819885,-1.055846565,-0.072679607,0.887728879
36081069702,Rego Park,4433,3383,2507,845,1504,65000,857,,3435,2718,1972,694,1495,97917,1412,,0.01513445,0.059921621,0.237,0.506415385,0.647607935,,-0.408746437,-1.541461384,-0.620667997,0.340319761
36081070300,Rego Park,2215,1710,1451,443,670,62059,848,,1964,1416,917,284,504,68929,1576,,-0.287255015,-0.276985743,-0.092,0.110701107,0.858490566,,-1.708594631,-2.129869357,-1.163199237,-0.196960605
36081070700,Forest Hills,2526,1831,1556,627,921,68818,1075,,2331,1710,1304,264,963,108542,1224,,-0.091846896,-0.543724175,0.120,0.577232701,0.138604651,,-2.639717785,-2.499632246,-1.501624198,-0.51642052
36081070900,Forest Hills,2851,2111,1712,630,1096,76648,845,,2582,1885,1297,395,1131,114861,1702,,-0.163478331,-0.307694909,0.156,0.498551821,1.014201183,,-0.725012501,-1.884848738,-0.882027689,0.138708574
36081071100,Forest Hills,5489,4499,3509,1273,2247,61087,863,,6512,5102,3194,1230,2602,72232,1463,,-0.232761509,-0.185566655,0.021,0.18244471,0.695249131,,-1.479229796,-1.676121137,-0.867394875,-0.050058801
36081071303,Forest Hills,5257,4174,4012,1152,1914,56182,854,,5370,4339,3101,1223,2690,113724,1720,,-0.243333454,0.039292203,0.352,1.024207041,1.014051522,,0.511725279,-1.174033363,-0.22537007,0.734931898
36081071304,Forest Hills,5899,4684,4503,1299,2149,56182,854,,6384,5097,3510,1365,2426,74455,1339,,-0.279737694,-0.029022831,0.037,0.32524652,0.567915691,,-1.232849633,-1.827805778,-0.873413832,0.10138103
36081071305,Forest Hills,4558,3541,3103,1113,1762,55893,913,,4951,3926,2587,1050,2485,91080,1831,,-0.232468784,-0.131488588,0.272,0.629542161,1.005476451,,-0.184810697,-1.451745387,-0.390192631,0.67875344
36081071306,Forest Hills,5881,4569,4004,1444,2274,55893,913,,6005,4582,2886,1432,2314,84107,1536,,-0.29410448,-0.028788106,0.015,0.50478593,0.682365827,,-0.891492358,-1.589107444,-0.647762972,0.317094179
36081071701,Rego Park,4451,3424,2381,953,1491,50145,762,,5591,4607,3366,1312,2336,77083,1357,,0.125441222,0.09599617,0.164,0.537202114,0.780839895,,-0.167668026,-1.4345695,-0.551034238,0.308111562
36081071702,Rego Park,4706,3621,2518,1015,1577,50145,762,,3716,2989,1502,717,1605,59083,1227,,-0.244576616,-0.1053991,0.233,0.178243095,0.61023622,,-1.245582855,-1.849167712,-0.959044956,-0.086328815
36081071900,Forest Hills,3228,2136,1888,691,727,37951,746,,2271,1802,1349,568,674,64091,1409,,0.015608557,0.168386903,0.099,0.688782904,0.888739946,,0.106131131,-1.441735156,-0.546693618,0.371435276
36081072100,Forest Hills,5243,3968,3398,1003,1536,39899,719,,4531,3602,2450,945,1520,62008,1126,,-0.165687971,0.090226342,0.090,0.554124164,0.566063978,,-0.681397976,-1.670544669,-0.702116734,0.253836063
36081072300,Forest Hills,1743,1290,1176,286,880,117732,1535,,2102,1426,1195,242,1045,173200,2861,,-0.157392619,-0.298360536,0.074,0.471137838,0.863843648,,-1.010847971,-1.859333169,-0.936460606,-0.025520728
36081072900,Forest Hills,1453,1053,796,258,367,70682,893,,1254,921,583,219,477,115250,1495,,-0.15135987,-0.016458959,0.486,0.630542429,0.674132139,,-0.203186629,-1.608432797,-0.565918033,0.510829297
36081073100,Forest Hills,1739,1311,1132,319,632,71813,915,,1642,1165,1041,250,593,119917,1900,,-0.026063299,-0.170004467,0.056,0.669850863,1.076502732,,-0.253867507,-1.577331357,-0.589433375,0.410745475
36081073700,Forest Hills,1849,1616,1348,522,949,86527,846,,1722,1466,1086,433,1026,136029,1640,,-0.134945047,-0.109321114,0.192,0.572098882,0.938534279,,-0.317012008,-1.556337835,-0.636019111,0.272588894
36081073900,Forest Hills,4994,4268,4094,1091,2161,72392,935,,5626,4403,3080,903,2831,121310,1724,,-0.332191891,-0.265297006,0.270,0.675737651,0.843850267,,-0.652286207,-1.594825308,-0.621372696,0.299233283
36081074100,Forest Hills,3079,2521,2259,627,1392,64118,760,,3033,2420,1780,536,1551,90625,1494,,-0.20009014,-0.132170263,0.161,0.413409651,0.965789474,,-0.560609531,-1.630238996,-0.704695794,0.211760573
36081074300,Forest Hills,4365,3249,2500,983,1328,46406,757,,4483,3342,2417,793,1417,60828,1219,,-0.058647781,-0.214519915,0.037,0.310778779,0.610303831,,-1.382068154,-1.968202923,-1.020042299,-0.091637916
36081074500,Forest Hills,3066,2223,1889,721,612,37115,654,,4120,2624,2389,735,1076,68426,1168,,-0.058849394,-0.241375247,0.489,0.843621177,0.785932722,,-0.181376167,-1.619425437,-0.663606563,0.29739994
36081074700,Forest Hills,2621,1732,773,624,789,57375,849,,3418,2590,1105,561,1155,79612,1263,,0.096169582,-0.310596897,-0.021,0.387572985,0.487632509,,-1.679042298,-2.286502619,-1.234779791,-0.16243172
36081074900,Forest Hills,1847,1293,1368,208,854,108734,1937,,1492,1040,1084,143,859,174583,2000,,-0.019062681,-0.148919236,0.251,0.605597145,0.032524522,,-1.763163569,-2.180819459,-1.178214788,-0.170292371
36081075701,Forest Hills,3209,2682,2177,737,1496,77711,892,,5107,4091,2544,778,3113,112431,1707,,-0.265718583,-0.33669088,0.364,0.446783596,0.91367713,,-0.820837707,-1.786848646,-0.740967124,0.360013887
36081075702,Forest Hills,5786,4836,3924,1336,2697,77711,892,,4033,3312,2205,642,2050,136125,1435,,-0.193824116,-0.310588097,0.110,0.751682516,0.608744395,,-1.089748656,-1.840332158,-0.90043931,0.060423995
36081076901,Forest Hills,3520,2841,2277,944,1399,79191,967,,4182,3261,2200,894,2426,135583,1678,,-0.186760836,-0.202879167,0.511,0.712101123,0.735263702,,-0.344603904,-1.593237125,-0.621805117,0.352842002
36081076902,Forest Hills,1484,1126,876,456,536,52387,888,,1433,1060,717,355,658,91429,1735,,-0.152376947,-0.193784356,0.304,0.745261229,0.953828829,,-0.172590404,-1.459946704,-0.41191625,0.644412232
36081077300,Kew Gardens,1936,1477,1289,626,768,61470,844,,2113,1664,963,432,1063,89643,1270,,-0.315490901,-0.36771152,0.229,0.458321132,0.504739336,,-1.621854756,-1.801779852,-0.915818441,-0.038147706
36081077500,Kew Gardens,2479,1849,1671,594,928,62269,772,,2073,1568,1452,544,754,143889,1389,,0.039124037,0.095190529,-0.042,1.310764586,0.799222798,,0.242909733,-1.219381665,-0.261886105,0.703510019
36081077902,Kew Gardens Hills,5389,3242,4436,1159,1543,65142,964,,5322,3112,4501,985,1827,92769,1553,,0.027426561,-0.139430187,0.234,0.424104265,0.610995851,,-0.860166798,-1.591031082,-0.56614265,0.432533795
36081077903,Kew Gardens Hills,2981,1975,1301,736,563,47208,817,,3090,2273,1664,592,1032,80625,1283,,0.233898744,-0.224025609,0.593,0.707867311,0.570379437,,-0.383676817,-1.451864,-0.395425495,0.67356521
36081077904,Kew Gardens Hills,6303,4182,3091,1405,1888,58234,858,,5931,3963,3310,1547,1506,72216,1697,,0.13801601,0.170128002,-0.158,0.240100285,0.977855478,,-0.559665025,-1.519770952,-0.586878666,0.353099809
36081077905,Kew Gardens Hills,2411,1955,1088,461,1028,63276,804,,2676,2054,1027,536,1146,90533,1350,,-0.149542433,0.047550493,0.061,0.430763639,0.679104478,,-0.730384932,-1.580704526,-0.716758364,0.160678406
36081077906,Kew Gardens Hills,3990,2552,2200,915,739,41624,729,,3703,2517,2050,938,1062,73209,1660,,0.004038495,0.104589544,0.457,0.758817029,1.277091907,,0.88733839,-0.916810003,0.079271335,1.09070413
36081077907,Kew Gardens Hills,2972,1901,1639,682,550,41624,729,,3075,1679,2244,1083,841,58375,1427,,0.323267311,0.534785781,0.731,0.402436095,0.957475995,,0.972450005,-0.821473403,0.197850962,1.1903159
36081077908,Kew Gardens Hills,2810,1797,1550,653,522,41624,729,,4154,2503,1287,1186,716,49056,1421,,-0.438322953,0.228602332,-0.015,0.178550836,0.949245542,,-0.718679524,-1.551694524,-0.541730005,0.466647854
36081078800,Baisley Park,1631,959,20,377,133,50417,764,,1751,1179,92,398,184,79792,1834,,3.284751571,-0.016646797,0.125,0.582640776,1.40052356,,0.988101091,-0.633564489,0.375445151,1.409661725
36081079000,Baisley Park,2760,1712,3,626,194,39986,851,,2799,1907,17,763,391,52944,1331,,4.587709896,0.201866938,0.809,0.324063422,0.564042303,,0.658137329,-0.627205843,0.324756547,1.296025514
36081079200,Baisley Park,2670,1550,5,441,240,42178,781,,2526,1513,13,499,348,62457,1476,,1.748218527,0.196023936,0.485,0.480795675,0.889884763,,0.736405103,-0.810233225,0.196818461,1.204788294
36081079701,Flushing,3302,2393,457,797,883,40981,844,,6811,5133,414,1144,1971,62283,1310,,-0.560812137,-0.304120742,0.041,0.519801859,0.552132701,,-1.735561478,-3.059119251,-2.094576138,-1.155820587
36081079702,Flushing,8585,6223,1191,2083,2297,40981,844,,4947,3717,309,1139,684,34225,1374,,-0.549758931,-0.051072914,-0.501,-0.164856885,0.627962085,,-3.025610411,-3.56206156,-2.592556003,-1.646611972
36081079900,Queensboro Hill,3196,2235,1100,756,594,60588,952,,3244,2329,464,521,559,43750,1324,,-0.584423271,-0.321043652,-0.097,-0.277909817,0.390756303,,-3.440208299,-4.041237568,-2.901608011,-1.738925332
36081080301,Queensboro Hill,4083,2803,1329,1012,708,46318,841,,4925,3585,750,1491,484,51571,1496,,-0.53214699,0.221434763,-0.466,0.113411633,0.778834721,,-1.871228161,-3.052796345,-2.004174508,-0.931200325
36081080302,Queensboro Hill,2711,1916,1243,577,527,71414,764,,3531,2709,760,842,829,86250,1849,,-0.5305663,0.120387045,0.113,0.20774638,1.420157068,,-0.215979978,-1.912006469,-0.907276584,0.099978784
36081080900,Kew Gardens Hills,6401,4489,4072,1562,1507,55438,690,,7246,5075,3218,1324,1883,88047,1001,,-0.301883717,-0.251216177,0.105,0.588206645,0.450724638,,-1.445878499,-2.045836871,-0.977076614,0.06498123
36081081400,South Ozone Park,3159,1849,42,573,227,58854,867,,4091,2598,84,983,491,60746,1532,,0.544365681,0.324704594,0.539,0.032147348,0.767012687,,-0.068566529,-1.147828214,-0.229604156,0.699837232
36081081800,South Ozone Park,3531,2190,203,899,276,51354,962,,4542,2745,203,860,291,59107,1405,,-0.222589168,-0.256314443,-0.159,0.150971687,0.46049896,,-2.251577454,-2.105993089,-1.181627851,-0.256751102
36081083700,Queensboro Hill,5412,4008,1550,1161,1048,57675,858,,5444,3821,460,1224,749,53917,1290,,-0.704970254,0.048066572,-0.250,-0.065158214,0.503496503,,-2.57078767,-2.985579607,-2.139709416,-1.285292082
36081083800,South Ozone Park,4764,3190,1386,1069,532,56141,808,,5705,3820,674,1277,764,71724,1532,,-0.593918906,-0.00246235,0.199,0.277568978,0.896039604,,-0.859366584,-1.925830054,-0.879085968,0.173912163
36081084000,South Ozone Park,6900,4400,1108,1474,469,48448,848,,6342,4190,386,1341,683,60855,1147,,-0.620972782,-0.010184735,0.529,0.256089003,0.35259434,,-1.44699642,-1.774481628,-0.901588069,-0.024442344
36081084500,Flushing,4883,3441,918,904,870,40565,755,,4630,3808,238,849,556,27151,993,,-0.726573874,-0.009521636,-0.423,-0.330679157,0.315231788,,-3.869955856,-3.963889756,-2.949769648,-1.923781983
36081084601,South Ozone Park,2809,1878,895,608,331,58594,804,,2762,1958,565,533,466,72083,1517,,-0.357972726,-0.108437702,0.350,0.230211284,0.88681592,,-0.753835981,-1.87129005,-0.82263742,0.217216872
36081084602,South Ozone Park,611,285,221,223,23,58875,1108,,1123,761,93,264,134,73438,1920,,-0.771043947,-0.355889294,1.182,0.247354565,0.732851986,,-1.263386049,-1.673273892,-0.797298522,0.100773869
36081084900,Flushing,7176,4823,444,1974,838,34470,754,,8073,5415,89,1569,574,27398,1446,,-0.821821822,-0.293481932,-0.390,-0.205163911,0.917771883,,-3.28800237,-3.877362712,-2.742729402,-1.624527104
36081085300,Flushing,5861,4306,540,1379,1303,31960,841,,4395,3642,129,1000,794,36761,1423,,-0.681427127,-0.032950787,-0.280,0.150219024,0.692033294,,-2.083550983,-3.009311513,-2.087367192,-1.195379565
36081085500,Flushing,7135,5070,934,1746,1236,36297,772,,6704,5046,376,1103,1196,37950,1287,,-0.571549217,-0.327656447,-0.028,0.045540954,0.667098446,,-2.313192408,-3.018084221,-2.020664739,-1.023840493
36081085700,Flushing,6207,4396,947,1237,1072,31431,779,,5532,4291,245,1108,871,36806,1335,,-0.709720959,0.005008268,-0.168,0.171009513,0.713735558,,-1.828794056,-2.940444303,-1.983762952,-1.043230147
36081085900,Flushing,4911,3491,1010,1073,1146,40000,744,,5118,3932,501,1166,873,36441,1290,,-0.524022959,0.042721866,-0.324,-0.088975,0.733870968,,-2.195644664,-3.306896752,-2.296749693,-1.302673931
36081086100,East Flushing,2500,1776,635,642,468,39667,802,,2168,1713,165,418,394,37826,1253,,-0.700366098,-0.249203941,-0.127,-0.046411375,0.56234414,,-2.74326636,-3.162386837,-2.28777428,-1.42178098
36081086300,Murray Hill,7207,5039,849,1839,1146,36714,803,,6598,5325,381,1786,1065,48625,1321,,-0.509815588,0.060820579,-0.121,0.324426649,0.645080946,,-1.356787347,-2.707521556,-1.757239684,-0.802353213
36081086400,South Ozone Park,2496,1596,831,575,252,63750,823,,2842,2000,365,847,438,57069,1469,,-0.614244303,0.293707432,0.387,-0.1048,0.784933171,,-1.039700401,-1.50684036,-0.736995946,0.020430709
36081086500,Flushing,4156,3295,935,815,866,30189,850,,4561,3987,495,1048,921,35917,1485,,-0.51759805,0.171707313,-0.121,0.189737984,0.747058824,,-1.245255903,-2.528002351,-1.60546502,-0.673498615
36081086900,Flushing,1548,963,32,328,336,46035,920,,2053,1584,56,589,320,32125,1596,,0.319532392,0.354014945,-0.421,-0.302161399,0.734782609,,-1.986291943,-2.645012299,-1.618225779,-0.596293778
36081087100,Flushing,1870,1256,172,398,184,30115,533,,2263,1532,103,585,308,39851,753,,-0.505158824,0.214590407,0.372,0.32329404,0.412757974,,-0.974179591,-2.580618383,-1.56005183,-0.549730557
36081088400,Lindenwood-Howard Beach,7619,5580,6972,1637,961,67524,853,,7226,5459,5565,1154,1119,87640,1710,,-0.15839597,-0.256711958,0.190,0.297908892,1.004689332,,-0.826134005,-1.570118535,-0.650760384,0.266302507
36081088901,Flushing,8595,6612,3371,1619,1471,44283,547,,10835,8161,2177,2321,2383,45047,1245,,-0.487709099,0.137222011,0.313,0.01725267,1.276051188,,-0.379241441,-1.875019069,-0.932634028,0.010875942
36081089200,Lindenwood-Howard Beach,8746,6459,8175,1595,1253,65924,724,,7736,5871,6739,1144,2002,109639,1979,,-0.06803263,-0.189116714,0.758,0.663112068,1.733425414,,0.984923978,-0.921954891,0.228567878,1.351928204
36081090700,College Point,1769,1194,850,401,197,45938,700,,1234,814,497,174,144,68807,1527,,-0.161795214,-0.377961094,0.072,0.497823153,1.181428571,,-0.780694731,-1.983208619,-1.047240646,-0.076556381
36081091601,Breezy Point-Belle Harbor-Rockaway Park-Broad Channel,544,399,538,79,131,73578,396,,3928,2733,3719,432,1290,124271,800,,-0.042648718,-0.242671892,0.438,0.688969529,1.02020202,,-0.06311442,-1.51492192,-0.20951588,1.126559804
36081091900,College Point,5470,3926,2762,1225,795,55305,836,,6218,4437,1251,1443,741,49810,1547,,-0.601553291,0.036255506,-0.175,-0.099358105,0.850478469,,-1.897829456,-2.699425389,-1.630760359,-0.56918712
36081092200,Breezy Point-Belle Harbor-Rockaway Park-Broad Channel,2101,1546,2024,225,844,97374,940,,1990,1370,1858,206,841,153125,1448,,-0.030811667,-0.033375768,0.124,0.572545033,0.540425532,,-0.776481338,-1.906997175,-0.680852245,0.569809238
36081092500,College Point,3446,2170,1655,767,473,44915,877,,3862,2565,799,907,318,48257,1433,,-0.569223717,0.055151758,-0.431,0.074407214,0.633979475,,-2.310821151,-3.057170679,-1.914416172,-0.764153814
36081092800,Breezy Point-Belle Harbor-Rockaway Park-Broad Channel,3391,2352,3177,438,1333,95101,993,,3323,2364,3217,319,1338,140742,1900,,0.033311576,-0.256785762,-0.001,0.479921347,0.913393756,,-0.854107011,-1.987514833,-0.760952338,0.446439682
36081092900,College Point,5375,3647,3114,1161,697,61020,870,,6943,4445,1260,1710,1018,59189,1462,,-0.686755654,0.140237169,0.198,-0.030006555,0.68045977,,-1.512883716,-2.514832423,-1.468137029,-0.393170564
36081093401,Breezy Point-Belle Harbor-Rockaway Park-Broad Channel,3491,2656,3011,696,844,60778,746,,3627,2638,3199,516,1179,84779,1487,,0.022599975,-0.286419859,0.406,0.39489618,0.993297587,,-0.492010456,-1.76527228,-0.531956346,0.664514401
36081093402,Breezy Point-Belle Harbor-Rockaway Park-Broad Channel,2861,2180,2465,570,685,60294,743,,4372,3319,3259,608,1331,105966,1338,,-0.13482265,-0.301982312,0.276,0.757488307,0.800807537,,-0.589033346,-1.76073309,-0.570405291,0.672289881
36081093800,Breezy Point-Belle Harbor-Rockaway Park-Broad Channel,5961,4728,4773,999,1113,54087,649,,5308,4074,3660,848,884,88390,1080,,-0.138851878,-0.046724192,-0.078,0.634218944,0.664098613,,-0.843746848,-1.740361526,-0.541473787,0.709650003
36081093900,College Point,3085,2180,1886,647,563,54936,928,,4913,3478,1463,992,1012,76000,1681,,-0.512907949,-0.037244971,0.127,0.383427989,0.811422414,,-0.892472653,-2.168940102,-1.027625787,0.13955952
36081094201,Breezy Point-Belle Harbor-Rockaway Park-Broad Channel,2116,1362,704,395,213,28161,641,,3381,2332,936,908,597,51607,1248,,-0.167903525,0.438663567,0.637,0.832569866,0.946957878,,1.026389183,-0.406045417,0.677191965,1.754381467
36081094202,Hammels-Arverne-Edgemere,3626,1762,713,788,176,21308,340,,4937,2993,913,1210,904,40174,672,,-0.059527892,0.127778537,2.024,0.885395157,0.976470588,,1.563408148,-0.027835459,1.057257769,2.137600901
36081094203,Hammels-Arverne-Edgemere,5295,3679,2891,932,590,41598,507,,5730,4466,3176,1092,1045,60017,928,,0.015181616,0.08272476,0.459,0.442785711,0.830374753,,0.012108281,-0.770521657,0.36855743,1.499420201
36081094500,Whitestone,5470,3931,3754,1055,1012,71069,964,,3846,2666,1955,721,909,90032,1611,,-0.259320133,-0.028012116,0.324,0.266825198,0.671161826,,-0.835765431,-1.868794747,-0.919663758,0.052707432
36081094700,College Point,2110,1373,1312,426,157,61875,747,,2705,1800,951,488,306,59554,1511,,-0.434592106,-0.106436524,0.487,-0.037511111,1.022757697,,-0.914588506,-2.143930237,-1.170761354,-0.198128872
36081095400,Hammels-Arverne-Edgemere,4062,2552,520,729,349,38421,626,,5438,3399,549,1060,955,77990,1342,,-0.211376496,0.086123106,1.055,1.029879493,1.143769968,,1.269206186,-0.328363644,0.838166247,1.970005903
36081096400,Hammels-Arverne-Edgemere,3581,2104,290,856,399,47019,761,,4815,3254,368,733,794,60203,1333,,-0.056248075,-0.363148407,0.287,0.280397286,0.751642576,,-1.256835897,-1.64933557,-0.568607622,0.531273828
36081097202,Hammels-Arverne-Edgemere,2947,1455,28,669,193,28045,670,,2886,1497,201,698,259,37361,1074,,6.330301455,0.065401034,0.304,0.332180424,0.602985075,,0.263770612,-1.113584921,0.040254461,1.177742715
36081097203,Hammels-Arverne-Edgemere,7853,4214,612,1467,340,21203,322,,6803,3605,232,1284,447,25707,413,,-0.562405667,0.010345791,0.537,0.21242277,0.282608696,,-1.535070732,-2.113649834,-0.951760599,0.18454179
36081097204,Hammels-Arverne-Edgemere,1324,710,104,249,57,20864,318,,3962,2744,332,701,343,40714,798,,0.066788335,-0.0592111,0.557,0.95139954,1.509433962,,1.164083682,-0.774152126,0.320611622,1.411531018
36081097300,Whitestone,2019,1514,1738,343,413,79567,933,,1849,1428,1465,371,417,105417,1728,,-0.079577428,0.181079679,0.070,0.324883432,0.852090032,,-0.394411505,-1.805465166,-0.692962449,0.431158324
36081098100,Whitestone,1882,1368,1454,386,449,63542,1068,,2401,1657,1435,333,560,97031,1558,,-0.226402685,-0.323785642,0.030,0.527037235,0.458801498,,-1.688789602,-2.301551478,-1.250154378,-0.187910919
36081098700,Whitestone,2611,1843,2052,471,516,55515,958,,2544,1712,1898,457,606,97625,1470,,-0.050688774,-0.004170339,0.264,0.75853373,0.534446764,,-0.424751958,-1.753628386,-0.668525503,0.39415811
36081099100,Whitestone,6462,5057,5389,987,1770,73443,838,,6265,4895,4174,991,2428,105446,1613,,-0.201104197,0.035624653,0.417,0.435752897,0.924821002,,-0.079500718,-1.432159963,-0.393704264,0.600308842
36081099200,Hammels-Arverne-Edgemere,2788,1599,496,546,209,27955,611,,4432,2218,404,769,326,50990,1039,,-0.487619366,-0.114014295,0.124,0.824002862,0.700490998,,-0.700337153,-1.363485409,-0.406284159,0.545679411
36081099701,Ft. Totten-Bay Terrace-Clearview,2924,2333,2358,441,727,61598,858,,2686,2121,1795,348,1120,92353,1792,,-0.171310164,-0.140962714,0.695,0.499285691,1.088578089,,0.150705945,-1.331119912,-0.377899115,0.613562398
36081099703,Ft. Totten-Bay Terrace-Clearview,5170,4220,3895,790,1898,72281,1200,,3830,3120,2369,502,1560,104761,2085,,-0.178988259,-0.142234855,0.112,0.449357369,0.7375,,-0.878932562,-1.911719173,-0.776048275,0.334262546
36081099704,Ft. Totten-Bay Terrace-Clearview,5512,4500,4153,843,2024,72281,1200,,6948,5559,4103,1026,3063,91369,1800,,-0.216229371,-0.034462412,0.225,0.264080464,0.5,,-1.183225277,-1.92219525,-0.89519087,0.125545435
36081099705,Ft. Totten-Bay Terrace-Clearview,3453,2818,2601,528,1267,72281,1200,,2497,1798,1455,388,892,120060,2430,,-0.226428115,0.016192158,0.103,0.661017418,1.025,,-0.07092913,-1.419687129,-0.35341476,0.732714035
36081099801,Far Rockaway-Bayswater,3742,2446,688,724,376,35785,666,,7876,5045,687,1289,999,61513,1213,,-0.525576302,-0.154112851,0.288,0.718960458,0.821321321,,-0.563457945,-1.420536285,-0.35284214,0.7067161
36081099802,Far Rockaway-Bayswater,9166,5992,1686,1786,923,35785,666,,5573,3991,1003,1357,1389,44626,1002,,-0.021560059,0.249652329,1.259,0.247058824,0.504504505,,0.037380783,-1.158880676,-0.065954209,1.054996256
36081100801,Far Rockaway-Bayswater,4375,2427,667,901,527,43922,760,,2353,1371,1029,428,462,81154,1679,,1.868439346,-0.116767364,0.552,0.847684532,1.209210526,,1.100685985,-0.720103669,0.518309633,1.722269195
36081100802,Far Rockaway-Bayswater,5460,3029,833,1132,659,43922,760,,9319,5130,2273,1838,1267,61451,1241,,0.598739721,-0.048689235,0.135,0.399093848,0.632894737,,-0.618077651,-1.303372247,-0.340448927,0.644036016
36081101001,Far Rockaway-Bayswater,9479,6067,2042,1799,738,33369,535,,10976,6847,2858,2532,1383,42589,1024,,0.208717783,0.215488804,0.661,0.276304354,0.914018692,,0.328889659,-0.871348334,0.142494673,1.15047039
36081101002,Far Rockaway-Bayswater,3751,2332,2823,399,801,36182,483,,3932,2497,3034,742,964,51964,1167,,0.025270008,0.774044725,0.124,0.436183738,1.416149068,,1.091858586,-0.47499575,0.753998262,1.971771829
36081101700,Ft. Totten-Bay Terrace-Clearview,5916,4610,4724,943,1207,63805,784,,5984,4547,3682,714,1496,80394,1812,,-0.229432877,-0.251446062,0.257,0.259995298,1.31122449,,-0.489106292,-1.681980974,-0.752702067,0.166517683
36081102900,Whitestone,3406,2625,2569,694,613,55978,943,,3506,2575,2313,497,775,66513,1630,,-0.125329941,-0.30428775,0.289,0.188198935,0.728525981,,-1.311402589,-1.962007575,-1.016240084,-0.058117565
36081103201,Far Rockaway-Bayswater,5701,2887,308,1299,238,27750,629,,6401,3712,28,1491,412,43900,896,,-0.919032538,0.022284336,0.346,0.581981982,0.424483307,,-1.69630952,-2.047773034,-0.91140959,0.225411781
36081103202,Far Rockaway-Bayswater,6670,3728,2665,1576,731,32730,756,,7834,4194,3468,1886,1145,54494,1482,,0.107960154,0.018891037,0.392,0.664955698,0.96031746,,0.301604151,-0.951287506,0.108288259,1.173815017
36081103300,Whitestone,4149,3053,3283,909,700,66017,962,,4165,3095,2751,745,978,95769,1693,,-0.165265936,-0.183566496,0.378,0.450671797,0.75987526,,-0.646360219,-1.955895656,-0.933999332,0.07725761
36081103900,Whitestone,5865,4200,4332,1305,974,60353,1011,,6514,4742,3151,1267,1546,80842,1639,,-0.345092118,-0.125849188,0.406,0.339486024,0.621167161,,-0.955067334,-1.838105575,-0.991635307,-0.162936618
36081104700,Murray Hill,7207,5454,4608,1417,1511,59133,974,,7148,5206,2918,977,1494,59514,1641,,-0.361526619,-0.304824126,0.036,0.006443103,0.684804928,,-2.049867187,-2.500586659,-1.615108078,-0.740094648
36081105900,Murray Hill,3692,2718,2836,799,900,63286,1067,,4029,2942,2344,541,956,90847,1859,,-0.242616559,-0.379538397,-0.019,0.435499163,0.742268041,,-1.552857615,-2.311037948,-1.433156038,-0.562239051
36081107201,Breezy Point-Belle Harbor-Rockaway Park-Broad Channel,1655,1055,1571,284,123,61742,850,,2314,1587,2126,402,357,101250,1450,,-0.032119548,0.012377202,0.929,0.639888569,0.705882353,,0.27495612,-0.761874344,0.461138813,1.680266219
36081108500,Bayside-Bayside Hills,2860,2136,2087,519,675,64582,914,,2456,1813,1191,415,553,74118,1416,,-0.335451039,-0.068852655,-0.035,0.147657242,0.549234136,,-1.68067235,-1.944296521,-1.075167606,-0.190511387
36081109300,Bayside-Bayside Hills,2867,2063,2065,465,832,77794,797,,3275,2433,1880,401,1197,99922,1658,,-0.203007597,-0.245068046,0.220,0.28444353,1.080301129,,-0.723409328,-1.623892868,-0.748470897,0.122061799
36081109700,Bayside-Bayside Hills,2045,1428,1292,348,537,69688,993,,1627,1199,1093,328,536,104188,1786,,0.063318592,0.184678097,0.189,0.495063713,0.798590131,,-0.072909542,-1.406184049,-0.463707662,0.491789882
36081109900,Bayside-Bayside Hills,3419,2281,2499,648,675,61257,792,,3670,2534,1461,744,920,76333,1484,,-0.455350642,0.069623575,0.227,0.246110649,0.873737374,,-0.670986199,-1.698726057,-0.750453136,0.195872486
36081111300,Bayside-Bayside Hills,2522,1888,1703,487,795,87955,1032,,2391,1640,1220,366,761,83833,1932,,-0.244367396,-0.207283988,0.102,-0.046864874,0.872093023,,-1.539365438,-2.219327819,-1.161903061,-0.08576748
36081112300,Bayside-Bayside Hills,2158,1653,1121,670,758,50990,915,,2007,1580,717,495,782,97750,1789,,-0.312270568,-0.205608728,0.079,0.917042557,0.955191257,,-0.364538762,-1.551388346,-0.560175014,0.434869399
36081112900,Bayside-Bayside Hills,2248,1663,1603,523,639,73344,996,,2000,1510,1399,455,829,102045,1854,,-0.019041797,-0.022141491,0.429,0.391320353,0.861445783,,-0.197124081,-1.447066033,-0.48510621,0.480447403
36081113300,Bayside-Bayside Hills,1733,1246,1263,441,429,65370,921,,1734,1255,887,264,616,98036,1833,,-0.298108895,-0.40170578,0.426,0.499709347,0.990228013,,-0.783675489,-1.708445344,-0.751581975,0.200223232
36081113900,Auburndale,3355,2562,2161,821,790,57202,872,,3238,2589,1230,669,862,55054,1546,,-0.410252614,-0.155696401,0.080,-0.037551135,0.77293578,,-1.695548725,-2.135166897,-1.221826077,-0.304285218
36081114100,Murray Hill,2436,1775,1804,452,611,77381,985,,2427,1843,1201,419,892,119716,1463,,-0.331788444,-0.069571305,0.406,0.547098125,0.485279188,,-0.83297358,-1.997092029,-1.042981994,-0.081531891
36081114700,Murray Hill,1801,1279,1279,241,571,90131,1188,,1885,1411,927,299,594,102361,1820,,-0.307513123,0.185377021,-0.057,0.135691383,0.531986532,,-1.379392959,-2.368433462,-1.365741602,-0.347697991
36081115100,Murray Hill,1209,913,838,265,391,89620,864,,1174,878,543,248,382,77969,1651,,-0.332710924,-0.036250844,0.016,-0.130004463,0.91087963,,-1.503406204,-2.567896929,-1.521224072,-0.467845237
36081115500,Murray Hill,2172,1505,837,638,474,52656,789,,2441,1622,324,705,300,52163,1386,,-0.655561576,-0.016757868,-0.413,-0.009362656,0.756653992,,-2.427201338,-2.896197171,-1.95194066,-1.014893929
36081115700,Murray Hill,3465,2558,1140,774,946,57942,813,,3344,2540,662,605,668,62917,1416,,-0.398286011,-0.190062729,-0.289,0.085861724,0.741697417,,-2.110470256,-2.828588681,-1.892405496,-0.930712957
36081115900,Murray Hill,4247,2908,1162,878,819,43221,832,,4563,3476,303,1221,723,61678,1469,,-0.757300829,0.294353613,-0.261,0.427037783,0.765625,,-1.285160583,-2.608513609,-1.532529894,-0.510336627
36081116100,Flushing,4542,3402,1065,971,665,38581,880,,4775,3922,347,1015,702,53015,1426,,-0.690077133,-0.005692841,-0.084,0.374121977,0.620454545,,-1.575959704,-2.518472905,-1.565759813,-0.623395575
36081116300,Murray Hill,9375,6554,1607,2304,1571,34896,801,,9541,7524,747,2175,1076,33201,1386,,-0.543246267,-0.072414039,-0.403,-0.048572902,0.730337079,,-2.474669939,-2.955986144,-2.056821355,-1.174652757
36081116700,Murray Hill,2021,1397,232,608,425,36653,922,,1848,1350,171,494,239,36500,1496,,-0.193930531,-0.111438041,-0.418,-0.004174283,0.622559653,,-2.405292497,-3.018509872,-2.070183894,-1.110931069
36081117100,Murray Hill,3151,2164,1180,685,575,47708,813,,2512,1824,684,643,527,51094,1387,,-0.272885404,0.177468153,0.087,0.070973422,0.70602706,,-1.026124166,-2.339951762,-1.402051956,-0.450245862
36081117500,Murray Hill,4949,3593,2371,1305,1210,55335,892,,5149,4144,1734,949,1525,71974,1407,,-0.297069964,-0.301043315,0.093,0.300695762,0.57735426,,-1.678972613,-2.244798745,-1.348055607,-0.446328076
36081118100,Auburndale,1787,1257,1289,401,376,57431,900,,1571,1158,683,372,447,70294,1546,,-0.397279235,0.055229526,0.290,0.223973116,0.717777778,,-0.824868548,-1.895822256,-0.94150177,0.017261625
36081118500,East Flushing,2051,1425,657,514,400,37813,850,,2312,1699,301,565,372,48026,1466,,-0.593576364,-0.024868559,-0.220,0.270092296,0.724705882,,-1.662420541,-2.601233254,-1.626019565,-0.665133938
36081118700,East Flushing,2512,1646,598,700,446,45223,862,,2346,1753,291,593,319,42005,1288,,-0.478945162,-0.092914383,-0.328,-0.071158481,0.494199536,,-2.700653131,-3.0796532,-2.156061546,-1.221292157
36081118900,East Flushing,2352,1606,536,579,416,42238,1004,,2492,1918,276,551,679,63250,1368,,-0.514003019,-0.101822204,0.367,0.497466736,0.362549801,,-1.319732013,-2.679000209,-1.66363358,-0.671094666
36081119100,East Flushing,2987,1998,1131,697,607,44118,903,,3333,2422,209,1079,465,50357,1703,,-0.834391131,0.387358105,-0.368,0.141416202,0.88593577,,-1.735676572,-2.474983094,-1.544796919,-0.625255692
36081119300,East Flushing,2428,1670,1050,562,332,42159,850,,2118,1525,330,478,465,48221,1542,,-0.639714016,-0.024978241,0.534,0.143788989,0.814117647,,-0.926515179,-2.106513623,-1.109997488,-0.120158693
36081119500,East Flushing,1303,868,887,212,164,68125,937,,1255,952,436,225,277,81538,1555,,-0.489655358,0.101913102,0.540,0.196888073,0.659551761,,-0.734107474,-1.982196468,-0.9417231,0.149557044
36081119900,East Flushing,1609,1149,687,324,339,60574,829,,1458,1130,279,323,348,54350,1493,,-0.551826693,0.10016046,0.044,-0.102750355,0.800965018,,-1.540592063,-2.621816446,-1.621309713,-0.617460074
36081120100,East Flushing,1609,1094,320,368,320,35921,858,,1712,1271,237,340,281,43239,1261,,-0.30393363,-0.131672846,-0.244,0.203724841,0.46969697,,-2.115273801,-3.081983852,-2.074457174,-1.065742405
36081120300,East Flushing,1703,1173,481,414,454,61389,925,,1558,1105,308,343,348,62031,1417,,-0.300072858,-0.094390492,-0.186,0.0104579,0.531891892,,-2.142900449,-3.039318066,-2.100848618,-1.124889177
36081120500,East Flushing,2839,1994,509,557,661,37287,651,,2840,2332,104,633,506,32903,931,,-0.795749744,0.136045086,-0.345,-0.11757449,0.430107527,,-2.988359906,-3.648828831,-2.610601427,-1.599948015
36081120700,East Flushing,2686,1836,1532,555,438,59680,937,,2844,2039,832,595,675,76932,1758,,-0.487090223,0.012512513,0.388,0.289075067,0.87620064,,-0.567518119,-1.992803395,-1.039680424,-0.09676915
36081121500,Queensboro Hill,4275,3073,1438,1037,889,49173,877,,4316,3062,551,842,1032,61771,1419,,-0.620468877,-0.195755651,0.165,0.256197507,0.618015964,,-1.653961052,-2.207020156,-1.305220175,-0.395969857
36081122300,Pomonok-Flushing Heights-Hillcrest,3114,2127,1497,579,761,57171,977,,4043,2835,1534,819,961,82610,1848,,-0.210743029,0.089482365,-0.053,0.444963356,0.891504606,,-0.539267882,-1.797096184,-0.852554757,0.100337141
36081122701,Pomonok-Flushing Heights-Hillcrest,9422,6462,5080,2114,1601,54069,595,,11635,8372,3475,2149,2093,66038,1152,,-0.446053518,-0.176794725,0.009,0.221365292,0.936134454,,-1.244004905,-2.075689436,-1.066833273,-0.054921717
36081122702,Pomonok-Flushing Heights-Hillcrest,6520,4287,2214,1209,649,27996,415,,7504,4690,1747,1755,1210,35859,617,,-0.314401184,0.26126281,0.704,0.280861552,0.486746988,,-0.438440546,-1.665977107,-0.801961351,0.083377504
36081124100,Pomonok-Flushing Heights-Hillcrest,3754,2598,1609,703,1094,65833,781,,3621,2443,1225,848,938,78158,1542,,-0.210693302,0.250565003,-0.088,0.187216138,0.974391805,,-0.596987372,-1.830979498,-0.871286236,0.098090162
36081124700,Pomonok-Flushing Heights-Hillcrest,3643,2493,2166,621,1106,81271,1005,,3450,2456,1987,581,1326,89250,1844,,-0.031321878,-0.012073561,0.217,0.098177702,0.834825871,,-0.804184514,-1.919932341,-0.944627779,0.033862024
36081125700,Kew Gardens Hills,3162,2121,447,627,647,54714,811,,3207,2114,777,585,704,57440,1490,,0.713864177,-0.080077522,0.092,0.049822714,0.837237978,,-0.864271373,-1.781476029,-0.849100155,0.067759031
36081126500,Pomonok-Flushing Heights-Hillcrest,1913,1300,588,392,560,68424,725,,1473,1029,495,359,385,66786,893,,0.093301883,0.189379927,-0.131,-0.023938969,0.231724138,,-2.051178949,-2.360935847,-1.345043027,-0.355693078
36081126700,Pomonok-Flushing Heights-Hillcrest,3177,1695,1115,742,695,62524,1053,,4690,1602,1525,1060,575,97188,1422,,-0.073512961,-0.032287542,-0.125,0.554411106,0.35042735,,-1.441391468,-1.886469317,-1.096917636,-0.311923973
36081127700,Jamaica Estates-Holliswood,3948,2750,2766,590,1760,94745,1681,,3403,2061,2646,346,1251,127112,2137,,0.109820797,-0.319639202,-0.052,0.341622249,0.271267103,,-2.167791184,-2.256727801,-1.383543816,-0.476131355
36081129102,Oakland Gardens,3812,2822,2500,508,1358,79113,711,,3624,2528,2118,476,1418,119479,2500,,-0.108850331,-0.01438355,0.166,0.5102322,2.516174402,,1.201377671,-0.625361552,0.375035963,1.335381384
36081129103,Oakland Gardens,3239,2517,2302,562,1114,69814,772,,3829,2957,2390,570,1523,88047,1386,,-0.12174999,-0.142045766,0.164,0.261165382,0.795336788,,-0.938795333,-1.851811994,-0.72540154,0.423889983
36081129104,Oakland Gardens,4955,3850,3515,866,1699,69654,772,,4193,3314,1759,703,1859,105573,1000,,-0.408629976,-0.040696057,0.271,0.515677492,0.295336788,,-1.330597203,-1.554542299,-0.600851744,0.345649314
36081130100,Bellerose,3827,2780,1906,611,847,55446,625,,3833,2648,1195,701,969,89907,1196,,-0.374013955,0.14550358,0.201,0.621523645,0.9136,,-0.057663525,-1.040605227,-0.085912732,0.887676021
36081133300,Fresh Meadows-Utopia,3911,2893,2172,736,1314,93020,1066,,3727,2776,1982,705,1474,116125,1682,,-0.042426205,0.00517048,0.169,0.248387444,0.577861163,,-0.992070154,-2.119856355,-1.043177168,0.02524615
36081133900,Fresh Meadows-Utopia,1289,904,653,273,408,93988,1604,,1330,907,750,308,498,122500,2438,,0.113138896,0.093425872,0.217,0.303357875,0.519950125,,-0.773987801,-1.954926708,-0.964459965,0.033493529
36081134100,Fresh Meadows-Utopia,3224,2249,1516,552,1012,75536,1141,,3432,2405,939,737,1080,89722,1826,,-0.418145838,0.254227053,-0.002,0.187804491,0.60035057,,-1.122782253,-1.912987817,-1.057456894,-0.197247953
36081134700,Fresh Meadows-Utopia,8658,6294,3537,1941,2668,57008,861,,10211,7243,2314,2216,3187,65433,1653,,-0.445275177,-0.031959503,0.038,0.147786276,0.919860627,,-1.090788017,-2.05227732,-1.066392343,-0.047502619
36081136700,Oakland Gardens,5530,4200,3135,725,1573,56640,938,,5906,4441,1857,845,1643,63271,1710,,-0.445366564,0.09131567,-0.012,0.11707274,0.823027719,,-1.14474836,-1.997622261,-1.032607414,-0.07492704
36081137700,Oakland Gardens,5877,4050,2715,1036,1464,55938,917,,6384,4695,1845,1333,1864,73690,1565,,-0.374410647,0.184494931,0.098,0.317351353,0.706652126,,-0.733914298,-1.989189555,-0.888435443,0.168863609
36081138501,Oakland Gardens,4777,3322,2053,923,1337,67370,1326,,4733,3211,1392,666,1233,86635,2022,,-0.315664574,-0.271731937,-0.046,0.285958142,0.524886878,,-1.898191589,-2.401063324,-1.41225073,-0.381594005
36081139900,Bayside-Bayside Hills,1933,1429,1182,312,620,79223,1280,,1891,1337,736,317,635,101111,1763,,-0.363496695,0.038592049,0.095,0.276283403,0.37734375,,-1.496182897,-2.153274965,-1.193171153,-0.241440106
36081140300,Bayside-Bayside Hills,2281,1563,1147,358,387,60125,1217,,2099,1622,654,266,631,84643,1851,,-0.380377504,-0.192557776,0.571,0.407783784,0.520953164,,-1.032582625,-1.988051775,-1.010461878,-0.014320515
36081140901,Bayside-Bayside Hills,1112,843,655,203,272,67168,968,,999,723,338,151,399,102277,1136,,-0.425599645,-0.17201931,0.710,0.522704264,0.173553719,,-1.424574345,-2.076926175,-1.125966228,-0.158190567
36081140902,Auburndale,2779,1962,1235,438,698,65744,1138,,2975,2203,790,571,868,104274,1739,,-0.402467254,0.217765243,0.108,0.586061085,0.528119508,,-0.669656779,-1.833888714,-0.881329182,0.094112513
36081141700,Auburndale,4780,3391,2474,819,1056,66674,887,,4958,3570,1332,939,1360,82188,1394,,-0.480930031,0.10535827,0.223,0.232684405,0.571589628,,-1.091379193,-1.916087518,-1.042904384,-0.182845584
36081142900,Auburndale,3657,2690,2375,720,901,71435,1083,,3323,2620,1579,496,1056,83152,1804,,-0.26833356,-0.241869796,0.203,0.164023238,0.665743306,,-1.470569077,-2.040097659,-1.114198907,-0.20157048
36081143500,Bayside-Bayside Hills,2293,1607,1328,468,523,68352,914,,2235,1731,828,489,715,83438,1776,,-0.360325867,0.071987036,0.269,0.22071044,0.943107221,,-0.501338781,-1.735750568,-0.787727556,0.172854805
36081144100,Bayside-Bayside Hills,2753,2066,1557,515,844,71425,811,,3172,2373,1041,532,1284,102593,1496,,-0.419723277,-0.10344397,0.325,0.436373819,0.844636252,,-0.617010737,-1.895265106,-0.871211614,0.12426218
36081144700,Bayside-Bayside Hills,2693,1821,586,551,508,44978,1025,,2984,2179,406,559,719,77986,1632,,-0.374732361,-0.084416951,0.183,0.733869892,0.592195122,,-0.745474001,-1.751998355,-0.810684801,0.151983022
36081145101,Auburndale,1436,1062,1002,262,323,70625,1000,,1556,1121,760,259,481,86250,1799,,-0.300011802,-0.087688141,0.411,0.221238938,0.799,,-0.755944582,-1.902469393,-0.83171022,0.23103201
36081145102,Bayside-Bayside Hills,2739,1954,1084,614,533,60592,935,,2494,1875,581,566,617,92708,1645,,-0.411369945,0.012380201,0.206,0.530036969,0.759358289,,-0.55962516,-1.640099561,-0.805741316,0.04960275
36081145900,Auburndale,2867,2067,1840,541,534,69875,863,,2988,2193,1208,653,649,99241,1623,,-0.370064315,0.158145212,0.146,0.420264758,0.880648899,,-0.35442623,-1.753137212,-0.825442592,0.093711537
36081146300,Bayside-Bayside Hills,3139,2356,1813,736,427,49399,969,,3415,2598,1668,540,756,85750,1554,,-0.154334039,-0.325601566,0.606,0.735865098,0.60371517,,-0.667066519,-1.656161938,-0.779863339,0.109039583
36081146700,Bayside-Bayside Hills,2690,2009,1810,780,757,58750,763,,3150,2382,1340,1010,960,68125,1549,,-0.367780409,0.105779406,0.070,0.159574468,1.030144168,,-0.648658501,-1.63551876,-0.759093203,0.139100813
36081147100,Bayside-Bayside Hills,3079,2350,1892,573,944,70000,1028,,3265,2519,1200,540,1224,80221,1658,,-0.401882351,-0.111278593,0.210,0.146014286,0.612840467,,-1.421053965,-2.167277845,-1.187054401,-0.192530524
36081147900,Douglas Manor-Douglaston-Little Neck,3904,2911,2582,797,1284,70032,994,,4821,3557,2072,738,1661,85820,1744,,-0.350160373,-0.25015635,0.059,0.225439799,0.754527163,,-1.486938917,-2.445333743,-1.309112611,-0.149167863
36081148300,Douglas Manor-Douglaston-Little Neck,3049,2161,2196,432,1179,98216,1061,,2870,1989,1807,381,1086,127391,1717,,-0.125819037,-0.063049264,0.001,0.297049361,0.618284637,,-1.203843317,-2.522617128,-1.224240347,0.100477576
36081150701,Douglas Manor-Douglaston-Little Neck,3086,2235,2306,420,1055,89371,1174,,3123,2282,1849,412,1328,103417,1910,,-0.207678309,-0.030669533,0.233,0.157165076,0.626916525,,-1.110920268,-2.044845149,-0.958909197,0.108535788
36081150702,Douglas Manor-Douglaston-Little Neck,3467,2609,2463,536,1144,74809,882,,3270,2543,1759,442,1134,92266,1442,,-0.242805385,-0.125693779,0.017,0.233354276,0.634920635,,-1.405184729,-2.14560108,-1.084391264,-0.001981347
36081152901,Douglas Manor-Douglaston-Little Neck,6292,4693,3526,1201,1821,72799,1069,,6535,5077,2423,1216,2234,93523,2038,,-0.338371464,-0.025159218,0.134,0.28467424,0.90645463,,-0.729568837,-1.464330574,-0.448578739,0.553980462
36081152902,Douglas Manor-Douglaston-Little Neck,5162,4020,3858,596,1575,66884,700,,5119,3820,2028,827,1887,94914,1663,,-0.469923443,0.399239706,0.261,0.419083787,1.375714286,,0.535770381,-1.425375295,-0.421994124,0.596496523
36081155101,Glen Oaks-Floral Park-New Hyde Park,1962,1900,1878,41,886,87366,1521,,1926,1925,1863,7,899,78654,2298,,0.010555074,-0.826077046,0.001,-0.099718426,0.510848126,,-4.339457899,-4.1993656,-2.957045189,-1.698395609
36081155102,Glen Oaks-Floral Park-New Hyde Park,7556,5580,4407,1619,2017,64793,815,,8665,6573,4299,1740,2491,107825,1426,,-0.14935613,-0.062814023,0.048,0.664145818,0.749693252,,-0.564125458,-1.22825637,-0.325348097,0.603578684
36081156700,Bellerose,1119,964,328,318,61,12500,221,,1382,1014,324,209,218,102500,1325,,-0.20017825,-0.467841247,2.398,7.2,4.995475113,,5.629234743,0.642003666,1.62823047,2.645213821
36081157101,Bellerose,7470,5360,3966,1356,1747,67475,846,,8310,5755,2348,2156,2325,91513,1548,,-0.467812143,0.429251462,0.240,0.356250463,0.829787234,,-0.160270517,-0.954105988,-0.0102628,0.962701237
36081157102,Bellerose,1458,925,707,282,258,76526,920,,2110,1380,348,434,465,81607,1753,,-0.659877863,0.063446607,0.208,0.066395735,0.905434783,,-1.112320002,-1.531691209,-0.497904361,0.605185948
36081157901,Glen Oaks-Floral Park-New Hyde Park,4818,3575,2968,781,1199,64018,691,,4848,3762,1778,1133,1689,118750,1526,,-0.40465043,0.441727095,0.339,0.854947046,1.208393632,,0.96140417,-0.594592482,0.534626927,1.632731943
36081157902,Glen Oaks-Floral Park-New Hyde Park,3690,2642,1889,536,932,71013,879,,3866,2819,1217,1106,1060,115313,1811,,-0.385073603,0.969494869,0.066,0.62382944,1.060295791,,0.771204633,-0.680414367,0.392036218,1.438728759
36081157903,Glen Oaks-Floral Park-New Hyde Park,3840,2791,2417,680,868,64628,825,,4039,3082,1376,698,1310,95172,1640,,-0.458748448,-0.024103229,0.367,0.47261249,0.987878788,,-0.261146831,-1.141297576,-0.086130266,0.952314391
36081161700,Bellerose,4608,3139,2917,735,888,74428,822,,4436,3265,1791,966,1009,91094,1293,,-0.362206499,0.365245395,0.092,0.223921105,0.572992701,,-0.839396202,-1.620652136,-0.552522343,0.505217747
36081162100,Bellerose,5726,3707,2549,1168,940,61075,863,,6845,4382,1430,1638,1284,77591,1441,,-0.530706982,0.173137577,0.156,0.270421613,0.669756663,,-0.921376849,-1.513713558,-0.633748241,0.266599713
36085000300,West New Brighton-New Brighton-St. George,1866,1280,584,636,460,44352,699,,1919,1558,754,425,715,79706,1161,,0.255437692,-0.350216799,0.277,0.797123016,0.660944206,,-0.691423412,-2.014934534,-0.957507956,0.09458492
36085000600,Stapleton-Rosebank,2637,1958,2015,380,503,68576,441,,2204,1883,1482,514,646,93050,727,,-0.120022247,0.618370905,0.335,0.356888707,0.648526077,,0.081216584,-1.158952483,-0.127510371,0.90124221
36085000700,West New Brighton-New Brighton-St. George,5011,3095,1118,1309,979,36376,654,,6228,3620,911,1165,999,47257,970,,-0.34437973,-0.28391912,-0.128,0.299125797,0.483180428,,-2.10259594,-2.793671519,-1.636598408,-0.486058837
36085000800,Stapleton-Rosebank,4730,3140,3302,894,524,56000,729,,5662,3905,3006,1098,1187,81683,1219,,-0.239493057,0.026020639,0.821,0.458625,0.672153635,,-0.120012386,-1.104750689,-0.082402377,0.949758052
36085000900,West New Brighton-New Brighton-St. George,2201,1424,729,588,458,36184,764,,1724,951,295,390,331,46000,1246,,-0.483372799,-0.153221033,0.082,0.271280124,0.630890052,,-1.498016115,-2.312544449,-1.285488605,-0.274600642
36085001100,West New Brighton-New Brighton-St. George,3705,2216,1021,967,632,35345,708,,3174,2021,472,741,661,51898,1154,,-0.460368185,-0.105515079,0.147,0.468326496,0.629943503,,-1.094618401,-2.102218908,-1.139426096,-0.157221401
36085001700,Stapleton-Rosebank,1683,1121,700,373,433,48317,767,,1500,1022,503,249,462,56761,1153,,-0.193762857,-0.250997319,0.170,0.174762506,0.503259452,,-1.714853834,-2.454106293,-1.383549593,-0.303761837
36085001800,Grasmere-Arrochar-Ft. Wadsworth,462,274,304,210,52,39375,651,,584,326,366,154,120,60208,1472,,-0.047562185,-0.419863014,0.940,0.529092063,1.261136713,,0.026738507,-0.918117978,0.082544114,1.106509033
36085002001,Stapleton-Rosebank,2454,1791,1800,525,407,55331,848,,2584,2019,1790,708,731,118966,1283,,-0.055585655,0.280725343,0.593,1.150078618,0.512971698,,0.523158227,-0.808710576,0.18699628,1.18195563
36085002002,Grasmere-Arrochar-Ft. Wadsworth,3094,2156,2355,588,553,62023,886,,3395,2547,2655,725,1243,102585,1550,,0.0274345,0.123676275,0.903,0.6539832,0.749435666,,0.512723775,-0.759205596,0.171266964,1.121925911
36085002100,Stapleton-Rosebank,3633,2204,1097,838,487,47046,757,,4285,2794,792,1277,598,54521,1288,,-0.387884854,0.291996836,-0.031,0.158887047,0.701453104,,-0.984982316,-1.737452716,-0.825399104,0.073101755
36085002700,Stapleton-Rosebank,1832,1272,637,352,132,37750,745,,2186,1429,589,487,233,30000,1381,,-0.225090163,0.159475588,0.571,-0.205298013,0.853691275,,-0.846581204,-1.631426368,-0.589156336,0.487225148
36085002900,Stapleton-Rosebank,5197,2486,712,1046,236,16804,391,,5237,3041,359,1225,371,28500,811,,-0.49963768,0.162183077,0.285,0.696024756,1.074168798,,0.219270975,-1.234357463,-0.227680079,0.783044579
36085003300,Grymes Hill-Clifton-Fox Hills,3176,2214,1651,621,937,65217,852,,3708,2610,1891,830,1125,111549,1263,,-0.018963369,0.144793778,0.018,0.710428263,0.482394366,,-0.600397982,-1.69051444,-0.809900514,0.125568995
36085003600,Stapleton-Rosebank,2022,1426,1540,468,274,58977,732,,2589,1719,1073,590,380,70391,1418,,-0.455838136,-0.015410365,0.150,0.193533072,0.93715847,,-0.86202031,-1.362421521,-0.363927766,0.631920262
36085003900,Grymes Hill-Clifton-Fox Hills,2436,1572,1302,660,693,74570,791,,2390,1531,1187,548,689,77220,1333,,-0.070778783,-0.153716242,0.021,0.035537079,0.685208597,,-1.568977846,-2.297693872,-1.180103009,-0.055106084
36085004000,Grymes Hill-Clifton-Fox Hills,11286,6264,1787,2449,965,33061,354,,12349,7384,911,2818,1846,50679,827,,-0.534089949,0.051623927,0.623,0.532893742,1.336158192,,0.454603307,-0.963518534,-0.07906551,0.805674895
36085004700,Grymes Hill-Clifton-Fox Hills,3425,1806,2611,1005,601,81184,744,,3189,1834,2250,796,750,124911,1357,,-0.074488748,-0.149345777,0.229,0.538615983,0.823924731,,-0.500478045,-1.400620118,-0.555015147,0.281564743
36085005000,Grasmere-Arrochar-Ft. Wadsworth,3383,2382,2590,617,654,57824,660,,3863,2601,2223,683,991,79821,1526,,-0.248347704,-0.030578094,0.388,0.380412977,1.312121212,,0.152510261,-0.974340891,-0.105192285,0.770409491
36085005900,New Brighton-Silver Lake,2584,1936,2149,463,839,71739,817,,3011,2088,2188,578,1121,117045,1289,,-0.126239001,0.07134316,0.239,0.63153933,0.577723378,,-0.432262871,-1.618622629,-0.740936664,0.113607816
36085006400,Grasmere-Arrochar-Ft. Wadsworth,3659,2416,2482,653,434,53269,418,,3381,2204,1944,749,767,67167,548,,-0.152359455,0.241326066,0.937,0.260902213,0.311004785,,-0.541603749,-1.222743709,-0.23038173,0.778722872
36085006700,New Brighton-Silver Lake,2861,1972,2466,622,885,90074,714,,2551,1741,2102,467,738,126583,1210,,-0.044023892,-0.157957727,-0.055,0.405322291,0.694677871,,-1.151672306,-1.907443827,-0.98592592,-0.047423278
36085007000,Old Town-Dongan Hills-South Beach,7634,5281,6178,1631,758,57363,731,,8942,6080,6036,1865,1368,79949,1454,,-0.165898663,-0.023791994,0.568,0.393738124,0.989056088,,0.008503452,-1.053916787,-0.101544079,0.814274189
36085007400,Grasmere-Arrochar-Ft. Wadsworth,3806,2525,2724,783,243,38435,625,,4673,3284,2994,798,1097,89602,958,,-0.104804901,-0.16993112,2.471,1.33126057,0.5328,,0.988891472,-0.578209885,0.476642387,1.545017825
36085007500,New Brighton-Silver Lake,3667,2615,1973,744,583,54500,743,,4313,2762,1267,755,453,47537,1332,,-0.45401466,-0.137209275,-0.264,-0.127761468,0.792732167,,-2.301702808,-2.473065425,-1.520048628,-0.556117194
36085007700,West New Brighton-New Brighton-St. George,1592,830,257,328,134,42917,740,,1497,836,215,295,168,50163,1250,,-0.110334807,-0.043534223,0.245,0.168837524,0.689189189,,-0.960966241,-2.070992734,-1.068770477,-0.05692126
36085008100,West New Brighton-New Brighton-St. George,4385,3165,1985,623,666,43773,442,,4373,3026,1218,655,920,76250,621,,-0.384714192,0.054249427,0.445,0.741941379,0.404977376,,-0.592972098,-1.884998673,-0.869104176,0.150137078
36085009601,Old Town-Dongan Hills-South Beach,3885,2995,3341,638,599,66810,734,,3844,2997,2732,893,920,72423,1156,,-0.173558983,0.414615539,0.535,0.084014369,0.57493188,,-0.447617545,-1.355856263,-0.348489522,0.661721799
36085009602,Old Town-Dongan Hills-South Beach,3340,2382,2884,658,480,61809,790,,3427,2602,2703,785,955,102500,1253,,-0.086553424,0.162722631,0.821,0.658334547,0.586075949,,0.224146631,-1.203721985,-0.243550185,0.719197891
36085009700,West New Brighton-New Brighton-St. George,3869,2330,1797,696,655,56137,555,,4396,2803,1622,721,894,100025,1165,,-0.205591616,-0.088268266,0.135,0.781801664,1.099099099,,0.016331813,-1.502658255,-0.43143774,0.641132233
36085010500,New Brighton-Silver Lake,4415,2876,2504,789,621,64131,775,,4886,3229,1935,761,1098,72500,1151,,-0.301729186,-0.128464867,0.575,0.130498511,0.48516129,,-1.278677387,-1.782013054,-0.843851199,0.11167644
36085011201,Old Town-Dongan Hills-South Beach,5822,3851,4922,1260,681,60812,793,,5846,4137,4495,1135,1179,98158,1413,,-0.090502569,-0.102904442,0.612,0.614122213,0.78184111,,-0.073319185,-1.285815262,-0.259427157,0.7520578
36085011202,New Dorp-Midland Beach,797,523,611,163,79,63519,826,,5677,3949,4036,1215,1165,95133,1245,,-0.072637833,0.046473176,0.953,0.497709347,0.507263923,,-0.127347104,-1.389924038,-0.388951443,0.636625749
36085011401,Old Town-Dongan Hills-South Beach,2946,2028,1965,559,319,42128,488,,2868,1825,1346,705,354,46622,650,,-0.296383362,0.295480573,0.233,0.106674896,0.331967213,,-1.291231425,-1.80466764,-0.793522298,0.219582497
36085011402,New Dorp-Midland Beach,3254,2380,2725,584,438,71726,790,,3841,2734,2931,543,883,111333,1409,,-0.088781448,-0.212301127,0.755,0.552198645,0.783544304,,-0.219637562,-1.489303984,-0.455473915,0.561573158
36085012100,New Brighton-Silver Lake,3189,2202,2899,497,872,84400,785,,3322,2357,2391,566,1004,128375,1278,,-0.208253318,0.09323854,0.076,0.521030806,0.628025478,,-0.657314422,-1.754147955,-0.741483063,0.268880868
36085012200,New Dorp-Midland Beach,3870,2744,3369,700,717,68015,911,,3858,2777,3365,618,1072,103313,1259,,0.001919431,-0.114396801,0.477,0.518973756,0.381997805,,-0.873166753,-1.765683254,-0.752217765,0.263640936
36085012500,West New Brighton-New Brighton-St. George,2692,1719,1557,342,414,60161,764,,3009,1915,1279,687,429,64821,1228,,-0.265088912,0.797146572,-0.070,0.077458819,0.607329843,,-0.723240107,-1.731802101,-0.736377665,0.255090131
36085012804,New Dorp-Midland Beach,4075,2741,3389,837,369,58352,821,,4128,2796,3012,668,727,80662,1236,,-0.122653146,-0.212158364,0.931,0.382334796,0.505481121,,-0.716557973,-1.702608609,-0.639483061,0.435417635
36085012805,Oakwood-Oakwood Beach,533,367,451,101,61,60321,610,,2765,1915,2202,594,385,74363,1195,,-0.058819661,0.133697384,0.210,0.232787918,0.959016393,,-0.274744472,-1.477923304,-0.310416363,0.792141055
36085012806,Oakwood-Oakwood Beach,750,516,634,144,86,60321,610,,5600,3940,3755,1056,1044,86096,1240,,-0.206779518,-0.017857143,0.590,0.427297293,1.032786885,,0.104515882,-1.243288636,-0.257044673,0.759128996
36085013201,Oakwood-Oakwood Beach,1706,1209,1597,278,357,78371,994,,1579,1142,1376,315,425,126518,1397,,-0.069084172,0.224228977,0.260,0.614347144,0.405432596,,-0.484146959,-1.486052335,-0.476824467,0.540694268
36085013203,Great Kills,5491,3876,5069,1002,790,75628,813,,5674,4205,4512,991,1333,97574,1492,,-0.138591978,-0.042876355,0.555,0.29018353,0.835178352,,-0.337121753,-1.370332507,-0.399651751,0.554237253
36085013204,Oakwood-Oakwood Beach,5138,3722,4615,1045,716,67117,872,,4579,3446,4141,764,1051,107455,1411,,0.006831934,-0.179647465,0.585,0.601010176,0.618119266,,-0.428320608,-1.352144648,-0.378024323,0.586731728
36085013301,West New Brighton-New Brighton-St. George,1839,850,53,345,36,15257,267,,1469,703,98,342,83,17104,441,,1.314782229,0.240986178,1.788,0.121059186,0.651685393,,0.717898613,-1.007547599,0.197866243,1.417827321
36085013302,West New Brighton-New Brighton-St. George,2503,1387,548,490,192,39841,773,,3027,1785,192,839,282,47772,1309,,-0.710286256,0.415840429,0.141,0.199066288,0.693402329,,-0.924625013,-1.58621021,-0.689947207,0.182516009
36085013400,New Dorp-Midland Beach,3721,2776,3226,712,729,83837,859,,3854,2755,3036,830,777,97179,1243,,-0.091373573,0.125501449,0.074,0.159142145,0.447031432,,-1.282863071,-1.764879012,-0.840824067,0.068784676
36085013800,Oakwood-Oakwood Beach,6622,4773,6096,1185,1126,77542,752,,6095,4551,5478,929,1684,113899,1185,,-0.023679213,-0.148248651,0.569,0.468868484,0.575797872,,-0.603797346,-1.576315644,-0.624440035,0.315091129
36085014100,West New Brighton-New Brighton-St. George,2147,1400,1316,671,253,44000,734,,2359,1627,762,454,498,80313,1274,,-0.473009015,-0.384203188,0.694,0.825295455,0.735694823,,-0.665527111,-1.619266539,-0.662931317,0.29437146
36085014604,Great Kills,6600,4576,6117,1370,848,63965,774,,6841,4867,5409,1209,1358,97953,1202,,-0.146894295,-0.148606993,0.506,0.531353084,0.552971576,,-0.68153668,-1.586206448,-0.712651027,0.176078695
36085014605,Great Kills,3927,2669,3631,663,662,65241,798,,3887,2870,3299,519,953,111066,1266,,-0.082085084,-0.209138944,0.339,0.702395733,0.586466165,,-0.679981603,-1.617985379,-0.607623888,0.413776306
36085014606,Great Kills,6558,4122,5886,1273,997,71123,826,,7183,5126,6330,1602,1912,110587,1732,,-0.018141288,0.148946097,0.542,0.554869733,1.0968523,,0.605431658,-1.095517294,-0.083580061,0.968600358
36085014607,Great Kills,3191,2173,2889,662,425,77746,835,,4752,3307,3995,834,979,90504,1676,,-0.071419383,-0.154023238,0.514,0.164098475,1.007185629,,-0.468937364,-1.728630281,-0.634810535,0.432961239
36085014608,Great Kills,2094,1426,1896,434,278,77746,835,,3927,2731,3160,789,721,92353,1756,,-0.111280876,-0.030599923,0.354,0.187881049,1.102994012,,-0.278891006,-1.592137929,-0.525180185,0.567534872
36085014700,Westerleigh,3421,2519,3092,613,817,75320,818,,3410,2491,2899,454,1146,118370,1220,,-0.059394692,-0.256991001,0.418,0.571561338,0.491442543,,-0.96932918,-1.621336191,-0.734551429,0.126800814
36085015100,Westerleigh,5030,3610,4380,965,1029,69154,759,,5155,3562,3473,1038,1407,125972,1097,,-0.226304647,0.049565038,0.386,0.821615525,0.445322793,,-0.410586069,-1.429152102,-0.519074587,0.396984375
36085015601,Great Kills,6437,4492,5941,1102,1062,66996,871,,6677,4615,5886,1229,1403,115521,1066,,-0.044869226,0.075158323,0.286,0.724296973,0.223880597,,-0.868277066,-1.737453013,-0.732642525,0.290041065
36085015602,Annadale-Huguenot-Prince's Bay-Eltingville,3519,2504,3289,563,602,79704,1393,,3422,2362,3194,545,659,99954,2200,,-0.001356913,-0.004531851,0.160,0.254065041,0.579325197,,-0.987565808,-1.779315886,-0.814621459,0.138619298
36085015603,Great Kills,1371,930,1239,290,233,71495,821,,4661,3408,4243,857,1363,92422,2043,,0.007302884,-0.130757052,0.596,0.292705784,1.488428745,,0.364623107,-1.21820776,-0.152971491,0.926978097
36085016901,Westerleigh,3071,2219,2565,680,577,72073,838,,3142,2134,2360,639,751,79814,1665,,-0.100713095,-0.081528719,0.353,0.107404992,0.986873508,,-0.605703207,-1.568045697,-0.667641636,0.2507411
36085017005,Annadale-Huguenot-Prince's Bay-Eltingville,3966,2619,3624,676,659,80612,755,,4917,3499,4352,965,1242,110588,1067,,-0.031380519,0.151418277,0.411,0.371855307,0.413245033,,-0.66872337,-1.754180797,-0.876122205,-0.001585217
36085017007,Arden Heights,3055,1997,2141,845,350,61250,806,,5471,3536,3213,853,1234,88403,1255,,-0.162010536,-0.436314554,0.991,0.443314286,0.55707196,,-1.038481393,-2.226935671,-1.101036932,0.043813015
36085017008,Arden Heights,8230,5290,7410,1761,1213,77821,846,,7560,5550,6680,1321,1765,92768,968,,-0.018622054,-0.1833772,0.387,0.192068979,0.144208038,,-1.930168435,-2.406234887,-1.413534734,-0.410341819
36085017009,Arden Heights,4482,3028,4144,986,769,81132,791,,4526,3132,3915,630,1184,104500,1182,,-0.064445004,-0.367266342,0.489,0.288024454,0.494310999,,-1.465975291,-2.088511495,-1.163013245,-0.223977141
36085017010,Arden Heights,9278,5735,7750,1769,1429,71120,797,,8925,6117,6834,1773,1994,98139,1148,,-0.083316498,0.041902418,0.308,0.379907199,0.440401506,,-0.877871195,-2.00710626,-0.980531798,0.04309571
36085017011,Annadale-Huguenot-Prince's Bay-Eltingville,3746,2587,3423,792,548,73091,862,,4483,3264,3953,838,904,94338,1134,,-0.035018585,-0.115866449,0.307,0.290692425,0.315545244,,-1.426611232,-1.999101752,-1.052118447,-0.117735836
36085017012,Annadale-Huguenot-Prince's Bay-Eltingville,5230,3612,4779,1114,765,73091,862,,4526,3223,3689,902,999,87368,1293,,-0.108012509,-0.064360634,0.463,0.195331847,0.5,,-1.044080927,-1.907234065,-1.013174948,-0.092195814
36085017300,New Springville-Bloomfield-Travis,2547,1574,1314,396,332,44423,488,,2586,1689,891,512,461,60208,480,,-0.332144106,0.273430359,0.294,0.355333949,-0.016393443,,-1.685409622,-2.4884146,-1.35450647,-0.220384477
36085017600,Annadale-Huguenot-Prince's Bay-Eltingville,2113,1355,1938,375,370,81712,808,,4767,3431,4356,887,1544,111944,1123,,-0.00370387,0.048447521,0.648,0.369982377,0.389851485,,-0.64503056,-1.659246411,-0.70231019,0.247337605
36085017700,Todt Hill-Emerson Hill-Heartland Village-Lighthouse Hill,6743,4926,5688,1008,1873,98137,982,,6722,4718,5423,963,2406,140461,1433,,-0.043610789,-0.041658254,0.341,0.431274647,0.459266802,,-0.861167774,-1.499192435,-0.67523907,0.157187864
36085018100,Todt Hill-Emerson Hill-Heartland Village-Lighthouse Hill,3105,2309,2635,438,782,75284,802,,3196,2267,2470,257,909,151394,1016,,-0.089308742,-0.429948823,0.184,1.010971787,0.266832918,,-1.591071844,-1.801291163,-1.015102147,-0.216852906
36085018701,Westerleigh,1916,1296,1425,359,280,68349,795,,1758,1254,1253,317,454,96000,1592,,-0.04167495,-0.037631393,0.676,0.404556029,1.002515723,,0.159351741,-1.331372778,-0.442253946,0.432983032
36085018702,New Springville-Bloomfield-Travis,7147,4993,4743,1183,1244,71858,839,,7329,5648,3863,1134,1542,99573,967,,-0.205762033,-0.065224394,0.096,0.385691224,0.152562574,,-1.852683043,-2.166523115,-1.232092093,-0.316427443
36085018901,Westerleigh,5234,3911,4469,906,809,72439,784,,5242,3643,3469,1088,980,84148,1157,,-0.224948347,0.199050293,0.300,0.161639448,0.475765306,,-0.97082835,-1.66315122,-0.719314441,0.247857395
36085018902,New Springville-Bloomfield-Travis,4957,3229,3481,1069,1356,74766,851,,5127,3508,2909,836,1547,89129,1489,,-0.192029881,-0.243891407,0.050,0.192106038,0.749706228,,-1.44160496,-2.083149497,-1.097161016,-0.085459717
36085019700,Westerleigh,1966,1260,1806,354,317,82012,798,,1812,1282,1644,332,536,127500,1384,,-0.012335629,0.01756027,0.662,0.554650539,0.73433584,,0.059840105,-1.249028029,-0.234174536,0.769544573
36085019800,Annadale-Huguenot-Prince's Bay-Eltingville,2594,1741,2355,502,423,73313,772,,6583,4559,5902,1269,1509,106429,1259,,-0.012460649,-0.003897519,0.362,0.451707064,0.630829016,,-0.478170636,-1.527411539,-0.609074032,0.310328262
36085020100,Westerleigh,3428,2252,2794,669,488,70195,795,,3612,2466,2195,670,809,90795,1286,,-0.254408077,-0.049522684,0.514,0.293468196,0.617610063,,-0.745809285,-1.46666447,-0.543127829,0.361437549
36085020700,Port Richmond,5210,3035,1282,1306,381,39843,650,,5548,3504,439,1545,417,50724,1142,,-0.678428341,0.110929701,-0.052,0.273096905,0.756923077,,-1.281222647,-1.980995518,-0.934484743,0.123403399
36085020801,Rossville-Woodrow,8256,5238,7256,1666,1136,69309,893,,9277,6358,7842,1964,1793,96362,1608,,-0.038184677,0.049128329,0.300,0.390324489,0.800671892,,-0.300217746,-1.648441411,-0.650691719,0.350318431
36085020803,Rossville-Woodrow,5318,3309,4815,1113,781,73900,833,,6271,4319,5215,1114,1706,105735,1232,,-0.081520318,-0.151207451,0.674,0.430784844,0.478991597,,-0.75168261,-1.800713032,-0.746355588,0.319281211
36085020804,Rossville-Woodrow,5320,3575,4975,1028,1020,78433,817,,5849,4143,4993,1028,1301,104327,1175,,-0.087151951,-0.090442811,0.101,0.33014165,0.438188494,,-1.356854233,-1.940949896,-1.006744823,-0.093357815
36085021300,Port Richmond,4713,2930,2750,995,441,51761,819,,4768,3132,1494,1131,689,63125,1150,,-0.462994051,0.123571507,0.462,0.219547536,0.404151404,,-1.123173886,-1.67284841,-0.745599651,0.15706889
36085022300,Mariner's Harbor-Arlington-Port Ivory-Graniteville,2291,1390,891,430,173,46325,857,,2541,1489,532,625,420,60000,1152,,-0.461662848,0.310484794,1.266,0.295196978,0.344224037,,-0.359460714,-1.538631376,-0.585571628,0.366663381
36085022600,Charleston-Richmond Valley-Tottenville,3915,2717,2989,1033,551,65818,756,,8988,6039,6544,1394,2144,106121,1302,,-0.046356444,-0.412197871,0.751,0.612340089,0.722222222,,-0.656036141,-1.673961744,-0.665101545,0.338555315
36085023100,Mariner's Harbor-Arlington-Port Ivory-Graniteville,3281,2034,1215,679,349,51524,738,,4336,2745,616,881,516,74036,1606,,-0.616362201,-0.018199857,0.096,0.436922599,1.176151762,,-0.493448229,-1.565389466,-0.543112563,0.466947352
36085023900,Mariner's Harbor-Arlington-Port Ivory-Graniteville,3113,1836,1442,652,184,54618,785,,3778,2109,806,1059,582,65262,1000,,-0.539439224,0.338337144,1.754,0.194880809,0.27388535,,-0.414847482,-1.326242609,-0.432641793,0.448944143
36085024401,Charleston-Richmond Valley-Tottenville,1456,937,1331,280,216,79827,685,,6271,4284,5380,1360,1281,93702,1144,,-0.061511848,0.127730824,0.297,0.173813371,0.670072993,,-0.664392039,-1.684129721,-0.603061112,0.460293395
36085024402,Charleston-Richmond Valley-Tottenville,2481,1597,2268,477,368,79827,685,,4419,2961,3915,815,1149,122250,1289,,-0.030848932,-0.040727505,0.684,0.531436732,0.881751825,,0.154718219,-1.311625056,-0.09854693,1.099299629
36085024700,Port Richmond,2341,1511,1319,552,146,53242,722,,2624,1815,783,783,432,76607,1335,,-0.470391984,0.265494516,1.463,0.438845273,0.849030471,,0.629558427,-1.005903868,0.019083137,1.026729283
36085024800,Charleston-Richmond Valley-Tottenville,3868,2472,3543,844,369,67536,800,,5116,3173,4634,1043,809,80852,1179,,-0.011126345,-0.065675383,0.708,0.197168917,0.47375,,-0.850338598,-1.986420008,-0.777414449,0.424506382
36085025100,Port Richmond,5618,3984,5009,994,965,72849,782,,6201,4459,4975,1510,1293,111500,1558,,-0.100166708,0.37629194,0.197,0.53056322,0.992327366,,0.371407826,-1.070792552,-0.185973784,0.690364295
36085027301,New Springville-Bloomfield-Travis,3652,2607,2893,662,697,70804,855,,3938,2724,2489,616,956,85815,1556,,-0.202131131,-0.137065604,0.313,0.212007796,0.819883041,,-0.854545617,-1.638817044,-0.820772525,-0.008056612
36085027302,New Springville-Bloomfield-Travis,3855,2405,2993,749,1144,72054,805,,3400,2443,2364,601,1114,94007,1523,,-0.10445746,-0.090216367,-0.041,0.304674272,0.891925466,,-0.900880903,-1.903623432,-0.948951556,0.003231025
36085027702,Todt Hill-Emerson Hill-Heartland Village-Lighthouse Hill,5883,4459,4154,1137,1211,52216,1014,,6681,4851,4114,1335,1630,75625,1393,,-0.127922319,0.033899148,0.237,0.448310863,0.373767258,,-1.016339398,-1.963092028,-0.913241697,0.173717021
36085027704,Todt Hill-Emerson Hill-Heartland Village-Lighthouse Hill,3939,2556,3124,802,732,66632,797,,4287,3093,3227,823,934,109205,1444,,-0.050881503,-0.057116656,0.054,0.638927242,0.811794228,,-0.440590603,-1.726407984,-0.705096588,0.304926846
36085027705,Todt Hill-Emerson Hill-Heartland Village-Lighthouse Hill,4760,3096,3632,1075,923,64375,752,,5754,4302,3862,1320,1269,103750,1284,,-0.120362927,0.015786793,-0.011,0.611650485,0.707446809,,-0.613578909,-1.771531816,-0.723652997,0.342289675
36085027706,Todt Hill-Emerson Hill-Heartland Village-Lighthouse Hill,3928,2555,2997,885,761,64375,752,,3504,2404,1904,754,767,97200,1353,,-0.287823592,-0.044929443,0.071,0.509902913,0.799202128,,-0.67695948,-1.8601706,-0.793526189,0.268683855
36085027900,Todt Hill-Emerson Hill-Heartland Village-Lighthouse Hill,5109,3592,4721,925,832,79149,802,,2132,1604,1789,186,526,113750,1105,,-0.091918052,-0.518141068,0.416,0.437162819,0.377805486,,-1.958891918,-1.826252088,-1.03072602,-0.237589213
36085029102,New Springville-Bloomfield-Travis,1591,1029,1251,306,167,65357,975,,2904,2008,1874,528,528,94500,1793,,-0.179297333,-0.05466429,0.620,0.4459048,0.838974359,,-0.13607148,-1.505240478,-0.450512693,0.609073418
36085029103,New Springville-Bloomfield-Travis,6252,4319,5371,1334,1013,70482,789,,7775,5527,6110,1555,1310,81989,1024,,-0.085245342,-0.062668666,0.011,0.163261542,0.297845374,,-1.883130055,-2.319168097,-1.260403512,-0.177249739
36085029104,New Springville-Bloomfield-Travis,6720,4384,4875,1401,1005,71509,798,,7807,5143,5306,1688,1255,95278,1555,,-0.06313348,0.037097054,0.064,0.332391727,0.948621554,,-0.453068181,-1.536014413,-0.570348434,0.378555348
36085030301,Mariner's Harbor-Arlington-Port Ivory-Graniteville,5259,3437,3269,1152,560,57223,816,,4897,3208,1864,1193,895,76875,1325,,-0.387643892,0.112144021,0.712,0.343428342,0.62377451,,-0.376171656,-1.27909191,-0.376055524,0.544304438
36085030302,Mariner's Harbor-Arlington-Port Ivory-Graniteville,6125,3525,2783,1248,697,54559,876,,6142,4098,2194,1306,1344,83704,1699,,-0.213824152,0.043577898,0.659,0.534192342,0.939497717,,0.245618984,-1.235979466,-0.234467138,0.775614987
36085031901,Mariner's Harbor-Arlington-Port Ivory-Graniteville,3262,1606,280,673,156,29310,387,,2564,1630,152,653,264,38063,427,,-0.309360374,0.234423136,0.667,0.298635278,0.103359173,,-1.194512606,-1.893442289,-0.853624326,0.162118624
36085031902,Mariner's Harbor-Arlington-Port Ivory-Graniteville,4244,2202,817,892,345,37340,439,,4480,2541,489,1134,615,33000,741,,-0.432998557,0.204330157,0.545,-0.116229245,0.687927107,,-1.002873598,-1.897802056,-0.851462837,0.22170126
36085032300,Mariner's Harbor-Arlington-Port Ivory-Graniteville,761,519,238,167,107,56638,730,,1218,916,260,267,141,78776,1355,,-0.317451118,-0.001076664,-0.253,0.390868322,0.856164384,,-1.131319367,-1.733606336,-0.781218385,0.200271004
