"","GEOID","lon","lat","time_walk_s","downtown_lat","downtown_lon","time_transit_cent_sta_s","dist_transit_cent_down_m","time_transit_cent_down_s","time_transit_s","time_min_s","mode"
"1","36005000100",-73.8835900536361,40.7927769823986,10003.2270112509,40.7356094542025,-73.9876746575862,7447.78338609425,12350.3541922611,1625.11503014088,9072.89841623513,9072.89841623513,"transit"
"2","36005000200",-73.8600032494839,40.8058872901234,13175.5673961688,40.7356094542025,-73.9876746575862,2436.39615696235,16288.3332399804,2143.29198597578,4579.68814293813,4579.68814293813,"transit"
"3","36005000400",-73.8506842079656,40.8081646346098,13281.517564514,40.7356094542025,-73.9876746575862,2750.82131462286,18333.8499514504,2412.45025467525,5163.27156929812,5163.27156929812,"transit"
"4","36005001600",-73.8580763691597,40.8188477610271,12481.3251733572,40.7356094542025,-73.9876746575862,1493.35452805682,17523.5200468391,2305.82340925395,3799.17793731077,3799.17793731077,"transit"
"5","36005001900",-73.9095871868386,40.8012427982447,8192.94433913053,40.7356094542025,-73.9876746575862,552.243494196892,11671.9209693785,1535.84374202315,2088.08723622004,2088.08723622004,"transit"
"6","36005002000",-73.8660961976226,40.8175800560965,12041.926031625,40.7356094542025,-73.9876746575862,1341.89358963752,16288.3332399804,2143.29198597578,3485.1855756133,3485.1855756133,"transit"
"7","36005002300",-73.9258461232385,40.8090843209038,7383.14623082266,40.7356094542025,-73.9876746575862,130.106467182446,10397.9837894946,1368.21337075963,1498.31983794208,1498.31983794208,"transit"
"8","36005002400",-73.870509463753,40.8150218605509,11746.6621908399,40.7356094542025,-73.9876746575862,1436.19467835997,16288.3332399804,2143.29198597578,3579.48666433574,3579.48666433574,"transit"
"9","36005002500",-73.9208781406625,40.8070028671982,7674.16069057711,40.7356094542025,-73.9876746575862,151.430787839802,11115.845678539,1462.67285971764,1614.10364755745,1614.10364755745,"transit"
"10","36005002701",-73.9163292504951,40.8050513746643,7997.06558896213,40.7356094542025,-73.9876746575862,352.83334013564,11671.9209693785,1535.84374202315,1888.67708215879,1888.67708215879,"transit"
"11","36005002702",-73.9137370117749,40.806437424839,8220.9017462671,40.7356094542025,-73.9876746575862,147.695054566061,11671.9209693785,1535.84374202315,1683.53879658921,1683.53879658921,"transit"
"12","36005002800",-73.8782264136361,40.8216127999702,10983.1226800234,40.7356094542025,-73.9876746575862,819.108958480416,15890.8309820173,2090.98685497511,2910.09581345553,2910.09581345553,"transit"
"13","36005003100",-73.9056945999639,40.8098762761663,8839.73694892876,40.7356094542025,-73.9876746575862,195.945280366416,12350.3541922611,1625.11503014088,1821.0603105073,1821.0603105073,"transit"
"14","36005003300",-73.9119245510525,40.8082225975552,8455.71279555145,40.7356094542025,-73.9876746575862,295.039997954815,12350.3541922611,1625.11503014088,1920.1550280957,1920.1550280957,"transit"
"15","36005003500",-73.9086695885871,40.8109650907601,8645.16233580408,40.7356094542025,-73.9876746575862,362.118296997038,12350.3541922611,1625.11503014088,1987.23332713792,1987.23332713792,"transit"
"16","36005003700",-73.9121870077258,40.811442388141,8399.46487175124,40.7356094542025,-73.9876746575862,476.552355304363,12350.3541922611,1625.11503014088,2101.66738544525,2101.66738544525,"transit"
"17","36005003800",-73.8633434627784,40.8202946103984,12022.999714054,40.7356094542025,-73.9876746575862,1162.97873985375,17077.5491718198,2247.14056010513,3410.11929995889,3410.11929995889,"transit"
"18","36005003900",-73.921426387208,40.8097216874452,7681.27431381704,40.7356094542025,-73.9876746575862,355.85186462916,11115.845678539,1462.67285971764,1818.5247243468,1818.5247243468,"transit"
"19","36005004001",-73.8583354806267,40.828271906454,12273.2893415605,40.7356094542025,-73.9876746575862,543.457036864536,17523.5200468391,2305.82340925395,2849.28044611849,2849.28044611849,"transit"
"20","36005004100",-73.9194099291713,40.8113855933055,7885.56572557329,40.7356094542025,-73.9876746575862,382.350392128527,11115.845678539,1462.67285971764,1845.02325184617,1845.02325184617,"transit"
"21","36005004200",-73.8620059461134,40.82393066402,11982.4452734196,40.7356094542025,-73.9876746575862,971.106124325564,17077.5491718198,2247.14056010513,3218.2466844307,3218.2466844307,"transit"
"22","36005004300",-73.9170375796702,40.8136213187957,8035.78453221271,40.7356094542025,-73.9876746575862,240.342614681224,11735.4262753721,1544.20005518286,1784.54266986409,1784.54266986409,"transit"
"23","36005004400",-73.8663676955164,40.8265304574871,11685.6291240584,40.7356094542025,-73.9876746575862,492.483813865948,17077.5491718198,2247.14056010513,2739.62437397108,2739.62437397108,"transit"
"24","36005004600",-73.8691745162773,40.8224207065373,11569.8099872383,40.7356094542025,-73.9876746575862,1006.81265137237,16288.3332399804,2143.29198597578,3150.10463734814,3150.10463734814,"transit"
"25","36005004800",-73.8743238879209,40.8270043279961,11337.0241547189,40.7356094542025,-73.9876746575862,204.528687324337,16288.3332399804,2143.29198597578,2347.82067330011,2347.82067330011,"transit"
"26","36005005001",-73.8778532954918,40.8249969910373,11025.0424266019,40.7356094542025,-73.9876746575862,355.672587717813,15890.8309820173,2090.98685497511,2446.65944269293,2446.65944269293,"transit"
"27","36005005002",-73.8784350238824,40.8273628970733,11208.0888465671,40.7356094542025,-73.9876746575862,133.501145360762,15890.8309820173,2090.98685497511,2224.48800033587,2224.48800033587,"transit"
"28","36005005100",-73.9273821651255,40.8133079705834,7507.5109193856,40.7356094542025,-73.9876746575862,275.902202248155,45402.5449928796,5974.27062624737,6250.17282849552,6250.17282849552,"transit"
"29","36005005200",-73.882435580089,40.8256415782935,10798.6596098481,40.7356094542025,-73.9876746575862,895.647081263048,15295.7998832027,2012.68999263163,2908.33707389467,2908.33707389467,"transit"
"30","36005005300",-73.9217780364487,40.8522121956302,11261.2886949701,40.7356094542025,-73.9876746575862,2340.11122063237,23790.5611290827,3130.4687998814,5470.58002051377,5470.58002051377,"transit"
"31","36005005400",-73.879780575736,40.8298875487234,11297.0182986749,40.7356094542025,-73.9876746575862,156.112579193271,15890.8309820173,2090.98685497511,2247.09943416838,2247.09943416838,"transit"
"32","36005005600",-73.8790757405276,40.8326118368335,11495.4045515924,40.7356094542025,-73.9876746575862,450.063838412236,15890.8309820173,2090.98685497511,2541.05069338735,2541.05069338735,"transit"
"33","36005005902",-73.9234466799518,40.8240860096924,8514.05664364752,40.7356094542025,-73.9876746575862,506.11625497949,25041.8310842417,3295.11651599037,3801.23277096986,3801.23277096986,"transit"
"34","36005006000",-73.8780436592195,40.8377032454803,11615.5779107844,40.7356094542025,-73.9876746575862,311.876264576206,16476.9900582021,2168.1162967654,2479.9925613416,2479.9925613416,"transit"
"35","36005006100",-73.9226669217218,40.8222516091154,NA,40.7356094542025,-73.9876746575862,NA,10839.2457645334,1426.27660171657,NA,NA,NA
"36","36005006200",-73.8754494739828,40.8332810820465,11694.6442854003,40.7356094542025,-73.9876746575862,347.740474151757,16288.3332399804,2143.29198597578,2491.03246012753,2491.03246012753,"transit"
"37","36005006300",-73.9282931731576,40.8238901462192,8489.41183797742,40.7356094542025,-73.9876746575862,381.834456706502,25041.8310842417,3295.11651599037,3676.95097269688,3676.95097269688,"transit"
"38","36005006400",-73.8721700959864,40.8329645572922,11840.3914952376,40.7356094542025,-73.9876746575862,408.768153174004,16288.3332399804,2143.29198597578,2552.06013914978,2552.06013914978,"transit"
"39","36005006500",-73.9216557199197,40.8173916863754,7897.24391203912,40.7356094542025,-73.9876746575862,279.240239334123,11735.4262753721,1544.20005518286,1823.44029451699,1823.44029451699,"transit"
"40","36005006700",-73.9181767172672,40.8195022697673,8206.66565200697,40.7356094542025,-73.9876746575862,366.335679600051,11735.4262753721,1544.20005518286,1910.53573478291,1910.53573478291,"transit"
"41","36005006800",-73.8705137936269,40.8289603184207,11714.5861722895,40.7356094542025,-73.9876746575862,324.86066744347,16288.3332399804,2143.29198597578,2468.15265341925,2468.15265341925,"transit"
"42","36005006900",-73.9157567089414,40.8218665612829,8524.86103858401,40.7356094542025,-73.9876746575862,541.586485601841,11735.4262753721,1544.20005518286,2085.7865407847,2085.7865407847,"transit"
"43","36005007000",-73.8656233258278,40.8298151900588,11997.0455348892,40.7356094542025,-73.9876746575862,213.947211780511,17077.5491718198,2247.14056010513,2461.08777188564,2461.08777188564,"transit"
"44","36005007100",-73.9128319930564,40.8182205727797,8345.87265462779,40.7356094542025,-73.9876746575862,577.582633057064,12603.0868975302,1658.37073370591,2235.95336676298,2235.95336676298,"transit"
"45","36005007200",-73.8606984741022,40.8310452366335,12391.9571058299,40.7356094542025,-73.9876746575862,214.225924537175,17523.5200468391,2305.82340925395,2520.04933379112,2520.04933379112,"transit"
"46","36005007300",-73.9093890146877,40.8146752245879,8625.74323693916,40.7356094542025,-73.9876746575862,210.865178865983,12603.0868975302,1658.37073370591,1869.2359125719,1869.2359125719,"transit"
"47","36005007400",-73.852860831282,40.8194734348584,12761.151159319,40.7356094542025,-73.9876746575862,1433.76799694691,18333.8499514504,2412.45025467525,3846.21825162216,3846.21825162216,"transit"
"48","36005007500",-73.9086255427521,40.8187783262274,8705.65863336235,40.7356094542025,-73.9876746575862,400.680344312305,12603.0868975302,1658.37073370591,2059.05107801822,2059.05107801822,"transit"
"49","36005007600",-73.867653842298,40.8333736613541,12027.1682764502,40.7356094542025,-73.9876746575862,112.508547021589,17077.5491718198,2247.14056010513,2359.64910712672,2359.64910712672,"transit"
"50","36005007700",-73.9044230683762,40.8197339356763,9082.06381073273,40.7356094542025,-73.9876746575862,319.769032174879,13215.3872716172,1738.93996479026,2058.70899696514,2058.70899696514,"transit"
"51","36005007800",-73.8528037779107,40.8291525933955,12604.7197602585,40.7356094542025,-73.9876746575862,504.333528442979,18333.8499514504,2412.45025467525,2916.78378311823,2916.78378311823,"transit"
"52","36005007900",-73.9048713508125,40.8157919877019,9007.7169117179,40.7356094542025,-73.9876746575862,342.584516821352,12603.0868975302,1658.37073370591,2000.95525052727,2000.95525052727,"transit"
"53","36005008300",-73.9018400350079,40.8136777915248,9078.64506095944,40.7356094542025,-73.9876746575862,243.011678352757,12898.335405217,1697.22085735412,1940.23253570688,1940.23253570688,"transit"
"54","36005008400",-73.8477353810205,40.8156088245257,13248.7040429326,40.7356094542025,-73.9876746575862,1637.65822756774,18333.8499514504,2412.45025467525,4050.10848224299,4050.10848224299,"transit"
"55","36005008500",-73.8990831238288,40.8162762444905,9345.94698826444,40.7356094542025,-73.9876746575862,251.465917497933,13745.4948568041,1808.69389984895,2060.15981734689,2060.15981734689,"transit"
"56","36005008600",-73.8498060196608,40.8198788849868,12952.1584034306,40.7356094542025,-73.9876746575862,1222.27122726991,18333.8499514504,2412.45025467525,3634.72148194516,3634.72148194516,"transit"
"57","36005008700",-73.897284710543,40.8196719848251,9558.58118620904,40.7356094542025,-73.9876746575862,193.564151867022,13690.1590268246,1801.41256300588,1994.97671487291,1994.97671487291,"transit"
"58","36005008900",-73.8939180276715,40.8185637620903,9772.18625612985,40.7356094542025,-73.9876746575862,234.012890811618,13745.4948568041,1808.69389984895,2042.70679066057,2042.70679066057,"transit"
"59","36005009000",-73.8410806187137,40.8147673103459,14196.3480432462,40.7356094542025,-73.9876746575862,2003.50433640539,18333.8499514504,2412.45025467525,4415.95459108064,4415.95459108064,"transit"
"60","36005009200",-73.8521043076171,40.8323343285252,12956.8161728759,40.7356094542025,-73.9876746575862,152.291989418618,18333.8499514504,2412.45025467525,2564.74224409387,2564.74224409387,"transit"
"61","36005009300",-73.8856786913498,40.8056599085157,10576.7740608027,40.7356094542025,-73.9876746575862,1295.21300925524,13745.4948568041,1808.69389984895,3103.90690910419,3103.90690910419,"transit"
"62","36005009600",-73.8437618739083,40.8344400156043,13460.3974450345,40.7356094542025,-73.9876746575862,315.517504867038,18941.8844995668,2492.45816923434,2807.97567410138,2807.97567410138,"transit"
"63","36005009800",-73.8495151439728,40.8254411977014,12737.409473246,40.7356094542025,-73.9876746575862,723.256087363644,18333.8499514504,2412.45025467525,3135.7063420389,3135.7063420389,"transit"
"64","36005011000",-73.8317831951458,40.8146405570663,15225.3441135522,40.7356094542025,-73.9876746575862,3032.50040671133,18333.8499514504,2412.45025467525,5444.95066138659,5444.95066138659,"transit"
"65","36005011502",-73.8860438846522,40.8197372295192,10363.6348934829,40.7356094542025,-73.9876746575862,383.957843269905,14476.0564246796,1904.82446954077,2288.78231281068,2288.78231281068,"transit"
"66","36005011700",-73.8746568705996,40.8090644135079,11126.0423745568,40.7356094542025,-73.9876746575862,1601.51084947466,14476.0564246796,1904.82446954077,3506.33531901544,3506.33531901544,"transit"
"67","36005011800",-73.7976181376881,40.809001175525,16861.0560788695,40.7356094542025,-73.9876746575862,4366.2034351867,20060.7309165466,2639.68100190357,7005.88443709027,7005.88443709027,"transit"
"68","36005011900",-73.889598382176,40.8232905374396,10265.9045471575,40.7356094542025,-73.9876746575862,258.178729706669,14476.0564246796,1904.82446954077,2163.00319924744,2163.00319924744,"transit"
"69","36005012101",-73.8888783604592,40.828276747103,10529.3946526205,40.7356094542025,-73.9876746575862,628.882589964944,15295.7998832027,2012.68999263163,2641.57258259657,2641.57258259657,"transit"
"70","36005012102",-73.8879212741806,40.826014205067,10536.2964102381,40.7356094542025,-73.9876746575862,762.334314644837,15295.7998832027,2012.68999263163,2775.02430727646,2775.02430727646,"transit"
"71","36005012300",-73.8874591018116,40.8286411174681,10654.4253030431,40.7356094542025,-73.9876746575862,546.863063818752,15295.7998832027,2012.68999263163,2559.55305645038,2559.55305645038,"transit"
"72","36005012500",-73.8935164215089,40.8286461693162,10198.7223249267,40.7356094542025,-73.9876746575862,226.57231531869,14822.1115399417,1950.35995462199,2176.93226994068,2176.93226994068,"transit"
"73","36005012701",-73.8923236870859,40.8256392999958,10320.1638534748,40.7356094542025,-73.9876746575862,241.047855153398,14118.0662579404,1857.71851682445,2098.76637197784,2098.76637197784,"transit"
"74","36005012901",-73.8987339796776,40.8226293960259,9636.44496272718,40.7356094542025,-73.9876746575862,273.246027346716,13690.1590268246,1801.41256300588,2074.6585903526,2074.6585903526,"transit"
"75","36005013000",-73.8147485284602,40.8193054979859,15342.2449514681,40.7356094542025,-73.9876746575862,2756.83633636037,20060.7309165466,2639.68100190357,5396.51733826395,5396.51733826395,"transit"
"76","36005013100",-73.8978818048867,40.8259540202974,9876.13889455717,40.7356094542025,-73.9876746575862,362.857347386126,13690.1590268246,1801.41256300588,2164.26991039201,2164.26991039201,"transit"
"77","36005013200",-73.8193326533269,40.8115669390543,15435.5003813706,40.7356094542025,-73.9876746575862,3165.24828206447,18941.8844995668,2492.45816923434,5657.70645129881,5657.70645129881,"transit"
"78","36005013300",-73.9034849900595,40.8228225500421,9249.92200750024,40.7356094542025,-73.9876746575862,381.190210037108,13215.3872716172,1738.93996479026,2120.13017482737,2120.13017482737,"transit"
"79","36005013500",-73.9020964262107,40.8271333088137,9558.85263871786,40.7356094542025,-73.9876746575862,717.937818833062,13690.1590268246,1801.41256300588,2519.35038183894,2519.35038183894,"transit"
"80","36005013800",-73.794588309452,40.821744521281,16530.0049449398,40.7356094542025,-73.9876746575862,3829.28890093713,20560.9615327578,2705.50359130355,6534.79249224069,6534.79249224069,"transit"
"81","36005014100",-73.9122954663642,40.8237658118049,8712.16403869785,40.7356094542025,-73.9876746575862,1041.73947796983,12603.0868975302,1658.37073370591,2700.11021167575,2700.11021167575,"transit"
"82","36005014300",-73.9121297717347,40.8277473656186,9006.36731322982,40.7356094542025,-73.9876746575862,808.495557468213,23910.7301208067,3146.28117510299,3954.7767325712,3954.7767325712,"transit"
"83","36005014400",-73.8233668697164,40.8212371655366,14809.187127371,40.7356094542025,-73.9876746575862,2538.93502806488,18941.8844995668,2492.45816923434,5031.39319729922,5031.39319729922,"transit"
"84","36005014500",-73.9070315891005,40.8315110050477,9454.48781103727,40.7356094542025,-73.9876746575862,813.189439860587,23910.7301208067,3146.28117510299,3959.47061496358,3959.47061496358,"transit"
"85","36005014701",-73.9053292265334,40.8342262421171,9689.29952915943,40.7356094542025,-73.9876746575862,972.278243278447,23316.5127747528,3068.09138999968,4040.36963327813,4040.36963327813,"transit"
"86","36005014702",-73.9043914570343,40.8365349839513,9890.93607006786,40.7356094542025,-73.9876746575862,971.98589715411,23316.5127747528,3068.09138999968,4040.07728715379,4040.07728715379,"transit"
"87","36005014900",-73.9014780939166,40.8326133764424,9791.75315645285,40.7356094542025,-73.9876746575862,772.504229527019,14822.1115399417,1950.35995462199,2722.86418414901,2722.86418414901,"transit"
"88","36005015100",-73.8984756740549,40.8310893350397,10021.7962477424,40.7356094542025,-73.9876746575862,488.176955886854,14822.1115399417,1950.35995462199,2438.53691050885,2438.53691050885,"transit"
"89","36005015200",-73.8249968649165,40.8262959425241,14600.6683382808,40.7356094542025,-73.9876746575862,1919.67282617568,19360.3854106281,2547.52639724674,4467.19922342242,4467.19922342242,"transit"
"90","36005015300",-73.8941364401234,40.8334460624497,10339.6881115963,40.7356094542025,-73.9876746575862,354.255833686773,14822.1115399417,1950.35995462199,2304.61578830877,2304.61578830877,"transit"
"91","36005015500",-73.8899677543539,40.8355958790517,10624.7324282044,40.7356094542025,-73.9876746575862,201.111720514117,15695.1529859076,2065.23866608958,2266.35038660369,2266.35038660369,"transit"
"92","36005015700",-73.8854505211141,40.8329806537626,10955.2872589753,40.7356094542025,-73.9876746575862,659.935996245954,15695.1529859076,2065.23866608958,2725.17466233553,2725.17466233553,"transit"
"93","36005015800",-73.8186210144608,40.8248595933169,14870.8612880274,40.7356094542025,-73.9876746575862,2066.71831051001,20060.7309165466,2639.68100190357,4706.39931241359,4706.39931241359,"transit"
"94","36005015900",-73.8935569168654,40.8223699465108,10014.5183620539,40.7356094542025,-73.9876746575862,134.138235229536,14118.0662579404,1857.71851682445,1991.85675205398,1991.85675205398,"transit"
"95","36005016000",-73.8033884916188,40.8317546548686,16255.4668111262,40.7356094542025,-73.9876746575862,3271.78962201148,20560.9615327578,2705.50359130355,5977.29321331504,5977.29321331504,"transit"
"96","36005016100",-73.8850118336194,40.8368810066182,10991.8210808264,40.7356094542025,-73.9876746575862,177.098049522053,15695.1529859076,2065.23866608958,2242.33671561163,2242.33671561163,"transit"
"97","36005016200",-73.8217593331676,40.828850236671,14669.5326831174,40.7356094542025,-73.9876746575862,1712.2757643519,20060.7309165466,2639.68100190357,4351.95676625547,4351.95676625547,"transit"
"98","36005016300",-73.8950074918489,40.8385749072978,10554.0571913073,40.7356094542025,-73.9876746575862,697.258303330423,15695.1529859076,2065.23866608958,2762.49696942,2762.49696942,"transit"
"99","36005016400",-73.8248492010115,40.8321976564454,14385.3780814806,40.7356094542025,-73.9876746575862,1453.12642076141,20060.7309165466,2639.68100190357,4092.80742266498,4092.80742266498,"transit"
"100","36005016500",-73.9002115260709,40.8430508313464,10482.7876637253,40.7356094542025,-73.9876746575862,946.547718352032,22469.423140257,2956.62753435105,3903.17525270308,3903.17525270308,"transit"
"101","36005016600",-73.8303660367603,40.8294073529566,13996.8671186731,40.7356094542025,-73.9876746575862,1712.51720836996,19360.3854106281,2547.52639724674,4260.0436056167,4260.0436056167,"transit"
"102","36005016700",-73.9022078175516,40.8404870289037,10316.711410235,40.7356094542025,-73.9876746575862,1041.49635445274,22469.423140257,2956.62753435105,3998.12388880379,3998.12388880379,"transit"
"103","36005016900",-73.9027246151457,40.8377898790942,10017.9469195125,40.7356094542025,-73.9876746575862,992.861163490696,23316.5127747528,3068.09138999968,4060.95255349038,4060.95255349038,"transit"
"104","36005017100",-73.9075096445138,40.8403719278032,10120.033848692,40.7356094542025,-73.9876746575862,596.420159527931,23316.5127747528,3068.09138999968,3664.51154952762,3664.51154952762,"transit"
"105","36005017300",-73.9165227442661,40.8262959523164,8791.22120766888,40.7356094542025,-73.9876746575862,697.142845088964,25041.8310842417,3295.11651599037,3992.25936107934,3992.25936107934,"transit"
"106","36005017500",-73.9136511521643,40.8308225377589,9195.94172687051,40.7356094542025,-73.9876746575862,418.914588376143,23910.7301208067,3146.28117510299,3565.19576347913,3565.19576347913,"transit"
"107","36005017701",-73.9111774082012,40.8331957517705,9370.45922810951,40.7356094542025,-73.9876746575862,460.216351072184,23910.7301208067,3146.28117510299,3606.49752617517,3606.49752617517,"transit"
"108","36005017702",-73.9095492824307,40.8361778404542,9660.57899806433,40.7356094542025,-73.9876746575862,391.072638419364,23316.5127747528,3068.09138999968,3459.16402841905,3459.16402841905,"transit"
"109","36005017901",-73.9151866262349,40.8348349689401,9476.96548664741,40.7356094542025,-73.9876746575862,236.415080379526,23910.7301208067,3146.28117510299,3382.69625548252,3382.69625548252,"transit"
"110","36005017902",-73.9134988881807,40.8370141081093,9654.22349603228,40.7356094542025,-73.9876746575862,198.739939974552,23316.5127747528,3068.09138999968,3266.83132997424,3266.83132997424,"transit"
"111","36005018101",-73.9161111946559,40.8316074297071,9146.52277858763,40.7356094542025,-73.9876746575862,315.889910063839,23910.7301208067,3146.28117510299,3462.17108516683,3462.17108516683,"transit"
"112","36005018102",-73.9181383374318,40.8322650648039,9283.61022443813,40.7356094542025,-73.9876746575862,190.858043799168,23910.7301208067,3146.28117510299,3337.13921890216,3337.13921890216,"transit"
"113","36005018301",-73.9208133388233,40.8286371455821,8970.87048374285,40.7356094542025,-73.9876746575862,346.862134178172,25041.8310842417,3295.11651599037,3641.97865016855,3641.97865016855,"transit"
"114","36005018302",-73.9187520984542,40.8279119264712,8767.32423923692,40.7356094542025,-73.9876746575862,550.272653104932,25041.8310842417,3295.11651599037,3845.38916909531,3845.38916909531,"transit"
"115","36005018400",-73.8293007978126,40.837421440017,14594.5139195688,40.7356094542025,-73.9876746575862,838.874681867415,20060.7309165466,2639.68100190357,3478.55568377099,3478.55568377099,"transit"
"116","36005018500",-73.9074678358054,40.8267062731984,9176.23831351525,40.7356094542025,-73.9876746575862,933.909066515707,13215.3872716172,1738.93996479026,2672.84903130597,2672.84903130597,"transit"
"117","36005018900",-73.9301592546729,40.8317422256864,9072.77282661185,40.7356094542025,-73.9876746575862,577.468263928884,11859.7443696406,1560.55838793746,2138.02665186635,2138.02665186635,"transit"
"118","36005019300",-73.9293220455398,40.8363124665625,9501.12424476653,40.7356094542025,-73.9876746575862,636.848122827743,12816.7907940827,1686.49085146778,2323.33897429552,2323.33897429552,"transit"
"119","36005019400",-73.8362108610399,40.8334199699488,14078.7128827193,40.7356094542025,-73.9876746575862,1031.65498740098,19360.3854106281,2547.52639724674,3579.18138464772,3579.18138464772,"transit"
"120","36005019500",-73.9225235078164,40.8304774918369,8981.5397847757,40.7356094542025,-73.9876746575862,370.302305161184,11859.7443696406,1560.55838793746,1930.86069309865,1930.86069309865,"transit"
"121","36005019700",-73.919977651558,40.8352046014691,9437.00773041714,40.7356094542025,-73.9876746575862,100.29553278371,12816.7907940827,1686.49085146778,1786.78638425149,1786.78638425149,"transit"
"122","36005019900",-73.9254409927716,40.8367451011614,9605.90267427549,40.7356094542025,-73.9876746575862,434.212159793107,12816.7907940827,1686.49085146778,2120.70301126089,2120.70301126089,"transit"
"123","36005020000",-73.84551132485,40.8429686945437,13775.2864713905,40.7356094542025,-73.9876746575862,347.711593587029,19360.3854106281,2547.52639724674,2895.23799083377,2895.23799083377,"transit"
"124","36005020100",-73.9270027188941,40.8420907786579,9985.38028532648,40.7356094542025,-73.9876746575862,704.302052825148,13383.049336358,1761.00169169728,2465.30374452242,2465.30374452242,"transit"
"125","36005020200",-73.847579175788,40.8384911659083,13436.1119233893,40.7356094542025,-73.9876746575862,242.653509311839,18941.8844995668,2492.45816923434,2735.11167854618,2735.11167854618,"transit"
"126","36005020400",-73.8508710060577,40.8408559629382,13471.6990730368,40.7356094542025,-73.9876746575862,446.922982554552,18941.8844995668,2492.45816923434,2939.38115178889,2939.38115178889,"transit"
"127","36005020501",-73.9237041754598,40.8473921045365,10752.6228948537,40.7356094542025,-73.9876746575862,1372.86818135362,13927.5986512362,1832.6559343599,3205.52411571352,3205.52411571352,"transit"
"128","36005020502",-73.9194602355964,40.8513528455616,10927.0359918842,40.7356094542025,-73.9876746575862,957.535044316214,14450.8891308459,1901.51284407315,2859.04788838937,2859.04788838937,"transit"
"129","36005020601",-73.8505250590745,40.8366232519261,13096.0992569689,40.7356094542025,-73.9876746575862,291.28926346559,18333.8499514504,2412.45025467525,2703.73951814084,2703.73951814084,"transit"
"130","36005020900",-73.9150369077836,40.8430677254085,10267.7924290286,40.7356094542025,-73.9876746575862,140.964700879943,13927.5986512362,1832.6559343599,1973.62063523984,1973.62063523984,"transit"
"131","36005021001",-73.8582793831083,40.8408054621615,13039.9632564443,40.7356094542025,-73.9876746575862,799.68722728802,17523.5200468391,2305.82340925395,3105.51063654197,3105.51063654197,"transit"
"132","36005021002",-73.8565194492985,40.8384723418125,12963.7629375458,40.7356094542025,-73.9876746575862,588.660143722895,18333.8499514504,2412.45025467525,3001.11039839815,3001.11039839815,"transit"
"133","36005021100",-73.9234996336504,40.8404507789565,9965.25921636096,40.7356094542025,-73.9876746575862,380.143588206575,13383.049336358,1761.00169169728,2141.14527990385,2141.14527990385,"transit"
"134","36005021200",-73.8589735668997,40.8361224896708,12646.3366553714,40.7356094542025,-73.9876746575862,390.124765930673,17523.5200468391,2305.82340925395,2695.94817518462,2695.94817518462,"transit"
"135","36005021301",-73.9197793098476,40.8455082229085,10422.2567438343,40.7356094542025,-73.9876746575862,472.368497359754,13927.5986512362,1832.6559343599,2305.02443171965,2305.02443171965,"transit"
"136","36005021302",-73.9203642538547,40.8429767172491,10190.1166131779,40.7356094542025,-73.9876746575862,540.017782317944,13383.049336358,1761.00169169728,2301.01947401522,2301.01947401522,"transit"
"137","36005021501",-73.9182367807082,40.8494358963643,10849.0288268911,40.7356094542025,-73.9876746575862,585.842609984861,14450.8891308459,1901.51284407315,2487.35545405801,2487.35545405801,"transit"
"138","36005021502",-73.9166862237731,40.8480615465226,10759.7357299983,40.7356094542025,-73.9876746575862,423.1365126253,14450.8891308459,1901.51284407315,2324.64935669845,2324.64935669845,"transit"
"139","36005021601",-73.8648199887651,40.8375353216763,12569.1621579057,40.7356094542025,-73.9876746575862,584.203750102883,17523.5200468391,2305.82340925395,2890.02715935683,2890.02715935683,"transit"
"140","36005021602",-73.86226912339,40.8371834110183,12608.0363630348,40.7356094542025,-73.9876746575862,451.145857888221,17523.5200468391,2305.82340925395,2756.96926714217,2756.96926714217,"transit"
"141","36005021700",-73.9132696222395,40.8481945635978,10862.2961029856,40.7356094542025,-73.9876746575862,205.961687320375,14450.8891308459,1901.51284407315,2107.47453139353,2107.47453139353,"transit"
"142","36005021800",-73.8697549573235,40.8373904105309,12217.0453314632,40.7356094542025,-73.9876746575862,460.4107337292,17393.197468816,2288.6749795802,2749.0857133094,2749.0857133094,"transit"
"143","36005021900",-73.9196115055558,40.839646951959,9848.34525717495,40.7356094542025,-73.9876746575862,129.753319682371,13383.049336358,1761.00169169728,1890.75501137965,1890.75501137965,"transit"
"144","36005022000",-73.8723309413718,40.8434685048103,12037.7890129862,40.7356094542025,-73.9876746575862,314.572745017306,17393.197468816,2288.6749795802,2603.2477245975,2603.2477245975,"transit"
"145","36005022101",-73.9181357710568,40.8382736181343,9672.4955910787,40.7356094542025,-73.9876746575862,294.437576388364,13383.049336358,1761.00169169728,2055.43926808564,2055.43926808564,"transit"
"146","36005022102",-73.9160774340646,40.8376822523552,9688.47911356256,40.7356094542025,-73.9876746575862,205.363911050766,23316.5127747528,3068.09138999968,3273.45530105045,3273.45530105045,"transit"
"147","36005022200",-73.8552135005866,40.8356843542178,12789.5092139497,40.7356094542025,-73.9876746575862,297.409047666386,18333.8499514504,2412.45025467525,2709.85930234164,2709.85930234164,"transit"
"148","36005022300",-73.9150909191825,40.8405427573142,9930.24693500707,40.7356094542025,-73.9876746575862,233.544765388375,23316.5127747528,3068.09138999968,3301.63615538806,3301.63615538806,"transit"
"149","36005022401",-73.8685070311405,40.855017104231,13163.343043911,40.7356094542025,-73.9876746575862,237.367759330893,18843.3185180018,2479.48841503877,2716.85617436966,2716.85617436966,"transit"
"150","36005022403",-73.8654304177832,40.856476259004,13218.548153757,40.7356094542025,-73.9876746575862,172.621997051726,18843.3185180018,2479.48841503877,2652.1104120905,2652.1104120905,"transit"
"151","36005022404",-73.8663008891415,40.8527445242708,13022.7351612009,40.7356094542025,-73.9876746575862,456.108834925006,18031.4406958374,2372.65788767914,2828.76672260414,2828.76672260414,"transit"
"152","36005022500",-73.9109710549047,40.840123430674,9922.55368192652,40.7356094542025,-73.9876746575862,299.039229919712,23316.5127747528,3068.09138999968,3367.1306199194,3367.1306199194,"transit"
"153","36005022701",-73.9110498219456,40.8468094493399,10443.5387753411,40.7356094542025,-73.9876746575862,300.412749728923,22469.423140257,2956.62753435105,3257.04028407997,3257.04028407997,"transit"
"154","36005022702",-73.913242265208,40.844474079267,10431.9289032972,40.7356094542025,-73.9876746575862,151.455497356372,13927.5986512362,1832.6559343599,1984.11143171627,1984.11143171627,"transit"
"155","36005022703",-73.9104999259798,40.8440197873876,10138.41886263,40.7356094542025,-73.9876746575862,273.040045490042,22469.423140257,2956.62753435105,3229.66757984109,3229.66757984109,"transit"
"156","36005022800",-73.8635363403186,40.853489588519,13213.9454649799,40.7356094542025,-73.9876746575862,371.140256210734,18897.4241237447,2486.60787345582,2857.74812966655,2857.74812966655,"transit"
"157","36005022901",-73.9071728061692,40.8461071924434,10473.1446376,40.7356094542025,-73.9876746575862,250.943862683022,22469.423140257,2956.62753435105,3207.57139703407,3207.57139703407,"transit"
"158","36005022902",-73.9072134542301,40.8437862364664,10318.838878687,40.7356094542025,-73.9876746575862,502.383210074846,22469.423140257,2956.62753435105,3459.01074442589,3459.01074442589,"transit"
"159","36005023000",-73.8660154157203,40.8492872648121,12766.4526698507,40.7356094542025,-73.9876746575862,199.826343574785,18031.4406958374,2372.65788767914,2572.48423125392,2572.48423125392,"transit"
"160","36005023100",-73.9024996440919,40.8461444582821,10733.5419122061,40.7356094542025,-73.9876746575862,593.303563017917,21909.7738492276,2882.98636906128,3476.2899320792,3476.2899320792,"transit"
"161","36005023200",-73.8633164407594,40.8469745846577,12955.5738874114,40.7356094542025,-73.9876746575862,466.811096020979,18031.4406958374,2372.65788767914,2839.46898370012,2839.46898370012,"transit"
"162","36005023301",-73.90871497568,40.8495538375862,10725.837384288,40.7356094542025,-73.9876746575862,288.299402143766,14450.8891308459,1901.51284407315,2189.81224621692,2189.81224621692,"transit"
"163","36005023302",-73.9046738997659,40.8482057402459,10852.3537079016,40.7356094542025,-73.9876746575862,263.324233330539,21909.7738492276,2882.98636906128,3146.31060239182,3146.31060239182,"transit"
"164","36005023501",-73.9045361072139,40.8521922854838,10949.7487681789,40.7356094542025,-73.9876746575862,163.156525814511,21909.7738492276,2882.98636906128,3046.14289487579,3046.14289487579,"transit"
"165","36005023502",-73.9034407286903,40.8513349297229,11076.6838051358,40.7356094542025,-73.9876746575862,211.534828982594,21909.7738492276,2882.98636906128,3094.52119804387,3094.52119804387,"transit"
"166","36005023600",-73.8672594022907,40.8450904212253,12414.9007198631,40.7356094542025,-73.9876746575862,403.264070001157,18031.4406958374,2372.65788767914,2775.9219576803,2775.9219576803,"transit"
"167","36005023702",-73.897314181016,40.860654919545,11895.8138281986,40.7356094542025,-73.9876746575862,130.922379928201,20425.4695893644,2687.67495333546,2818.59733326366,2818.59733326366,"transit"
"168","36005023703",-73.8995705150507,40.860042638463,11840.6005309707,40.7356094542025,-73.9876746575862,227.649167739064,20425.4695893644,2687.67495333546,2915.32412107452,2915.32412107452,"transit"
"169","36005023704",-73.9019053906081,40.8562676013714,11391.6727112453,40.7356094542025,-73.9876746575862,70.890591778513,21086.0060768875,2774.5913086982,2845.48190047671,2845.48190047671,"transit"
"170","36005023800",-73.8610751719942,40.843709342646,12899.2436457319,40.7356094542025,-73.9876746575862,846.611943761095,18031.4406958374,2372.65788767914,3219.26983144023,3219.26983144023,"transit"
"171","36005023900",-73.9028770573982,40.8588898736127,11613.7286554415,40.7356094542025,-73.9876746575862,121.699521338887,15820.1767632361,2081.68985578815,2203.38937712703,2203.38937712703,"transit"
"172","36005024000",-73.868861714262,40.8416182115174,12296.5720466932,40.7356094542025,-73.9876746575862,478.869537012748,17393.197468816,2288.6749795802,2767.54451659294,2767.54451659294,"transit"
"173","36005024100",-73.9061851373853,40.8531499331492,11029.1175782882,40.7356094542025,-73.9876746575862,86.9053152656347,15022.8638524369,1976.7758448299,2063.68116009553,2063.68116009553,"transit"
"174","36005024300",-73.9115325874521,40.8524325969896,11164.603313989,40.7356094542025,-73.9876746575862,369.698971708197,15022.8638524369,1976.7758448299,2346.4748165381,2346.4748165381,"transit"
"175","36005024400",-73.8575203405399,40.8462491573329,13105.2690065586,40.7356094542025,-73.9876746575862,908.366391495908,18897.4241237447,2486.60787345582,3394.97426495173,3394.97426495173,"transit"
"176","36005024501",-73.915502942291,40.8528844470678,11321.1471297369,40.7356094542025,-73.9876746575862,789.91208701425,14450.8891308459,1901.51284407315,2691.4249310874,2691.4249310874,"transit"
"177","36005024502",-73.9135610811014,40.8551013228191,11428.6289859229,40.7356094542025,-73.9876746575862,470.797863778521,15022.8638524369,1976.7758448299,2447.57370860842,2447.57370860842,"transit"
"178","36005024600",-73.8611556848064,40.8516098041247,13185.760132711,40.7356094542025,-73.9876746575862,377.542735222577,18897.4241237447,2486.60787345582,2864.1506086784,2864.1506086784,"transit"
"179","36005024700",-73.9184645664735,40.8554884948538,11571.2780782237,40.7356094542025,-73.9876746575862,2172.24674692997,24566.0759711022,3232.51452312495,5404.76127005493,5404.76127005493,"transit"
"180","36005024800",-73.8584096909203,40.8553409365428,13817.5772150099,40.7356094542025,-73.9876746575862,122.138002690931,18897.4241237447,2486.60787345582,2608.74587614675,2608.74587614675,"transit"
"181","36005024900",-73.913141335454,40.8574375327567,11741.0277781151,40.7356094542025,-73.9876746575862,659.7233121372,15022.8638524369,1976.7758448299,2636.4991569671,2636.4991569671,"transit"
"182","36005025000",-73.8557005521148,40.8517064397965,13446.8667724859,40.7356094542025,-73.9876746575862,496.372512696307,18897.4241237447,2486.60787345582,2982.98038615212,2982.98038615212,"transit"
"183","36005025100",-73.9077290636934,40.8565246229541,11441.3589174441,40.7356094542025,-73.9876746575862,389.229733568973,15022.8638524369,1976.7758448299,2366.00557839887,2366.00557839887,"transit"
"184","36005025200",-73.8549662288576,40.8471319516726,13291.0416928921,40.7356094542025,-73.9876746575862,722.951222809888,18897.4241237447,2486.60787345582,3209.55909626571,3209.55909626571,"transit"
"185","36005025300",-73.9045320564379,40.8610106440401,11827.0057908872,40.7356094542025,-73.9876746575862,316.438223519575,15820.1767632361,2081.68985578815,2398.12807930772,2398.12807930772,"transit"
"186","36005025400",-73.8524772797536,40.8484985217039,13553.2452532098,40.7356094542025,-73.9876746575862,799.402834603728,18897.4241237447,2486.60787345582,3286.01070805955,3286.01070805955,"transit"
"187","36005025500",-73.9089560968583,40.8605390771162,12454.9565078403,40.7356094542025,-73.9876746575862,835.299638330566,15820.1767632361,2081.68985578815,2916.98949411871,2916.98949411871,"transit"
"188","36005025600",-73.8502190096951,40.8443911334381,13573.3946908363,40.7356094542025,-73.9876746575862,791.646079053361,19360.3854106281,2547.52639724674,3339.1724763001,3339.1724763001,"transit"
"189","36005025700",-73.9147824349151,40.8599934957853,11761.9995250114,40.7356094542025,-73.9876746575862,733.139933772912,25238.8757491689,3321.04453729221,4054.18447106512,4054.18447106512,"transit"
"190","36005026100",-73.9058809392476,40.8666500141469,12693.8600779386,40.7356094542025,-73.9876746575862,742.256578691361,16290.9264681927,2143.63321458175,2885.88979327312,2885.88979327312,"transit"
"191","36005026300",-73.9044332724929,40.8647888197817,12520.0427748656,40.7356094542025,-73.9876746575862,422.434043216773,16290.9264681927,2143.63321458175,2566.06725779853,2566.06725779853,"transit"
"192","36005026400",-73.8320781126263,40.8417807564045,14593.9117619875,40.7356094542025,-73.9876746575862,469.823297575528,20060.7309165466,2639.68100190357,3109.5042994791,3109.5042994791,"transit"
"193","36005026500",-73.9002477015544,40.8661879667413,12523.2304330052,40.7356094542025,-73.9876746575862,289.793999082726,16913.7033937165,2225.58099732048,2515.3749964032,2515.3749964032,"transit"
"194","36005026601",-73.8341393802986,40.8474443887373,14644.1186736356,40.7356094542025,-73.9876746575862,123.88652389719,20560.9615327578,2705.50359130355,2829.39011520074,2829.39011520074,"transit"
"195","36005026602",-73.8306465292031,40.8459920961397,14815.2699997862,40.7356094542025,-73.9876746575862,149.265795411786,20560.9615327578,2705.50359130355,2854.76938671534,2854.76938671534,"transit"
"196","36005026701",-73.9011885406962,40.8693417270575,12667.9364501665,40.7356094542025,-73.9876746575862,375.825745554533,16913.7033937165,2225.58099732048,2601.40674287501,2601.40674287501,"transit"
"197","36005026702",-73.9001321343918,40.8722603348425,13084.051643215,40.7356094542025,-73.9876746575862,543.371791972929,16913.7033937165,2225.58099732048,2768.95278929341,2768.95278929341,"transit"
"198","36005026900",-73.9087476407462,40.8674810659652,12524.8219737225,40.7356094542025,-73.9876746575862,1364.29116578356,25881.1094813605,3405.55253396991,4769.84369975347,4769.84369975347,"transit"
"199","36005027300",-73.9032845561387,40.8739328492067,13171.2069035974,40.7356094542025,-73.9876746575862,474.964865112212,27253.7909852759,3586.1761265311,4061.14099164332,4061.14099164332,"transit"
"200","36005027401",-73.8226411777053,40.8404245197611,15099.7239215568,40.7356094542025,-73.9876746575862,1036.40454251625,20560.9615327578,2705.50359130355,3741.90813381981,3741.90813381981,"transit"
"201","36005027402",-73.8146727686726,40.8428702394315,15850.9442454337,40.7356094542025,-73.9876746575862,1332.61080621617,21397.3731192336,2815.56238147312,4148.17318768929,4148.17318768929,"transit"
"202","36005027600",-73.8197478343186,40.8544605597085,15925.116318234,40.7356094542025,-73.9876746575862,710.477226791097,21397.3731192336,2815.56238147312,3526.03960826422,3526.03960826422,"transit"
"203","36005027700",-73.9014062786168,40.8784019678862,13352.4563171583,40.7356094542025,-73.9876746575862,252.999637233353,27253.7909852759,3586.1761265311,3839.17576376446,3839.17576376446,"transit"
"204","36005027900",-73.8972275793891,40.8824834249583,13811.2882182276,40.7356094542025,-73.9876746575862,417.591867032709,28017.027364817,3686.60619457885,4104.19806161156,4104.19806161156,"transit"
"205","36005028100",-73.8906788341486,40.8838070032682,14314.8603687009,40.7356094542025,-73.9876746575862,737.139589033824,18655.2864650763,2454.74631367061,3191.88590270444,3191.88590270444,"transit"
"206","36005028300",-73.9023158132772,40.880924867435,13387.1606199563,40.7356094542025,-73.9876746575862,271.906019089037,27253.7909852759,3586.1761265311,3858.08214562014,3858.08214562014,"transit"
"207","36005028400",-73.8387219107923,40.8493866070557,14834.8557135006,40.7356094542025,-73.9876746575862,1194.94182347256,20560.9615327578,2705.50359130355,3900.44541477611,3900.44541477611,"transit"
"208","36005028500",-73.9025909163626,40.8864174719119,13794.0419416724,40.7356094542025,-73.9876746575862,157.818251529589,28017.027364817,3686.60619457885,3844.42444610844,3844.42444610844,"transit"
"209","36005028600",-73.8478592419082,40.8491739846561,13832.2048542751,40.7356094542025,-73.9876746575862,1030.42878005787,19360.3854106281,2547.52639724674,3577.95517730461,3577.95517730461,"transit"
"210","36005028700",-73.9046564095596,40.8827146987822,13461.2966859168,40.7356094542025,-73.9876746575862,373.423949572115,28017.027364817,3686.60619457885,4060.03014415097,4060.03014415097,"transit"
"211","36005028800",-73.8514783203406,40.8542920223295,13801.1822261159,40.7356094542025,-73.9876746575862,555.527429922268,19516.6580674124,2568.08945474183,3123.6168846641,3123.6168846641,"transit"
"212","36005028900",-73.9072891821322,40.8795550024502,13184.2292171679,40.7356094542025,-73.9876746575862,248.532344031384,27253.7909852759,3586.1761265311,3834.70847056249,3834.70847056249,"transit"
"213","36005029301",-73.9255749045296,40.8838716822069,NA,40.7356094542025,-73.9876746575862,NA,26563.6311782187,3495.36180184149,NA,NA,NA
"214","36005029302",-73.9158388856617,40.879285080212,13636.1812415828,40.7356094542025,-73.9876746575862,1485.8220762155,26563.6311782187,3495.36180184149,4981.18387805698,4981.18387805698,"transit"
"215","36005029500",-73.9085646264366,40.8848983507903,13720.0761049847,40.7356094542025,-73.9876746575862,689.279411584155,28017.027364817,3686.60619457885,4375.885606163,4375.885606163,"transit"
"216","36005029600",-73.8450047609755,40.8553748209635,14372.3653118311,40.7356094542025,-73.9876746575862,998.759480340684,19516.6580674124,2568.08945474183,3566.84893508251,3566.84893508251,"transit"
"217","36005029700",-73.9117785880314,40.8849992736224,13871.1810783204,40.7356094542025,-73.9876746575862,985.121134522279,27253.7909852759,3586.1761265311,4571.29726105338,4571.29726105338,"transit"
"218","36005030000",-73.8312344577692,40.8522010791156,15107.9774960363,40.7356094542025,-73.9876746575862,223.127203105581,21397.3731192336,2815.56238147312,3038.6895845787,3038.6895845787,"transit"
"219","36005030100",-73.9179116326362,40.8832803989074,13512.4322288056,40.7356094542025,-73.9876746575862,1884.47302628295,26563.6311782187,3495.36180184149,5379.83482812444,5379.83482812444,"transit"
"220","36005030200",-73.8221849661581,40.8636526219183,16506.2443030102,40.7356094542025,-73.9876746575862,1460.5321195048,21397.3731192336,2815.56238147312,4276.09450097792,4276.09450097792,"transit"
"221","36005030701",-73.9105904297673,40.8931975213633,14562.4276073723,40.7356094542025,-73.9876746575862,1147.8301506152,28598.9845324423,3763.18273038369,4911.01288099889,4911.01288099889,"transit"
"222","36005030900",-73.9179363240811,40.8996310448148,14965.6620502013,40.7356094542025,-73.9876746575862,1814.2993917241,28598.9845324423,3763.18273038369,5577.48212210779,5577.48212210779,"transit"
"223","36005031000",-73.8360747104243,40.8612344234716,15292.4694748009,40.7356094542025,-73.9876746575862,1114.90782603463,21397.3731192336,2815.56238147312,3930.47020750775,3930.47020750775,"transit"
"224","36005031200",-73.8424521777434,40.8620467763149,15015.851797522,40.7356094542025,-73.9876746575862,821.32268846531,21008.0100347025,2764.32823943935,3585.65092790466,3585.65092790466,"transit"
"225","36005031400",-73.8455437789689,40.8615486190587,14693.5613524479,40.7356094542025,-73.9876746575862,742.844968572914,19516.6580674124,2568.08945474183,3310.93442331474,3310.93442331474,"transit"
"226","36005031600",-73.8487246665213,40.86197164375,14529.664620204,40.7356094542025,-73.9876746575862,580.521097097819,19516.6580674124,2568.08945474183,3148.61055183965,3148.61055183965,"transit"
"227","36005031800",-73.8515677379812,40.861954500475,14323.7324617003,40.7356094542025,-73.9876746575862,373.016077825398,19516.6580674124,2568.08945474183,2941.10553256723,2941.10553256723,"transit"
"228","36005031900",-73.9108866036675,40.9140212162432,16398.4575705602,40.7356094542025,-73.9876746575862,2689.28508752705,28598.9845324423,3763.18273038369,6452.46781791074,6452.46781791074,"transit"
"229","36005032300",-73.9075468995864,40.9053118715226,15487.2647293372,40.7356094542025,-73.9876746575862,1778.09224630403,28598.9845324423,3763.18273038369,5541.27497668772,5541.27497668772,"transit"
"230","36005032400",-73.8597051604808,40.8613414919087,13958.6823879457,40.7356094542025,-73.9876746575862,593.139739545651,19516.6580674124,2568.08945474183,3161.22919428748,3161.22919428748,"transit"
"231","36005032600",-73.8554777500474,40.8621877497958,14240.3079578455,40.7356094542025,-73.9876746575862,529.683118447729,19516.6580674124,2568.08945474183,3097.77257318956,3097.77257318956,"transit"
"232","36005032800",-73.863130119405,40.8617366468682,13685.1487740818,40.7356094542025,-73.9876746575862,607.966902283772,19769.1705137666,2601.31617565037,3209.28307793414,3209.28307793414,"transit"
"233","36005033000",-73.8660255299361,40.8616560895625,13545.5934117714,40.7356094542025,-73.9876746575862,426.126050837454,19769.1705137666,2601.31617565037,3027.44222648782,3027.44222648782,"transit"
"234","36005033201",-73.869232332573,40.8594756014332,13303.4691751616,40.7356094542025,-73.9876746575862,300.853998818697,18843.3185180018,2479.48841503877,2780.34241385747,2780.34241385747,"transit"
"235","36005033202",-73.8689413391661,40.8633818025518,13591.9469751642,40.7356094542025,-73.9876746575862,283.278119339628,19769.1705137666,2601.31617565037,2884.59429499,2884.59429499,"transit"
"236","36005033400",-73.875490761896,40.8578021917238,13008.6614131978,40.7356094542025,-73.9876746575862,693.255169489265,18843.3185180018,2479.48841503877,3172.74358452803,3172.74358452803,"transit"
"237","36005033500",-73.9052412664347,40.8942651819534,14582.743557384,40.7356094542025,-73.9876746575862,854.561775627676,28598.9845324423,3763.18273038369,4617.74450601136,4617.74450601136,"transit"
"238","36005033600",-73.8688853006562,40.86848956975,14071.9388260515,40.7356094542025,-73.9876746575862,375.146588796287,20535.1089771992,2702.10179602288,3077.24838481917,3077.24838481917,"transit"
"239","36005033700",-73.9025219331113,40.9062276465751,15570.4302221464,40.7356094542025,-73.9876746575862,1761.88147827247,28598.9845324423,3763.18273038369,5525.06420865616,5525.06420865616,"transit"
"240","36005033800",-73.8658166726468,40.8684379391945,14056.5240171721,40.7356094542025,-73.9876746575862,372.796333965732,20535.1089771992,2702.10179602288,3074.89812998861,3074.89812998861,"transit"
"241","36005034000",-73.8629231574935,40.8684404803763,14256.2364260598,40.7356094542025,-73.9876746575862,441.38155849969,20535.1089771992,2702.10179602288,3143.48335452257,3143.48335452257,"transit"
"242","36005034200",-73.860025579292,40.8684165442609,14308.0440367875,40.7356094542025,-73.9876746575862,627.964961603484,20535.1089771992,2702.10179602288,3330.06675762636,3330.06675762636,"transit"
"243","36005034300",-73.8981695185665,40.9096678473272,16129.0470197116,40.7356094542025,-73.9876746575862,2080.0525304337,28598.9845324423,3763.18273038369,5843.23526081739,5843.23526081739,"transit"
"244","36005034400",-73.8571317065643,40.8683643516786,14580.8221183409,40.7356094542025,-73.9876746575862,869.577214504295,20535.1089771992,2702.10179602288,3571.67901052717,3571.67901052717,"transit"
"245","36005034500",-73.8986561104871,40.9040642089797,15501.6699547546,40.7356094542025,-73.9876746575862,1416.65016594535,28598.9845324423,3763.18273038369,5179.83289632903,5179.83289632903,"transit"
"246","36005034800",-73.8530706101554,40.8694470867613,14895.140125056,40.7356094542025,-73.9876746575862,507.70874926812,21008.0100347025,2764.32823943935,3272.03698870747,3272.03698870747,"transit"
"247","36005035000",-73.8482551578062,40.868522121399,14905.2679300655,40.7356094542025,-73.9876746575862,222.377423278028,21008.0100347025,2764.32823943935,2986.70566271738,2986.70566271738,"transit"
"248","36005035100",-73.9000858690161,40.8951028686436,14614.4640923687,40.7356094542025,-73.9876746575862,677.741678681283,28598.9845324423,3763.18273038369,4440.92440906497,4440.92440906497,"transit"
"249","36005035600",-73.8359921376771,40.8668437141529,15615.2141480359,40.7356094542025,-73.9876746575862,704.67663073048,21008.0100347025,2764.32823943935,3469.00487016983,3469.00487016983,"transit"
"250","36005035800",-73.842604762803,40.8739751772752,15794.1553269764,40.7356094542025,-73.9876746575862,713.492202411487,21008.0100347025,2764.32823943935,3477.82044185084,3477.82044185084,"transit"
"251","36005035900",-73.8834386468534,40.8403016445688,11162.2746838332,40.7356094542025,-73.9876746575862,352.716750756861,16476.9900582021,2168.1162967654,2520.83304752226,2520.83304752226,"transit"
"252","36005036000",-73.8431181587072,40.8668404952779,15240.3508387602,40.7356094542025,-73.9876746575862,362.721637988854,21008.0100347025,2764.32823943935,3127.04987742821,3127.04987742821,"transit"
"253","36005036100",-73.8795815446561,40.8422924444454,11448.844269002,40.7356094542025,-73.9876746575862,183.261673509943,16476.9900582021,2168.1162967654,2351.37797027534,2351.37797027534,"transit"
"254","36005036300",-73.8827621677521,40.8445640752897,11562.1278608739,40.7356094542025,-73.9876746575862,539.461428844796,16476.9900582021,2168.1162967654,2707.57772561019,2707.57772561019,"transit"
"255","36005036400",-73.8492349602545,40.8736353984271,15293.1218243669,40.7356094542025,-73.9876746575862,364.774678597678,21008.0100347025,2764.32823943935,3129.10291803703,3129.10291803703,"transit"
"256","36005036501",-73.8858158545778,40.8453745447267,11586.1901117194,40.7356094542025,-73.9876746575862,658.746293434146,16476.9900582021,2168.1162967654,2826.86259019954,2826.86259019954,"transit"
"257","36005036502",-73.8878235479176,40.8423825083501,11276.6159664024,40.7356094542025,-73.9876746575862,472.391001297073,15695.1529859076,2065.23866608958,2537.62966738665,2537.62966738665,"transit"
"258","36005036700",-73.8893061367684,40.8407597561033,11123.6851531667,40.7356094542025,-73.9876746575862,342.323690467406,15695.1529859076,2065.23866608958,2407.56235655698,2407.56235655698,"transit"
"259","36005036800",-73.8559420096927,40.8753071869823,15017.7055269991,40.7356094542025,-73.9876746575862,828.828047890825,21256.7655086764,2797.06060106168,3625.8886489525,3625.8886489525,"transit"
"260","36005036901",-73.8918107747849,40.844412747703,11017.2464264702,40.7356094542025,-73.9876746575862,772.021535564348,15695.1529859076,2065.23866608958,2837.26020165392,2837.26020165392,"transit"
"261","36005036902",-73.8929489717706,40.8426434209325,10961.8831046595,40.7356094542025,-73.9876746575862,654.544586618098,15695.1529859076,2065.23866608958,2719.78325270767,2719.78325270767,"transit"
"262","36005037000",-73.8590214133666,40.8730920726238,14670.7814072421,40.7356094542025,-73.9876746575862,644.896769386331,20535.1089771992,2702.10179602288,3346.99856540921,3346.99856540921,"transit"
"263","36005037100",-73.8873781306193,40.8472203799717,11464.5489322853,40.7356094542025,-73.9876746575862,896.254987358027,16476.9900582021,2168.1162967654,3064.37128412342,3064.37128412342,"transit"
"264","36005037200",-73.8632803111633,40.8738024675311,14405.3495406498,40.7356094542025,-73.9876746575862,472.662043720917,20535.1089771992,2702.10179602288,3174.7638397438,3174.7638397438,"transit"
"265","36005037300",-73.8901415292433,40.8486732943682,11422.98588446,40.7356094542025,-73.9876746575862,1086.56267745512,21086.0060768875,2774.5913086982,3861.15398615332,3861.15398615332,"transit"
"266","36005037400",-73.8666710898382,40.8745379483579,14189.2709841147,40.7356094542025,-73.9876746575862,243.589328640483,20535.1089771992,2702.10179602288,2945.69112466336,2945.69112466336,"transit"
"267","36005037504",-73.8926780211442,40.8502936431405,11393.2543493403,40.7356094542025,-73.9876746575862,885.672771289101,21086.0060768875,2774.5913086982,3660.2640799873,3660.2640799873,"transit"
"268","36005037600",-73.8692131442692,40.8745689821676,14112.5281364077,40.7356094542025,-73.9876746575862,435.762609382789,20535.1089771992,2702.10179602288,3137.86440540567,3137.86440540567,"transit"
"269","36005037800",-73.86662114605,40.8797990599681,14393.1163414775,40.7356094542025,-73.9876746575862,249.930707650169,21256.7655086764,2797.06060106168,3046.99130871185,3046.99130871185,"transit"
"270","36005037900",-73.8987883130591,40.851559438629,11177.3640250992,40.7356094542025,-73.9876746575862,538.76844780696,21086.0060768875,2774.5913086982,3313.35975650516,3313.35975650516,"transit"
"271","36005038000",-73.8624415092493,40.8780935385685,14569.1728081561,40.7356094542025,-73.9876746575862,273.430258945293,21256.7655086764,2797.06060106168,3070.49086000697,3070.49086000697,"transit"
"272","36005038100",-73.9011465243678,40.8520582958291,11275.7219990139,40.7356094542025,-73.9876746575862,424.877978772201,21909.7738492276,2882.98636906128,3307.86434783348,3307.86434783348,"transit"
"273","36005038200",-73.8547432263941,40.8773089993845,15195.6222044591,40.7356094542025,-73.9876746575862,899.879655248311,21256.7655086764,2797.06060106168,3696.94025630999,3696.94025630999,"transit"
"274","36005038301",-73.8985196398046,40.8572136996878,11643.0450668096,40.7356094542025,-73.9876746575862,236.96379903938,21086.0060768875,2774.5913086982,3011.55510773758,3011.55510773758,"transit"
"275","36005038302",-73.8950076862259,40.8574499762918,11683.2826616287,40.7356094542025,-73.9876746575862,536.518437500668,20425.4695893644,2687.67495333546,3224.19339083612,3224.19339083612,"transit"
"276","36005038500",-73.8924900043152,40.8562295519624,11656.9072365954,40.7356094542025,-73.9876746575862,802.957100023855,21086.0060768875,2774.5913086982,3577.54840872206,3577.54840872206,"transit"
"277","36005038600",-73.8484022920638,40.8796352386746,15688.4631001328,40.7356094542025,-73.9876746575862,901.125669490977,22250.4084179272,2927.80859429965,3828.93426379063,3828.93426379063,"transit"
"278","36005038700",-73.889222936192,40.8580022817646,11889.0417173731,40.7356094542025,-73.9876746575862,611.479415486678,20425.4695893644,2687.67495333546,3299.15436882213,3299.15436882213,"transit"
"279","36005038800",-73.8553665107126,40.8795981945625,15212.1412167209,40.7356094542025,-73.9876746575862,672.458103027743,21876.6011018831,2878.6213500941,3551.07945312184,3551.07945312184,"transit"
"280","36005038900",-73.8849743735086,40.8564319440587,12101.0651942515,40.7356094542025,-73.9876746575862,933.379455073725,20425.4695893644,2687.67495333546,3621.05440840918,3621.05440840918,"transit"
"281","36005039000",-73.8607600416099,40.881235233535,14912.5489211187,40.7356094542025,-73.9876746575862,318.085696833241,21876.6011018831,2878.6213500941,3196.70704692734,3196.70704692734,"transit"
"282","36005039100",-73.8871317665517,40.8531215201567,11879.577156049,40.7356094542025,-73.9876746575862,1250.21133815372,21086.0060768875,2774.5913086982,4024.80264685192,4024.80264685192,"transit"
"283","36005039200",-73.8647380796943,40.8832884752878,14648.9891502199,40.7356094542025,-73.9876746575862,219.850516778149,21876.6011018831,2878.6213500941,3098.47186687225,3098.47186687225,"transit"
"284","36005039300",-73.8831358499935,40.8525181015437,11909.9213493771,40.7356094542025,-73.9876746575862,1611.93878399429,18031.4406958374,2372.65788767914,3984.59667167343,3984.59667167343,"transit"
"285","36005039400",-73.8633993410394,40.886479154854,15110.6720130764,40.7356094542025,-73.9876746575862,262.182541693867,21876.6011018831,2878.6213500941,3140.80389178796,3140.80389178796,"transit"
"286","36005039500",-73.8967151177162,40.8481912245536,10988.8874657149,40.7356094542025,-73.9876746575862,775.166127076317,21909.7738492276,2882.98636906128,3658.1524961376,3658.1524961376,"transit"
"287","36005039600",-73.8589555767396,40.8844238046603,15302.1857773538,40.7356094542025,-73.9876746575862,364.496237580302,21876.6011018831,2878.6213500941,3243.1175876744,3243.1175876744,"transit"
"288","36005039700",-73.8854132078642,40.8619267183309,12305.5816845794,40.7356094542025,-73.9876746575862,1030.03544865566,19811.9402047077,2606.94400352484,3636.9794521805,3636.9794521805,"transit"
"289","36005039800",-73.8534698154704,40.882697013534,15518.0268454439,40.7356094542025,-73.9876746575862,734.285777859117,21876.6011018831,2878.6213500941,3612.90712795322,3612.90712795322,"transit"
"290","36005039901",-73.8936412822095,40.8635348676439,12240.490096246,40.7356094542025,-73.9876746575862,366.739641267682,19811.9402047077,2606.94400352484,2973.68364479252,2973.68364479252,"transit"
"291","36005039902",-73.8947477532255,40.8604226904062,12022.5228594565,40.7356094542025,-73.9876746575862,202.399815731774,20425.4695893644,2687.67495333546,2890.07476906723,2890.07476906723,"transit"
"292","36005040100",-73.8976515384056,40.8646118547169,12285.4881350248,40.7356094542025,-73.9876746575862,273.910500902328,16913.7033937165,2225.58099732048,2499.49149822281,2499.49149822281,"transit"
"293","36005040302",-73.8921760001819,40.8678675218242,12590.8839295303,40.7356094542025,-73.9876746575862,155.890830428309,19811.9402047077,2606.94400352484,2762.83483395315,2762.83483395315,"transit"
"294","36005040303",-73.8934561408301,40.8696819606259,12785.7529732906,40.7356094542025,-73.9876746575862,327.413915689653,19811.9402047077,2606.94400352484,2934.35791921449,2934.35791921449,"transit"
"295","36005040304",-73.895187339677,40.8676700231385,12469.1851711601,40.7356094542025,-73.9876746575862,161.905557859361,19811.9402047077,2606.94400352484,2768.8495613842,2768.8495613842,"transit"
"296","36005040400",-73.8513486604627,40.8861691075283,15824.0189962738,40.7356094542025,-73.9876746575862,691.912411175309,22532.7651847191,2964.96236482576,3656.87477600107,3656.87477600107,"transit"
"297","36005040501",-73.8908965172959,40.867147236619,12595.2470019829,40.7356094542025,-73.9876746575862,217.654179563088,19811.9402047077,2606.94400352484,2824.59818308793,2824.59818308793,"transit"
"298","36005040502",-73.8889613088301,40.8658779905643,12523.4620115178,40.7356094542025,-73.9876746575862,369.539850959752,19811.9402047077,2606.94400352484,2976.48385448459,2976.48385448459,"transit"
"299","36005040600",-73.8570053208632,40.8879511134582,15555.7014449708,40.7356094542025,-73.9876746575862,250.558214078955,22532.7651847191,2964.96236482576,3215.52057890472,3215.52057890472,"transit"
"300","36005040701",-73.890260405929,40.8715793772152,12962.527594714,40.7356094542025,-73.9876746575862,185.208593329739,17797.3177151103,2341.85093518547,2527.05952851521,2527.05952851521,"transit"
"301","36005040702",-73.8869998391449,40.8691423876728,12869.7724175694,40.7356094542025,-73.9876746575862,453.114783750363,18827.2110818267,2477.3689263004,2930.48371005077,2930.48371005077,"transit"
"302","36005040800",-73.8617419563531,40.8897426386733,15230.9361707445,40.7356094542025,-73.9876746575862,319.164360248539,22532.7651847191,2964.96236482576,3284.1267250743,3284.1267250743,"transit"
"303","36005040900",-73.8931387455152,40.8767767685102,13483.7666531781,40.7356094542025,-73.9876746575862,746.839040321756,17797.3177151103,2341.85093518547,3088.68997550723,3088.68997550723,"transit"
"304","36005041100",-73.8871521635858,40.8755619529374,13321.6673409214,40.7356094542025,-73.9876746575862,235.093337322447,18827.2110818267,2477.3689263004,2712.46226362285,2712.46226362285,"transit"
"305","36005041300",-73.8851967686067,40.8741039100211,13306.3761511794,40.7356094542025,-73.9876746575862,229.844001681685,18827.2110818267,2477.3689263004,2707.21292798209,2707.21292798209,"transit"
"306","36005041400",-73.854094974967,40.9035525444825,16412.60529471,40.7356094542025,-73.9876746575862,323.369616658346,24414.9148514568,3212.62406462598,3535.99368128433,3535.99368128433,"transit"
"307","36005041500",-73.8835532175038,40.8701057416807,13049.3438126425,40.7356094542025,-73.9876746575862,390.123558112811,18827.2110818267,2477.3689263004,2867.49248441321,2867.49248441321,"transit"
"308","36005041800",-73.8584601024922,40.8971160889241,15826.3761352164,40.7356094542025,-73.9876746575862,425.214975885082,23771.8893934476,3128.01188911212,3553.2268649972,3553.2268649972,"transit"
"309","36005041900",-73.8816850916695,40.8768594965333,13667.5260043855,40.7356094542025,-73.9876746575862,293.54722482441,19084.1278951117,2511.17519357548,2804.72241839989,2804.72241839989,"transit"
"310","36005042000",-73.8598557507604,40.8930261243617,15675.6418628749,40.7356094542025,-73.9876746575862,261.049910574547,23153.8717474329,3046.69035372975,3307.7402643043,3307.7402643043,"transit"
"311","36005042100",-73.882762660844,40.881479411506,13819.6703119368,40.7356094542025,-73.9876746575862,143.836366161736,18655.2864650763,2454.74631367061,2598.58267983235,2598.58267983235,"transit"
"312","36005042200",-73.8552807077097,40.8910967942878,15853.7707782921,40.7356094542025,-73.9876746575862,306.312846809372,23153.8717474329,3046.69035372975,3353.00320053912,3353.00320053912,"transit"
"313","36005042300",-73.8773555759122,40.8770080356007,13860.4859035466,40.7356094542025,-73.9876746575862,313.455000042387,19084.1278951117,2511.17519357548,2824.63019361787,2824.63019361787,"transit"
"314","36005042400",-73.8495424578326,40.8892857071866,16069.2407012579,40.7356094542025,-73.9876746575862,685.68219764211,23153.8717474329,3046.69035372975,3732.37255137186,3732.37255137186,"transit"
"315","36005042500",-73.8790970743767,40.8710167918466,13186.2260424396,40.7356094542025,-73.9876746575862,430.661660821772,19084.1278951117,2511.17519357548,2941.83685439725,2941.83685439725,"transit"
"316","36005042600",-73.8419291745021,40.8908410832738,16862.1726681376,40.7356094542025,-73.9876746575862,NA,23374.1735285705,3075.6786507551,NA,16862.1726681376,NA
"317","36005042800",-73.8457030229324,40.8945093642885,16626.2241726709,40.7356094542025,-73.9876746575862,820.038036652265,23771.8893934476,3128.01188911212,3948.04992576438,3948.04992576438,"transit"
"318","36005042901",-73.8742925247996,40.8749498576311,13637.8752043041,40.7356094542025,-73.9876746575862,339.58802405412,19084.1278951117,2511.17519357548,2850.7632176296,2850.7632176296,"transit"
"319","36005042902",-73.8739242697575,40.8771332477373,13842.4987203243,40.7356094542025,-73.9876746575862,481.85198531943,19084.1278951117,2511.17519357548,2993.02717889491,2993.02717889491,"transit"
"320","36005043000",-73.8506573961206,40.8934598565299,16289.7150391177,40.7356094542025,-73.9876746575862,495.25028832055,23153.8717474329,3046.69035372975,3541.9406420503,3541.9406420503,"transit"
"321","36005043100",-73.8766379853275,40.881914806846,14172.8730764006,40.7356094542025,-73.9876746575862,497.588163548877,19608.5826525755,2580.1853041938,3077.77346774267,3077.77346774267,"transit"
"322","36005043400",-73.8523371240723,40.8982110136984,16375.2008570498,40.7356094542025,-73.9876746575862,129.489448585312,23771.8893934476,3128.01188911212,3257.50133769743,3257.50133769743,"transit"
"323","36005043500",-73.8820031161716,40.8945505670358,15248.9727950421,40.7356094542025,-73.9876746575862,918.583317773741,19608.5826525755,2580.1853041938,3498.76862196754,3498.76862196754,"transit"
"324","36005043600",-73.8497589974125,40.8972795219335,16638.3126278789,40.7356094542025,-73.9876746575862,342.720342110326,23771.8893934476,3128.01188911212,3470.73223122244,3470.73223122244,"transit"
"325","36005044200",-73.8462551950254,40.90386763323,17030.6371922885,40.7356094542025,-73.9876746575862,327.167266096688,24414.9148514568,3212.62406462598,3539.79133072267,3539.79133072267,"transit"
"326","36005044400",-73.8437344295232,40.8995004500176,16939.2645501244,40.7356094542025,-73.9876746575862,639.884676684421,24414.9148514568,3212.62406462598,3852.5087413104,3852.5087413104,"transit"
"327","36005044800",-73.8413102103368,40.8954712318672,16912.0664692802,40.7356094542025,-73.9876746575862,1105.88033326155,23771.8893934476,3128.01188911212,4233.89222237366,4233.89222237366,"transit"
"328","36005044901",-73.8733943059065,40.8974998859382,15704.7700299302,40.7356094542025,-73.9876746575862,1374.38055266192,19608.5826525755,2580.1853041938,3954.56585685572,3954.56585685572,"transit"
"329","36005044902",-73.8689887450321,40.8988256744902,15841.4345346888,40.7356094542025,-73.9876746575862,861.156638294902,23153.8717474329,3046.69035372975,3907.84699202465,3907.84699202465,"transit"
"330","36005045101",-73.8643289437181,40.8974400101041,15616.8733640114,40.7356094542025,-73.9876746575862,632.257382909598,23153.8717474329,3046.69035372975,3678.94773663935,3678.94773663935,"transit"
"331","36005045102",-73.8641360262109,40.900365472757,15862.183345286,40.7356094542025,-73.9876746575862,682.741276021768,23771.8893934476,3128.01188911212,3810.75316513388,3810.75316513388,"transit"
"332","36005045600",-73.8211502064915,40.888710967819,17876.0001644782,40.7356094542025,-73.9876746575862,NA,23374.1735285705,3075.6786507551,NA,17876.0001644782,NA
"333","36005045800",-73.8452027742683,40.8858611240192,16346.3859606982,40.7356094542025,-73.9876746575862,788.985344404725,22250.4084179272,2927.80859429965,3716.79393870438,3716.79393870438,"transit"
"334","36005046000",-73.8426480780759,40.8824438345501,16242.1857614314,40.7356094542025,-73.9876746575862,754.43518166556,22250.4084179272,2927.80859429965,3682.24377596521,3682.24377596521,"transit"
"335","36005046201",-73.8273331685233,40.874382784355,16554.9709819359,40.7356094542025,-73.9876746575862,1050.68125329154,22250.4084179272,2927.80859429965,3978.4898475912,3978.4898475912,"transit"
"336","36005046202",-73.8339576393716,40.8790535551663,16415.6493088823,40.7356094542025,-73.9876746575862,387.530030787248,22250.4084179272,2927.80859429965,3315.3386250869,3315.3386250869,"transit"
"337","36005048400",-73.8345657215745,40.8863098880242,17088.5707816699,40.7356094542025,-73.9876746575862,NA,23374.1735285705,3075.6786507551,NA,17088.5707816699,NA
"338","36005050400",-73.7909456095445,40.8679674349692,18340.6743240503,40.7356094542025,-73.9876746575862,3126.03523260743,21397.3731192336,2815.56238147312,5941.59761408055,5941.59761408055,"transit"
"339","36005051600",-73.7789349426389,40.8470413750825,19170.3094362416,40.7356094542025,-73.9876746575862,3955.67034479873,21397.3731192336,2815.56238147312,6771.23272627185,6771.23272627185,"transit"
"340","36047000100",-73.9940308016328,40.7002830406236,3801.38201574813,40.7356094542025,-73.9876746575862,235.217097904801,19704.6656324669,2592.82833388601,2828.04543179082,2828.04543179082,"transit"
"341","36047000200",-74.0109708768914,40.6532132395955,7567.17140306997,40.7356094542025,-73.9876746575862,473.971011058888,15390.5088988349,2025.15222994058,2499.12324099947,2499.12324099947,"transit"
"342","36047000301",-73.9974952006907,40.6964162562578,4185.82202197543,40.7356094542025,-73.9876746575862,385.146038792874,9554.61776872683,1257.23948491605,1642.38552370893,1642.38552370893,"transit"
"343","36047000501",-73.994700698591,40.6958142746659,4045.38341369898,40.7356094542025,-73.9876746575862,187.209317361359,9554.61776872683,1257.23948491605,1444.44880227741,1444.44880227741,"transit"
"344","36047000502",-73.992861181882,40.6951344719309,3908.4140501853,40.7356094542025,-73.9876746575862,NA,12762.3568589718,1679.32818999903,NA,3908.4140501853,NA
"345","36047000700",-73.9972990472069,40.6923198339892,4380.68045725384,40.7356094542025,-73.9876746575862,NA,12762.3568589718,1679.32818999903,NA,4380.68045725384,NA
"346","36047000900",-73.9916274496889,40.6917354792665,4054.95468578249,40.7356094542025,-73.9876746575862,NA,7439.81610800935,978.964391659826,NA,4054.95468578249,NA
"347","36047001100",-73.9877086454333,40.6932903712091,3711.6267687728,40.7356094542025,-73.9876746575862,120.767976670415,10703.3782494532,1408.39854434044,1529.16652101086,1529.16652101086,"transit"
"348","36047001300",-73.9883898604928,40.6976318634096,NA,40.7356094542025,-73.9876746575862,NA,19704.6656324669,2592.82833388601,NA,NA,NA
"349","36047001500",-73.9830225152586,40.6942748332225,3777.75543348957,40.7356094542025,-73.9876746575862,329.091383591905,10541.3786143044,1387.0819053308,1716.1732889227,1716.1732889227,"transit"
"350","36047001800",-74.0257243372579,40.6558032137278,8439.89682149697,40.7356094542025,-73.9876746575862,1137.27553305934,15390.5088988349,2025.15222994058,3162.42776299993,3162.42776299993,"transit"
"351","36047002000",-74.0159179200508,40.6480502292495,8024.52842402069,40.7356094542025,-73.9876746575862,266.957872935793,15934.0904383781,2096.67912838147,2363.63700131727,2363.63700131727,"transit"
"352","36047002100",-73.9868573621426,40.7030737812978,3535.06711457996,40.7356094542025,-73.9876746575862,139.46118071139,20291.9526155018,2670.10619072142,2809.56737143281,2809.56737143281,"transit"
"353","36047002200",-74.0217116280215,40.643473575568,8608.86424838214,40.7356094542025,-73.9876746575862,327.322329790597,16871.3271757055,2220.00494437996,2547.32727417055,2547.32727417055,"transit"
"354","36047002300",-73.9832758392902,40.6995619053616,3484.04401668608,40.7356094542025,-73.9876746575862,331.258108396828,20291.9526155018,2670.10619072142,3001.36429911825,3001.36429911825,"transit"
"355","36047002901",-73.9780854739168,40.6949037138613,4086.51665001041,40.7356094542025,-73.9876746575862,569.045825302408,12380.9127709963,1629.13606507068,2198.18189037309,2198.18189037309,"transit"
"356","36047003000",-74.0289543109736,40.6389020476137,9211.962580388,40.7356094542025,-73.9876746575862,575.605599151943,17307.2919621336,2277.37114748694,2852.97674663889,2852.97674663889,"transit"
"357","36047003100",-73.9777173904691,40.6916118157743,4229.92261043195,40.7356094542025,-73.9876746575862,345.227979004963,12380.9127709963,1629.13606507068,1974.36404407564,1974.36404407564,"transit"
"358","36047003300",-73.9781089895414,40.6885117525042,4389.37963558464,40.7356094542025,-73.9876746575862,210.866723860337,7610.08632948347,1001.36931153463,1212.23603539496,1212.23603539496,"transit"
"359","36047003400",-74.0447241217113,40.6436678598114,9939.81444023345,40.7356094542025,-73.9876746575862,1035.42081078966,17307.2919621336,2277.37114748694,3312.7919582766,3312.7919582766,"transit"
"360","36047003500",-73.9761802707608,40.6853252188427,4651.3675094756,40.7356094542025,-73.9876746575862,NA,10964.4399142234,1442.75020977507,NA,4651.3675094756,NA
"361","36047003600",-74.0308978717435,40.634686148434,9533.44304149614,40.7356094542025,-73.9876746575862,574.522969701972,17307.2919621336,2277.37114748694,2851.89411718891,2851.89411718891,"transit"
"362","36047003700",-73.9847341962559,40.6894050136458,4142.96537513827,40.7356094542025,-73.9876746575862,191.483129033373,21357.8610497301,2810.36320604685,3001.84633508022,3001.84633508022,"transit"
"363","36047003800",-74.0440991762668,40.6359281260373,10290.0401998788,40.7356094542025,-73.9876746575862,1386.71785837498,17934.7010797154,2359.92845484486,3746.64631321984,3746.64631321984,"transit"
"364","36047003900",-73.980824012424,40.6849013079929,4539.70979606845,40.7356094542025,-73.9876746575862,194.908113903724,13226.354904595,1740.38313515767,1935.29124906139,1935.29124906139,"transit"
"365","36047004100",-73.9850536988557,40.6865996977994,4413.67556612225,40.7356094542025,-73.9876746575862,184.108824549406,21357.8610497301,2810.36320604685,2994.47203059626,2994.47203059626,"transit"
"366","36047004300",-73.9896016833017,40.6882118419479,4168.59123631799,40.7356094542025,-73.9876746575862,178.410539754865,21492.2272848708,2828.04371827114,3006.45425802601,3006.45425802601,"transit"
"367","36047004400",-74.044274483444,40.6323235020429,10558.5593626704,40.7356094542025,-73.9876746575862,1158.56694136762,17934.7010797154,2359.92845484486,3518.49539621247,3518.49539621247,"transit"
"368","36047004500",-73.9952870121784,40.6881459981091,4432.4881172972,40.7356094542025,-73.9876746575862,366.214264385338,21492.2272848708,2828.04371827114,3194.25798265648,3194.25798265648,"transit"
"369","36047004600",-74.0448326761231,40.6280300159071,10732.208141619,40.7356094542025,-73.9876746575862,1438.43443808604,18744.4287840401,2466.47606004991,3904.91049813595,3904.91049813595,"transit"
"370","36047004700",-74.0021454447673,40.6884833015714,4883.9166930106,40.7356094542025,-73.9876746575862,856.952367388016,21492.2272848708,2828.04371827114,3684.99608565916,3684.99608565916,"transit"
"371","36047004900",-73.9984362738363,40.6879987924001,4644.56131443822,40.7356094542025,-73.9876746575862,525.415754377422,21492.2272848708,2828.04371827114,3353.45947264856,3353.45947264856,"transit"
"372","36047005000",-74.0455599496772,40.6244558236562,10982.652544255,40.7356094542025,-73.9876746575862,1540.09139964997,18744.4287840401,2466.47606004991,4006.56745969989,4006.56745969989,"transit"
"373","36047005100",-74.0034665965441,40.6834631295063,5238.26932387029,40.7356094542025,-73.9876746575862,772.67537769209,22181.2418917422,2918.70735238091,3691.382730073,3691.382730073,"transit"
"374","36047005201",-74.0435814910937,40.6215054193503,11231.0426630032,40.7356094542025,-73.9876746575862,1041.18372349837,19454.9315870269,2559.96720743859,3601.15093093696,3601.15093093696,"transit"
"375","36047005202",-74.0446678509337,40.6185087931417,11326.2078908804,40.7356094542025,-73.9876746575862,1072.1529664347,19454.9315870269,2559.96720743859,3632.1201738733,3632.1201738733,"transit"
"376","36047005300",-74.0247585078858,40.6721617945767,7692.62859112604,40.7356094542025,-73.9876746575862,2565.61558956529,23093.9537268943,3038.80607168911,5604.4216612544,5604.4216612544,"transit"
"377","36047005400",-74.0398295673396,40.616249338128,11358.2617776824,40.7356094542025,-73.9876746575862,825.347747163088,19454.9315870269,2559.96720743859,3385.31495460168,3385.31495460168,"transit"
"378","36047005601",-74.0403073853534,40.6140725905824,11725.5599204526,40.7356094542025,-73.9876746575862,950.026475830158,19454.9315870269,2559.96720743859,3509.99368326875,3509.99368326875,"transit"
"379","36047005602",-74.0396345607683,40.6107280106782,NA,40.7356094542025,-73.9876746575862,NA,19454.9315870269,2559.96720743859,NA,NA,NA
"380","36047005800",-74.0321884432905,40.6190887445182,10575.5921466609,40.7356094542025,-73.9876746575862,341.583703149632,19454.9315870269,2559.96720743859,2901.55091058823,2901.55091058823,"transit"
"381","36047005900",-74.0060998267567,40.679399970991,5799.13389118223,40.7356094542025,-73.9876746575862,1039.0095963618,22181.2418917422,2918.70735238091,3957.71694874271,3957.71694874271,"transit"
"382","36047006000",-74.0316042197261,40.6220831448877,10323.2640120537,40.7356094542025,-73.9876746575862,286.729723389769,18744.4287840401,2466.47606004991,2753.20578343968,2753.20578343968,"transit"
"383","36047006200",-74.0304458916342,40.6249110064689,10084.2600384806,40.7356094542025,-73.9876746575862,298.775283073606,18744.4287840401,2466.47606004991,2765.25134312352,2765.25134312352,"transit"
"384","36047006300",-74.00130286304,40.6819737900206,5146.05542406742,40.7356094542025,-73.9876746575862,409.067367709556,22181.2418917422,2918.70735238091,3327.77472009047,3327.77472009047,"transit"
"385","36047006400",-74.0288093881817,40.6289252627831,9779.33312089953,40.7356094542025,-73.9876746575862,297.922596012059,17934.7010797154,2359.92845484486,2657.85105085692,2657.85105085692,"transit"
"386","36047006500",-73.9994589675289,40.6790574001639,5202.37758942779,40.7356094542025,-73.9876746575862,412.861629249028,22181.2418917422,2918.70735238091,3331.56898162994,3331.56898162994,"transit"
"387","36047006600",-74.0274984843698,40.6321308923128,9481.69010809421,40.7356094542025,-73.9876746575862,351.730693384549,17934.7010797154,2359.92845484486,2711.65914822941,2711.65914822941,"transit"
"388","36047006700",-73.9972232114586,40.6841758510964,4770.71919314008,40.7356094542025,-73.9876746575862,495.718881449241,22181.2418917422,2918.70735238091,3414.42623383016,3414.42623383016,"transit"
"389","36047006800",-74.0262304236572,40.6351749108126,9223.91101976401,40.7356094542025,-73.9876746575862,242.954936744434,17307.2919621336,2277.37114748694,2520.32608423138,2520.32608423138,"transit"
"390","36047006900",-73.991701202345,40.6852347803941,4406.28044011853,40.7356094542025,-73.9876746575862,72.4931002366593,21492.2272848708,2828.04371827114,2900.5368185078,2900.5368185078,"transit"
"391","36047007000",-74.0243103934344,40.6381680934661,9147.76694086486,40.7356094542025,-73.9876746575862,370.477159874475,17307.2919621336,2277.37114748694,2647.84830736142,2647.84830736142,"transit"
"392","36047007100",-73.9871672275048,40.6833089535582,4706.08572087527,40.7356094542025,-73.9876746575862,382.989908730853,21492.2272848708,2828.04371827114,3211.03362700199,3211.03362700199,"transit"
"393","36047007200",-74.0204483642181,40.6403426022556,8727.50764607281,40.7356094542025,-73.9876746575862,226.308612020756,16871.3271757055,2220.00494437996,2446.31355640071,2446.31355640071,"transit"
"394","36047007400",-74.0170732680693,40.6418669898697,8581.25401227802,40.7356094542025,-73.9876746575862,77.0244221726637,16871.3271757055,2220.00494437996,2297.02936655262,2297.02936655262,"transit"
"395","36047007500",-73.9920162816399,40.6812953479584,4870.44606364277,40.7356094542025,-73.9876746575862,280.578835017317,22181.2418917422,2918.70735238091,3199.28618739823,3199.28618739823,"transit"
"396","36047007600",-74.0146726439947,40.6440891559065,8348.96993703446,40.7356094542025,-73.9876746575862,90.1199936323829,15934.0904383781,2096.67912838147,2186.79912201386,2186.79912201386,"transit"
"397","36047007700",-73.9952490119525,40.6769911814242,5178.6223035605,40.7356094542025,-73.9876746575862,303.282428145715,22181.2418917422,2918.70735238091,3221.98978052663,3221.98978052663,"transit"
"398","36047007800",-74.0123370065983,40.6463204396764,8123.92541194536,40.7356094542025,-73.9876746575862,164.356601267959,15934.0904383781,2096.67912838147,2261.03572964943,2261.03572964943,"transit"
"399","36047008000",-74.0099675543848,40.6485378183908,7891.7080339167,40.7356094542025,-73.9876746575862,29.0872666611331,15390.5088988349,2025.15222994058,2054.23949660172,2054.23949660172,"transit"
"400","36047008200",-74.0076247077772,40.6507698219944,7662.75389914008,40.7356094542025,-73.9876746575862,253.010103454568,15390.5088988349,2025.15222994058,2278.16233339515,2278.16233339515,"transit"
"401","36047008400",-74.0044099591918,40.6538853357116,7328.66170564949,40.7356094542025,-73.9876746575862,96.0923905288493,15330.953945548,2017.3157219183,2113.40811244715,2113.40811244715,"transit"
"402","36047008500",-74.0064742028258,40.675857138843,5882.13887505225,40.7356094542025,-73.9876746575862,806.129352553886,23093.9537268943,3038.80607168911,3844.935424243,3844.935424243,"transit"
"403","36047008600",-74.0037437567412,40.6479769045694,8098.49705458579,40.7356094542025,-73.9876746575862,558.057684241689,15390.5088988349,2025.15222994058,2583.20991418227,2583.20991418227,"transit"
"404","36047008800",-74.0014031219559,40.6502101602829,7842.00175064423,40.7356094542025,-73.9876746575862,610.333720157101,15330.953945548,2017.3157219183,2627.6494420754,2627.6494420754,"transit"
"405","36047009000",-73.9972993997329,40.6472567883868,8171.44571745462,40.7356094542025,-73.9876746575862,241.038300618346,15960.3225514524,2100.13086754342,2341.16916816176,2341.16916816176,"transit"
"406","36047009200",-73.9993383515647,40.6453168176219,8396.313818926,40.7356094542025,-73.9876746575862,456.735368389864,15960.3225514524,2100.13086754342,2556.86623593328,2556.86623593328,"transit"
"407","36047009400",-74.001378904299,40.6433565154061,8566.44620744306,40.7356094542025,-73.9876746575862,568.239866513873,16540.9272306532,2176.52943685171,2744.76930336559,2744.76930336559,"transit"
"408","36047009600",-74.0057847161466,40.6460152964126,8228.51629250144,40.7356094542025,-73.9876746575862,367.42311110251,15390.5088988349,2025.15222994058,2392.57534104309,2392.57534104309,"transit"
"409","36047009800",-74.0081152949411,40.643776401702,8456.8453182749,40.7356094542025,-73.9876746575862,498.454310817025,15934.0904383781,2096.67912838147,2595.1334391985,2595.1334391985,"transit"
"410","36047010000",-74.0104456633766,40.6415355280035,8685.41082653965,40.7356094542025,-73.9876746575862,428.89263542586,15934.0904383781,2096.67912838147,2525.57176380733,2525.57176380733,"transit"
"411","36047010100",-73.9997781136681,40.6583838114655,6871.23957788024,40.7356094542025,-73.9876746575862,188.137232441317,16010.2518304514,2106.70078614512,2294.83801858644,2294.83801858644,"transit"
"412","36047010200",-74.0127871834846,40.6392844384505,8913.87589239679,40.7356094542025,-73.9876746575862,633.593788088394,17684.0750788792,2326.94996090351,2960.5437489919,2960.5437489919,"transit"
"413","36047010400",-74.0083813726427,40.6366239567198,9251.81086464635,40.7356094542025,-73.9876746575862,307.283047233205,17684.0750788792,2326.94996090351,2634.23300813671,2634.23300813671,"transit"
"414","36047010600",-74.0060399889284,40.6388746440153,9022.99415595998,40.7356094542025,-73.9876746575862,536.008315312774,17684.0750788792,2326.94996090351,2862.95827621628,2862.95827621628,"transit"
"415","36047010800",-74.0037105620631,40.6411159594893,8795.27860064369,40.7356094542025,-73.9876746575862,767.269794228772,16540.9272306532,2176.52943685171,2943.79923108048,2943.79923108048,"transit"
"416","36047011000",-73.9927737852053,40.6445788859654,8492.12662614627,40.7356094542025,-73.9876746575862,213.089499759424,15960.3225514524,2100.13086754342,2313.22036730284,2313.22036730284,"transit"
"417","36047011200",-73.9956749411449,40.6422528322216,8643.21444330409,40.7356094542025,-73.9876746575862,149.720237286164,16540.9272306532,2176.52943685171,2326.24967413788,2326.24967413788,"transit"
"418","36047011400",-73.9992117577072,40.6394232996428,9009.91349963282,40.7356094542025,-73.9876746575862,445.67069513931,16540.9272306532,2176.52943685171,2622.20013199102,2622.20013199102,"transit"
"419","36047011600",-74.0036487611304,40.6358731424465,9434.13587167698,40.7356094542025,-73.9876746575862,450.584996251452,18258.3931219548,2402.52130641748,2853.10630266893,2853.10630266893,"transit"
"420","36047011700",-73.9933231314581,40.6685527012003,6016.2364401775,40.7356094542025,-73.9876746575862,321.358382720291,14274.8952482501,1878.35477918151,2199.7131619018,2199.7131619018,"transit"
"421","36047011800",-74.011489918443,40.6351044377226,9531.5533257282,40.7356094542025,-73.9876746575862,12.7566740397074,17684.0750788792,2326.94996090351,2339.70663494322,2339.70663494322,"transit"
"422","36047011900",-73.9898368399245,40.6753062460619,5493.32418738109,40.7356094542025,-73.9876746575862,578.676101287081,12344.2184234152,1624.30765814024,2202.98375942732,2202.98375942732,"transit"
"423","36047012000",-74.0117219133613,40.6327787316242,9580.56179906566,40.7356094542025,-73.9876746575862,196.598434096925,17684.0750788792,2326.94996090351,2523.54839500043,2523.54839500043,"transit"
"424","36047012100",-73.9910490192625,40.6714789816242,5795.1178687106,40.7356094542025,-73.9876746575862,NA,23723.0785442146,3121.58913851828,NA,5795.1178687106,NA
"425","36047012200",-74.0176256644625,40.6380783534401,8961.84658690866,40.7356094542025,-73.9876746575862,348.45014579856,16871.3271757055,2220.00494437996,2568.45509017852,2568.45509017852,"transit"
"426","36047012600",-74.0190560623043,40.6347464269547,9270.33979602063,40.7356094542025,-73.9876746575862,415.897681825196,17307.2919621336,2277.37114748694,2693.26882931214,2693.26882931214,"transit"
"427","36047012700",-73.9828507023975,40.6817475935717,4822.99452003413,40.7356094542025,-73.9876746575862,418.465208683215,13226.354904595,1740.38313515767,2158.84834384088,2158.84834384088,"transit"
"428","36047012801",-74.013302756117,40.6308009470678,9763.69042658845,40.7356094542025,-73.9876746575862,433.486213552313,17684.0750788792,2326.94996090351,2760.43617445582,2760.43617445582,"transit"
"429","36047012901",-73.9785275857646,40.6817264904628,4793.28086848975,40.7356094542025,-73.9876746575862,132.927190584396,13226.354904595,1740.38313515767,1873.31032574207,1873.31032574207,"transit"
"430","36047012902",-73.9760266595696,40.6807693019258,4950.63922639846,40.7356094542025,-73.9876746575862,20.2801299138821,10501.8336991192,1381.87840792233,1402.15853783622,1402.15853783622,"transit"
"431","36047013000",-74.0213842910524,40.632587335836,9450.55520335019,40.7356094542025,-73.9876746575862,264.191232386228,17307.2919621336,2277.37114748694,2541.56237987317,2541.56237987317,"transit"
"432","36047013100",-73.9796018570466,40.6777175490176,5226.07619466153,40.7356094542025,-73.9876746575862,297.263429993022,14022.4423986772,1845.13590028491,2142.39933027793,2142.39933027793,"transit"
"433","36047013200",-74.0156512429221,40.6279936603084,10043.5413896702,40.7356094542025,-73.9876746575862,852.822971653516,17934.7010797154,2359.92845484486,3212.75142649838,3212.75142649838,"transit"
"434","36047013300",-73.9813092414022,40.6751824607764,5449.52059447715,40.7356094542025,-73.9876746575862,281.502097324046,14022.4423986772,1845.13590028491,2126.63799760896,2126.63799760896,"transit"
"435","36047013400",-74.0202705323779,40.6295241215577,9792.21793435458,40.7356094542025,-73.9876746575862,518.466802980263,17934.7010797154,2359.92845484486,2878.39525782512,2878.39525782512,"transit"
"436","36047013500",-73.983313307444,40.6728109529888,5677.99213364708,40.7356094542025,-73.9876746575862,456.193169991637,12344.2184234152,1624.30765814024,2080.50082813187,2080.50082813187,"transit"
"437","36047013600",-74.0225642227764,40.6268831455365,10020.1756323624,40.7356094542025,-73.9876746575862,381.819520891913,17934.7010797154,2359.92845484486,2741.74797573677,2741.74797573677,"transit"
"438","36047013700",-73.9853273751207,40.6703973059156,5905.98099416621,40.7356094542025,-73.9876746575862,237.859681065408,12344.2184234152,1624.30765814024,1862.16733920564,1862.16733920564,"transit"
"439","36047013800",-74.0255173613572,40.6243111465574,10139.4533528885,40.7356094542025,-73.9876746575862,401.909997647231,18744.4287840401,2466.47606004991,2868.38605769714,2868.38605769714,"transit"
"440","36047013900",-73.9873364613745,40.6679862161271,6134.46325288644,40.7356094542025,-73.9876746575862,NA,23723.0785442146,3121.58913851828,NA,6134.46325288644,NA
"441","36047014000",-74.019667222414,40.6207738376941,10542.3608955473,40.7356094542025,-73.9876746575862,685.70663185993,18744.4287840401,2466.47606004991,3152.18269190984,3152.18269190984,"transit"
"442","36047014100",-73.9893778409677,40.665441301158,6370.37249295835,40.7356094542025,-73.9876746575862,301.00996957836,14274.8952482501,1878.35477918151,2179.36474875987,2179.36474875987,"transit"
"443","36047014200",-74.0224829827748,40.6224952728398,10379.8972591148,40.7356094542025,-73.9876746575862,493.566881386573,18744.4287840401,2466.47606004991,2960.04294143649,2960.04294143649,"transit"
"444","36047014300",-73.9926592196444,40.6636240135817,6470.66296694763,40.7356094542025,-73.9876746575862,234.216441094026,14274.8952482501,1878.35477918151,2112.57122027554,2112.57122027554,"transit"
"445","36047014500",-73.9949908186179,40.6613837885071,6603.14175819575,40.7356094542025,-73.9876746575862,269.53924101492,16010.2518304514,2106.70078614512,2376.24002716004,2376.24002716004,"transit"
"446","36047014700",-73.9896396886107,40.6598876481094,6776.6550974298,40.7356094542025,-73.9876746575862,588.402006503731,14274.8952482501,1878.35477918151,2466.75678568524,2466.75678568524,"transit"
"447","36047014800",-74.0129609960604,40.6167077022652,11104.2684141534,40.7356094542025,-73.9876746575862,955.573814083236,19788.0031052993,2603.79425256054,3559.36806664377,3559.36806664377,"transit"
"448","36047014900",-73.9851561001606,40.6624406809322,6652.45251268125,40.7356094542025,-73.9876746575862,423.327977277298,25537.238590831,3360.3044589813,3783.63243625859,3783.63243625859,"transit"
"449","36047015000",-74.0107585876572,40.6153782923973,11249.0205279766,40.7356094542025,-73.9876746575862,873.900883485428,19788.0031052993,2603.79425256054,3477.69513604597,3477.69513604597,"transit"
"450","36047015100",-73.9825855444512,40.6656889933708,6350.56875192838,40.7356094542025,-73.9876746575862,247.874206299914,24632.3485033587,3241.234960335,3489.10916663492,3489.10916663492,"transit"
"451","36047015200",-74.0244624172695,40.6145082548451,11116.5385440401,40.7356094542025,-73.9876746575862,618.66395523553,19454.9315870269,2559.96720743859,3178.63116267412,3178.63116267412,"transit"
"452","36047015300",-73.9805759075153,40.6681002434973,6121.79879378234,40.7356094542025,-73.9876746575862,249.999203972258,24632.3485033587,3241.234960335,3491.23416430726,3491.23416430726,"transit"
"453","36047015400",-74.0189070395943,40.6111832462079,11454.379053467,40.7356094542025,-73.9876746575862,1496.60090469237,19454.9315870269,2559.96720743859,4056.56811213096,4056.56811213096,"transit"
"454","36047015500",-73.9785612618434,40.6705135996649,5893.02755234761,40.7356094542025,-73.9876746575862,477.945368639316,24632.3485033587,3241.234960335,3719.18032897432,3719.18032897432,"transit"
"455","36047015700",-73.976416537631,40.6730523720613,5644.24331466925,40.7356094542025,-73.9876746575862,539.180626756181,9360.61186723743,1231.71131774462,1770.8919445008,1770.8919445008,"transit"
"456","36047015900",-73.9730699548835,40.675192663561,5491.70946455771,40.7356094542025,-73.9876746575862,212.116842269546,9360.61186723743,1231.71131774462,1443.82816001416,1443.82816001416,"transit"
"457","36047016000",-74.0268696386352,40.618979333206,10643.2805576482,40.7356094542025,-73.9876746575862,410.30879449594,18744.4287840401,2466.47606004991,2876.78485454585,2876.78485454585,"transit"
"458","36047016100",-73.9731894916172,40.6798885339342,5080.14277199765,40.7356094542025,-73.9876746575862,138.881937873093,10501.8336991192,1381.87840792233,1520.76034579543,1520.76034579543,"transit"
"459","36047016200",-74.0313280282385,40.6132206575283,11084.1574784678,40.7356094542025,-73.9876746575862,308.624033845387,19454.9315870269,2559.96720743859,2868.59124128398,2868.59124128398,"transit"
"460","36047016300",-73.9700050609516,40.6791842588041,5238.8836566951,40.7356094542025,-73.9876746575862,304.212881280275,9845.20771256318,1295.47661382626,1599.68949510654,1599.68949510654,"transit"
"461","36047016400",-74.0294406196495,40.6065055024235,11809.9712908754,40.7356094542025,-73.9876746575862,1034.43784625292,19454.9315870269,2559.96720743859,3594.40505369152,3594.40505369152,"transit"
"462","36047016500",-73.9740433044468,40.6699731929667,5878.39253324392,40.7356094542025,-73.9876746575862,510.249828778656,9360.61186723743,1231.71131774462,1741.96114652327,1741.96114652327,"transit"
"463","36047016600",-74.0162624356515,40.6187030973778,10834.1515249257,40.7356094542025,-73.9876746575862,968.854528689192,18744.4287840401,2466.47606004991,3435.3305887391,3435.3305887391,"transit"
"464","36047016700",-73.9787754274018,40.6642969028421,6546.15090582388,40.7356094542025,-73.9876746575862,305.585470184781,24632.3485033587,3241.234960335,3546.82043051978,3546.82043051978,"transit"
"465","36047016800",-74.0167929284432,40.6029949326653,12260.6285272229,40.7356094542025,-73.9876746575862,1238.32054287045,20417.001829793,2686.56072752972,3924.88127040016,3924.88127040016,"transit"
"466","36047016900",-73.9812838047652,40.6592927322785,6960.46665643384,40.7356094542025,-73.9876746575862,169.194654377648,25537.238590831,3360.3044589813,3529.49911335894,3529.49911335894,"transit"
"467","36047017000",-74.0126339762298,40.610133071592,11586.7898218494,40.7356094542025,-73.9876746575862,897.60021461332,20417.001829793,2686.56072752972,3584.16094214304,3584.16094214304,"transit"
"468","36047017100",-73.9768591681316,40.6569654397415,7262.17800424662,40.7356094542025,-73.9876746575862,470.494665146317,25537.238590831,3360.3044589813,3830.79912412761,3830.79912412761,"transit"
"469","36047017200",-74.0103463140607,40.6088823417425,11640.7053282699,40.7356094542025,-73.9876746575862,725.171900093696,20417.001829793,2686.56072752972,3411.73262762341,3411.73262762341,"transit"
"470","36047017400",-74.0125422446518,40.6025355879036,12234.2434927336,40.7356094542025,-73.9876746575862,973.185359207665,20417.001829793,2686.56072752972,3659.74608673738,3659.74608673738,"transit"
"471","36047017500",-73.9902392854881,40.6521348276389,7666.65799236615,40.7356094542025,-73.9876746575862,1608.52803772488,15960.3225514524,2100.13086754342,3708.6589052683,3708.6589052683,"transit"
"472","36047017600",-74.0099061178072,40.6012280476734,12262.375292502,40.7356094542025,-73.9876746575862,784.099030877435,20417.001829793,2686.56072752972,3470.65975840715,3470.65975840715,"transit"
"473","36047017700",-73.9689244383684,40.6615904862287,6696.81778245861,40.7356094542025,-73.9876746575862,619.461848111464,11384.3911166236,1498.00927363042,2117.47112174188,2117.47112174188,"transit"
"474","36047017800",-74.0047234110285,40.6069686419102,11749.2878321865,40.7356094542025,-73.9876746575862,305.982406149843,20417.001829793,2686.56072752972,2992.54313367956,2992.54313367956,"transit"
"475","36047017900",-73.9713338849117,40.6842453673331,4923.3252802232,40.7356094542025,-73.9876746575862,278.919176160424,22252.8498957108,2928.12985490321,3207.04903106363,3207.04903106363,"transit"
"476","36047018000",-74.0071511736988,40.6083000558107,11688.4259641754,40.7356094542025,-73.9876746575862,442.370129823641,20417.001829793,2686.56072752972,3128.93085735336,3128.93085735336,"transit"
"477","36047018100",-73.9723679315408,40.6877750232423,4738.55807083756,40.7356094542025,-73.9876746575862,201.141962943068,22252.8498957108,2928.12985490321,3129.27181784628,3129.27181784628,"transit"
"478","36047018200",-74.0026813058904,40.6124596948405,11182.3235163016,40.7356094542025,-73.9876746575862,242.203127598567,19788.0031052993,2603.79425256054,2845.9973801591,2845.9973801591,"transit"
"479","36047018300",-73.9714778941209,40.6913759999462,4616.03720478939,40.7356094542025,-73.9876746575862,523.069380008372,23480.5894425934,3089.68133429216,3612.75071430053,3612.75071430053,"transit"
"480","36047018400",-74.0071447250872,40.6137053775602,11185.722811961,40.7356094542025,-73.9876746575862,555.382278988853,19788.0031052993,2603.79425256054,3159.17653154939,3159.17653154939,"transit"
"481","36047018501",-73.9741388251848,40.6946997426838,4400.73391946367,40.7356094542025,-73.9876746575862,844.371144380879,12380.9127709963,1629.13606507068,2473.50720945156,2473.50720945156,"transit"
"482","36047018600",-74.005106313041,40.6156438870018,11000.1743547719,40.7356094542025,-73.9876746575862,375.198546099246,19788.0031052993,2603.79425256054,2978.99279865978,2978.99279865978,"transit"
"483","36047018700",-73.9706209917888,40.6945722148289,4574.16073019078,40.7356094542025,-73.9876746575862,639.724632313555,23480.5894425934,3089.68133429216,3729.40596660571,3729.40596660571,"transit"
"484","36047018800",-74.0027399792008,40.6174779278092,10764.1098186878,40.7356094542025,-73.9876746575862,373.856637470267,19108.6549469719,2514.40257313097,2888.25921060123,2888.25921060123,"transit"
"485","36047019000",-74.0003857410979,40.6210380360895,10477.9249333779,40.7356094542025,-73.9876746575862,141.762393341417,19108.6549469719,2514.40257313097,2656.16496647238,2656.16496647238,"transit"
"486","36047019100",-73.96436469627,40.6952370340999,4815.74901739022,40.7356094542025,-73.9876746575862,741.167730016252,24060.6738684372,3166.01144632896,3907.17917634521,3907.17917634521,"transit"
"487","36047019200",-73.9989281372179,40.6284584555558,9840.59914721859,40.7356094542025,-73.9876746575862,222.442307067644,20924.0146593132,2753.27575099388,2975.71805806152,2975.71805806152,"transit"
"488","36047019300",-73.9626407461797,40.6912795208935,5220.51686182545,40.7356094542025,-73.9876746575862,339.841347753646,24060.6738684372,3166.01144632896,3505.8527940826,3505.8527940826,"transit"
"489","36047019400",-74.0011076977821,40.6258368648225,10110.4767813572,40.7356094542025,-73.9876746575862,375.416503445821,20924.0146593132,2753.27575099388,3128.6922544397,3128.6922544397,"transit"
"490","36047019500",-73.9674998295935,40.6914101303961,4856.85710947163,40.7356094542025,-73.9876746575862,292.764874656233,23480.5894425934,3089.68133429216,3382.44620894839,3382.44620894839,"transit"
"491","36047019600",-74.004185016692,40.6234234275379,10364.1825339368,40.7356094542025,-73.9876746575862,471.770452621078,19108.6549469719,2514.40257313097,2986.17302575204,2986.17302575204,"transit"
"492","36047019700",-73.9667467694368,40.688002251482,5103.53090636815,40.7356094542025,-73.9876746575862,8.13668814517929,23480.5894425934,3089.68133429216,3097.81802243734,3097.81802243734,"transit"
"493","36047019800",-74.0066176569236,40.6193593686261,10683.6096964716,40.7356094542025,-73.9876746575862,695.784136059654,19108.6549469719,2514.40257313097,3210.18670919062,3210.18670919062,"transit"
"494","36047019900",-73.9669264887914,40.6840328833111,5143.34706788452,40.7356094542025,-73.9876746575862,123.795275690109,23060.5658818233,3034.41274919777,3158.20802488788,3158.20802488788,"transit"
"495","36047020000",-74.0088196826605,40.6206890249926,10697.013835675,40.7356094542025,-73.9876746575862,905.913229305742,19108.6549469719,2514.40257313097,3420.31580243671,3420.31580243671,"transit"
"496","36047020100",-73.9633875212161,40.6838476746537,5410.69390499535,40.7356094542025,-73.9876746575862,306.532552119655,23060.5658818233,3034.41274919777,3340.94530131743,3340.94530131743,"transit"
"497","36047020200",-74.0110214673446,40.6220200082736,10664.9380258761,40.7356094542025,-73.9876746575862,1060.30309481255,19108.6549469719,2514.40257313097,3574.70566794352,3574.70566794352,"transit"
"498","36047020300",-73.9648122865867,40.6799567614465,5529.93354951365,40.7356094542025,-73.9876746575862,316.322605230997,23060.5658818233,3034.41274919777,3350.73535442877,3350.73535442877,"transit"
"499","36047020400",-74.0132238984954,40.6233502194983,10359.3397560813,40.7356094542025,-73.9876746575862,811.148355090523,18258.3931219548,2402.52130641748,3213.669661508,3213.669661508,"transit"
"500","36047020500",-73.9657036867543,40.6774754632934,5591.48774242107,40.7356094542025,-73.9876746575862,550.944654071279,9360.61186723743,1231.71131774462,1782.6559718159,1782.6559718159,"transit"
"501","36047020600",-74.0154400806847,40.624882768719,10175.6081313946,40.7356094542025,-73.9876746575862,813.307162188636,17934.7010797154,2359.92845484486,3173.2356170335,3173.2356170335,"transit"
"502","36047020700",-73.9666235668931,40.6749426213749,5716.97668576283,40.7356094542025,-73.9876746575862,363.666679826729,9360.61186723743,1231.71131774462,1595.37799757135,1595.37799757135,"transit"
"503","36047020800",-74.009767532435,40.6259760954184,10305.2149741101,40.7356094542025,-73.9876746575862,635.78281279885,18258.3931219548,2402.52130641748,3038.30411921633,3038.30411921633,"transit"
"504","36047021000",-74.0081560998226,40.6276260661437,10145.6561723769,40.7356094542025,-73.9876746575862,476.224011065636,18258.3931219548,2402.52130641748,2878.74531748311,2878.74531748311,"transit"
"505","36047021100",-73.9750471493662,40.6970778029896,4140.81589813434,40.7356094542025,-73.9876746575862,936.452914758668,12380.9127709963,1629.13606507068,2565.58897982935,2565.58897982935,"transit"
"506","36047021200",-74.0058500707241,40.6294745200024,9907.21939803474,40.7356094542025,-73.9876746575862,237.787236723456,18258.3931219548,2402.52130641748,2640.30854314093,2640.30854314093,"transit"
"507","36047021300",-73.9604674149298,40.6683547976236,6487.45978836412,40.7356094542025,-73.9876746575862,327.935389090089,10492.0930142004,1380.59668488678,1708.53207397687,1708.53207397687,"transit"
"508","36047021400",-74.0031816432453,40.6316103856683,9688.86138551643,40.7356094542025,-73.9876746575862,261.81110571379,18258.3931219548,2402.52130641748,2664.33241213127,2664.33241213127,"transit"
"509","36047021500",-73.9633320321266,40.673363996112,5978.75179482288,40.7356094542025,-73.9876746575862,242.931575654796,10037.5656489143,1320.78793434912,1563.71951000392,1563.71951000392,"transit"
"510","36047021600",-73.9997691977928,40.6327946882168,9569.16282954757,40.7356094542025,-73.9876746575862,321.436200749533,17656.0896600996,2323.26751390842,2644.70371465796,2644.70371465796,"transit"
"511","36047021700",-73.9590256577059,40.6727657032029,6237.95995816738,40.7356094542025,-73.9876746575862,271.62514809347,10492.0930142004,1380.59668488678,1652.22183298025,1652.22183298025,"transit"
"512","36047021800",-73.9978228720708,40.6343541216103,9370.63415919501,40.7356094542025,-73.9876746575862,251.536594882469,17149.0611701932,2256.55042978037,2508.08702466283,2508.08702466283,"transit"
"513","36047021900",-73.9552592776159,40.6719738692701,6451.01342043865,40.7356094542025,-73.9876746575862,252.642497803753,10507.8273299736,1382.66707676819,1635.30957457194,1635.30957457194,"transit"
"514","36047022000",-73.995559360305,40.6361633311366,9141.9587994648,40.7356094542025,-73.9876746575862,26.4678567363726,17149.0611701932,2256.55042978037,2283.01828651674,2283.01828651674,"transit"
"515","36047022100",-73.9543631759236,40.6761330311235,6350.86257230973,40.7356094542025,-73.9876746575862,354.414848814907,12928.9070110871,1701.24360645279,2055.65845526769,2055.65845526769,"transit"
"516","36047022200",-73.9929634865474,40.6382394402136,9024.44405311122,40.7356094542025,-73.9876746575862,233.60611442289,17149.0611701932,2256.55042978037,2490.15654420326,2490.15654420326,"transit"
"517","36047022400",-73.990311799589,40.6405156466291,8920.59872093364,40.7356094542025,-73.9876746575862,317.082391588327,16540.9272306532,2176.52943685171,2493.61182844004,2493.61182844004,"transit"
"518","36047022600",-73.9863473495778,40.6419840271121,8759.28767905813,40.7356094542025,-73.9876746575862,581.802178464702,27475.298004808,3615.32301423322,4197.12519269793,4197.12519269793,"transit"
"519","36047022700",-73.9572525318031,40.6815078807723,5759.84652807654,40.7356094542025,-73.9876746575862,109.502504607908,23964.3178722866,3153.3324919321,3262.83499654001,3262.83499654001,"transit"
"520","36047022800",-73.9815297247831,40.6391242900338,8796.45181804966,40.7356094542025,-73.9876746575862,418.412234444509,28405.4905112844,3737.72191872348,4156.13415316798,4156.13415316798,"transit"
"521","36047022900",-73.9567615527499,40.6851316941614,5563.78629635281,40.7356094542025,-73.9876746575862,356.372713206332,23964.3178722866,3153.3324919321,3509.70520513843,3509.70520513843,"transit"
"522","36047023000",-73.9842810423626,40.6378160209327,8868.1376323715,40.7356094542025,-73.9876746575862,493.065633254196,28405.4905112844,3737.72191872348,4230.78755197767,4230.78755197767,"transit"
"523","36047023100",-73.9608381492505,40.6857865965285,5548.30622660995,40.7356094542025,-73.9876746575862,347.388808812116,24060.6738684372,3166.01144632896,3513.40025514107,3513.40025514107,"transit"
"524","36047023200",-73.9862206275238,40.6360998386315,9086.48313313459,40.7356094542025,-73.9876746575862,710.032190496054,28405.4905112844,3737.72191872348,4447.75410921953,4447.75410921953,"transit"
"525","36047023300",-73.9574900675527,40.6887957048467,5270.46490184432,40.7356094542025,-73.9876746575862,169.371675601768,24060.6738684372,3166.01144632896,3335.38312193072,3335.38312193072,"transit"
"526","36047023400",-73.9879406383515,40.6338711973829,9379.59812799672,40.7356094542025,-73.9876746575862,631.967354598163,17149.0611701932,2256.55042978037,2888.51778437853,2888.51778437853,"transit"
"527","36047023500",-73.9577848603128,40.6925130037372,4975.41553125209,40.7356094542025,-73.9876746575862,442.381389565231,24060.6738684372,3166.01144632896,3608.39283589419,3608.39283589419,"transit"
"528","36047023600",-73.9896875600391,40.6321904892952,9449.77569841866,40.7356094542025,-73.9876746575862,466.797400668233,17656.0896600996,2323.26751390842,2790.06491457666,2790.06491457666,"transit"
"529","36047023800",-73.9914376256935,40.6305111826974,9722.05827692824,40.7356094542025,-73.9876746575862,387.003349143506,17656.0896600996,2323.26751390842,2710.27086305193,2710.27086305193,"transit"
"530","36047024000",-73.9931861624704,40.6288315820867,9835.02736734128,40.7356094542025,-73.9876746575862,330.653632461171,17656.0896600996,2323.26751390842,2653.9211463696,2653.9211463696,"transit"
"531","36047024100",-73.9538034699602,40.6922220636201,5162.10575336131,40.7356094542025,-73.9876746575862,305.773235107149,24640.1234491648,3242.25802259632,3548.03125770347,3548.03125770347,"transit"
"532","36047024200",-73.9928098341761,40.6258677563425,10118.5376679026,40.7356094542025,-73.9876746575862,456.122480492648,19434.4871564356,2557.27703751153,3013.39951800418,3013.39951800418,"transit"
"533","36047024300",-73.9528559651468,40.6874555391858,5704.15858680667,40.7356094542025,-73.9876746575862,492.197661302894,24640.1234491648,3242.25802259632,3734.45568389921,3734.45568389921,"transit"
"534","36047024400",-73.9862363749478,40.6217474650473,10321.4817499999,40.7356094542025,-73.9876746575862,254.309055627583,20188.6804092814,2656.51717036525,2910.82622599283,2910.82622599283,"transit"
"535","36047024500",-73.9519011737043,40.6828809599266,6028.41101325247,40.7356094542025,-73.9876746575862,151.06235371617,24491.9703963666,3222.76337903262,3373.82573274879,3373.82573274879,"transit"
"536","36047024600",-73.9811393114281,40.6181698318733,10518.9260689094,40.7356094542025,-73.9876746575862,354.188096567382,20689.4369559497,2722.40896405503,3076.59706062241,3076.59706062241,"transit"
"537","36047024700",-73.9493245420004,40.679435688259,6174.81412648205,40.7356094542025,-73.9876746575862,113.016395759574,24491.9703963666,3222.76337903262,3335.7797747922,3335.7797747922,"transit"
"538","36047024800",-73.9899930741259,40.6213629432052,10354.3183257455,40.7356094542025,-73.9876746575862,267.961306122733,20188.6804092814,2656.51717036525,2924.47847648798,2924.47847648798,"transit"
"539","36047024900",-73.9483903907202,40.6829833263204,6067.17360351313,40.7356094542025,-73.9876746575862,225.841212377325,24491.9703963666,3222.76337903262,3448.60459140995,3448.60459140995,"transit"
"540","36047025000",-73.9958382273101,40.6236257477907,NA,40.7356094542025,-73.9876746575862,NA,19434.4871564356,2557.27703751153,NA,NA,NA
"541","36047025100",-73.9493877908504,40.6878545554993,5601.21268640018,40.7356094542025,-73.9876746575862,407.381743975494,24640.1234491648,3242.25802259632,3649.63976657181,3649.63976657181,"transit"
"542","36047025200",-73.9921391422668,40.6198289032067,10534.0459245465,40.7356094542025,-73.9876746575862,235.877296767377,20188.6804092814,2656.51717036525,2892.39446713263,2892.39446713263,"transit"
"543","36047025300",-73.9503365943748,40.6926219548609,5292.52596964054,40.7356094542025,-73.9876746575862,441.215526741072,25693.1821980953,3380.82421866385,3822.03974540493,3822.03974540493,"transit"
"544","36047025400",-73.9838448478676,40.6166972309883,NA,40.7356094542025,-73.9876746575862,NA,20689.4369559497,2722.40896405503,NA,NA,NA
"545","36047025500",-73.9512861695978,40.6973922412587,4840.47790837141,40.7356094542025,-73.9876746575862,345.894303882568,26276.2831831956,3457.55126310523,3803.4455669878,3803.4455669878,"transit"
"546","36047025600",-73.9856661601893,40.6149950100713,10793.1801644251,40.7356094542025,-73.9876746575862,171.504498361874,20689.4369559497,2722.40896405503,2893.9134624169,2893.9134624169,"transit"
"547","36047025700",-73.9473445146127,40.6982179985851,4891.69925285714,40.7356094542025,-73.9876746575862,361.860339366361,26276.2831831956,3457.55126310523,3819.4116024716,3819.4116024716,"transit"
"548","36047025800",-73.9874097536035,40.6132883879712,11079.7928077899,40.7356094542025,-73.9876746575862,349.688375079518,21299.1905118095,2802.6430733675,3152.33144844702,3152.33144844702,"transit"
"549","36047025901",-73.9462240209775,40.6949675284638,5190.84498775749,40.7356094542025,-73.9876746575862,179.59759167967,25693.1821980953,3380.82421866385,3560.42181034352,3560.42181034352,"transit"
"550","36047025902",-73.945154007357,40.6969659539848,5095.74449682556,40.7356094542025,-73.9876746575862,405.948345335616,25693.1821980953,3380.82421866385,3786.77256399947,3786.77256399947,"transit"
"551","36047026000",-73.9923456752766,40.6169171321239,10828.1236142831,40.7356094542025,-73.9876746575862,305.991580407551,20188.6804092814,2656.51717036525,2962.5087507728,2962.5087507728,"transit"
"552","36047026100",-73.9457142226685,40.6923989169079,5415.26486058831,40.7356094542025,-73.9876746575862,393.849250909112,25693.1821980953,3380.82421866385,3774.67346957297,3774.67346957297,"transit"
"553","36047026200",-73.9970786024982,40.6187284802433,10583.0813441077,40.7356094542025,-73.9876746575862,113.410962638842,19108.6549469719,2514.40257313097,2627.81353576981,2627.81353576981,"transit"
"554","36047026300",-73.9451314274913,40.6894684199607,5632.18562605813,40.7356094542025,-73.9876746575862,598.939575103106,25693.1821980953,3380.82421866385,3979.76379376696,3979.76379376696,"transit"
"555","36047026400",-73.9974815703386,40.6148678539205,10943.6026733973,40.7356094542025,-73.9876746575862,295.897767755318,19788.0031052993,2603.79425256054,2899.69202031586,2899.69202031586,"transit"
"556","36047026500",-73.9446206119167,40.6869044950314,5842.13304200041,40.7356094542025,-73.9876746575862,793.992208660212,24640.1234491648,3242.25802259632,4036.25023125653,4036.25023125653,"transit"
"557","36047026600",-73.9903254404168,40.6126303385712,11148.0247962743,40.7356094542025,-73.9876746575862,519.172190409876,20689.4369559497,2722.40896405503,3241.58115446491,3241.58115446491,"transit"
"558","36047026700",-73.9440382050924,40.6839731477071,6079.10999508251,40.7356094542025,-73.9876746575862,453.881879843695,25231.3674485095,3320.05656139594,3773.93844123963,3773.93844123963,"transit"
"559","36047026800",-73.9903619162993,40.6104493962847,11390.1318637521,40.7356094542025,-73.9876746575862,650.491760850778,21299.1905118095,2802.6430733675,3453.13483421828,3453.13483421828,"transit"
"560","36047026900",-73.9433173223507,40.6812826622442,6314.54748392407,40.7356094542025,-73.9876746575862,217.899460342462,25231.3674485095,3320.05656139594,3537.9560217384,3537.9560217384,"transit"
"561","36047027000",-73.9899850399878,40.6058611306896,11669.3890425652,40.7356094542025,-73.9876746575862,406.668747738339,21279.4117421142,2800.04049408846,3206.7092418268,3206.7092418268,"transit"
"562","36047027100",-73.9368676470625,40.6787263090748,6836.79260092982,40.7356094542025,-73.9876746575862,367.160678877465,25231.3674485095,3320.05656139594,3687.2172402734,3687.2172402734,"transit"
"563","36047027200",-73.9927384045005,40.6081765215265,11602.423105745,40.7356094542025,-73.9876746575862,572.919621359024,20765.9940975252,2732.48269631421,3305.40231767323,3305.40231767323,"transit"
"564","36047027300",-73.9374382548595,40.6810840958909,6574.09756022195,40.7356094542025,-73.9876746575862,294.072408254214,25231.3674485095,3320.05656139594,3614.12896965015,3614.12896965015,"transit"
"565","36047027400",-73.9952920196825,40.6109494660938,11368.9567815954,40.7356094542025,-73.9876746575862,424.633440929815,19788.0031052993,2603.79425256054,3028.42769349035,3028.42769349035,"transit"
"566","36047027500",-73.9381788879691,40.6838975428953,6348.89899539706,40.7356094542025,-73.9876746575862,519.307363880792,25231.3674485095,3320.05656139594,3839.36392527673,3839.36392527673,"transit"
"567","36047027600",-73.9994889730065,40.6108964469531,11331.523169724,40.7356094542025,-73.9876746575862,302.558675139342,19788.0031052993,2603.79425256054,2906.35292769988,2906.35292769988,"transit"
"568","36047027700",-73.938760403276,40.6868289448923,6111.80530360281,40.7356094542025,-73.9876746575862,757.153500969581,25231.3674485095,3320.05656139594,4077.21006236552,4077.21006236552,"transit"
"569","36047027800",-74.0012210881488,40.60685852332,11600.9621722583,40.7356094542025,-73.9876746575862,113.517957972169,20417.001829793,2686.56072752972,2800.07868550189,2800.07868550189,"transit"
"570","36047027900",-73.939344591236,40.6897593550837,5869.39803516807,40.7356094542025,-73.9876746575862,858.739212330393,21432.5014825829,2820.18472917056,3678.92394150096,3678.92394150096,"transit"
"571","36047028000",-74.0070354119414,40.6010036102233,12242.7993792064,40.7356094542025,-73.9876746575862,906.010700162701,20765.9940975252,2732.48269631421,3638.49339647691,3638.49339647691,"transit"
"572","36047028100",-73.9399286152379,40.6926887693404,5638.28259126974,40.7356094542025,-73.9876746575862,627.831590893762,21432.5014825829,2820.18472917056,3448.01632006433,3448.01632006433,"transit"
"573","36047028200",-74.0052078571044,40.5996715122503,12315.8353890818,40.7356094542025,-73.9876746575862,655.598784990713,20765.9940975252,2732.48269631421,3388.08148130492,3388.08148130492,"transit"
"574","36047028300",-73.9404379249608,40.6952562988639,5400.49395594114,40.7356094542025,-73.9876746575862,394.028913801931,21432.5014825829,2820.18472917056,3214.21364297249,3214.21364297249,"transit"
"575","36047028400",-73.9989428403225,40.6056742114521,11807.1284987162,40.7356094542025,-73.9876746575862,76.1719363195985,20765.9940975252,2732.48269631421,2808.65463263381,2808.65463263381,"transit"
"576","36047028501",-73.9420906912772,40.699426576916,5093.53272585425,40.7356094542025,-73.9876746575862,89.2922131983838,20866.371369116,2745.69078818003,2834.98300137841,2834.98300137841,"transit"
"577","36047028502",-73.9408852393329,40.6974507514241,5262.84923985774,40.7356094542025,-73.9876746575862,251.641811977686,20866.371369116,2745.69078818003,2997.33260015772,2997.33260015772,"transit"
"578","36047028600",-74.0028220886499,40.5986860165105,12455.8297532702,40.7356094542025,-73.9876746575862,609.717331759998,20765.9940975252,2732.48269631421,3342.2000280742,3342.2000280742,"transit"
"579","36047028700",-73.935420716278,40.6956337469938,5577.26752544599,40.7356094542025,-73.9876746575862,182.074218368247,21432.5014825829,2820.18472917056,3002.25894753881,3002.25894753881,"transit"
"580","36047028800",-73.9965622758609,40.6045113482719,11978.9579127741,40.7356094542025,-73.9876746575862,130.577907073252,20765.9940975252,2732.48269631421,2863.06060338746,2863.06060338746,"transit"
"581","36047028900",-73.9330068208908,40.693048879898,6032.12969827986,40.7356094542025,-73.9876746575862,280.397970191765,20772.8707449099,2733.38755643789,3013.78552662965,3013.78552662965,"transit"
"582","36047029000",-73.9943478210469,40.6031741403482,12118.7139042662,40.7356094542025,-73.9876746575862,81.2091531533335,21279.4117421142,2800.04049408846,2881.24964724179,2881.24964724179,"transit"
"583","36047029100",-73.9335410209897,40.6904272175474,6006.23306934275,40.7356094542025,-73.9876746575862,497.172174790901,20772.8707449099,2733.38755643789,3230.55973122879,3230.55973122879,"transit"
"584","36047029200",-74.0011741941507,40.5967785162564,12671.8428414693,40.7356094542025,-73.9876746575862,656.204418698158,21279.4117421142,2800.04049408846,3456.24491278662,3456.24491278662,"transit"
"585","36047029300",-73.9329581557473,40.6874967770843,6243.767426356,40.7356094542025,-73.9876746575862,733.455891936196,20772.8707449099,2733.38755643789,3466.84344837408,3466.84344837408,"transit"
"586","36047029400",-73.9995597412149,40.5945007478725,12823.9478668365,40.7356094542025,-73.9876746575862,759.340321737977,21279.4117421142,2800.04049408846,3559.38081582644,3559.38081582644,"transit"
"587","36047029500",-73.9323758922084,40.6845659562613,6480.40304921928,40.7356094542025,-73.9876746575862,457.600972755021,26016.6919245789,3423.39308031113,3880.99405306615,3880.99405306615,"transit"
"588","36047029600",-73.9930188095326,40.6009574339242,12140.0313248736,40.7356094542025,-73.9876746575862,75.4237797751217,21279.4117421142,2800.04049408846,2875.46427386358,2875.46427386358,"transit"
"589","36047029700",-73.9316176240624,40.6812727262514,6770.03569929358,40.7356094542025,-73.9876746575862,162.156555471278,26016.6919245789,3423.39308031113,3585.54963578241,3585.54963578241,"transit"
"590","36047029800",-73.9879074548348,40.6008233007448,12056.4065988006,40.7356094542025,-73.9876746575862,342.733486650846,21980.0407172254,2892.23239889382,3234.96588554466,3234.96588554466,"transit"
"591","36047029900",-73.9258329626047,40.6781379983921,7248.28290315961,40.7356094542025,-73.9876746575862,309.197570122059,26822.0439087181,3529.36490861695,3838.56247873901,3838.56247873901,"transit"
"592","36047030000",-73.9887443900619,40.5974030741464,12453.0238896244,40.7356094542025,-73.9876746575862,166.693714684091,21980.0407172254,2892.23239889382,3058.92611357791,3058.92611357791,"transit"
"593","36047030100",-73.9162280526353,40.6776216065823,7535.88119663072,40.7356094542025,-73.9876746575862,398.017800224885,27744.8286421591,3650.78906508683,4048.80686531171,4048.80686531171,"transit"
"594","36047030200",-73.9906470109104,40.5957120796635,12563.1636500311,40.7356094542025,-73.9876746575862,276.908793377956,21980.0407172254,2892.23239889382,3169.14119227177,3169.14119227177,"transit"
"595","36047030300",-73.9179374479895,40.6751160456167,7766.78768348232,40.7356094542025,-73.9876746575862,578.991181699778,26822.0439087181,3529.36490861695,4108.35609031673,4108.35609031673,"transit"
"596","36047030400",-73.9979717724869,40.5907312667872,13389.1710854808,40.7356094542025,-73.9876746575862,1276.09841937949,21980.0407172254,2892.23239889382,4168.33081827331,4168.33081827331,"transit"
"597","36047030500",-73.9590606579329,40.6773161629667,5954.89016754088,40.7356094542025,-73.9876746575862,311.643364886106,12928.9070110871,1701.24360645279,2012.88697133889,2012.88697133889,"transit"
"598","36047030600",-73.9861335327321,40.5911555983635,12846.7246163012,40.7356094542025,-73.9876746575862,281.229844992213,23158.5994216502,3047.31244231997,3328.54228731218,3328.54228731218,"transit"
"599","36047030700",-73.9262027525617,40.6755740143991,7449.22506070948,40.7356094542025,-73.9876746575862,538.907136048191,26822.0439087181,3529.36490861695,4068.27204466514,4068.27204466514,"transit"
"600","36047030800",-73.9795129163275,40.5865418023329,13294.9596877278,40.7356094542025,-73.9876746575862,302.499676680275,23158.5994216502,3047.31244231997,3349.81211900024,3349.81211900024,"transit"
"601","36047030900",-73.9329861103156,40.6760588290474,7172.52017756011,40.7356094542025,-73.9876746575862,437.091919928537,26016.6919245789,3423.39308031113,3860.48500023967,3860.48500023967,"transit"
"602","36047031100",-73.9390102530281,40.6764142766526,6906.39157307982,40.7356094542025,-73.9876746575862,436.759651027462,25231.3674485095,3320.05656139594,3756.8162124234,3756.8162124234,"transit"
"603","36047031300",-73.9443073480372,40.6765684675677,6671.92481914268,40.7356094542025,-73.9876746575862,458.955236748004,25231.3674485095,3320.05656139594,3779.01179814394,3779.01179814394,"transit"
"604","36047031400",-73.9944462239847,40.5854573736303,13523.6228668497,40.7356094542025,-73.9876746575862,988.442228958954,23158.5994216502,3047.31244231997,4035.75467127892,4035.75467127892,"transit"
"605","36047031500",-73.9499241095967,40.6769053638912,6391.3816302622,40.7356094542025,-73.9876746575862,313.122593070449,24491.9703963666,3222.76337903262,3535.88597210307,3535.88597210307,"transit"
"606","36047031701",-73.9501240960428,40.6738669167813,6654.13073429836,40.7356094542025,-73.9876746575862,301.873090637699,11394.9375620493,1499.39702224953,1801.27011288723,1801.27011288723,"transit"
"607","36047031702",-73.9503749637443,40.6711930431108,6822.14866492123,40.7356094542025,-73.9876746575862,88.1483187956506,11394.9375620493,1499.39702224953,1587.54534104518,1587.54534104518,"transit"
"608","36047031900",-73.9493978213872,40.6668852357133,7203.85137549472,40.7356094542025,-73.9876746575862,219.500953398646,11448.2150493944,1506.4075131314,1725.90846653004,1725.90846653004,"transit"
"609","36047032100",-73.9521833932895,40.666869167746,7069.4920684241,40.7356094542025,-73.9876746575862,314.130154294968,11448.2150493944,1506.4075131314,1820.53766742637,1820.53766742637,"transit"
"610","36047032300",-73.9550744667793,40.6665474447931,6837.48224773309,40.7356094542025,-73.9876746575862,443.737931361911,11448.2150493944,1506.4075131314,1950.14544449331,1950.14544449331,"transit"
"611","36047032500",-73.9577655198361,40.6672982688067,6693.37053054992,40.7356094542025,-73.9876746575862,374.686896982691,10507.8273299736,1382.66707676819,1757.35397375088,1757.35397375088,"transit"
"612","36047032600",-73.9882137910183,40.5765298668182,14261.2681575514,40.7356094542025,-73.9876746575862,428.200802607525,22487.5562616246,2959.01357183784,3387.21437444536,3387.21437444536,"transit"
"613","36047032700",-73.958796091595,40.6626464686626,6911.29288114423,40.7356094542025,-73.9876746575862,266.846706502235,11384.3911166236,1498.00927363042,1764.85598013265,1764.85598013265,"transit"
"614","36047032800",-73.9976846511614,40.5763672495985,14856.680524423,40.7356094542025,-73.9876746575862,1001.7935218054,22487.5562616246,2959.01357183784,3960.80709364323,3960.80709364323,"transit"
"615","36047032900",-73.9484195830136,40.6632636006358,7491.7860949159,40.7356094542025,-73.9876746575862,162.232718972613,11897.2559330223,1565.49432779042,1727.72704676303,1727.72704676303,"transit"
"616","36047033000",-73.9984578022535,40.5797137043201,14854.0095277484,40.7356094542025,-73.9876746575862,1335.81542397715,22487.5562616246,2959.01357183784,4294.82899581499,4294.82899581499,"transit"
"617","36047033100",-73.9420073962593,40.6641581537741,7764.52300320528,40.7356094542025,-73.9876746575862,428.106546974577,12101.2916751924,1592.34226641021,2020.44881338479,2020.44881338479,"transit"
"618","36047033300",-73.9425262770598,40.6658373371925,7636.56522129925,40.7356094542025,-73.9876746575862,297.501125156431,12101.2916751924,1592.34226641021,1889.84339156664,1889.84339156664,"transit"
"619","36047033500",-73.942388469566,40.6675941004892,7518.39399848998,40.7356094542025,-73.9876746575862,154.352937391075,12101.2916751924,1592.34226641021,1746.69520380129,1746.69520380129,"transit"
"620","36047033600",-74.009213160869,40.5759531192093,15421.530694173,40.7356094542025,-73.9876746575862,1878.12713607178,22487.5562616246,2959.01357183784,4837.14070790962,4837.14070790962,"transit"
"621","36047033700",-73.9421814862184,40.66940165113,7364.6317408664,40.7356094542025,-73.9876746575862,0,12101.2916751924,1592.34226641021,1592.34226641021,1592.34226641021,"transit"
"622","36047033900",-73.9420150622055,40.6712118584507,7222.32453876343,40.7356094542025,-73.9876746575862,152.347588055995,12101.2916751924,1592.34226641021,1744.68985446621,1744.68985446621,"transit"
"623","36047034000",-73.996476417406,40.5723222875972,15087.2008410376,40.7356094542025,-73.9876746575862,1202.07048509955,22487.5562616246,2959.01357183784,4161.08405693739,4161.08405693739,"transit"
"624","36047034100",-73.9445867761759,40.6735661962787,6951.44692989161,40.7356094542025,-73.9876746575862,462.712034859157,12101.2916751924,1592.34226641021,2055.05430126937,2055.05430126937,"transit"
"625","36047034200",-73.9968626851803,40.5741077194161,14971.0693030449,40.7356094542025,-73.9876746575862,1091.47972521424,22487.5562616246,2959.01357183784,4050.49329705208,4050.49329705208,"transit"
"626","36047034300",-73.9388376983751,40.6735030211848,7173.7145540045,40.7356094542025,-73.9876746575862,518.996490454444,12101.2916751924,1592.34226641021,2111.33875686466,2111.33875686466,"transit"
"627","36047034500",-73.9336927052327,40.6732278906375,7356.55229301421,40.7356094542025,-73.9876746575862,523.994144118534,12914.832714982,1699.3916474091,2223.38579152763,2223.38579152763,"transit"
"628","36047034700",-73.9279721654673,40.6726582777039,7644.64005488464,40.7356094542025,-73.9876746575862,460.593382401177,12914.832714982,1699.3916474091,2159.98502981027,2159.98502981027,"transit"
"629","36047034800",-73.9829363353672,40.5808296498083,13584.340750948,40.7356094542025,-73.9876746575862,385.552034671875,22487.5562616246,2959.01357183784,3344.56560650971,3344.56560650971,"transit"
"630","36047034900",-73.9297782514529,40.6682770907057,7926.20726123812,40.7356094542025,-73.9876746575862,51.9311873840762,12914.832714982,1699.3916474091,1751.32283479317,1751.32283479317,"transit"
"631","36047035000",-73.9789089136757,40.5775689350012,13912.9778991208,40.7356094542025,-73.9876746575862,277.810844995081,22487.5562616246,2959.01357183784,3236.82441683292,3236.82441683292,"transit"
"632","36047035100",-73.932547353632,40.668429241237,7845.51490188698,40.7356094542025,-73.9876746575862,70.4646983336013,12914.832714982,1699.3916474091,1769.8563457427,1769.8563457427,"transit"
"633","36047035200",-73.9796148908795,40.57142928491,14331.8600680209,40.7356094542025,-73.9876746575862,1003.74663354207,21902.1944937933,2881.98904345885,3885.73567700092,3885.73567700092,"transit"
"634","36047035300",-73.9353139209984,40.6685796327994,7647.1577273998,40.7356094542025,-73.9876746575862,310.835255216021,12914.832714982,1699.3916474091,2010.22690262512,2010.22690262512,"transit"
"635","36047035400",-73.9726195310882,40.5801350975124,13569.0070414268,40.7356094542025,-73.9876746575862,177.24111348325,24036.5791825706,3162.84095943126,3340.08207291451,3340.08207291451,"transit"
"636","36047035500",-73.933472223884,40.6644049817737,8082.00860138789,40.7356094542025,-73.9876746575862,517.462969716841,12914.832714982,1699.3916474091,2216.85461712594,2216.85461712594,"transit"
"637","36047035601",-73.9696826672239,40.5809305820424,13698.3157941066,40.7356094542025,-73.9876746575862,323.612009215238,24036.5791825706,3162.84095943126,3486.4529686465,3486.4529686465,"transit"
"638","36047035602",-73.9701982397999,40.5778698478955,13816.7979775539,40.7356094542025,-73.9876746575862,242.692963205337,21278.0931945886,2799.86699368771,3042.55995689305,3042.55995689305,"transit"
"639","36047035700",-73.9268254441144,40.6680350622195,8061.98551986483,40.7356094542025,-73.9876746575862,299.480856970364,12914.832714982,1699.3916474091,1998.87250437946,1998.87250437946,"transit"
"640","36047035900",-73.9238444798533,40.6704380344225,8000.51272231313,40.7356094542025,-73.9876746575862,596.380200515581,13745.7598294206,1808.72876613497,2405.10896665055,2405.10896665055,"transit"
"641","36047036001",-73.965558734025,40.5757857086107,13981.7023810819,40.7356094542025,-73.9876746575862,257.538536308789,21278.0931945886,2799.86699368771,3057.4055299965,3057.4055299965,"transit"
"642","36047036002",-73.961237613212,40.5763621483747,13867.2572426349,40.7356094542025,-73.9876746575862,145.989082813296,20628.7645896906,2714.42542181915,2860.41450463245,2860.41450463245,"transit"
"643","36047036100",-73.919921780013,40.6695877657985,8158.93756626104,40.7356094542025,-73.9876746575862,521.259390115977,13745.7598294206,1808.72876613497,2329.98815625095,2329.98815625095,"transit"
"644","36047036200",-73.9640008436137,40.5781170157039,13836.4359137921,40.7356094542025,-73.9876746575862,185.988041336046,20628.7645896906,2714.42542181915,2900.4134631552,2900.4134631552,"transit"
"645","36047036300",-73.9169923001211,40.672175717842,7953.62662282839,40.7356094542025,-73.9876746575862,807.207513320051,26822.0439087181,3529.36490861695,4336.572421937,4336.572421937,"transit"
"646","36047036400",-73.9638640194025,40.5801613961731,13605.2875036636,40.7356094542025,-73.9876746575862,309.057337572814,20628.7645896906,2714.42542181915,3023.48275939196,3023.48275939196,"transit"
"647","36047036501",-73.911513652194,40.6750312292428,7964.96971330342,40.7356094542025,-73.9876746575862,286.15274994739,27744.8286421591,3650.78906508683,3936.94181503422,3936.94181503422,"transit"
"648","36047036502",-73.907570616383,40.6747083035396,8081.31504094954,40.7356094542025,-73.9876746575862,NA,36672.6068569799,4825.5461883895,NA,8081.31504094954,NA
"649","36047036600",-73.9637871462768,40.5828560466581,13525.8509330879,40.7356094542025,-73.9876746575862,649.063385235605,20628.7645896906,2714.42542181915,3363.48880705475,3363.48880705475,"transit"
"650","36047036700",-73.904613267825,40.6775488028579,8072.19373708462,40.7356094542025,-73.9876746575862,NA,28373.8810291632,3733.56260120995,NA,8072.19373708462,NA
"651","36047036900",-73.9092283295402,40.6796499723896,7640.59350991547,40.7356094542025,-73.9876746575862,261.338861424865,27744.8286421591,3650.78906508683,3912.12792651169,3912.12792651169,"transit"
"652","36047037000",-73.9631543772918,40.5878345383491,13006.5434924066,40.7356094542025,-73.9876746575862,575.265220569551,19452.9366025832,2559.70469843246,3134.96991900202,3134.96991900202,"transit"
"653","36047037100",-73.9138395348835,40.6802873133994,7431.32326811298,40.7356094542025,-73.9876746575862,318.905845255035,27744.8286421591,3650.78906508683,3969.69491034186,3969.69491034186,"transit"
"654","36047037300",-73.9152153759347,40.6839487763872,7103.21612154619,40.7356094542025,-73.9876746575862,237.913976851143,19463.4833785268,2561.0924905426,2799.00646739375,2799.00646739375,"transit"
"655","36047037401",-73.9677549495805,40.5879978690623,12915.239815293,40.7356094542025,-73.9876746575862,588.57690956141,24197.4159350775,3184.00458112414,3772.58149068555,3772.58149068555,"transit"
"656","36047037402",-73.9719965870867,40.5867948541651,13038.6875229001,40.7356094542025,-73.9876746575862,396.551899155978,24197.4159350775,3184.00458112414,3580.55648028012,3580.55648028012,"transit"
"657","36047037500",-73.9215167443363,40.6876199943734,6669.35179758936,40.7356094542025,-73.9876746575862,232.436348428914,20061.1453243236,2639.73553153864,2872.17187996756,2872.17187996756,"transit"
"658","36047037700",-73.9201875624144,40.684088254369,6906.94098724071,40.7356094542025,-73.9876746575862,361.85900595209,19463.4833785268,2561.0924905426,2922.95149649469,2922.95149649469,"transit"
"659","36047037900",-73.9193656858874,40.6804988910462,7201.07436705962,40.7356094542025,-73.9876746575862,278.799811803499,26822.0439087181,3529.36490861695,3808.16472042045,3808.16472042045,"transit"
"660","36047038100",-73.9254262518999,40.6810477768923,6980.14674809973,40.7356094542025,-73.9876746575862,379.199912145154,26822.0439087181,3529.36490861695,3908.5648207621,3908.5648207621,"transit"
"661","36047038200",-73.9814839912381,40.5915231457435,12732.1623063366,40.7356094542025,-73.9876746575862,406.430002591502,23516.6388476125,3094.42487678594,3500.85487937744,3500.85487937744,"transit"
"662","36047038300",-73.9262055761166,40.6845245731935,6690.28344345382,40.7356094542025,-73.9876746575862,667.898983861227,20061.1453243236,2639.73553153864,3307.63451539987,3307.63451539987,"transit"
"663","36047038500",-73.9267891404568,40.6874553607932,6453.55460275684,40.7356094542025,-73.9876746575862,431.722230711615,20061.1453243236,2639.73553153864,3071.45776225026,3071.45776225026,"transit"
"664","36047038600",-73.9751117281932,40.5923501187759,12539.7431905584,40.7356094542025,-73.9876746575862,209.586418157325,23516.6388476125,3094.42487678594,3304.01129494326,3304.01129494326,"transit"
"665","36047038700",-73.9277495499899,40.6905393419487,6208.60304766281,40.7356094542025,-73.9876746575862,264.887777305768,20772.8707449099,2733.38755643789,2998.27533374366,2998.27533374366,"transit"
"666","36047038800",-73.9692516007561,40.5929247767499,12507.8418697831,40.7356094542025,-73.9876746575862,483.864449543957,24906.1263629556,3277.25987975225,3761.12432929621,3761.12432929621,"transit"
"667","36047038900",-73.9372345947826,40.6994385125213,5287.69984329927,40.7356094542025,-73.9876746575862,340.351733769501,21432.5014825829,2820.18472917056,3160.53646294006,3160.53646294006,"transit"
"668","36047039000",-73.9644266018884,40.5929693588503,12437.9401921894,40.7356094542025,-73.9876746575862,588.237594761669,18483.0263162076,2432.0795502189,3020.31714498057,3020.31714498057,"transit"
"669","36047039100",-73.9336550358801,40.6997950087639,5530.39298680812,40.7356094542025,-73.9876746575862,258.842400293634,21432.5014825829,2820.18472917056,3079.0271294642,3079.0271294642,"transit"
"670","36047039200",-73.9630396420248,40.5958500302216,12260.6096253851,40.7356094542025,-73.9876746575862,600.574831693902,18483.0263162076,2432.0795502189,3032.65438191281,3032.65438191281,"transit"
"671","36047039300",-73.9300045852868,40.6956278611529,5810.37818808323,40.7356094542025,-73.9876746575862,299.623422015482,20772.8707449099,2733.38755643789,3033.01097845337,3033.01097845337,"transit"
"672","36047039400",-73.9650691164142,40.5984929896153,12106.8118536136,40.7356094542025,-73.9876746575862,553.897399940465,24906.1263629556,3277.25987975225,3831.15727969272,3831.15727969272,"transit"
"673","36047039500",-73.9247375494127,40.6929683205699,6227.99620365028,40.7356094542025,-73.9876746575862,382.249833077977,20772.8707449099,2733.38755643789,3115.63738951587,3115.63738951587,"transit"
"674","36047039600",-73.9697067492725,40.5973496035665,12138.3968631618,40.7356094542025,-73.9876746575862,252.694319271353,24906.1263629556,3277.25987975225,3529.95419902361,3529.95419902361,"transit"
"675","36047039700",-73.9191403601344,40.6889487524872,6640.43446713836,40.7356094542025,-73.9876746575862,200.358231457503,20061.1453243236,2639.73553153864,2840.09376299614,2840.09376299614,"transit"
"676","36047039800",-73.9755124106784,40.5954468347288,12294.1539844846,40.7356094542025,-73.9876746575862,211.289246606044,24906.1263629556,3277.25987975225,3488.5491263583,3488.5491263583,"transit"
"677","36047039900",-73.9175530001935,40.6902356317195,6681.13409088589,40.7356094542025,-73.9876746575862,330.536895069286,20061.1453243236,2639.73553153864,2970.27242660793,2970.27242660793,"transit"
"678","36047040000",-73.9761352430741,40.5978088015604,12072.9369455466,40.7356094542025,-73.9876746575862,179.138002580803,23085.2051496967,3037.65489463987,3216.79289722067,3216.79289722067,"transit"
"679","36047040100",-73.9127408474532,40.6864591297615,7127.68395717072,40.7356094542025,-73.9876746575862,360.316085532717,19463.4833785268,2561.0924905426,2921.40857607532,2921.40857607532,"transit"
"680","36047040200",-73.9827234334635,40.5960009060304,12401.792367252,40.7356094542025,-73.9876746575862,450.640643139109,23085.2051496967,3037.65489463987,3488.29553777898,3488.29553777898,"transit"
"681","36047040300",-73.9082093996695,40.6845226122675,7425.05458612329,40.7356094542025,-73.9876746575862,174.658659023039,18829.2649004886,2477.639176977,2652.29783600004,2652.29783600004,"transit"
"682","36047040400",-73.9854193971847,40.6021856374607,11945.943351744,40.7356094542025,-73.9876746575862,380.135088459231,22306.5955473422,2935.20194894288,3315.33703740211,3315.33703740211,"transit"
"683","36047040500",-73.9051926364175,40.6815808095225,7729.76433272567,40.7356094542025,-73.9876746575862,162.073367986324,18550.3395609232,2440.9369290448,2603.01029703113,2603.01029703113,"transit"
"684","36047040600",-73.9823218271177,40.6005116271217,11979.1388919269,40.7356094542025,-73.9876746575862,330.884482857153,22306.5955473422,2935.20194894288,3266.08643180003,3266.08643180003,"transit"
"685","36047040700",-73.9012183506329,40.6843029327463,7970.91287951629,40.7356094542025,-73.9876746575862,574.358355115696,18550.3395609232,2440.9369290448,3015.2952841605,3015.2952841605,"transit"
"686","36047040800",-73.9791341249545,40.6012012408465,11890.9646899552,40.7356094542025,-73.9876746575862,225.160189563742,22306.5955473422,2935.20194894288,3160.36213850662,3160.36213850662,"transit"
"687","36047040900",-73.9046451839498,40.691041741391,7550.76410985168,40.7356094542025,-73.9876746575862,259.631552019801,20070.721347334,2640.99558762132,2900.62713964112,2900.62713964112,"transit"
"688","36047041000",-73.9754513501409,40.6009797121997,11867.5495024343,40.7356094542025,-73.9876746575862,377.856286253478,25791.7123464761,3393.78925776823,3771.64554402171,3771.64554402171,"transit"
"689","36047041100",-73.907149505574,40.6878791357449,7440.21289157436,40.7356094542025,-73.9876746575862,251.199929822753,20070.721347334,2640.99558762132,2892.19551744407,2892.19551744407,"transit"
"690","36047041200",-73.9741916182643,40.6041574392647,11585.3521767431,40.7356094542025,-73.9876746575862,190.541326343354,25791.7123464761,3393.78925776823,3584.33058411159,3584.33058411159,"transit"
"691","36047041300",-73.9106200187132,40.6898145893285,7194.36926554876,40.7356094542025,-73.9876746575862,498.082374035124,20070.721347334,2640.99558762132,3139.07796165644,3139.07796165644,"transit"
"692","36047041401",-73.9710653857263,40.6017064617457,11792.955478052,40.7356094542025,-73.9876746575862,208.248626013462,25791.7123464761,3393.78925776823,3602.0378837817,3602.0378837817,"transit"
"693","36047041402",-73.9679374160209,40.6024158188361,11741.8938482533,40.7356094542025,-73.9876746575862,376.93814142753,25791.7123464761,3393.78925776823,3770.72739919576,3770.72739919576,"transit"
"694","36047041500",-73.9143896064622,40.691950169719,6909.20850124855,40.7356094542025,-73.9876746575862,574.352407094298,19463.4833785268,2561.0924905426,3135.4448976369,3135.4448976369,"transit"
"695","36047041600",-73.9634864060659,40.6024112095824,11723.2360315285,40.7356094542025,-73.9876746575862,796.406511994484,18027.8605260444,2372.1867928708,3168.59330486529,3168.59330486529,"transit"
"696","36047041700",-73.9179178806302,40.6937625045534,6624.87093101515,40.7356094542025,-73.9876746575862,NA,22743.9059830268,2992.74521861799,NA,6624.87093101515,NA
"697","36047041800",-73.9648516577716,40.6053999685174,11530.0851511701,40.7356094542025,-73.9876746575862,552.98983077968,25791.7123464761,3393.78925776823,3946.77908854791,3946.77908854791,"transit"
"698","36047041900",-73.9210331398464,40.6953232816548,6395.15352366195,40.7356094542025,-73.9876746575862,NA,22743.9059830268,2992.74521861799,NA,6395.15352366195,NA
"699","36047042000",-73.9643321765762,40.6092377312872,11180.7901468358,40.7356094542025,-73.9876746575862,502.832049433845,16976.6449735009,2233.86313285572,2736.69518228956,2736.69518228956,"transit"
"700","36047042100",-73.9240384326524,40.697029275133,6166.84745656994,40.7356094542025,-73.9876746575862,NA,22057.3574576926,2902.40608258408,NA,6166.84745656994,NA
"701","36047042200",-73.9699880089808,40.6068679443157,11424.6623456487,40.7356094542025,-73.9876746575862,374.815048220005,26299.3535662238,3460.58696763861,3835.40201585861,3835.40201585861,"transit"
"702","36047042300",-73.9272886907163,40.6990020659124,5974.04156864511,40.7356094542025,-73.9876746575862,NA,22057.3574576926,2902.40608258408,NA,5974.04156864511,NA
"703","36047042400",-73.9760483889759,40.6067483280076,11426.0387922575,40.7356094542025,-73.9876746575862,413.357491517635,26299.3535662238,3460.58696763861,3873.94445915625,3873.94445915625,"transit"
"704","36047042500",-73.9309587047226,40.7014484606204,5658.26146708386,40.7356094542025,-73.9876746575862,NA,22057.3574576926,2902.40608258408,NA,5658.26146708386,NA
"705","36047042600",-73.9801891287906,40.6056750168763,11517.2866876391,40.7356094542025,-73.9876746575862,235.257894797961,22306.5955473422,2935.20194894288,3170.45984374084,3170.45984374084,"transit"
"706","36047042700",-73.9271843447333,40.7036935682857,5873.50249276526,40.7356094542025,-73.9876746575862,383.103620811836,22283.7829295017,2932.20016230969,3315.30378312152,3315.30378312152,"transit"
"707","36047042800",-73.984326615725,40.6056457663896,11620.2951631521,40.7356094542025,-73.9876746575862,382.322210540539,22306.5955473422,2935.20194894288,3317.52415948342,3317.52415948342,"transit"
"708","36047042900",-73.9234556201752,40.7017991201642,6164.91556754633,40.7356094542025,-73.9876746575862,436.956732386467,21806.9638678666,2869.45817032646,3306.41490271293,3306.41490271293,"transit"
"709","36047043000",-73.9842020343455,40.6092493317652,11297.9003539449,40.7356094542025,-73.9876746575862,316.837829207715,21299.1905118095,2802.6430733675,3119.48090257522,3119.48090257522,"transit"
"710","36047043100",-73.9196980096592,40.6996605256924,6451.3267547157,40.7356094542025,-73.9876746575862,NA,22743.9059830268,2992.74521861799,NA,6451.3267547157,NA
"711","36047043200",-73.980684665686,40.6106814847618,11128.8272426535,40.7356094542025,-73.9876746575862,277.311684925724,21299.1905118095,2802.6430733675,3079.95475829323,3079.95475829323,"transit"
"712","36047043300",-73.9159389522675,40.6975220339711,6697.98648574437,40.7356094542025,-73.9876746575862,NA,22743.9059830268,2992.74521861799,NA,6697.98648574437,NA
"713","36047043400",-73.9769276821116,40.6100424107605,11076.7955312754,40.7356094542025,-73.9876746575862,268.594547315845,26299.3535662238,3460.58696763861,3729.18151495445,3729.18151495445,"transit"
"714","36047043500",-73.9121801880711,40.6953839719111,6983.07944938684,40.7356094542025,-73.9876746575862,NA,23370.8714156462,3075.2441439174,NA,6983.07944938684,NA
"715","36047043600",-73.977857260285,40.6131300259931,10864.6677757517,40.7356094542025,-73.9876746575862,412.967467998514,21299.1905118095,2802.6430733675,3215.61054136602,3215.61054136602,"transit"
"716","36047043700",-73.9084406781166,40.6932404559358,7273.64229346968,40.7356094542025,-73.9876746575862,415.417662167039,20146.8466785191,2651.01250033147,3066.43016249851,3066.43016249851,"transit"
"717","36047043800",-73.9710944935613,40.6103301443782,11256.3214762695,40.7356094542025,-73.9876746575862,149.293981251781,26299.3535662238,3460.58696763861,3609.88094889039,3609.88094889039,"transit"
"718","36047043900",-73.909370960758,40.6975121843656,7133.93395747608,40.7356094542025,-73.9876746575862,NA,23370.8714156462,3075.2441439174,NA,7133.93395747608,NA
"719","36047044000",-73.9709768717853,40.6130385417606,10890.8763887779,40.7356094542025,-73.9876746575862,360.11499026682,27134.8252768492,3570.52208472582,3930.63707499264,3930.63707499264,"transit"
"720","36047044100",-73.9140584818904,40.7014035796015,6824.19907126381,40.7356094542025,-73.9876746575862,204.84752204656,23370.8714156462,3075.2441439174,3280.09166596396,3280.09166596396,"transit"
"721","36047044200",-73.9655935882498,40.6123965021898,10944.0744521153,40.7356094542025,-73.9876746575862,699.48136652154,26299.3535662238,3460.58696763861,4160.06833416015,4160.06833416015,"transit"
"722","36047044300",-73.9167102844291,40.7032963131636,6605.64832710954,40.7356094542025,-73.9876746575862,123.852364715795,21806.9638678666,2869.45817032646,2993.31053504226,2993.31053504226,"transit"
"723","36047044400",-73.969321980064,40.6157674442207,10697.6530944751,40.7356094542025,-73.9876746575862,412.628144358388,27134.8252768492,3570.52208472582,3983.15022908421,3983.15022908421,"transit"
"724","36047044500",-73.9197067411218,40.7049927005149,6376.33988497126,40.7356094542025,-73.9876746575862,123.290747727508,21806.9638678666,2869.45817032646,2992.74891805397,2992.74891805397,"transit"
"725","36047044600",-73.976057623614,40.6152294256374,10686.9653056189,40.7356094542025,-73.9876746575862,234.957073063163,27134.8252768492,3570.52208472582,3805.47915778899,3805.47915778899,"transit"
"726","36047044700",-73.9226497773204,40.7066641492579,6148.33647806036,40.7356094542025,-73.9876746575862,31.1770105553189,22283.7829295017,2932.20016230969,2963.37717286501,2963.37717286501,"transit"
"727","36047044800",-73.9732468010043,40.6180934454638,10665.9730179798,40.7356094542025,-73.9876746575862,225.349373047235,27134.8252768492,3570.52208472582,3795.87145777306,3795.87145777306,"transit"
"728","36047044900",-73.9309770866902,40.7178405359142,5635.85037279228,40.7356094542025,-73.9876746575862,943.124988375264,24324.4930764869,3200.7259616835,4143.85095005876,4143.85095005876,"transit"
"729","36047045000",-73.9728810716032,40.6216296383899,10236.7654635985,40.7356094542025,-73.9876746575862,207.71684158688,27776.9154042645,3655.0111852426,3862.72802682948,3862.72802682948,"transit"
"730","36047045200",-73.968162137684,40.6201743385184,10375.3427317629,40.7356094542025,-73.9876746575862,676.137549883544,27776.9154042645,3655.0111852426,4331.14873512615,4331.14873512615,"transit"
"731","36047045300",-73.9289498359157,40.7065881727316,5689.281501646,40.7356094542025,-73.9876746575862,267.065532135635,23025.9345352052,3029.85580119232,3296.92133332795,3296.92133332795,"transit"
"732","36047045400",-73.9650024305263,40.6186825965472,10352.6900583223,40.7356094542025,-73.9876746575862,339.046189345159,15941.1739608543,2097.6112100581,2436.65739940326,2436.65739940326,"transit"
"733","36047045600",-73.9666205474959,40.626163013264,9777.39418529201,40.7356094542025,-73.9876746575862,439.745115684177,15130.2800309405,1990.91014765628,2430.65526334046,2430.65526334046,"transit"
"734","36047045800",-73.9690060642975,40.6257017560724,9848.36441423712,40.7356094542025,-73.9876746575862,483.958602758725,28096.2407661056,3697.02944941176,4180.98805217049,4180.98805217049,"transit"
"735","36047046000",-73.9655152684828,40.6318406584829,9322.86882402712,40.7356094542025,-73.9876746575862,357.160742615042,14007.0742088377,1843.11368489695,2200.27442751199,2200.27442751199,"transit"
"736","36047046201",-73.9735164089749,40.6276229438729,9801.66883224161,40.7356094542025,-73.9876746575862,306.296506657512,28096.2407661056,3697.02944941176,4003.32595606927,4003.32595606927,"transit"
"737","36047046202",-73.9742801071112,40.6245015459271,10025.3834862667,40.7356094542025,-73.9876746575862,305.534756796062,28096.2407661056,3697.02944941176,4002.56420620782,4002.56420620782,"transit"
"738","36047046400",-73.9783945172447,40.6245752068338,9938.82502372759,40.7356094542025,-73.9876746575862,165.512310820498,28096.2407661056,3697.02944941176,3862.54176023226,3862.54176023226,"transit"
"739","36047046800",-73.9807595587611,40.6214937588161,10214.5423584361,40.7356094542025,-73.9876746575862,489.763954593661,27776.9154042645,3655.0111852426,4144.77513983626,4144.77513983626,"transit"
"740","36047047000",-73.9867506813236,40.6255890118489,9996.21552258927,40.7356094542025,-73.9876746575862,620.391275278009,20188.6804092814,2656.51717036525,3276.90844564326,3276.90844564326,"transit"
"741","36047047200",-73.9841274360452,40.6270360896138,9807.12403794564,40.7356094542025,-73.9876746575862,549.399374259342,28594.1274073213,3762.54360806261,4311.94298232195,4311.94298232195,"transit"
"742","36047047400",-73.9823658214707,40.6286835847744,9649.80958527978,40.7356094542025,-73.9876746575862,494.732666069716,28594.1274073213,3762.54360806261,4257.27627413233,4257.27627413233,"transit"
"743","36047047600",-73.9805808102877,40.6305693934392,9406.98013750593,40.7356094542025,-73.9876746575862,334.52544656777,28594.1274073213,3762.54360806261,4097.06905463038,4097.06905463038,"transit"
"744","36047047700",-73.9421434401591,40.718238175611,5034.02696719775,40.7356094542025,-73.9876746575862,501.856145410905,24941.0986165478,3281.86168582727,3783.71783123817,3783.71783123817,"transit"
"745","36047047800",-73.9788743986985,40.6333983732072,9199.51642678133,40.7356094542025,-73.9876746575862,238.19242992203,28405.4905112844,3737.72191872348,3975.91434864551,3975.91434864551,"transit"
"746","36047048000",-73.974475787882,40.6302923602167,9578.20275917851,40.7356094542025,-73.9876746575862,218.654573039787,28594.1274073213,3762.54360806261,3981.1981811024,3981.1981811024,"transit"
"747","36047048100",-73.938498870371,40.7138604290982,5070.2566578744,40.7356094542025,-73.9876746575862,261.324326632562,24324.4930764869,3200.7259616835,3462.05028831606,3462.05028831606,"transit"
"748","36047048200",-73.9695206851761,40.6332232147113,9177.92161447383,40.7356094542025,-73.9876746575862,528.410141288511,14007.0742088377,1843.11368489695,2371.52382618546,2371.52382618546,"transit"
"749","36047048400",-73.9736271102865,40.6342861365175,9220.99592943064,40.7356094542025,-73.9876746575862,440.359668054478,28405.4905112844,3737.72191872348,4178.08158677795,4178.08158677795,"transit"
"750","36047048500",-73.936349183481,40.7078400049479,5159.35930332458,40.7356094542025,-73.9876746575862,224.37599513758,23819.8929963606,3134.32841861244,3358.70441375002,3358.70441375002,"transit"
"751","36047048600",-73.9784251649967,40.6389190931141,8816.20147867381,40.7356094542025,-73.9876746575862,229.17158382647,28405.4905112844,3737.72191872348,3966.89350254995,3966.89350254995,"transit"
"752","36047048800",-73.9762086199469,40.6404768593794,8649.56086729352,40.7356094542025,-73.9876746575862,493.825736467728,27475.298004808,3615.32301423322,4109.14875070095,4109.14875070095,"transit"
"753","36047048900",-73.939258928031,40.7029213214817,5105.27247016695,40.7356094542025,-73.9876746575862,329.719781997812,20866.371369116,2745.69078818003,3075.41057017784,3075.41057017784,"transit"
"754","36047049000",-73.973021414077,40.6381165228806,8832.46818521788,40.7356094542025,-73.9876746575862,541.123623969299,28405.4905112844,3737.72191872348,4278.84554269277,4278.84554269277,"transit"
"755","36047049100",-73.9440998837968,40.7035729426099,4748.3937539766,40.7356094542025,-73.9876746575862,264.997296774355,20284.62552246,2669.14205893669,2934.13935571105,2934.13935571105,"transit"
"756","36047049200",-73.970204617541,40.6409069986826,8528.93738426596,40.7356094542025,-73.9876746575862,553.801020493916,13327.0864073711,1753.63783835255,2307.43885884647,2307.43885884647,"transit"
"757","36047049300",-73.9413538487299,40.7078076040879,4839.11390121525,40.7356094542025,-73.9876746575862,105.141946304307,23819.8929963606,3134.32841861244,3239.47036491675,3239.47036491675,"transit"
"758","36047049400",-73.9738207115427,40.6429641733124,8446.63679525697,40.7356094542025,-73.9876746575862,484.818367354477,27475.298004808,3615.32301423322,4100.1413815877,4100.1413815877,"transit"
"759","36047049500",-73.9433571943563,40.7123628015562,4687.16809584744,40.7356094542025,-73.9876746575862,233.582449891644,24324.4930764869,3200.7259616835,3434.30841157514,3434.30841157514,"transit"
"760","36047049600",-73.9804383080375,40.6436870399976,8380.18189011462,40.7356094542025,-73.9876746575862,266.685143959865,27475.298004808,3615.32301423322,3882.00815819309,3882.00815819309,"transit"
"761","36047049700",-73.9446004041069,40.7162254217974,4827.83594954479,40.7356094542025,-73.9876746575862,149.410626056625,24941.0986165478,3281.86168582727,3431.27231188389,3431.27231188389,"transit"
"762","36047049800",-73.9826813396457,40.6454294518085,8237.53718487284,40.7356094542025,-73.9876746575862,370.929844555351,27475.298004808,3615.32301423322,3986.25285878858,3986.25285878858,"transit"
"763","36047049900",-73.9468849224468,40.7209167183355,4898.14935808021,40.7356094542025,-73.9876746575862,437.066443754099,27195.0325466131,3578.44442747761,4015.51087123171,4015.51087123171,"transit"
"764","36047050000",-73.9774537111202,40.6482579265714,7992.9152436328,40.7356094542025,-73.9876746575862,336.494702586569,26582.2313328397,3497.80929365969,3834.30399624626,3834.30399624626,"transit"
"765","36047050100",-73.9489471633312,40.7157328557082,4495.59514358771,40.7356094542025,-73.9876746575862,161.491730953183,25384.9837600842,3340.27008506729,3501.76181602048,3501.76181602048,"transit"
"766","36047050202",-73.9753253416485,40.653493559743,7586.53092733644,40.7356094542025,-73.9876746575862,215.604885377499,26582.2313328397,3497.80929365969,3713.41417903719,3713.41417903719,"transit"
"767","36047050300",-73.947462348907,40.7122017788988,4481.59864657238,40.7356094542025,-73.9876746575862,305.863584382488,25384.9837600842,3340.27008506729,3646.13366944978,3646.13366944978,"transit"
"768","36047050400",-73.973549673122,40.6487118950354,7984.51008588426,40.7356094542025,-73.9876746575862,469.765774695879,26582.2313328397,3497.80929365969,3967.57506835557,3967.57506835557,"transit"
"769","36047050500",-73.9449451300334,40.7080519606537,4621.90677797033,40.7356094542025,-73.9876746575862,369.477412377325,23819.8929963606,3134.32841861244,3503.80583098976,3503.80583098976,"transit"
"770","36047050600",-73.9668580696292,40.648978420682,7964.10823338822,40.7356094542025,-73.9876746575862,386.222890664164,12311.2008237333,1619.96305419876,2006.18594486293,2006.18594486293,"transit"
"771","36047050700",-73.9470118337017,40.7014079865223,4725.35264414804,40.7356094542025,-73.9876746575862,212.124597940106,20284.62552246,2669.14205893669,2881.2666568768,2881.2666568768,"transit"
"772","36047050801",-73.9607362952252,40.6512351945987,7606.20033381959,40.7356094542025,-73.9876746575862,260.688115416948,12311.2008237333,1619.96305419876,1880.65116961571,1880.65116961571,"transit"
"773","36047050803",-73.9606234500157,40.6539087556599,7377.54898209364,40.7356094542025,-73.9876746575862,164.874489776815,11714.6319358538,1541.46384266888,1706.33833244569,1706.33833244569,"transit"
"774","36047050804",-73.9635730094242,40.6528349574899,7534.64155490362,40.7356094542025,-73.9876746575862,195.939753073947,12311.2008237333,1619.96305419876,1815.90280727271,1815.90280727271,"transit"
"775","36047050900",-73.9505645347266,40.7032772324884,4451.43506319325,40.7356094542025,-73.9876746575862,261.875654675475,20284.62552246,2669.14205893669,2931.01771361217,2931.01771361217,"transit"
"776","36047051001",-73.9597677389512,40.6461217541982,8019.30252021055,40.7356094542025,-73.9876746575862,363.994660202387,12991.9834319647,1709.5434849842,2073.53814518658,2073.53814518658,"transit"
"777","36047051002",-73.9603671682528,40.6487513686293,7794.65989204711,40.7356094542025,-73.9876746575862,295.546388781899,12311.2008237333,1619.96305419876,1915.50944298066,1915.50944298066,"transit"
"778","36047051100",-73.948579112765,40.7075595876442,4413.59840061769,40.7356094542025,-73.9876746575862,246.406625735983,26847.2419796162,3532.68058386881,3779.0872096048,3779.0872096048,"transit"
"779","36047051200",-73.9633611257384,40.6465524561464,8090.34824788666,40.7356094542025,-73.9876746575862,240.391696754769,12991.9834319647,1709.5434849842,1949.93518173896,1949.93518173896,"transit"
"780","36047051300",-73.9521808176197,40.7117882909169,4160.49182413852,40.7356094542025,-73.9876746575862,176.752872905803,27658.9180296485,3639.4845611458,3816.2374340516,3816.2374340516,"transit"
"781","36047051400",-73.9614283529703,40.6427916809947,8344.57506171131,40.7356094542025,-73.9876746575862,301.297430298717,12991.9834319647,1709.5434849842,2010.84091528291,2010.84091528291,"transit"
"782","36047051500",-73.950527404989,40.7191333974259,4556.822350369,40.7356094542025,-73.9876746575862,448.199809529775,25384.9837600842,3340.27008506729,3788.46989459707,3788.46989459707,"transit"
"783","36047051601",-73.9567096473011,40.6386246502065,8692.00339221957,40.7356094542025,-73.9876746575862,488.973813414201,14007.0742088377,1843.11368489695,2332.08749831115,2332.08749831115,"transit"
"784","36047051602",-73.9581438265736,40.6416144583822,8371.01291547508,40.7356094542025,-73.9876746575862,531.614332501714,13327.0864073711,1753.63783835255,2285.25217085427,2285.25217085427,"transit"
"785","36047051700",-73.95450018428,40.7206502369177,4329.56445547845,40.7356094542025,-73.9876746575862,415.858459446864,25996.5000187263,3420.73613872246,3836.59459816933,3836.59459816933,"transit"
"786","36047051800",-73.9607950830666,40.6379908790221,8687.58541305396,40.7356094542025,-73.9876746575862,330.269303272985,14007.0742088377,1843.11368489695,2173.38298816994,2173.38298816994,"transit"
"787","36047051900",-73.9551691394485,40.7157199946489,4265.98727321926,40.7356094542025,-73.9876746575862,349.642900037956,25996.5000187263,3420.73613872246,3770.37903876042,3770.37903876042,"transit"
"788","36047052000",-73.9641874555191,40.6374454177376,8871.80791725267,40.7356094542025,-73.9876746575862,216.85186508073,14007.0742088377,1843.11368489695,2059.96554997768,2059.96554997768,"transit"
"789","36047052300",-73.9588115127683,40.7116893885522,3764.41174779545,40.7356094542025,-73.9876746575862,405.541405885226,19206.9178376093,2527.33244526208,2932.8738511473,2932.8738511473,"transit"
"790","36047052500",-73.9599896833954,40.7088969955277,3654.88385491082,40.7356094542025,-73.9876746575862,147.877900777834,19206.9178376093,2527.33244526208,2675.21034603991,2675.21034603991,"transit"
"791","36047052600",-73.9666776522475,40.6364700896878,9009.93564775909,40.7356094542025,-73.9876746575862,399.741354251195,14007.0742088377,1843.11368489695,2242.85503914815,2242.85503914815,"transit"
"792","36047052700",-73.9537052706437,40.7084053264561,4089.98020836214,40.7356094542025,-73.9876746575862,173.490438298934,19763.7182018038,2600.59873597359,2774.08917427253,2774.08917427253,"transit"
"793","36047052800",-73.9626085813898,40.630847149897,9482.86409970293,40.7356094542025,-73.9876746575862,313.071137563525,14673.2682246386,1930.77448322017,2243.84562078369,2243.84562078369,"transit"
"794","36047052900",-73.9545060319609,40.7058713660336,4137.08313423957,40.7356094542025,-73.9876746575862,97.930483625978,19763.7182018038,2600.59873597359,2698.52921959957,2698.52921959957,"transit"
"795","36047053000",-73.9637343786852,40.6273633945002,9733.03464030215,40.7356094542025,-73.9876746575862,411.970729959467,14673.2682246386,1930.77448322017,2342.74521317963,2342.74521317963,"transit"
"796","36047053100",-73.9541749416422,40.7007298725,4439.83766126839,40.7356094542025,-73.9876746575862,278.189153427505,26276.2831831956,3457.55126310523,3735.74041653274,3735.74041653274,"transit"
"797","36047053200",-73.9602545591296,40.6262195354578,9818.34854614581,40.7356094542025,-73.9876746575862,95.3327094140248,15130.2800309405,1990.91014765628,2086.2428570703,2086.2428570703,"transit"
"798","36047053300",-73.9573648593858,40.7037756239101,4143.08034921991,40.7356094542025,-73.9876746575862,400.959449882039,19763.7182018038,2600.59873597359,3001.55818585563,3001.55818585563,"transit"
"799","36047053400",-73.9628302041948,40.622582588582,10118.6861087194,40.7356094542025,-73.9876746575862,333.193041163304,15130.2800309405,1990.91014765628,2324.10318881958,2324.10318881958,"transit"
"800","36047053500",-73.9612324656178,40.7061428283497,3832.5224814999,40.7356094542025,-73.9876746575862,280.037538333044,19206.9178376093,2527.33244526208,2807.36998359512,2807.36998359512,"transit"
"801","36047053700",-73.9599545131756,40.7002981764436,4345.79469483678,40.7356094542025,-73.9876746575862,633.89847629196,26276.2831831956,3457.55126310523,4091.44973939719,4091.44973939719,"transit"
"802","36047053800",-73.9568350198883,40.6181982491948,10324.7114603871,40.7356094542025,-73.9876746575862,174.958258207283,15941.1739608543,2097.6112100581,2272.56946826538,2272.56946826538,"transit"
"803","36047053900",-73.9625586706845,40.7026476780348,4160.56406615265,40.7356094542025,-73.9876746575862,662.991527974221,19206.9178376093,2527.33244526208,3190.3239732363,3190.3239732363,"transit"
"804","36047054200",-73.960978952347,40.6128027339684,10898.1857804194,40.7356094542025,-73.9876746575862,492.120136413608,16976.6449735009,2233.86313285572,2725.98326926933,2725.98326926933,"transit"
"805","36047054300",-73.9718458766459,40.7017572316598,4555.32182448224,40.7356094542025,-73.9876746575862,1393.08138715991,20291.9526155018,2670.10619072142,4063.18757788134,4063.18757788134,"transit"
"806","36047054400",-73.957190393663,40.6132195523312,10792.642058948,40.7356094542025,-73.9876746575862,395.420447208036,16976.6449735009,2233.86313285572,2629.28358006375,2629.28358006375,"transit"
"807","36047054500",-73.9652859937522,40.705237639382,3870.86411636847,40.7356094542025,-73.9876746575862,603.403424013416,19206.9178376093,2527.33244526208,3130.73586927549,3130.73586927549,"transit"
"808","36047054600",-73.9531238761115,40.6131411172988,10681.6564515767,40.7356094542025,-73.9876746575862,575.508716257,16976.6449735009,2233.86313285572,2809.37184911272,2809.37184911272,"transit"
"809","36047054700",-73.9665620785357,40.7085181233063,3733.28647139336,40.7356094542025,-73.9876746575862,628.987716810789,19206.9178376093,2527.33244526208,3156.32016207287,3156.32016207287,"transit"
"810","36047054800",-73.9483771298303,40.6092526335093,11064.6836354017,40.7356094542025,-73.9876746575862,640.204868478717,16976.6449735009,2233.86313285572,2874.06800133444,2874.06800133444,"transit"
"811","36047054900",-73.9657308002525,40.7111715806074,3479.39626266983,40.7356094542025,-73.9876746575862,527.929455292626,19206.9178376093,2527.33244526208,3055.2619005547,3055.2619005547,"transit"
"812","36047055000",-73.9523174142614,40.6087338909647,11061.2367474389,40.7356094542025,-73.9876746575862,404.893250169506,16976.6449735009,2233.86313285572,2638.75638302522,2638.75638302522,"transit"
"813","36047055100",-73.9644094915269,40.7139592992549,3696.89982829778,40.7356094542025,-73.9876746575862,610.624963891181,25996.5000187263,3420.73613872246,4031.36110261364,3696.89982829778,"walk"
"814","36047055200",-73.9562588427227,40.6083095645238,11147.9493164521,40.7356094542025,-73.9876746575862,154.987457367709,16976.6449735009,2233.86313285572,2388.85059022343,2388.85059022343,"transit"
"815","36047055300",-73.9592357795048,40.7164575513072,3865.03847537112,40.7356094542025,-73.9876746575862,181.368064534037,25996.5000187263,3420.73613872246,3602.1042032565,3602.1042032565,"transit"
"816","36047055400",-73.9600715864637,40.6078701068153,11290.3205955857,40.7356094542025,-73.9876746575862,163.796978461049,16976.6449735009,2233.86313285572,2397.66011131677,2397.66011131677,"transit"
"817","36047055500",-73.9632608760612,40.7180846864443,4124.50226902762,40.7356094542025,-73.9876746575862,464.117474077277,25996.5000187263,3420.73613872246,3884.85361279974,3884.85361279974,"transit"
"818","36047055600",-73.9594057240116,40.6031608663751,11672.6285980385,40.7356094542025,-73.9876746575862,512.986342778347,18027.8605260444,2372.1867928708,2885.17313564915,2885.17313564915,"transit"
"819","36047055700",-73.9593366291704,40.7219983593479,4530.29498644186,40.7356094542025,-73.9876746575862,634.29107925401,25996.5000187263,3420.73613872246,4055.02721797647,4055.02721797647,"transit"
"820","36047055800",-73.9553779076081,40.6036536265247,11528.2278112686,40.7356094542025,-73.9876746575862,465.412515367827,18027.8605260444,2372.1867928708,2837.59930823863,2837.59930823863,"transit"
"821","36047056000",-73.951435822004,40.6040854866406,11446.0833622389,40.7356094542025,-73.9876746575862,709.876031287717,18027.8605260444,2372.1867928708,3082.06282415852,3082.06282415852,"transit"
"822","36047056100",-73.9566022397935,40.7264117658102,4893.28087829095,40.7356094542025,-73.9876746575862,536.546623771698,27195.0325466131,3578.44442747761,4114.99105124931,4114.99105124931,"transit"
"823","36047056200",-73.9475033567188,40.6045180932574,11450.0341772874,40.7356094542025,-73.9876746575862,942.959128148939,18027.8605260444,2372.1867928708,3315.14592101974,3315.14592101974,"transit"
"824","36047056300",-73.9586880379833,40.7349420144939,5589.08172988239,40.7356094542025,-73.9876746575862,507.17846214939,26396.5400589371,3473.37520250025,3980.55366464964,3980.55366464964,"transit"
"825","36047056400",-73.9433735444527,40.6069158250326,11343.2346931227,40.7356094542025,-73.9876746575862,1120.75320994074,16976.6449735009,2233.86313285572,3354.61634279646,3354.61634279646,"transit"
"826","36047056500",-73.9579644875866,40.7301815377166,5201.5660695948,40.7356094542025,-73.9876746575862,339.188718384057,26396.5400589371,3473.37520250025,3812.5639208843,3812.5639208843,"transit"
"827","36047056600",-73.9414034946164,40.6028525205399,11756.4972183805,40.7356094542025,-73.9876746575862,1112.57654424401,18027.8605260444,2372.1867928708,3484.76333711481,3484.76333711481,"transit"
"828","36047056800",-73.9378184737316,40.6026716726479,11872.9791688982,40.7356094542025,-73.9876746575862,1321.18151421303,18027.8605260444,2372.1867928708,3693.36830708383,3693.36830708383,"transit"
"829","36047056900",-73.9523619756725,40.7237657499596,4581.68784226421,40.7356094542025,-73.9876746575862,119.640926197025,27195.0325466131,3578.44442747761,3698.08535367464,3698.08535367464,"transit"
"830","36047057000",-73.9368826000121,40.5992668038407,12154.373280217,40.7356094542025,-73.9876746575862,1242.87615760934,18483.0263162076,2432.0795502189,3674.95570782824,3674.95570782824,"transit"
"831","36047057100",-73.9476187468381,40.7247836441744,4893.50933024297,40.7356094542025,-73.9876746575862,252.756814237372,27195.0325466131,3578.44442747761,3831.20124171499,3831.20124171499,"transit"
"832","36047057200",-73.9382159166548,40.5963687516144,12320.3879227653,40.7356094542025,-73.9876746575862,1091.54117085251,18483.0263162076,2432.0795502189,3523.62072107142,3523.62072107142,"transit"
"833","36047057300",-73.9488298283127,40.7280485949481,5155.70954143091,40.7356094542025,-73.9876746575862,470.42300406102,27195.0325466131,3578.44442747761,4048.86743153863,4048.86743153863,"transit"
"834","36047057400",-73.944338461034,40.6011498370253,11923.2337884447,40.7356094542025,-73.9876746575862,804.221654943169,18027.8605260444,2372.1867928708,3176.40844781397,3176.40844781397,"transit"
"835","36047057500",-73.9531902745177,40.7321131554653,5429.02389226108,40.7356094542025,-73.9876746575862,124.510881537188,26396.5400589371,3473.37520250025,3597.88608403743,3597.88608403743,"transit"
"836","36047057600",-73.9475709958448,40.5998731433969,11838.8400776521,40.7356094542025,-73.9876746575862,526.461233114007,18027.8605260444,2372.1867928708,2898.64802598481,2898.64802598481,"transit"
"837","36047057800",-73.9515126717173,40.5994398418476,11768.1573813682,40.7356094542025,-73.9876746575862,280.865596737741,18027.8605260444,2372.1867928708,2653.05238960854,2653.05238960854,"transit"
"838","36047057900",-73.9485422651532,40.7343727018981,5827.20311141357,40.7356094542025,-73.9876746575862,894.893175717405,26396.5400589371,3473.37520250025,4368.26837821765,4368.26837821765,"transit"
"839","36047058000",-73.9554539225749,40.5990067583848,11949.5357797024,40.7356094542025,-73.9876746575862,40.9378176773365,18027.8605260444,2372.1867928708,2413.12461054814,2413.12461054814,"transit"
"840","36047058200",-73.9592618430641,40.5985398697341,12040.4873535478,40.7356094542025,-73.9876746575862,214.934576646126,18027.8605260444,2372.1867928708,2587.12136951693,2587.12136951693,"transit"
"841","36047058400",-73.958671922032,40.5940748181344,12411.2421768353,40.7356094542025,-73.9876746575862,228.292353922504,18483.0263162076,2432.0795502189,2660.37190414141,2660.37190414141,"transit"
"842","36047058600",-73.9546136833161,40.5945637424003,12295.6913310227,40.7356094542025,-73.9876746575862,84.1140734633172,18483.0263162076,2432.0795502189,2516.19362368222,2516.19362368222,"transit"
"843","36047058800",-73.9585479663187,40.5896217553485,12736.196765957,40.7356094542025,-73.9876746575862,421.60140398834,19452.9366025832,2559.70469843246,2981.3061024208,2981.3061024208,"transit"
"844","36047058900",-73.9407461318735,40.7290749572992,5585.70229895923,40.7356094542025,-73.9876746575862,907.400496041523,27195.0325466131,3578.44442747761,4485.84492351914,4485.84492351914,"transit"
"845","36047059000",-73.9546862225667,40.5899885488365,12702.9269802797,40.7356094542025,-73.9876746575862,237.711211779508,19452.9366025832,2559.70469843246,2797.41591021197,2797.41591021197,"transit"
"846","36047059100",-73.9429265479374,40.7235529888665,5123.26854405909,40.7356094542025,-73.9876746575862,607.0517353116,27195.0325466131,3578.44442747761,4185.49616278921,4185.49616278921,"transit"
"847","36047059200",-73.9514508217723,40.5923378951087,12387.3482755617,40.7356094542025,-73.9876746575862,455.435642975632,18483.0263162076,2432.0795502189,2887.51519319454,2887.51519319454,"transit"
"848","36047059300",-73.938334438026,40.7259942872328,5478.91110287885,40.7356094542025,-73.9876746575862,846.216072290054,27195.0325466131,3578.44442747761,4424.66049976767,4424.66049976767,"transit"
"849","36047059401",-73.9476256910026,40.5930119218107,12426.8590498003,40.7356094542025,-73.9876746575862,684.809073959537,18483.0263162076,2432.0795502189,3116.88862417844,3116.88862417844,"transit"
"850","36047059402",-73.9430181030188,40.5946146131261,12518.9611594363,40.7356094542025,-73.9876746575862,970.673978728075,18483.0263162076,2432.0795502189,3402.75352894698,3402.75352894698,"transit"
"851","36047059600",-73.9400565517456,40.5910967813791,12683.8235702354,40.7356094542025,-73.9876746575862,1033.13204929378,19452.9366025832,2559.70469843246,3592.83674772625,3592.83674772625,"transit"
"852","36047059800",-73.9362264950386,40.5878961833623,13046.136759005,40.7356094542025,-73.9876746575862,1154.09732025869,19452.9366025832,2559.70469843246,3713.80201869115,3713.80201869115,"transit"
"853","36047060000",-73.9456921736388,40.5870743157367,12927.1614606179,40.7356094542025,-73.9876746575862,547.11708971888,19452.9366025832,2559.70469843246,3106.82178815134,3106.82178815134,"transit"
"854","36047060600",-73.956168397419,40.5864510886088,13020.5384978566,40.7356094542025,-73.9876746575862,235.507392988701,19452.9366025832,2559.70469843246,2795.21209142117,2795.21209142117,"transit"
"855","36047060800",-73.9492143882824,40.5839326735443,13089.9270977302,40.7356094542025,-73.9876746575862,439.625014368573,19452.9366025832,2559.70469843246,2999.32971280104,2999.32971280104,"transit"
"856","36047061002",-73.9560142624773,40.5737245333854,14126.1270190611,40.7356094542025,-73.9876746575862,605.205018508534,20628.7645896906,2714.42542181915,3319.63044032768,3319.63044032768,"transit"
"857","36047061003",-73.9587054034379,40.5814205087439,13377.6928349984,40.7356094542025,-73.9876746575862,480.564902514401,20628.7645896906,2714.42542181915,3194.99032433355,3194.99032433355,"transit"
"858","36047061004",-73.9557671561335,40.5798724973229,13744.0319965984,40.7356094542025,-73.9876746575862,437.441331461584,20628.7645896906,2714.42542181915,3151.86675328073,3151.86675328073,"transit"
"859","36047061200",-73.9493472908363,40.581089106586,13356.6635028433,40.7356094542025,-73.9876746575862,697.109868654327,19452.9366025832,2559.70469843246,3256.81456708679,3256.81456708679,"transit"
"860","36047061600",-73.9404261383642,40.5756259022545,14134.6569174165,40.7356094542025,-73.9876746575862,1475.10328322751,19452.9366025832,2559.70469843246,4034.80798165998,4034.80798165998,"transit"
"861","36047062000",-73.9459284143913,40.579175457084,13551.6172990904,40.7356094542025,-73.9876746575862,892.063664901495,19452.9366025832,2559.70469843246,3451.76836333396,3451.76836333396,"transit"
"862","36047062200",-73.9357130766593,40.5840945314243,13384.2706889441,40.7356094542025,-73.9876746575862,1276.58518482134,19452.9366025832,2559.70469843246,3836.2898832538,3836.2898832538,"transit"
"863","36047062600",-73.9344391081665,40.592333457608,12711.5925419717,40.7356094542025,-73.9876746575862,1433.57504504381,19452.9366025832,2559.70469843246,3993.27974347627,3993.27974347627,"transit"
"864","36047062800",-73.9268919293131,40.5898653712235,13344.3325441352,40.7356094542025,-73.9876746575862,2833.66063478563,19452.9366025832,2559.70469843246,5393.3653332181,5393.3653332181,"transit"
"865","36047063200",-73.9315682787226,40.5997603915606,12249.6775683968,40.7356094542025,-73.9876746575862,1581.41718295059,18483.0263162076,2432.0795502189,4013.49673316949,4013.49673316949,"transit"
"866","36047063600",-73.9361433001103,40.6099355383323,11379.0254692579,40.7356094542025,-73.9876746575862,1575.76424924545,16976.6449735009,2233.86313285572,3809.62738210116,3809.62738210116,"transit"
"867","36047063800",-73.9388103925598,40.6066683385561,11561.6171356877,40.7356094542025,-73.9876746575862,1519.72085626139,16976.6449735009,2233.86313285572,3753.58398911711,3753.58398911711,"transit"
"868","36047064000",-73.9402463474313,40.6109971337019,11092.6058523216,40.7356094542025,-73.9876746575862,1182.51188985055,16976.6449735009,2233.86313285572,3416.37502270626,3416.37502270626,"transit"
"869","36047064200",-73.9463939485412,40.6121974335788,11016.0840315557,40.7356094542025,-73.9876746575862,786.276493805792,16976.6449735009,2233.86313285572,3020.13962666151,3020.13962666151,"transit"
"870","36047064400",-73.9424791104708,40.6137964934556,10866.3730058477,40.7356094542025,-73.9876746575862,1112.22621713102,16976.6449735009,2233.86313285572,3346.08934998674,3346.08934998674,"transit"
"871","36047064600",-73.9395351276612,40.6159147429357,10811.366643602,40.7356094542025,-73.9876746575862,1404.93872071141,15941.1739608543,2097.6112100581,3502.54993076951,3502.54993076951,"transit"
"872","36047064800",-73.9364601588697,40.6176897970243,10769.1668614703,40.7356094542025,-73.9876746575862,1485.74766841468,15370.2329245141,2022.48422624559,3508.23189466027,3508.23189466027,"transit"
"873","36047065000",-73.9336466292579,40.6199785251739,10621.4369624958,40.7356094542025,-73.9876746575862,1332.5336562294,15370.2329245141,2022.48422624559,3355.01788247499,3355.01788247499,"transit"
"874","36047065200",-73.9300726331637,40.6147619889453,11103.5989597248,40.7356094542025,-73.9876746575862,2137.28828916661,16976.6449735009,2233.86313285572,4371.15142202233,4371.15142202233,"transit"
"875","36047065400",-73.9318077644376,40.6129487121769,11297.2351622575,40.7356094542025,-73.9876746575862,1940.07340776092,16976.6449735009,2233.86313285572,4173.93654061664,4173.93654061664,"transit"
"876","36047065600",-73.9349822372568,40.6130109345806,11166.9317759772,40.7356094542025,-73.9876746575862,1656.52394879191,16976.6449735009,2233.86313285572,3890.38708164763,3890.38708164763,"transit"
"877","36047065800",-73.9312005203466,40.6080828087691,11670.9981070021,40.7356094542025,-73.9876746575862,1997.14268678578,16976.6449735009,2233.86313285572,4231.0058196415,4231.0058196415,"transit"
"878","36047066000",-73.9280800257076,40.6090465936411,11668.7587414858,40.7356094542025,-73.9876746575862,2237.6386412826,16976.6449735009,2233.86313285572,4471.50177413832,4471.50177413832,"transit"
"879","36047066200",-73.9243720129571,40.6093051550927,11763.5216552538,40.7356094542025,-73.9876746575862,2558.65014911059,16976.6449735009,2233.86313285572,4792.51328196631,4792.51328196631,"transit"
"880","36047066600",-73.9138587421325,40.585523818413,14314.7156219143,40.7356094542025,-73.9876746575862,2686.43920434673,19452.9366025832,2559.70469843246,5246.1439027792,5246.1439027792,"transit"
"881","36047067000",-73.9227641960534,40.6127245745451,11648.8589464317,40.7356094542025,-73.9876746575862,2665.23726494186,16976.6449735009,2233.86313285572,4899.10039779758,4899.10039779758,"transit"
"882","36047067200",-73.9278041944123,40.6187470380925,11050.2330430124,40.7356094542025,-73.9876746575862,1761.32973674603,15370.2329245141,2022.48422624559,3783.81396299162,3783.81396299162,"transit"
"883","36047067400",-73.9302723012782,40.6198304597631,10918.1629312084,40.7356094542025,-73.9876746575862,1629.25962494208,15370.2329245141,2022.48422624559,3651.74385118767,3651.74385118767,"transit"
"884","36047067600",-73.9272010672698,40.6249949952958,10920.7127205942,40.7356094542025,-73.9876746575862,1631.80941432785,15370.2329245141,2022.48422624559,3654.29364057344,3654.29364057344,"transit"
"885","36047067800",-73.9227790401442,40.626148924528,11111.6514164083,40.7356094542025,-73.9876746575862,1822.74811014195,15370.2329245141,2022.48422624559,3845.23233638754,3845.23233638754,"transit"
"886","36047068000",-73.9251878722272,40.6213763513265,11127.0291791949,40.7356094542025,-73.9876746575862,1838.12587292855,15370.2329245141,2022.48422624559,3860.61009917414,3860.61009917414,"transit"
"887","36047068200",-73.9241304207144,40.6166468964148,11454.2353842914,40.7356094542025,-73.9876746575862,2165.33207802509,15370.2329245141,2022.48422624559,4187.81630427068,4187.81630427068,"transit"
"888","36047068600",-73.9172816547121,40.6148225746477,11867.5767685568,40.7356094542025,-73.9876746575862,2578.67346229049,15370.2329245141,2022.48422624559,4601.15768853608,4601.15768853608,"transit"
"889","36047068800",-73.9191003657884,40.6172158171608,11728.4647591393,40.7356094542025,-73.9876746575862,2439.56145287295,15370.2329245141,2022.48422624559,4462.04567911854,4462.04567911854,"transit"
"890","36047069000",-73.9206701175274,40.6199653777039,11485.2400075116,40.7356094542025,-73.9876746575862,2196.33670124523,15370.2329245141,2022.48422624559,4218.82092749082,4218.82092749082,"transit"
"891","36047069200",-73.9200888398145,40.6236754728905,11416.3525153389,40.7356094542025,-73.9876746575862,2127.4492090726,15370.2329245141,2022.48422624559,4149.93343531818,4149.93343531818,"transit"
"892","36047069601",-73.9147856660365,40.6272281627074,11603.6248389179,40.7356094542025,-73.9876746575862,2264.64446427096,18271.5814923079,2404.25669137488,4668.90115564584,4668.90115564584,"transit"
"893","36047069602",-73.9086505856465,40.6227296464008,12176.1423713719,40.7356094542025,-73.9876746575862,2839.5600380901,18271.5814923079,2404.25669137488,5243.81672946499,5243.81672946499,"transit"
"894","36047069800",-73.9158911668683,40.6124440989073,12010.7218959242,40.7356094542025,-73.9876746575862,2721.81858965787,15370.2329245141,2022.48422624559,4744.30281590346,4744.30281590346,"transit"
"895","36047070000",-73.9067408412985,40.6200459030085,12337.6688979341,40.7356094542025,-73.9876746575862,3059.26309807769,18271.5814923079,2404.25669137488,5463.51978945258,5463.51978945258,"transit"
"896","36047070201",-73.9086089507187,40.608766972622,12852.4482613608,40.7356094542025,-73.9876746575862,3755.67884442774,18027.8605260444,2372.1867928708,6127.86563729855,6127.86563729855,"transit"
"897","36047070202",-73.8898799666983,40.5924287740893,15964.4318148622,40.7356094542025,-73.9876746575862,5858.37571751324,47193.7405326284,6209.96417383737,12068.3398913506,12068.3398913506,"transit"
"898","36047070203",-73.8599451397866,40.6133648571588,NA,40.7356094542025,-73.9876746575862,NA,42681.186033844,5616.18200159006,NA,NA,NA
"899","36047070600",-73.8961276379873,40.6134661432762,13963.7433216421,40.7356094542025,-73.9876746575862,3704.68081031816,18271.5814923079,2404.25669137488,6108.93750169305,6108.93750169305,"transit"
"900","36047072000",-73.9200468204123,40.6288501941004,11189.7222130274,40.7356094542025,-73.9876746575862,1900.81890676099,15370.2329245141,2022.48422624559,3923.30313300658,3923.30313300658,"transit"
"901","36047072200",-73.9243886529607,40.6319998963495,10760.3574088288,40.7356094542025,-73.9876746575862,1471.45410256246,15370.2329245141,2022.48422624559,3493.93832880805,3493.93832880805,"transit"
"902","36047072400",-73.9270557200735,40.6341060761022,10553.4828976352,40.7356094542025,-73.9876746575862,1361.7658269541,15370.2329245141,2022.48422624559,3384.25005319969,3384.25005319969,"transit"
"903","36047072600",-73.9338761678873,40.6324138955765,10174.9827116486,40.7356094542025,-73.9876746575862,886.079405382263,15370.2329245141,2022.48422624559,2908.56363162785,2908.56363162785,"transit"
"904","36047072800",-73.9270041654811,40.6294856431106,10757.6283699027,40.7356094542025,-73.9876746575862,1468.72506363632,15370.2329245141,2022.48422624559,3491.20928988191,3491.20928988191,"transit"
"905","36047073000",-73.9298437416759,40.626201735818,10686.2733689946,40.7356094542025,-73.9876746575862,1397.3700627282,15370.2329245141,2022.48422624559,3419.85428897378,3419.85428897378,"transit"
"906","36047073200",-73.9336057957119,40.6279279914954,10363.9324172641,40.7356094542025,-73.9876746575862,1075.02911099777,15370.2329245141,2022.48422624559,3097.51333724336,3097.51333724336,"transit"
"907","36047073400",-73.9374778195292,40.6278153351257,10123.7955739993,40.7356094542025,-73.9876746575862,834.892267732945,15370.2329245141,2022.48422624559,2857.37649397853,2857.37649397853,"transit"
"908","36047073600",-73.9357949295572,40.6240388828291,10374.8877137843,40.7356094542025,-73.9876746575862,1085.98440751798,15370.2329245141,2022.48422624559,3108.46863376357,3108.46863376357,"transit"
"909","36047073800",-73.9390771663313,40.6224096025903,10323.4874184607,40.7356094542025,-73.9876746575862,1044.90758093848,15370.2329245141,2022.48422624559,3067.39180718407,3067.39180718407,"transit"
"910","36047074000",-73.9412567378522,40.6273941956346,9892.75166270501,40.7356094542025,-73.9876746575862,603.848356438649,15370.2329245141,2022.48422624559,2626.33258268424,2626.33258268424,"transit"
"911","36047074200",-73.9449753096384,40.6269943739542,9845.36117559606,40.7356094542025,-73.9876746575862,566.781338073832,15370.2329245141,2022.48422624559,2589.26556431942,2589.26556431942,"transit"
"912","36047074400",-73.9431062772975,40.6223172051275,10204.7030722889,40.7356094542025,-73.9876746575862,926.123234766693,15370.2329245141,2022.48422624559,2948.60746101228,2948.60746101228,"transit"
"913","36047074600",-73.9426419521676,40.6186017688174,10506.3603756705,40.7356094542025,-73.9876746575862,1136.20445729713,15941.1739608543,2097.6112100581,3233.81566735523,3233.81566735523,"transit"
"914","36047074800",-73.94689572053,40.6218930668544,10203.9391293176,40.7356094542025,-73.9876746575862,1009.12918174371,15941.1739608543,2097.6112100581,3106.7403918018,3106.7403918018,"transit"
"915","36047075000",-73.9487659931038,40.6265678211152,9855.36914858445,40.7356094542025,-73.9876746575862,601.891842601919,15370.2329245141,2022.48422624559,2624.37606884751,2624.37606884751,"transit"
"916","36047075200",-73.9525461662932,40.6261531414343,9735.0863745661,40.7356094542025,-73.9876746575862,530.935130011465,15130.2800309405,1990.91014765628,2521.84527766774,2521.84527766774,"transit"
"917","36047075400",-73.9507115013061,40.6214737697806,10077.3903206203,40.7356094542025,-73.9876746575862,773.31236471037,15941.1739608543,2097.6112100581,2870.92357476847,2870.92357476847,"transit"
"918","36047075600",-73.9479894207772,40.616856230452,10568.3880472245,40.7356094542025,-73.9876746575862,816.902028166157,15941.1739608543,2097.6112100581,2914.51323822425,2914.51323822425,"transit"
"919","36047075800",-73.9519619163773,40.6164750785386,10566.0067778919,40.7356094542025,-73.9876746575862,576.282939422945,15941.1739608543,2097.6112100581,2673.89414948104,2673.89414948104,"transit"
"920","36047076000",-73.9547884877187,40.6213569234478,10068.3313962938,40.7356094542025,-73.9876746575862,545.103121869368,15941.1739608543,2097.6112100581,2642.71433192747,2642.71433192747,"transit"
"921","36047076200",-73.9564858725817,40.6257185277994,9642.06700830719,40.7356094542025,-73.9876746575862,285.519481987889,15130.2800309405,1990.91014765628,2276.42962964417,2276.42962964417,"transit"
"922","36047076400",-73.9586447837848,40.6319262391526,9107.44294739511,40.7356094542025,-73.9876746575862,436.148381607429,14673.2682246386,1930.77448322017,2366.9228648276,2366.9228648276,"transit"
"923","36047076600",-73.9568420183587,40.6331871227641,9086.36260482757,40.7356094542025,-73.9876746575862,576.542687044162,14007.0742088377,1843.11368489695,2419.65637194111,2419.65637194111,"transit"
"924","36047076800",-73.9608017066512,40.6188041491643,10367.1669986553,40.7356094542025,-73.9876746575862,162.306979511466,15941.1739608543,2097.6112100581,2259.91818956956,2259.91818956956,"transit"
"925","36047077000",-73.9538295302741,40.6361361526364,8903.48186988953,40.7356094542025,-73.9876746575862,623.638020171485,14581.888210593,1918.75029087975,2542.38831105124,2542.38831105124,"transit"
"926","36047077200",-73.9531770095839,40.6316093665894,9326.19894119238,40.7356094542025,-73.9876746575862,445.238028050714,15370.2329245141,2022.48422624559,2467.7222542963,2467.7222542963,"transit"
"927","36047077400",-73.9480814918108,40.6311987964025,9409.12727486458,40.7356094542025,-73.9876746575862,146.415604799991,15370.2329245141,2022.48422624559,2168.89983104558,2168.89983104558,"transit"
"928","36047077600",-73.9411360845899,40.6309255397138,9951.28085764298,40.7356094542025,-73.9876746575862,662.37755137662,15370.2329245141,2022.48422624559,2684.86177762221,2684.86177762221,"transit"
"929","36047078000",-73.9391485774406,40.634497907796,9778.7877903529,40.7356094542025,-73.9876746575862,614.353526387321,15370.2329245141,2022.48422624559,2636.83775263291,2636.83775263291,"transit"
"930","36047078200",-73.9414428685362,40.6378537352858,9482.29993329934,40.7356094542025,-73.9876746575862,560.545108346501,14581.888210593,1918.75029087975,2479.29539922625,2479.29539922625,"transit"
"931","36047078400",-73.9429557759739,40.6342623640011,9545.75305036932,40.7356094542025,-73.9876746575862,381.318786403742,15370.2329245141,2022.48422624559,2403.80301264933,2403.80301264933,"transit"
"932","36047078600",-73.9470625504369,40.6344139908945,9295.51395392304,40.7356094542025,-73.9876746575862,153.546906943032,15370.2329245141,2022.48422624559,2176.03113318862,2176.03113318862,"transit"
"933","36047078800",-73.9488367022511,40.637465508401,9151.58250186382,40.7356094542025,-73.9876746575862,244.144985007577,14581.888210593,1918.75029087975,2162.89527588733,2162.89527588733,"transit"
"934","36047079000",-73.9536966946876,40.6409778074848,8635.29108185357,40.7356094542025,-73.9876746575862,381.010929043505,14581.888210593,1918.75029087975,2299.76121992326,2299.76121992326,"transit"
"935","36047079200",-73.9549106872863,40.6447641602337,8282.01901403386,40.7356094542025,-73.9876746575862,369.98990108978,13855.9431189436,1823.22717784743,2193.21707893721,2193.21707893721,"transit"
"936","36047079400",-73.9552860107709,40.6486053015101,8040.55702402247,40.7356094542025,-73.9876746575862,588.708918245086,13365.2506747066,1758.65966392092,2347.36858216601,2347.36858216601,"transit"
"937","36047079601",-73.9582722874727,40.6565964131979,7314.13673408849,40.7356094542025,-73.9876746575862,295.087360838412,11714.6319358538,1541.46384266888,1836.55120350729,1836.55120350729,"transit"
"938","36047079602",-73.9576551433317,40.6527602463783,7586.48306658631,40.7356094542025,-73.9876746575862,453.487731040019,11714.6319358538,1541.46384266888,1994.9515737089,1994.9515737089,"transit"
"939","36047079801",-73.9587185787072,40.6600108886428,6904.81861499984,40.7356094542025,-73.9876746575862,173.244522004082,11384.3911166236,1498.00927363042,1671.2537956345,1671.2537956345,"transit"
"940","36047079802",-73.9613712169399,40.6579907170682,7093.71853203576,40.7356094542025,-73.9876746575862,334.053369025025,11714.6319358538,1541.46384266888,1875.5172116939,1875.5172116939,"transit"
"941","36047080000",-73.9537666614721,40.6606860469496,7299.98189883376,40.7356094542025,-73.9876746575862,356.808495936052,11897.2559330223,1565.49432779042,1922.30282372647,1922.30282372647,"transit"
"942","36047080200",-73.9534407235135,40.6576398798372,7541.70244575614,40.7356094542025,-73.9876746575862,243.395765834501,12563.4165318372,1653.15072895664,1896.54649479114,1896.54649479114,"transit"
"943","36047080400",-73.9489902449892,40.6589743954916,7603.59883644353,40.7356094542025,-73.9876746575862,303.590754368216,12563.4165318372,1653.15072895664,1956.74148332485,1956.74148332485,"transit"
"944","36047080600",-73.9438614668571,40.6616590574763,7881.17520588799,40.7356094542025,-73.9876746575862,572.494194160686,11897.2559330223,1565.49432779042,2137.9885219511,2137.9885219511,"transit"
"945","36047080800",-73.9394863735788,40.6573033233896,8448.39831745215,40.7356094542025,-73.9876746575862,687.570158485737,12563.4165318372,1653.15072895664,2340.72088744238,2340.72088744238,"transit"
"946","36047081000",-73.9445488361543,40.6591130932262,8018.11089263137,40.7356094542025,-73.9876746575862,478.557982948392,12563.4165318372,1653.15072895664,2131.70871190503,2131.70871190503,"transit"
"947","36047081400",-73.9402380044509,40.6536407475323,8643.75562724362,40.7356094542025,-73.9876746575862,737.179114693045,13365.2506747066,1758.65966392092,2495.83877861397,2495.83877861397,"transit"
"948","36047081600",-73.9442052971192,40.6535296471983,8407.30141709645,40.7356094542025,-73.9876746575862,501.702516340592,13365.2506747066,1758.65966392092,2260.36218026152,2260.36218026152,"transit"
"949","36047081800",-73.9479751535512,40.6530922505364,8304.27529523531,40.7356094542025,-73.9876746575862,382.377963249744,13365.2506747066,1758.65966392092,2141.03762717067,2141.03762717067,"transit"
"950","36047082000",-73.9513096965249,40.6534530351466,7992.07868788254,40.7356094542025,-73.9876746575862,270.350690044462,13365.2506747066,1758.65966392092,2029.01035396539,2029.01035396539,"transit"
"951","36047082200",-73.9544281721293,40.6532887856897,7864.11835749951,40.7356094542025,-73.9876746575862,445.647581804629,13365.2506747066,1758.65966392092,2204.30724572555,2204.30724572555,"transit"
"952","36047082400",-73.9493579741027,40.6488473315172,8366.53437392992,40.7356094542025,-73.9876746575862,169.563731861601,13365.2506747066,1758.65966392092,1928.22339578252,1928.22339578252,"transit"
"953","36047082600",-73.9489731631236,40.6450647127561,8645.59653874129,40.7356094542025,-73.9876746575862,5.96898753998568,13855.9431189436,1823.22717784743,1829.19616538742,1829.19616538742,"transit"
"954","36047082800",-73.9496047087941,40.6409910539899,8869.35736480318,40.7356094542025,-73.9876746575862,147.712679577517,14581.888210593,1918.75029087975,2066.46297045727,2066.46297045727,"transit"
"955","36047083000",-73.9455028293305,40.640886971862,9124.38962183811,40.7356094542025,-73.9876746575862,252.432770789046,14581.888210593,1918.75029087975,2171.1830616688,2171.1830616688,"transit"
"956","36047083200",-73.9416243201871,40.6415240418327,9350.8085489061,40.7356094542025,-73.9876746575862,497.929621666036,14581.888210593,1918.75029087975,2416.67991254579,2416.67991254579,"transit"
"957","36047083400",-73.9384750911957,40.6415498894596,9580.17746387794,40.7356094542025,-73.9876746575862,708.572474934054,14581.888210593,1918.75029087975,2627.32276581381,2627.32276581381,"transit"
"958","36047083600",-73.9351273166851,40.6371028340121,9929.12179948006,40.7356094542025,-73.9876746575862,1060.58113526026,15370.2329245141,2022.48422624559,3083.06536150585,3083.06536150585,"transit"
"959","36047083800",-73.9351350489832,40.6417560689768,9760.06380196161,40.7356094542025,-73.9876746575862,894.980834350812,14581.888210593,1918.75029087975,2813.73112523057,2813.73112523057,"transit"
"960","36047084000",-73.9312919881789,40.6419942901478,9994.37109461175,40.7356094542025,-73.9876746575862,1129.5503676435,14581.888210593,1918.75029087975,3048.30065852325,3048.30065852325,"transit"
"961","36047084600",-73.9274549253574,40.6422850203419,10072.1954256627,40.7356094542025,-73.9876746575862,1367.43111557691,14581.888210593,1918.75029087975,3286.18140645666,3286.18140645666,"transit"
"962","36047084800",-73.9278610748,40.6464269543503,9737.26168657116,40.7356094542025,-73.9876746575862,1409.81933463276,13855.9431189436,1823.22717784743,3233.04651248019,3233.04651248019,"transit"
"963","36047085000",-73.9323160287834,40.6457433871857,9657.22053172475,40.7356094542025,-73.9876746575862,1112.21582066905,13855.9431189436,1823.22717784743,2935.44299851648,2935.44299851648,"transit"
"964","36047085200",-73.9382410974402,40.6470029403822,9183.9418776199,40.7356094542025,-73.9876746575862,852.45847141349,13855.9431189436,1823.22717784743,2675.68564926092,2675.68564926092,"transit"
"965","36047085400",-73.9425499086864,40.6446728304988,9074.66592429528,40.7356094542025,-73.9876746575862,444.233663104962,13855.9431189436,1823.22717784743,2267.46084095239,2267.46084095239,"transit"
"966","36047085600",-73.9448275616346,40.6486244176226,8653.81015057374,40.7356094542025,-73.9876746575862,440.824629923412,13365.2506747066,1758.65966392092,2199.48429384434,2199.48429384434,"transit"
"967","36047085800",-73.9390271894628,40.6502074684198,8984.5186643437,40.7356094542025,-73.9876746575862,772.135869563897,13365.2506747066,1758.65966392092,2530.79553348482,2530.79553348482,"transit"
"968","36047086000",-73.9329233041882,40.6499956116895,9342.9704301297,40.7356094542025,-73.9876746575862,1130.7541406545,13365.2506747066,1758.65966392092,2889.41380457542,2889.41380457542,"transit"
"969","36047086200",-73.9282256616997,40.6502164450902,9435.79773643378,40.7356094542025,-73.9876746575862,1375.80653017758,14609.6396758523,1922.4019532207,3298.20848339828,3298.20848339828,"transit"
"970","36047086400",-73.9238222393557,40.6543372212193,9213.72598646743,40.7356094542025,-73.9876746575862,890.117228978284,14609.6396758523,1922.4019532207,2812.51918219899,2812.51918219899,"transit"
"971","36047086600",-73.9267615510342,40.6563750026028,8942.6722336637,40.7356094542025,-73.9876746575862,860.336137402693,13745.7598294206,1808.72876613497,2669.06490353767,2669.06490353767,"transit"
"972","36047086800",-73.9297308908213,40.6543124108828,9103.60985477861,40.7356094542025,-73.9876746575862,1120.00695360429,13745.7598294206,1808.72876613497,2928.73571973926,2928.73571973926,"transit"
"973","36047087000",-73.9334038525392,40.6541802983724,9059.63484595139,40.7356094542025,-73.9876746575862,1152.88617509581,13365.2506747066,1758.65966392092,2911.54583901673,2911.54583901673,"transit"
"974","36047087200",-73.9366497972129,40.6536753719215,8872.49931673186,40.7356094542025,-73.9876746575862,965.922804181277,13365.2506747066,1758.65966392092,2724.5824681022,2724.5824681022,"transit"
"975","36047087401",-73.9384587796111,40.6604744179903,8295.33244934697,40.7356094542025,-73.9876746575862,984.341922959849,12101.2916751924,1592.34226641021,2576.68418937006,2576.68418937006,"transit"
"976","36047087600",-73.9357059104615,40.6606478265298,8381.66491192938,40.7356094542025,-73.9876746575862,923.863514454848,12914.832714982,1699.3916474091,2623.25516186394,2623.25516186394,"transit"
"977","36047087800",-73.9310338099693,40.6588465427027,8665.68721815322,40.7356094542025,-73.9876746575862,782.156700458902,13745.7598294206,1808.72876613497,2590.88546659387,2590.88546659387,"transit"
"978","36047088000",-73.9310225883907,40.6615193176059,8500.98874047048,40.7356094542025,-73.9876746575862,710.899986918621,13745.7598294206,1808.72876613497,2519.62875305359,2519.62875305359,"transit"
"979","36047088200",-73.9259817490891,40.6604945161669,8726.99619341999,40.7356094542025,-73.9876746575862,536.281393902573,13745.7598294206,1808.72876613497,2345.01016003755,2345.01016003755,"transit"
"980","36047088400",-73.9245505704638,40.6622281148658,8638.44738097781,40.7356094542025,-73.9876746575862,412.775423505533,13745.7598294206,1808.72876613497,2221.50418964051,2221.50418964051,"transit"
"981","36047088600",-73.9206765231783,40.6574879816275,9004.57685479127,40.7356094542025,-73.9876746575862,474.838944169377,14609.6396758523,1922.4019532207,2397.24089739008,2397.24089739008,"transit"
"982","36047088800",-73.9180627619324,40.6539393172463,9400.7259841551,40.7356094542025,-73.9876746575862,755.648113934935,14609.6396758523,1922.4019532207,2678.05006715564,2678.05006715564,"transit"
"983","36047089000",-73.9154891532308,40.6569877476613,9248.46253869708,40.7356094542025,-73.9876746575862,491.422423145596,14609.6396758523,1922.4019532207,2413.8243763663,2413.8243763663,"transit"
"984","36047089200",-73.9219219115184,40.663280936406,8553.23394878806,40.7356094542025,-73.9876746575862,216.825493072943,13745.7598294206,1808.72876613497,2025.55425920791,2025.55425920791,"transit"
"985","36047089400",-73.9164852176782,40.6615039469745,8892.16454631662,40.7356094542025,-73.9876746575862,11.4212966654967,14609.6396758523,1922.4019532207,1933.8232498862,1933.8232498862,"transit"
"986","36047089600",-73.9124094611914,40.6580073671418,9200.68858069559,40.7356094542025,-73.9876746575862,451.946791572275,14609.6396758523,1922.4019532207,2374.34874479298,2374.34874479298,"transit"
"987","36047089800",-73.9137076729995,40.6627861294958,8785.20051999234,40.7356094542025,-73.9876746575862,296.100438853714,14609.6396758523,1922.4019532207,2218.50239207441,2218.50239207441,"transit"
"988","36047090000",-73.9198136286568,40.6662517302932,8459.90154316861,40.7356094542025,-73.9876746575862,255.767124054266,13745.7598294206,1808.72876613497,2064.49589018924,2064.49589018924,"transit"
"989","36047090200",-73.9150074238134,40.667553127299,8525.41612251229,40.7356094542025,-73.9876746575862,547.505143252203,14609.6396758523,1922.4019532207,2469.9070964729,2469.9070964729,"transit"
"990","36047090600",-73.9088594501671,40.6701301782924,8489.66837246444,40.7356094542025,-73.9876746575862,521.496154876648,17862.6931065813,2350.4533225848,2871.94947746145,2871.94947746145,"transit"
"991","36047090800",-73.9047719373861,40.6713225355578,8459.02711071469,40.7356094542025,-73.9876746575862,366.464034550768,17862.6931065813,2350.4533225848,2716.91735713557,2716.91735713557,"transit"
"992","36047091000",-73.9034065457884,40.665751492575,8966.51634695573,40.7356094542025,-73.9876746575862,205.839753346101,15772.619333521,2075.43203575953,2281.27178910563,2281.27178910563,"transit"
"993","36047091200",-73.9076346210728,40.6651290141829,8854.46791253211,40.7356094542025,-73.9876746575862,284.880120010361,15238.3201315802,2005.12654895735,2290.00666896771,2290.00666896771,"transit"
"994","36047091600",-73.9091012281639,40.6591037873116,9250.50557877598,40.7356094542025,-73.9876746575862,318.069828071598,15238.3201315802,2005.12654895735,2323.19637702895,2323.19637702895,"transit"
"995","36047091800",-73.9045855466049,40.661652729799,9168.33481111721,40.7356094542025,-73.9876746575862,279.616909517734,15772.619333521,2075.43203575953,2355.04894527726,2355.04894527726,"transit"
"996","36047092000",-73.9030203104014,40.6585693773523,9480.17223698113,40.7356094542025,-73.9876746575862,268.142962963046,16826.1951704218,2214.06627258277,2482.20923554581,2482.20923554581,"transit"
"997","36047092200",-73.906372829613,40.655235286311,9621.76285547378,40.7356094542025,-73.9876746575862,685.424690155548,16826.1951704218,2214.06627258277,2899.49096273832,2899.49096273832,"transit"
"998","36047092400",-73.9114794331488,40.6669330500875,8620.57982688666,40.7356094542025,-73.9876746575862,440.319481994485,15238.3201315802,2005.12654895735,2445.44603095184,2445.44603095184,"transit"
"999","36047092800",-73.9117734046167,40.6524800211889,9623.4885473215,40.7356094542025,-73.9876746575862,1106.44624638352,18271.5814923079,2404.25669137488,3510.7029377584,3510.7029377584,"transit"
"1000","36047093000",-73.9154074813817,40.6499290413763,9798.12978340205,40.7356094542025,-73.9876746575862,1174.82200580941,18271.5814923079,2404.25669137488,3579.07869718429,3579.07869718429,"transit"
"1001","36047093200",-73.9295165073054,40.6375695536654,10252.8549921037,40.7356094542025,-73.9876746575862,1398.94476243498,14581.888210593,1918.75029087975,3317.69505331473,3317.69505331473,"transit"
"1002","36047093400",-73.9190148705407,40.6489250819267,9828.24157737425,40.7356094542025,-73.9876746575862,1323.08733268204,14609.6396758523,1922.4019532207,3245.48928590274,3245.48928590274,"transit"
"1003","36047093600",-73.9215837115563,40.6487962072289,9723.21031895364,40.7356094542025,-73.9876746575862,1228.52527165776,14609.6396758523,1922.4019532207,3150.92722487846,3150.92722487846,"transit"
"1004","36047093800",-73.9245581468043,40.6504468910891,9492.56395921216,40.7356094542025,-73.9876746575862,1151.23833658042,14609.6396758523,1922.4019532207,3073.64028980112,3073.64028980112,"transit"
"1005","36047094401",-73.9229745946738,40.6387394035147,10641.0862656593,40.7356094542025,-73.9876746575862,1716.69085992333,18271.5814923079,2404.25669137488,4120.94755129822,4120.94755129822,"transit"
"1006","36047094402",-73.9207803714831,40.6350817311992,10884.8482930311,40.7356094542025,-73.9876746575862,1600.99975241928,18271.5814923079,2404.25669137488,4005.25644379416,4005.25644379416,"transit"
"1007","36047094600",-73.9232797155216,40.6446168768953,10019.8809015356,40.7356094542025,-73.9876746575862,1664.83332621894,18271.5814923079,2404.25669137488,4069.09001759382,4069.09001759382,"transit"
"1008","36047095000",-73.9171451483615,40.636248740657,10831.9717397513,40.7356094542025,-73.9876746575862,1382.06851134667,18271.5814923079,2404.25669137488,3786.32520272155,3786.32520272155,"transit"
"1009","36047095400",-73.9146325000803,40.6389668672268,10618.286877275,40.7356094542025,-73.9876746575862,1046.72872659577,18271.5814923079,2404.25669137488,3450.98541797065,3450.98541797065,"transit"
"1010","36047095600",-73.9109186310297,40.6355740852917,11007.7587351134,40.7356094542025,-73.9876746575862,1314.17257892269,18271.5814923079,2404.25669137488,3718.42927029757,3718.42927029757,"transit"
"1011","36047095800",-73.9116859406207,40.6408220888186,10634.2047688817,40.7356094542025,-73.9876746575862,843.783933059961,18271.5814923079,2404.25669137488,3248.04062443484,3248.04062443484,"transit"
"1012","36047096000",-73.9147646782696,40.6459275782782,10266.1755421398,40.7356094542025,-73.9876746575862,1164.19052916782,18271.5814923079,2404.25669137488,3568.4472205427,3568.4472205427,"transit"
"1013","36047096200",-73.9105137158259,40.6450235541377,10286.7384878378,40.7356094542025,-73.9876746575862,734.436762463626,18271.5814923079,2404.25669137488,3138.69345383851,3138.69345383851,"transit"
"1014","36047096400",-73.9072686578175,40.6419500685343,10609.3257812906,40.7356094542025,-73.9876746575862,597.889849562434,18271.5814923079,2404.25669137488,3002.14654093732,3002.14654093732,"transit"
"1015","36047096600",-73.9031420222983,40.6406398914206,10891.5617720526,40.7356094542025,-73.9876746575862,733.474923171782,18271.5814923079,2404.25669137488,3137.73161454667,3137.73161454667,"transit"
"1016","36047096800",-73.9038769051068,40.644141805425,10603.4851220207,40.7356094542025,-73.9876746575862,334.842206779524,18271.5814923079,2404.25669137488,2739.09889815441,2739.09889815441,"transit"
"1017","36047097000",-73.9073529983799,40.6472600427278,10282.0764225292,40.7356094542025,-73.9876746575862,457.434741239215,18271.5814923079,2404.25669137488,2861.6914326141,2861.6914326141,"transit"
"1018","36047097400",-73.8997657946157,40.6469841041159,10694.5940980731,40.7356094542025,-73.9876746575862,419.622262114434,18271.5814923079,2404.25669137488,2823.87895348932,2823.87895348932,"transit"
"1019","36047098200",-73.8943666362045,40.6509988143399,10353.3482936948,40.7356094542025,-73.9876746575862,404.984558724469,17693.2258268249,2328.15405738464,2733.13861610911,2733.13861610911,"transit"
"1020","36047098400",-73.8917895541137,40.6465779097107,10756.2130011851,40.7356094542025,-73.9876746575862,654.414576045994,17693.2258268249,2328.15405738464,2982.56863343064,2982.56863343064,"transit"
"1021","36047098600",-73.8943195649087,40.6449364616063,10953.1151894317,40.7356094542025,-73.9876746575862,878.791615515809,18271.5814923079,2404.25669137488,3283.04830689069,3283.04830689069,"transit"
"1022","36047098800",-73.8973152592282,40.6430018777306,10918.6512847599,40.7356094542025,-73.9876746575862,643.67944880126,18271.5814923079,2404.25669137488,3047.93614017614,3047.93614017614,"transit"
"1023","36047099000",-73.8985619669863,40.6393703409995,11102.3217586731,40.7356094542025,-73.9876746575862,831.107961420498,18271.5814923079,2404.25669137488,3235.36465279538,3235.36465279538,"transit"
"1024","36047099200",-73.9012844634101,40.6374034736189,11105.3616532714,40.7356094542025,-73.9876746575862,1064.08073047182,18271.5814923079,2404.25669137488,3468.3374218467,3468.3374218467,"transit"
"1025","36047099400",-73.9043992578254,40.6357597243963,11206.3984463286,40.7356094542025,-73.9876746575862,1247.94528696178,18271.5814923079,2404.25669137488,3652.20197833667,3652.20197833667,"transit"
"1026","36047099600",-73.9077877846801,40.6334437973642,11227.6773435332,40.7356094542025,-73.9876746575862,1530.39593031248,18271.5814923079,2404.25669137488,3934.65262168736,3934.65262168736,"transit"
"1027","36047099800",-73.9084075769401,40.6295773562688,11566.521035647,40.7356094542025,-73.9876746575862,1932.96990383393,18271.5814923079,2404.25669137488,4337.22659520881,4337.22659520881,"transit"
"1028","36047100400",-73.903799980183,40.6306492779238,11579.1759509693,40.7356094542025,-73.9876746575862,1840.139632156,18271.5814923079,2404.25669137488,4244.39632353088,4244.39632353088,"transit"
"1029","36047100600",-73.9008896697271,40.6322532837707,11594.7302908699,40.7356094542025,-73.9876746575862,1624.788778618,18271.5814923079,2404.25669137488,4029.04546999289,4029.04546999289,"transit"
"1030","36047100800",-73.8980664323211,40.634133147354,11447.0137165801,40.7356094542025,-73.9876746575862,1403.34929951873,18271.5814923079,2404.25669137488,3807.60599089362,3807.60599089362,"transit"
"1031","36047101000",-73.8949720225435,40.6360281646098,11448.5856176268,40.7356094542025,-73.9876746575862,1177.37182037428,18271.5814923079,2404.25669137488,3581.62851174916,3581.62851174916,"transit"
"1032","36047101200",-73.8936676756328,40.6397265173953,11259.5430369293,40.7356094542025,-73.9876746575862,984.571200970584,18271.5814923079,2404.25669137488,3388.82789234547,3388.82789234547,"transit"
"1033","36047101400",-73.8906734489304,40.6416625738039,11294.6215358425,40.7356094542025,-73.9876746575862,1219.91546053546,18271.5814923079,2404.25669137488,3624.17215191035,3624.17215191035,"transit"
"1034","36047101600",-73.8881408570309,40.6433029862348,11164.5913452318,40.7356094542025,-73.9876746575862,1338.3147487224,18271.5814923079,2404.25669137488,3742.57144009728,3742.57144009728,"transit"
"1035","36047101800",-73.8860226902363,40.642879329575,11160.5644752589,40.7356094542025,-73.9876746575862,1574.86124241643,18271.5814923079,2404.25669137488,3979.11793379131,3979.11793379131,"transit"
"1036","36047102000",-73.8870181448624,40.6383784660104,11635.1324084458,40.7356094542025,-73.9876746575862,1559.77688209987,18271.5814923079,2404.25669137488,3964.03357347475,3964.03357347475,"transit"
"1037","36047102200",-73.8900105577998,40.636441286368,11600.1819305234,40.7356094542025,-73.9876746575862,1325.21009456467,18271.5814923079,2404.25669137488,3729.46678593956,3729.46678593956,"transit"
"1038","36047102400",-73.8932756280894,40.6329284245597,11692.1038265306,40.7356094542025,-73.9876746575862,1579.91025541096,18271.5814923079,2404.25669137488,3984.16694678584,3984.16694678584,"transit"
"1039","36047102600",-73.8984804855085,40.6296067604233,11794.7522340815,40.7356094542025,-73.9876746575862,1824.81072182953,18271.5814923079,2404.25669137488,4229.06741320441,4229.06741320441,"transit"
"1040","36047102800",-73.8920150913725,40.6268273186202,12556.7303427489,40.7356094542025,-73.9876746575862,2285.51654549638,18271.5814923079,2404.25669137488,4689.77323687127,4689.77323687127,"transit"
"1041","36047103400",-73.8818554991001,40.6335860209021,12305.6250356129,40.7356094542025,-73.9876746575862,2133.93280900268,18271.5814923079,2404.25669137488,4538.18950037756,4538.18950037756,"transit"
"1042","36047105801",-73.8806341082442,40.6492620287653,10921.2837424662,40.7356094542025,-73.9876746575862,1530.16262784629,17693.2258268249,2328.15405738464,3858.31668523094,3858.31668523094,"transit"
"1043","36047105804",-73.8834972478813,40.645822513614,11020.4541749839,40.7356094542025,-73.9876746575862,1334.25283461798,17693.2258268249,2328.15405738464,3662.40689200262,3662.40689200262,"transit"
"1044","36047107000",-73.8685884402932,40.6474693520265,12447.3098611648,40.7356094542025,-73.9876746575862,2951.25242656485,17385.5546506508,2287.66930326682,5238.92172983167,5238.92172983167,"transit"
"1045","36047107800",-73.875958957614,40.6588416638486,10800.793690779,40.7356094542025,-73.9876746575862,898.352256207958,17385.5546506508,2287.66930326682,3186.02155947477,3186.02155947477,"transit"
"1046","36047109800",-73.9016511268651,40.6526644632933,10136.6351269765,40.7356094542025,-73.9876746575862,324.34380073459,17693.2258268249,2328.15405738464,2652.49785811923,2652.49785811923,"transit"
"1047","36047110400",-73.8887707836458,40.6574131763848,10042.4731668901,40.7356094542025,-73.9876746575862,818.391375091149,16932.3952829069,2228.04055998501,3046.43193507616,3046.43193507616,"transit"
"1048","36047110600",-73.8842981043914,40.6573141865326,10341.7352083629,40.7356094542025,-73.9876746575862,816.795985084356,16932.3952829069,2228.04055998501,3044.83654506937,3044.83654506937,"transit"
"1049","36047111000",-73.8813457888083,40.6605445874535,10422.7485612202,40.7356094542025,-73.9876746575862,654.798453015148,17385.5546506508,2287.66930326682,2942.46775628196,2942.46775628196,"transit"
"1050","36047111600",-73.8756882490947,40.6638631900516,10710.7334588104,40.7356094542025,-73.9876746575862,808.292024239405,17385.5546506508,2287.66930326682,3095.96132750622,3095.96132750622,"transit"
"1051","36047111800",-73.8760180453484,40.6687566940492,10301.8662442621,40.7356094542025,-73.9876746575862,555.866719124984,17385.5546506508,2287.66930326682,2843.5360223918,2843.5360223918,"transit"
"1052","36047112000",-73.8805196517723,40.6666275342413,10080.1407862221,40.7356094542025,-73.9876746575862,214.497006262134,17385.5546506508,2287.66930326682,2502.16630952895,2502.16630952895,"transit"
"1053","36047112200",-73.8859222995043,40.6637279378013,9906.12042424756,40.7356094542025,-73.9876746575862,303.161608831438,17385.5546506508,2287.66930326682,2590.83091209825,2590.83091209825,"transit"
"1054","36047112400",-73.8871536176545,40.6660036655095,9728.19608580614,40.7356094542025,-73.9876746575862,163.691322136956,16932.3952829069,2228.04055998501,2391.73188212197,2391.73188212197,"transit"
"1055","36047112600",-73.8931118180077,40.6648985923152,9368.37999665779,40.7356094542025,-73.9876746575862,122.429800623524,16458.0593498969,2165.62530920998,2288.05510983351,2288.05510983351,"transit"
"1056","36047112800",-73.892108773274,40.6617410953261,9598.53058449741,40.7356094542025,-73.9876746575862,340.299112518508,16458.0593498969,2165.62530920998,2505.92442172849,2505.92442172849,"transit"
"1057","36047113000",-73.8964703905193,40.6621690714126,9404.90144938112,40.7356094542025,-73.9876746575862,251.724238617752,16458.0593498969,2165.62530920998,2417.34954782773,2417.34954782773,"transit"
"1058","36047113200",-73.8988897191961,40.6612558062985,9426.8168910436,40.7356094542025,-73.9876746575862,186.076639035116,16826.1951704218,2214.06627258277,2400.14291161789,2400.14291161789,"transit"
"1059","36047113400",-73.8996081518632,40.667779336565,8958.58404057782,40.7356094542025,-73.9876746575862,327.862954995336,17862.6931065813,2350.4533225848,2678.31627758014,2678.31627758014,"transit"
"1060","36047114201",-73.8973066481241,40.6804227057491,8336.55701719123,40.7356094542025,-73.9876746575862,909.09365324049,18230.5847638217,2398.86215785687,3307.95581109736,3307.95581109736,"transit"
"1061","36047114202",-73.8912342345204,40.6823969972347,8766.12452584498,40.7356094542025,-73.9876746575862,364.581380929822,18996.2174676903,2499.60754501378,2864.1889259436,2864.1889259436,"transit"
"1062","36047114400",-73.8985500523245,40.6728086275394,8572.01405905114,40.7356094542025,-73.9876746575862,274.004098561941,29325.3897961109,3858.76639491542,4132.77049347737,4132.77049347737,"transit"
"1063","36047114600",-73.8923418398233,40.679206565757,8614.68773740431,40.7356094542025,-73.9876746575862,142.061437680889,18996.2174676903,2499.60754501378,2641.66898269466,2641.66898269466,"transit"
"1064","36047115000",-73.8865225223964,40.6739223233137,9220.56479494994,40.7356094542025,-73.9876746575862,286.742480299418,29936.3425299793,3939.1582974519,4225.90077775132,4225.90077775132,"transit"
"1065","36047115200",-73.8909300833688,40.6732693022792,9006.73205779712,40.7356094542025,-73.9876746575862,56.9648348843675,29936.3425299793,3939.1582974519,3996.12313233627,3996.12313233627,"transit"
"1066","36047115600",-73.8958946814798,40.6683266784946,8941.3852574293,40.7356094542025,-73.9876746575862,326.555484994654,16458.0593498969,2165.62530920998,2492.18079420463,2492.18079420463,"transit"
"1067","36047115800",-73.8921623513386,40.6688809021434,9207.06789180656,40.7356094542025,-73.9876746575862,372.517890761156,16932.3952829069,2228.04055998501,2600.55845074617,2600.55845074617,"transit"
"1068","36047116000",-73.8885304879587,40.6694195080851,9431.1185544541,40.7356094542025,-73.9876746575862,376.555805603479,29936.3425299793,3939.1582974519,4315.71410305538,4315.71410305538,"transit"
"1069","36047116200",-73.8850349118179,40.6699381761068,9650.41253849891,40.7356094542025,-73.9876746575862,269.227287364968,17385.5546506508,2287.66930326682,2556.89659063178,2556.89659063178,"transit"
"1070","36047116400",-73.8811821754842,40.6705098621204,9811.67626886097,40.7356094542025,-73.9876746575862,315.69263335755,30743.4919495247,4045.36664037494,4361.05927373249,4361.05927373249,"transit"
"1071","36047116600",-73.882205172607,40.6745627379702,9582.5662764582,40.7356094542025,-73.9876746575862,68.9045365265312,30743.4919495247,4045.36664037494,4114.27117690147,4114.27117690147,"transit"
"1072","36047116800",-73.8825160265759,40.6789908266633,9318.74307764988,40.7356094542025,-73.9876746575862,307.723064905338,19453.5002275479,2559.77886273473,2867.50192764007,2867.50192764007,"transit"
"1073","36047117000",-73.8861810279908,40.6776000133893,9081.97437514682,40.7356094542025,-73.9876746575862,186.398939722159,19453.5002275479,2559.77886273473,2746.17780245689,2746.17780245689,"transit"
"1074","36047117201",-73.8875148997647,40.6808116630202,8903.53995181914,40.7356094542025,-73.9876746575862,219.578859036392,19453.5002275479,2559.77886273473,2779.35772177112,2779.35772177112,"transit"
"1075","36047117202",-73.883764974745,40.6827365017625,9203.52179889461,40.7356094542025,-73.9876746575862,379.870242409022,19453.5002275479,2559.77886273473,2939.64910514375,2939.64910514375,"transit"
"1076","36047117400",-73.8797861594086,40.6828583929539,9481.33174315097,40.7356094542025,-73.9876746575862,129.473980864214,20060.6572795982,2639.67131242345,2769.14529328766,2769.14529328766,"transit"
"1077","36047117601",-73.8768791860457,40.6847797665467,9620.59228482983,40.7356094542025,-73.9876746575862,358.322051719349,20622.8103027129,2713.64193001717,3071.96398173652,3071.96398173652,"transit"
"1078","36047117602",-73.8744475224394,40.6862349515075,9729.65826997598,40.7356094542025,-73.9876746575862,311.339010295846,20622.8103027129,2713.64193001717,3024.98094031302,3024.98094031302,"transit"
"1079","36047117800",-73.874288732609,40.6816528395753,9846.75283354003,40.7356094542025,-73.9876746575862,269.529953157806,20622.8103027129,2713.64193001717,2983.17188317498,2983.17188317498,"transit"
"1080","36047118000",-73.8779571623198,40.6894044571642,9674.50152527367,40.7356094542025,-73.9876746575862,414.080022249963,21360.597164147,2810.72323626087,3224.80325851083,3224.80325851083,"transit"
"1081","36047118201",-73.8718975916991,40.6879085436262,9923.22312108151,40.7356094542025,-73.9876746575862,192.228836266282,21360.597164147,2810.72323626087,3002.95207252715,3002.95207252715,"transit"
"1082","36047118202",-73.8690020521056,40.6886646139577,10131.1840566202,40.7356094542025,-73.9876746575862,333.202159318811,21821.021297106,2871.30790995226,3204.51006927107,3204.51006927107,"transit"
"1083","36047118400",-73.8694100092926,40.6843040857947,10062.3334321087,40.7356094542025,-73.9876746575862,259.993355707948,20622.8103027129,2713.64193001717,2973.63528572512,2973.63528572512,"transit"
"1084","36047118600",-73.867781104949,40.6814659477399,10434.0421556612,40.7356094542025,-73.9876746575862,650.277560996931,20622.8103027129,2713.64193001717,3363.9194910141,3363.9194910141,"transit"
"1085","36047118800",-73.8659138940762,40.679041181581,10405.4548132922,40.7356094542025,-73.9876746575862,237.291941665562,32077.4097553106,4220.88953157377,4458.18147323934,4458.18147323934,"transit"
"1086","36047119000",-73.8716142090628,40.6790578692181,10160.0014501332,40.7356094542025,-73.9876746575862,372.297055886666,31517.7063862876,4147.24125045892,4519.53830634559,4519.53830634559,"transit"
"1087","36047119200",-73.8781551880847,40.6771156536227,9644.84171588459,40.7356094542025,-73.9876746575862,408.936038383079,30743.4919495247,4045.36664037494,4454.30267875802,4454.30267875802,"transit"
"1088","36047119400",-73.8770602238723,40.6725527093879,10018.2460670191,40.7356094542025,-73.9876746575862,373.565119375897,30743.4919495247,4045.36664037494,4418.93175975084,4418.93175975084,"transit"
"1089","36047119600",-73.8731662555222,40.6758979794352,10060.6799264577,40.7356094542025,-73.9876746575862,147.996030461712,31517.7063862876,4147.24125045892,4295.23728092063,4295.23728092063,"transit"
"1090","36047119800",-73.8943856008454,40.676314775105,8556.97204694463,40.7356094542025,-73.9876746575862,249.147060544472,29325.3897961109,3858.76639491542,4107.9134554599,4107.9134554599,"transit"
"1091","36047120000",-73.8672723031112,40.6748774104482,10441.604089258,40.7356094542025,-73.9876746575862,340.302193162401,32077.4097553106,4220.88953157377,4561.19172473618,4561.19172473618,"transit"
"1092","36047120200",-73.8643639074045,40.6763414341577,10522.6297772,40.7356094542025,-73.9876746575862,139.604520195975,32077.4097553106,4220.88953157377,4360.49405176975,4360.49405176975,"transit"
"1093","36047120800",-73.8651604960308,40.6713064484522,10797.428777061,40.7356094542025,-73.9876746575862,676.408590104928,32077.4097553106,4220.88953157377,4897.2981216787,4897.2981216787,"transit"
"1094","36047121000",-73.8722311749366,40.6700550613542,10488.9176166684,40.7356094542025,-73.9876746575862,535.395828093094,31517.7063862876,4147.24125045892,4682.63707855201,4682.63707855201,"transit"
"1095","36047121400",-73.8651718756606,40.6674645830588,11120.8098145451,40.7356094542025,-73.9876746575862,1060.11200358611,32077.4097553106,4220.88953157377,5281.00153515988,5281.00153515988,"transit"
"1096","36047122000",-73.8627976289571,40.6637053586952,11687.890986328,40.7356094542025,-73.9876746575862,1435.00165067666,32077.4097553106,4220.88953157377,5655.89118225043,5655.89118225043,"transit"
"1097","36047123700",-73.9567404313402,40.6967383810167,4642.45874372149,40.7356094542025,-73.9876746575862,657.512796495379,26276.2831831956,3457.55126310523,4115.06405960061,4115.06405960061,"transit"
"1098","36047150200",-73.9813209676367,40.6546671449639,7461.89004591278,40.7356094542025,-73.9876746575862,704.773804400723,26582.2313328397,3497.80929365969,4202.58309806042,4202.58309806042,"transit"
"1099","36047152200",-73.967183586852,40.6439742163542,8396.53779207302,40.7356094542025,-73.9876746575862,160.08413071695,12991.9834319647,1709.5434849842,1869.62761570115,1869.62761570115,"transit"
"1100","36061000100",-74.0438106692408,40.692390980471,NA,40.7356094542025,-73.9876746575862,NA,NA,NA,NA,NA,NA
"1101","36061000201",-73.9855883612964,40.7094998134887,2664.31718182218,40.7356094542025,-73.9876746575862,683.637026057688,18759.2120064324,2468.42130279595,3152.05832885364,2664.31718182218,"walk"
"1102","36061000202",-73.9798451505548,40.7098785809514,2882.42376682811,40.7356094542025,-73.9876746575862,1078.32944584266,18759.2120064324,2468.42130279595,3546.75074863861,2882.42376682811,"walk"
"1103","36061000500",-74.0183491455728,40.6909861935504,NA,40.7356094542025,-73.9876746575862,NA,14577.3494495921,1918.15306033834,NA,NA,NA
"1104","36061000600",-73.989123592334,40.7099450840738,2467.75082812357,40.7356094542025,-73.9876746575862,369.407366769627,18759.2120064324,2468.42130279595,2837.82866956558,2467.75082812357,"walk"
"1105","36061000700",-74.0054065431991,40.7034187768848,3129.01470147792,40.7356094542025,-73.9876746575862,474.896901424332,11340.9136056426,1492.28830761855,1967.18520904288,1967.18520904288,"transit"
"1106","36061000800",-73.9937335888629,40.7096081175584,2358.82999236997,40.7356094542025,-73.9876746575862,567.700939319869,18759.2120064324,2468.42130279595,3036.12224211582,2358.82999236997,"walk"
"1107","36061000900",-74.0076660641453,40.7001265292644,3340.68632290086,40.7356094542025,-73.9876746575862,366.15586665922,14577.3494495921,1918.15306033834,2284.30892699756,2284.30892699756,"transit"
"1108","36061001001",-73.9734894767324,40.7120981200639,2786.33682837702,40.7356094542025,-73.9876746575862,1017.31755446046,16588.8423173115,2182.834318986,3200.15187344646,2786.33682837702,"walk"
"1109","36061001002",-73.973895564299,40.7163027328785,2200.05334961401,40.7356094542025,-73.9876746575862,1379.59403541435,16588.8423173115,2182.834318986,3562.42835440035,2200.05334961401,"walk"
"1110","36061001200",-73.9820939981655,40.715906578913,2161.97016712686,40.7356094542025,-73.9876746575862,432.151813349826,16588.8423173115,2182.834318986,2614.98613233583,2161.97016712686,"walk"
"1111","36061001300",-74.0129723273246,40.7091177269768,2836.56247250533,40.7356094542025,-73.9876746575862,177.518855838459,3642.127159288,479.247436640489,656.766292478949,656.766292478949,"transit"
"1112","36061001401",-73.9873314109715,40.715160298203,2107.86512313479,40.7356094542025,-73.9876746575862,250.068173861115,18759.2120064324,2468.42130279595,2718.48947665707,2107.86512313479,"walk"
"1113","36061001402",-73.9858854854006,40.7175157413682,1905.96800551802,40.7356094542025,-73.9876746575862,133.732096003428,16588.8423173115,2182.834318986,2316.56641498943,1905.96800551802,"walk"
"1114","36061001501",-74.0015581696337,40.7075647290321,2561.69889916317,40.7356094542025,-73.9876746575862,NA,17913.1039881859,2357.08661261868,NA,2561.69889916317,NA
"1115","36061001502",-74.0030042108413,40.7051601399769,2810.88197852027,40.7356094542025,-73.9876746575862,496.830701808285,11340.9136056426,1492.28830761855,1989.11900942684,1989.11900942684,"transit"
"1116","36061001600",-73.9932822354032,40.7159479602623,1860.10310450395,40.7356094542025,-73.9876746575862,284.386193856519,13360.3325614951,1758.0125165132,2042.39871036972,1860.10310450395,"walk"
"1117","36061001800",-73.9908455526722,40.7190473001413,1601.29230268507,40.7356094542025,-73.9876746575862,170.918328456106,16445.1923815046,2163.93221576495,2334.85054422106,1601.29230268507,"walk"
"1118","36061002000",-73.9728147115681,40.7193289356345,2076.98709377322,40.7356094542025,-73.9876746575862,1256.52777957356,16588.8423173115,2182.834318986,3439.36209855956,2076.98709377322,"walk"
"1119","36061002100",-74.0101101677084,40.7143436571526,2398.01126110908,40.7356094542025,-73.9876746575862,140.992574448397,17319.8711821995,2279.02637771583,2420.01895216423,2398.01126110908,"walk"
"1120","36061002201",-73.9818442531338,40.7191156284363,1847.78316747365,40.7356094542025,-73.9876746575862,470.607223458312,16588.8423173115,2182.834318986,2653.44154244431,1847.78316747365,"walk"
"1121","36061002202",-73.9811421752608,40.7212601434427,1667.88853749665,40.7356094542025,-73.9876746575862,614.429927564167,16588.8423173115,2182.834318986,2797.26424655017,1667.88853749665,"walk"
"1122","36061002400",-73.9697942365386,40.7226729532364,1750.73825675561,40.7356094542025,-73.9876746575862,3474.82399125242,25996.5000187263,3420.73613872246,6895.56012997489,1750.73825675561,"walk"
"1123","36061002500",-73.9975476294427,40.7086294628899,2446.52571395437,40.7356094542025,-73.9876746575862,585.09631775379,2741.1191177589,360.688755021119,945.78507277491,945.78507277491,"transit"
"1124","36061002601",-73.9799302348479,40.722584976904,1507.99271026203,40.7356094542025,-73.9876746575862,774.325754798792,16588.8423173115,2182.834318986,2957.16007378479,1507.99271026203,"walk"
"1125","36061002602",-73.9786159369849,40.7243900938304,1378.42098320475,40.7356094542025,-73.9876746575862,769.692908784392,28699.5178319472,3776.41135310266,4546.10426188705,1378.42098320475,"walk"
"1126","36061002700",-73.99900634892,40.7125599625438,2090.65633724228,40.7356094542025,-73.9876746575862,411.505784133145,2741.1191177589,360.688755021119,772.194539154264,772.194539154264,"transit"
"1127","36061002800",-73.9768107009612,40.7268637082698,1177.28057355358,40.7356094542025,-73.9876746575862,569.186835123327,28699.5178319472,3776.41135310266,4345.59818822599,1177.28057355358,"walk"
"1128","36061002900",-74.0005909895641,40.7141197946574,2022.49394496517,40.7356094542025,-73.9876746575862,309.837776890315,2741.1191177589,360.688755021119,670.526531911434,670.526531911434,"transit"
"1129","36061003001",-73.9868386994929,40.7210056596577,1524.99795364976,40.7356094542025,-73.9876746575862,246.37156113949,16588.8423173115,2182.834318986,2429.20588012549,1524.99795364976,"walk"
"1130","36061003002",-73.9858661981883,40.7229641489858,1353.098097122,40.7356094542025,-73.9876746575862,329.426105076602,17614.0390674858,2317.73430821901,2647.16041329561,1353.098097122,"walk"
"1131","36061003100",-74.0038600067007,40.7152761753608,2017.84114892368,40.7356094542025,-73.9876746575862,257.644227624786,2741.1191177589,360.688755021119,618.332982645906,618.332982645906,"transit"
"1132","36061003200",-73.9837166444455,40.7255579464534,1155.05256892097,40.7356094542025,-73.9876746575862,578.05260023069,17614.0390674858,2317.73430821901,2895.7869084497,1155.05256892097,"walk"
"1133","36061003300",-74.0061466996688,40.718864140753,1964.84675460348,40.7356094542025,-73.9876746575862,40.7279902395272,13036.5835778391,1715.41217233346,1756.14016257298,1756.14016257298,"transit"
"1134","36061003400",-73.9814618003097,40.7290091794812,821.69537272369,40.7356094542025,-73.9876746575862,212.967298303336,28699.5178319472,3776.41135310266,3989.378651406,821.69537272369,"walk"
"1135","36061003601",-73.9911396781777,40.7223222090561,1280.79200951094,40.7356094542025,-73.9876746575862,145.605522637713,17614.0390674858,2317.73430821901,2463.33983085672,1280.79200951094,"walk"
"1136","36061003602",-73.9902061355215,40.7245630370872,1050.06467334573,40.7356094542025,-73.9876746575862,171.944881108769,17614.0390674858,2317.73430821901,2489.67918932778,1050.06467334573,"walk"
"1137","36061003700",-74.0116101544169,40.7264979397389,2065.72141460162,40.7356094542025,-73.9876746575862,578.333918668352,14278.195120219,1878.78899114424,2457.12290981259,2065.72141460162,"walk"
"1138","36061003800",-73.9884656102371,40.727366897714,843.977709233995,40.7356094542025,-73.9876746575862,342.939244615935,4182.02352796872,550.289423761095,893.22866837703,843.977709233995,"walk"
"1139","36061003900",-74.0145955235738,40.7217012261036,2449.71100231675,40.7356094542025,-73.9876746575862,605.52723763752,13036.5835778391,1715.41217233346,2320.93940997098,2320.93940997098,"transit"
"1140","36061004000",-73.9860235432704,40.7307447718762,513.784449148932,40.7356094542025,-73.9876746575862,280.523666016237,29156.0395668325,3836.48253174245,4117.00619775869,513.784449148932,"walk"
"1141","36061004100",-73.996695411565,40.7191610325771,1572.5878915809,40.7356094542025,-73.9876746575862,191.495718941897,13360.3325614951,1758.0125165132,1949.5082354551,1572.5878915809,"walk"
"1142","36061004200",-73.9893668357451,40.7318013823887,392.143165079817,40.7356094542025,-73.9876746575862,293.54075380125,29156.0395668325,3836.48253174245,4130.0232855437,392.143165079817,"walk"
"1143","36061004300",-73.9954662545959,40.7233237250384,1192.80316035421,40.7356094542025,-73.9876746575862,185.393557725277,1565.23361042905,205.960462865416,391.354020590693,391.354020590693,"transit"
"1144","36061004400",-73.9713694706069,40.7289624530623,1334.51741887065,40.7356094542025,-73.9876746575862,832.269131767429,28699.5178319472,3776.41135310266,4608.68048487009,1334.51741887065,"walk"
"1145","36061004500",-73.9993912052272,40.7205701203155,NA,40.7356094542025,-73.9876746575862,NA,15205.6163433368,2000.82323773328,NA,NA,NA
"1146","36061004700",-74.0028653311538,40.7224188635563,1592.0778364588,40.7356094542025,-73.9876746575862,NA,16274.5110873647,2141.473205104,NA,1592.0778364588,NA
"1147","36061004800",-73.9837296969024,40.7338561226077,302.847137122213,40.7356094542025,-73.9876746575862,287.033247157779,29156.0395668325,3836.48253174245,4123.51577890023,302.847137122213,"walk"
"1148","36061004900",-74.0004801809388,40.725060733208,1278.44249683269,40.7356094542025,-73.9876746575862,179.86764576084,14470.986276431,1904.15731668056,2084.0249624414,1278.44249683269,"walk"
"1149","36061005000",-73.9872189417348,40.7361105994202,53.4267172935918,40.7356094542025,-73.9876746575862,NA,0,0,NA,53.4267172935918,NA
"1150","36061005200",-73.9904576170298,40.7374423750918,253.310592568847,40.7356094542025,-73.9876746575862,145.21209157436,6200.79536426626,815.928481760582,961.140573334942,253.310592568847,"walk"
"1151","36061005400",-73.9936779787918,40.7388112115021,552.687988268598,40.7356094542025,-73.9876746575862,242.284269351118,NA,NA,NA,552.687988268598,NA
"1152","36061005501",-73.9970830109363,40.7276733910183,1053.57204504697,40.7356094542025,-73.9876746575862,291.236477480211,16938.8026556408,2228.88367084415,2520.12014832436,1053.57204504697,"walk"
"1153","36061005502",-73.9938720561932,40.7262229256738,974.912002616045,40.7356094542025,-73.9876746575862,67.7555830751728,5028.69866515063,661.698737992999,729.454321068171,729.454321068171,"transit"
"1154","36061005600",-73.9872892424067,40.7417903628678,660.355157191331,40.7356094542025,-73.9876746575862,147.660000679285,16453.1270178611,2164.97629082555,2312.63629150483,660.355157191331,"walk"
"1155","36061005700",-73.9923911629324,40.7294159585532,647.313175114155,40.7356094542025,-73.9876746575862,73.5513549452088,4182.02352796872,550.289423761095,623.840778706304,623.840778706304,"transit"
"1156","36061005800",-73.9905105750192,40.7431454149703,829.93371548327,40.7356094542025,-73.9876746575862,211.555167506561,16956.4608208932,2231.20721147379,2442.76237898035,829.93371548327,"walk"
"1157","36061005900",-73.9945614246419,40.7312894727097,673.855741954724,40.7356094542025,-73.9876746575862,185.09629936291,16637.6630169305,2189.25836573783,2374.35466510074,673.855741954724,"walk"
"1158","36061006000",-73.9702488176246,40.7322240410664,1161.83478158031,40.7356094542025,-73.9876746575862,676.905240427956,28699.5178319472,3776.41135310266,4453.31659353062,1161.83478158031,"walk"
"1159","36061006100",-73.992324121588,40.7337082463871,427.310581837475,40.7356094542025,-73.9876746575862,NA,6110.44297021594,804.039508270867,NA,427.310581837475,NA
"1160","36061006200",-73.9693378372753,40.7373130848036,1333.66167362395,40.7356094542025,-73.9876746575862,1079.23036212538,28699.5178319472,3776.41135310266,4855.64171522804,1333.66167362395,"walk"
"1161","36061006300",-73.9968602550821,40.7344214327712,678.593977067187,40.7356094542025,-73.9876746575862,257.411525032429,NA,NA,NA,678.593977067187,NA
"1162","36061006400",-73.9814755478992,40.7369537660249,574.801674725098,40.7356094542025,-73.9876746575862,447.726548557306,6812.24431004021,896.385678086474,1344.11222664378,574.801674725098,"walk"
"1163","36061006500",-73.9995773520781,40.7299684850561,1040.46257519378,40.7356094542025,-73.9876746575862,200.076012593454,15506.0238555687,2040.35220635194,2240.42821894539,1040.46257519378,"walk"
"1164","36061006600",-73.9792316924137,40.7400705284386,844.016625181527,40.7356094542025,-73.9876746575862,456.201755978942,1074.28102708629,141.35871866793,597.560474646872,597.560474646872,"transit"
"1165","36061006700",-74.0041204618562,40.7304513175121,1371.70579882088,40.7356094542025,-73.9876746575862,174.664710581952,14278.195120219,1878.78899114424,2053.45370172619,1371.70579882088,"walk"
"1166","36061006800",-73.9840802835428,40.7404365996805,489.096467486318,40.7356094542025,-73.9876746575862,213.340098321012,6812.24431004021,896.385678086474,1109.72577640749,489.096467486318,"walk"
"1167","36061006900",-74.0135300763397,40.7306147329441,2174.50181021313,40.7356094542025,-73.9876746575862,NA,NA,NA,NA,2174.50181021313,NA
"1168","36061007000",-73.9769613799138,40.7431849628987,1147.22556161622,40.7356094542025,-73.9876746575862,437.99153323485,7643.42443719909,1005.75608936154,1443.74762259639,1147.22556161622,"walk"
"1169","36061007100",-73.9999138977967,40.7354476587929,1012.56355879203,40.7356094542025,-73.9876746575862,113.20011433645,15819.9737782519,2081.66314611298,2194.86326044943,1012.56355879203,"walk"
"1170","36061007200",-73.9808584194306,40.744865642166,917.812462959535,40.7356094542025,-73.9876746575862,164.05774851909,7643.42443719909,1005.75608936154,1169.81383788063,917.812462959535,"walk"
"1171","36061007300",-74.0041065228116,40.7341146319549,1250.5943432491,40.7356094542025,-73.9876746575862,138.183667608489,14746.3906083572,1940.39625462614,2078.57992223463,1250.5943432491,"walk"
"1172","36061007400",-73.984082887748,40.7462135636602,1105.67441856831,40.7356094542025,-73.9876746575862,180.542496219928,7643.42443719909,1005.75608936154,1186.29858558147,1105.67441856831,"walk"
"1173","36061007500",-74.0128226303713,40.7343796019215,1748.84141623213,40.7356094542025,-73.9876746575862,NA,NA,NA,NA,1748.84141623213,NA
"1174","36061007600",-73.9872980343234,40.7475672112336,1209.1920966814,40.7356094542025,-73.9876746575862,96.4019532933624,NA,NA,NA,1209.1920966814,NA
"1175","36061007700",-74.0032949535152,40.7380854305661,1176.41895961732,40.7356094542025,-73.9876746575862,196.483115184109,16646.9372767131,2190.47871446076,2386.96182964487,1176.41895961732,"walk"
"1176","36061007800",-73.9746729440142,40.7463236545858,1412.00856140605,40.7356094542025,-73.9876746575862,592.974396188432,3516.93857334531,462.774560684833,1055.74895687327,1055.74895687327,"transit"
"1177","36061007900",-74.0122365669606,40.7395238824555,1679.31002715119,40.7356094542025,-73.9876746575862,605.068889998221,16646.9372767131,2190.47871446076,2795.54760445898,1679.31002715119,"walk"
"1178","36061008000",-73.9776519896436,40.749258845924,1287.49468712506,40.7356094542025,-73.9876746575862,241.9393707517,3516.93857334531,462.774560684833,704.713931436533,704.713931436533,"transit"
"1179","36061008100",-73.9987712619404,40.7398052965155,775.230075639301,40.7356094542025,-73.9876746575862,129.494187763273,15605.7303315411,2053.47203191991,2182.96621968319,775.230075639301,"walk"
"1180","36061008200",-73.9808740612026,40.7506131903715,1511.62089920815,40.7356094542025,-73.9876746575862,187.450878395166,18428.7910625403,2424.94303214613,2612.39391054129,1511.62089920815,"walk"
"1181","36061008300",-74.0044534687574,40.7421982633141,1176.72077463221,40.7356094542025,-73.9876746575862,257.055460585269,16583.0724102325,2182.07508871854,2439.13054930381,1176.72077463221,"walk"
"1182","36061008400",-73.984094214637,40.7519694579686,1595.24345191432,40.7356094542025,-73.9876746575862,261.066407358879,28379.5272951648,3734.30556222957,3995.37196958845,1595.24345191432,"walk"
"1183","36061008601",-73.9667157739076,40.7441313148042,1848.07266841051,40.7356094542025,-73.9876746575862,4314.99523691723,25511.251578977,3356.88497133788,7671.88020825511,1848.07266841051,"walk"
"1184","36061008602",-73.9636162516716,40.7483547174168,7597.63165557216,40.7356094542025,-73.9876746575862,3690.58958085349,25511.251578977,3356.88497133788,7047.47455219136,7047.47455219136,"transit"
"1185","36061008603",-73.9628743560513,40.7531107077256,2593.36052882925,40.7356094542025,-73.9876746575862,720.450444757313,20121.8106871859,2647.71815223614,3368.16859699345,2593.36052882925,"walk"
"1186","36061008700",-73.9969961771966,40.7422439220601,914.056037961196,40.7356094542025,-73.9876746575862,125.232412173878,15605.7303315411,2053.47203191991,2178.70444409379,914.056037961196,"walk"
"1187","36061008800",-73.9723664656588,40.7494963050782,1699.03074207797,40.7356094542025,-73.9876746575862,293.522170306104,3516.93857334531,462.774560684833,756.296730990938,756.296730990938,"transit"
"1188","36061008900",-74.0026785549772,40.744638043059,1312.34571043387,40.7356094542025,-73.9876746575862,372.780303527467,17239.9431150516,2268.50908394191,2641.28938746937,1312.34571043387,"walk"
"1189","36061009000",-73.9700400215078,40.7526520697124,2002.56237294017,40.7356094542025,-73.9876746575862,516.551859377597,9104.64396569996,1198.02991253579,1714.58177191338,1714.58177191338,"transit"
"1190","36061009100",-73.9951958703833,40.7447178246964,1081.4207617364,40.7356094542025,-73.9876746575862,73.4585101722374,16134.0540559048,2122.99123856594,2196.44974873818,1081.4207617364,"walk"
"1191","36061009200",-73.9747422232167,40.7536475781299,1685.0798067456,40.7356094542025,-73.9876746575862,191.094714084041,3516.93857334531,462.774560684833,653.869274768875,653.869274768875,"transit"
"1192","36061009300",-74.0008752333547,40.7471119020172,1464.3767092017,40.7356094542025,-73.9876746575862,234.779672336058,17239.9431150516,2268.50908394191,2503.28875627797,1464.3767092017,"walk"
"1193","36061009400",-73.9777463317703,40.7552279465694,1922.62051704861,40.7356094542025,-73.9876746575862,241.544199404781,18428.7910625403,2424.94303214613,2666.48723155091,1922.62051704861,"walk"
"1194","36061009500",-73.9933577814505,40.7472362519911,1250.73005875006,40.7356094542025,-73.9876746575862,0,16483.6615923074,2168.99416716327,2168.99416716327,1250.73005875006,"walk"
"1195","36061009600",-73.9808860972286,40.7563747665706,2045.32133531529,40.7356094542025,-73.9876746575862,182.943985504026,19045.2524015314,2506.05978166599,2689.00376717001,2045.32133531529,"walk"
"1196","36061009700",-73.9990419874176,40.7496603868722,1656.35517931592,40.7356094542025,-73.9876746575862,470.326347060685,17239.9431150516,2268.50908394191,2738.83543100259,1656.35517931592,"walk"
"1197","36061009800",-73.9677744910845,40.7557880324489,2257.0792092454,40.7356094542025,-73.9876746575862,374.920932154539,20121.8106871859,2647.71815223614,3022.63908439068,2257.0792092454,"walk"
"1198","36061009900",-74.008206796581,40.7523598999526,2127.91562623312,40.7356094542025,-73.9876746575862,676.206449583372,30196.8000455395,3973.43046622219,4649.63691580557,2127.91562623312,"walk"
"1199","36061010000",-73.9712318121866,40.7580652714762,2128.80666253252,40.7356094542025,-73.9876746575862,35.4326706027021,20121.8106871859,2647.71815223614,2683.15082283884,2128.80666253252,"walk"
"1200","36061010100",-73.9915412166396,40.7497314076135,1405.13300003324,40.7356094542025,-73.9876746575862,136.981248202185,16976.3127570555,2233.81941832491,2370.8006665271,1405.13300003324,"walk"
"1201","36061010200",-73.9744493396223,40.7594238151054,2312.87619326916,40.7356094542025,-73.9876746575862,139.815080077203,19662.3317960978,2587.25785771213,2727.07293778934,2312.87619326916,"walk"
"1202","36061010300",-73.997190402942,40.7521404349579,1826.75789821775,40.7356094542025,-73.9876746575862,325.909773690271,18314.6199253222,2409.9198815374,2735.82965522767,1826.75789821775,"walk"
"1203","36061010400",-73.9776728989764,40.760779075548,2381.37714605201,40.7356094542025,-73.9876746575862,156.493326754907,19662.3317960978,2587.25785771213,2743.75118446704,2381.37714605201,"walk"
"1204","36061010601",-73.9599669921313,40.7567752584478,3036.23007032652,40.7356094542025,-73.9876746575862,4555.71312182482,36912.0632345908,4857.05493318018,9412.768055005,3036.23007032652,"walk"
"1205","36061010602",-73.95810869766,40.7598813091658,3191.53088579837,40.7356094542025,-73.9876746575862,4212.72719107246,36912.0632345908,4857.05493318018,9069.78212425265,3191.53088579837,"walk"
"1206","36061010800",-73.9654532001386,40.7589680120236,2560.83647471963,40.7356094542025,-73.9876746575862,445.237700966699,20121.8106871859,2647.71815223614,3092.95585320284,2560.83647471963,"walk"
"1207","36061010900",-73.9897027535483,40.7522504893581,1571.86300914416,40.7356094542025,-73.9876746575862,127.573795449472,16976.3127570555,2233.81941832491,2361.39321377439,1571.86300914416,"walk"
"1208","36061011000",-73.9631398415651,40.762147134012,2840.1839760868,40.7356094542025,-73.9876746575862,332.071365686065,38198.9710498457,5026.39203885502,5358.46340454109,2840.1839760868,"walk"
"1209","36061011100",-73.9953876204972,40.7546436653887,1973.31210265362,40.7356094542025,-73.9876746575862,315.519458643461,18314.6199253222,2409.9198815374,2725.43934018086,1973.31210265362,"walk"
"1210","36061011201",-73.9753455364033,40.7639780829743,2692.87337191377,40.7356094542025,-73.9876746575862,127.701637629332,19543.5323762522,2571.62569690463,2699.32733453396,2692.87337191377,"walk"
"1211","36061011202",-73.9721311337899,40.7626039613574,2565.34212629364,40.7356094542025,-73.9876746575862,284.774216448068,20149.964874194,2651.42280651211,2936.19702296018,2565.34212629364,"walk"
"1212","36061011203",-73.9689142455187,40.7612443988942,2386.11498747563,40.7356094542025,-73.9876746575862,169.939809139568,38253.047250169,5033.507627975,5203.44743711457,2386.11498747563,"walk"
"1213","36061011300",-73.9878701822622,40.7547752181516,1744.57228926685,40.7356094542025,-73.9876746575862,NA,17463.4093667785,2297.9137762088,NA,1744.57228926685,NA
"1214","36061011401",-73.9704938939896,40.764840225067,2796.57549594159,40.7356094542025,-73.9876746575862,178.33863189302,20149.964874194,2651.42280651211,2829.76143840513,2796.57549594159,"walk"
"1215","36061011402",-73.9672788590653,40.7634830510853,2609.71848460062,40.7356094542025,-73.9876746575862,67.7625067984261,38198.9710498457,5026.39203885502,5094.15454565345,2609.71848460062,"walk"
"1216","36061011500",-73.9935527933096,40.7571660946492,2140.96427196629,40.7356094542025,-73.9876746575862,320.960780956923,18792.7779172359,2472.8380559755,2793.79883693242,2140.96427196629,"walk"
"1217","36061011600",-73.9550304941881,40.7628183357453,3525.73325182804,40.7356094542025,-73.9876746575862,4541.29488598262,36912.0632345908,4857.05493318018,9398.3498191628,3525.73325182804,"walk"
"1218","36061011700",-74.0025522141299,40.7610294674791,2771.51795094303,40.7356094542025,-73.9876746575862,561.162146634186,30196.8000455395,3973.43046622219,4534.59261285638,2771.51795094303,"walk"
"1219","36061011800",-73.9608553187135,40.7652747650379,3126.50763040445,40.7356094542025,-73.9876746575862,384.170622703914,10474.2225564447,1378.24520985683,1762.41583256074,1762.41583256074,"transit"
"1220","36061011900",-73.9860246551179,40.7573151197718,1936.25285465555,40.7356094542025,-73.9876746575862,168.090695164492,9073.27909059028,1193.90278151057,1361.99347667507,1361.99347667507,"transit"
"1221","36061012000",-73.9647672747145,40.7669263879529,2906.23144148341,40.7356094542025,-73.9876746575862,117.370014159646,10474.2225564447,1378.24520985683,1495.61522401647,1495.61522401647,"transit"
"1222","36061012100",-73.9917004058234,40.7597091655595,2330.06763719144,40.7356094542025,-73.9876746575862,306.239953581695,18792.7779172359,2472.8380559755,2779.07800955719,2330.06763719144,"walk"
"1223","36061012200",-73.9679849226146,40.7682811506105,3081.75901972228,40.7356094542025,-73.9876746575862,323.567821789326,10474.2225564447,1378.24520985683,1701.81303164615,1701.81303164615,"transit"
"1224","36061012400",-73.9528060154312,40.7663227745972,3852.17063581417,40.7356094542025,-73.9876746575862,426.305594376394,21815.3385035148,2870.56014246848,3296.86573684487,3296.86573684487,"transit"
"1225","36061012500",-73.9841752446226,40.7598407186676,2153.86140089316,40.7356094542025,-73.9876746575862,5.69583404866766,20012.0073017685,2633.26973001081,2638.96556405947,2153.86140089316,"walk"
"1226","36061012600",-73.9585261859202,40.7684665923277,3431.18766213271,40.7356094542025,-73.9876746575862,29.1826428959936,21815.3385035148,2870.56014246848,2899.74278536447,2899.74278536447,"transit"
"1227","36061012700",-73.9898560243399,40.7622370195296,2513.64063006695,40.7356094542025,-73.9876746575862,312.423493773133,19476.8664757353,2562.85349853353,2875.27699230666,2513.64063006695,"walk"
"1228","36061012800",-73.9615172399535,40.7713808872886,3320.01630384174,40.7356094542025,-73.9876746575862,248.820112254375,5071.00823947547,667.26602165821,916.086133912585,916.086133912585,"transit"
"1229","36061012900",-74.0000306293456,40.7649099160108,3077.24071632429,40.7356094542025,-73.9876746575862,943.610656934072,30196.8000455395,3973.43046622219,4917.04112315627,3077.24071632429,"walk"
"1230","36061013000",-73.9647331582383,40.7727363906787,3492.11550741446,40.7356094542025,-73.9876746575862,443.419911078653,5071.00823947547,667.26602165821,1110.68593273686,1110.68593273686,"transit"
"1231","36061013100",-73.9823533934884,40.7623458168219,2383.1919480754,40.7356094542025,-73.9876746575862,76.8638813570346,19005.6602178951,2500.85006446259,2577.71394581963,2383.1919480754,"walk"
"1232","36061013200",-73.9502654583319,40.7692456829452,4156.11799419709,40.7356094542025,-73.9876746575862,711.481955366593,21815.3385035148,2870.56014246848,3582.04209783507,3582.04209783507,"transit"
"1233","36061013300",-73.9880351558565,40.7647380764908,2727.01570737933,40.7356094542025,-73.9876746575862,312.944573528385,19476.8664757353,2562.85349853353,2875.79807206191,2727.01570737933,"walk"
"1234","36061013400",-73.9561657789784,40.7717017243801,3728.12307635959,40.7356094542025,-73.9876746575862,283.249088983467,21815.3385035148,2870.56014246848,3153.80923145194,3153.80923145194,"transit"
"1235","36061013500",-73.9962605619512,40.7702425267744,3525.54575840673,40.7356094542025,-73.9876746575862,1123.94685447529,19040.2655677156,2505.40359169276,3629.35044616805,3525.54575840673,"walk"
"1236","36061013600",-73.9472307506055,40.772345056621,4506.95606276836,40.7356094542025,-73.9876746575862,714.71675130136,22969.1542093776,3022.384391103,3737.10114240436,3737.10114240436,"transit"
"1237","36061013700",-73.9802337343543,40.7652069934844,2641.26462673694,40.7356094542025,-73.9876746575862,33.4881288047596,19195.0825056235,2525.77509916516,2559.26322796992,2559.26322796992,"transit"
"1238","36061013800",-73.9538150418792,40.7749215599695,4033.29466559393,40.7356094542025,-73.9876746575862,275.818479949459,22969.1542093776,3022.384391103,3298.20287105246,3298.20287105246,"transit"
"1239","36061013900",-73.9861710867724,40.7672922901299,2926.33880111903,40.7356094542025,-73.9876746575862,400.196314665268,19040.2655677156,2505.40359169276,2905.59990635802,2905.59990635802,"transit"
"1240","36061014000",-73.9582100109455,40.7759141168982,3728.69109198481,40.7356094542025,-73.9876746575862,201.67617624524,5071.00823947547,667.26602165821,868.94219790345,868.94219790345,"transit"
"1241","36061014200",-73.9614256602524,40.7772742074199,3907.00333139145,40.7356094542025,-73.9876746575862,402.268160143296,5071.00823947547,667.26602165821,1069.53418180151,1069.53418180151,"transit"
"1242","36061014300",-73.9655557561748,40.7824763438707,4348.35582233468,40.7356094542025,-73.9876746575862,407.141034579668,22271.9611772295,2930.64460309244,3337.7856376721,3337.7856376721,"transit"
"1243","36061014401",-73.9475519951638,40.7752485764408,4543.77237919343,40.7356094542025,-73.9876746575862,377.124233719985,22969.1542093776,3022.384391103,3399.50862482298,3399.50862482298,"transit"
"1244","36061014402",-73.9453766837195,40.7762339366123,4786.26600104439,40.7356094542025,-73.9876746575862,509.657240605772,22969.1542093776,3022.384391103,3532.04163170877,3532.04163170877,"transit"
"1245","36061014500",-73.9842549312662,40.7698085018929,3079.95734650691,40.7356094542025,-73.9876746575862,197.543340117614,19040.2655677156,2505.40359169276,2702.94693181037,2702.94693181037,"transit"
"1246","36061014601",-73.9521609874503,40.7771917811866,4234.83247008832,40.7356094542025,-73.9876746575862,74.3740174904569,22969.1542093776,3022.384391103,3096.75840859346,3096.75840859346,"transit"
"1247","36061014602",-73.9509749507275,40.7788147506745,4365.25731769514,40.7356094542025,-73.9876746575862,76.0417144611412,22969.1542093776,3022.384391103,3098.42610556414,3098.42610556414,"transit"
"1248","36061014700",-73.9888035848558,40.771328547643,3362.77967844111,40.7356094542025,-73.9876746575862,593.330396263188,18870.4816084995,2483.0626563881,3076.39305265128,3076.39305265128,"transit"
"1249","36061014801",-73.9560743246949,40.7788416150569,4013.2213282423,40.7356094542025,-73.9876746575862,70.1168216674699,5809.95512140177,764.499968604174,834.616790271644,834.616790271644,"transit"
"1250","36061014802",-73.9544321124442,40.7810926898769,4232.94516337266,40.7356094542025,-73.9876746575862,164.296410539942,5809.95512140177,764.499968604174,928.796379144116,928.796379144116,"transit"
"1251","36061014900",-73.9824833817047,40.7723543322264,3225.29932142,40.7356094542025,-73.9876746575862,121.367673017103,18870.4816084995,2483.0626563881,2604.4303294052,2604.4303294052,"transit"
"1252","36061015001",-73.9592833971725,40.780198749068,4198.34858145968,40.7356094542025,-73.9876746575862,292.895427239807,5809.95512140177,764.499968604174,1057.39539584398,1057.39539584398,"transit"
"1253","36061015002",-73.9576477963964,40.7824498959304,4380.77101342929,40.7356094542025,-73.9876746575862,348.796252185724,5809.95512140177,764.499968604174,1113.2962207899,1113.2962207899,"transit"
"1254","36061015100",-73.992528701165,40.7752437261151,3888.87821690872,40.7356094542025,-73.9876746575862,874.946138988973,18870.4816084995,2483.0626563881,3358.00879537707,3358.00879537707,"transit"
"1255","36061015200",-73.9410903447816,40.7782137298784,4999.66934001653,40.7356094542025,-73.9876746575862,720.914246069118,23781.0272186859,3129.21428516541,3850.12853123453,3850.12853123453,"transit"
"1256","36061015300",-73.9806657882927,40.7748578091038,3445.80829367452,40.7356094542025,-73.9876746575862,190.208187976351,18870.4816084995,2483.0626563881,2673.27084436445,2673.27084436445,"transit"
"1257","36061015400",-73.9491244949745,40.7813493875702,4618.40099023171,40.7356094542025,-73.9876746575862,264.74283429505,23781.0272186859,3129.21428516541,3393.95711946046,3393.95711946046,"transit"
"1258","36061015500",-73.9903455317442,40.7786962760531,4032.96960633926,40.7356094542025,-73.9876746575862,713.808683999129,18231.1781204374,2398.94023438321,3112.74891838234,3112.74891838234,"transit"
"1259","36061015601",-73.9475024027242,40.7835685874108,4817.8141771616,40.7356094542025,-73.9876746575862,77.2136284717188,23781.0272186859,3129.21428516541,3206.42791363713,3206.42791363713,"transit"
"1260","36061015602",-73.9463252651947,40.785182050533,4975.32874490712,40.7356094542025,-73.9876746575862,111.946373180083,23781.0272186859,3129.21428516541,3241.16065834549,3241.16065834549,"transit"
"1261","36061015700",-73.9787895894689,40.7774174635817,3680.23770333295,40.7356094542025,-73.9876746575862,213.420464044471,21160.1028875832,2784.34129957883,2997.7617636233,2997.7617636233,"transit"
"1262","36061015801",-73.9521036671542,40.7842784046531,4526.85159711519,40.7356094542025,-73.9876746575862,131.551005319289,6624.1429857801,871.634461685242,1003.18546700453,1003.18546700453,"transit"
"1263","36061015802",-73.9504650031087,40.7865243422858,4715.19601657451,40.7356094542025,-73.9876746575862,70.2976643310982,6624.1429857801,871.634461685242,941.93212601634,941.93212601634,"transit"
"1264","36061015900",-73.9873855655339,40.7805321099491,4087.31729462337,40.7356094542025,-73.9876746575862,457.497026135262,18231.1781204374,2398.94023438321,2856.43726051848,2856.43726051848,"transit"
"1265","36061016001",-73.9553223160607,40.7856349314883,4718.6733842542,40.7356094542025,-73.9876746575862,354.679402001593,6624.1429857801,871.634461685242,1226.31386368684,1226.31386368684,"transit"
"1266","36061016002",-73.9536852832418,40.7878787241501,4905.24156780867,40.7356094542025,-73.9876746575862,285.301745994,6624.1429857801,871.634461685242,1156.93620767924,1156.93620767924,"transit"
"1267","36061016100",-73.9771933555973,40.7799491613687,3916.03019826519,40.7356094542025,-73.9876746575862,427.816697410247,18231.1781204374,2398.94023438321,2826.75693179346,2826.75693179346,"transit"
"1268","36061016200",-73.9357921164467,40.7841757144402,5947.83032360124,40.7356094542025,-73.9876746575862,1090.71454199191,23781.0272186859,3129.21428516541,4219.92882715732,4219.92882715732,"transit"
"1269","36061016300",-73.9871817605602,40.7839685093789,4349.05238328842,40.7356094542025,-73.9876746575862,706.250394340029,17666.833055073,2324.68117803288,3030.93157237291,3030.93157237291,"transit"
"1270","36061016400",-73.9444744743301,40.7877140613835,5178.32761759561,40.7356094542025,-73.9876746575862,321.29775142196,7183.62190806661,945.253209091253,1266.55096051321,1266.55096051321,"transit"
"1271","36061016500",-73.9749986657366,40.7823577037766,4152.9143485254,40.7356094542025,-73.9876746575862,249.30639172345,21907.5768698425,2882.69728065425,3132.0036723777,3132.0036723777,"transit"
"1272","36061016600",-73.9483593324393,40.7893745590103,4993.39594537509,40.7356094542025,-73.9876746575862,88.8492520335032,7183.62190806661,945.253209091253,1034.10246112476,1034.10246112476,"transit"
"1273","36061016700",-73.9836897043399,40.7864570271334,4649.30412318468,40.7356094542025,-73.9876746575862,536.404019128747,17666.833055073,2324.68117803288,2861.08519716163,2861.08519716163,"transit"
"1274","36061016800",-73.9513450051627,40.7910510179056,5193.01752547185,40.7356094542025,-73.9876746575862,287.671941108652,7183.62190806661,945.253209091253,1232.92515019991,1232.92515019991,"transit"
"1275","36061016900",-73.9731195328349,40.7851958926271,4392.25219856231,40.7356094542025,-73.9876746575862,326.710907885129,22271.9611772295,2930.64460309244,3257.35551097757,3257.35551097757,"transit"
"1276","36061017000",-73.9421468424752,40.7909024555596,5466.07278790636,40.7356094542025,-73.9876746575862,452.351398876959,7183.62190806661,945.253209091253,1397.60460796821,1397.60460796821,"transit"
"1277","36061017100",-73.9824728672391,40.7890630028587,4769.38044921756,40.7356094542025,-73.9876746575862,685.460415430938,17088.6943507903,2248.60709277105,2934.06750820199,2934.06750820199,"transit"
"1278","36061017200",-73.9451333469056,40.7938269839346,5370.75443861883,40.7356094542025,-73.9876746575862,108.931958082427,7713.48551761877,1014.97504074103,1123.90699882345,1123.90699882345,"transit"
"1279","36061017300",-73.9712361248603,40.787770465789,4632.50265086939,40.7356094542025,-73.9876746575862,306.616886890644,22271.9611772295,2930.64460309244,3237.26148998308,3237.26148998308,"transit"
"1280","36061017401",-73.9485760089447,40.794887530712,5546.30260220532,40.7356094542025,-73.9876746575862,340.685815007202,7713.48551761877,1014.97504074103,1355.66085574823,1355.66085574823,"transit"
"1281","36061017402",-73.9471624302701,40.7968025781907,5719.15607899654,40.7356094542025,-73.9876746575862,288.152863042369,7713.48551761877,1014.97504074103,1303.1279037834,1303.1279037834,"transit"
"1282","36061017500",-73.9806293724454,40.7916603515655,4926.18619478838,40.7356094542025,-73.9876746575862,598.621351546506,17088.6943507903,2248.60709277105,2847.22844431755,2847.22844431755,"transit"
"1283","36061017700",-73.9693890510103,40.7903082616001,4862.72370986053,40.7356094542025,-73.9876746575862,439.198775275738,23017.7965645463,3028.78497049169,3467.98374576742,3467.98374576742,"transit"
"1284","36061017800",-73.9319909722956,40.7938186572878,6253.76207387271,40.7356094542025,-73.9876746575862,1164.07286249791,8242.14705631173,1084.53869851253,2248.61156101044,2248.61156101044,"transit"
"1285","36061017900",-73.9788071709645,40.79423092477,5228.4582821211,40.7356094542025,-73.9876746575862,609.170396523612,16283.3068611138,2142.63059248729,2751.8009890109,2751.8009890109,"transit"
"1286","36061018000",-73.9395949807127,40.794401747021,5799.07641479179,40.7356094542025,-73.9876746575862,377.894392874658,7713.48551761877,1014.97504074103,1392.86943361569,1392.86943361569,"transit"
"1287","36061018100",-73.9677460018712,40.792556180532,5088.22722723023,40.7356094542025,-73.9876746575862,215.579875320972,23017.7965645463,3028.78497049169,3244.36484581266,3244.36484581266,"transit"
"1288","36061018200",-73.9418511095161,40.798321113378,5780.42039496233,40.7356094542025,-73.9876746575862,49.9562211562513,8242.14705631173,1084.53869851253,1134.49491966879,1134.49491966879,"transit"
"1289","36061018300",-73.9768610705884,40.7967544767059,5452.8177707791,40.7356094542025,-73.9876746575862,833.529885181609,16283.3068611138,2142.63059248729,2976.1604776689,2976.1604776689,"transit"
"1290","36061018400",-73.9450687105575,40.7996840965702,6006.20402008182,40.7356094542025,-73.9876746575862,244.243190757638,8242.14705631173,1084.53869851253,1328.78188927017,1328.78188927017,"transit"
"1291","36061018500",-73.9663635971886,40.7945000925949,5242.98546140354,40.7356094542025,-73.9876746575862,339.404531876088,23017.7965645463,3028.78497049169,3368.18950236777,3368.18950236777,"transit"
"1292","36061018600",-73.949708833738,40.7991059232032,5910.30857569554,40.7356094542025,-73.9876746575862,241.026297562613,14247.4650047275,1874.74538463823,2115.77168220085,2115.77168220085,"transit"
"1293","36061018700",-73.9750421182905,40.7993287037711,5668.8413931297,40.7356094542025,-73.9876746575862,579.967427178342,16764.830702934,2205.99166056124,2785.95908773958,2785.95908773958,"transit"
"1294","36061018800",-73.9372599475223,40.7975948168494,6094.5166076568,40.7356094542025,-73.9876746575862,325.245627962998,8242.14705631173,1084.53869851253,1409.78432647553,1409.78432647553,"transit"
"1295","36061018900",-73.964250788473,40.7973281269332,5492.55718885175,40.7356094542025,-73.9876746575862,195.890084634435,23711.7868974208,3120.10333295886,3315.99341759329,3315.99341759329,"transit"
"1296","36061019000",-73.9476193820798,40.8019615793751,6196.78619993304,40.7356094542025,-73.9876746575862,173.364095445202,13844.6107393763,1821.73601248689,1995.10010793209,1995.10010793209,"transit"
"1297","36061019100",-73.9730762592163,40.8018049678583,5908.52745358662,40.7356094542025,-73.9876746575862,552.299589670065,16764.830702934,2205.99166056124,2758.29125023131,2758.29125023131,"transit"
"1298","36061019200",-73.9293818993225,40.7994072560231,6816.00328001311,40.7356094542025,-73.9876746575862,1245.18770292637,8891.30044675306,1169.95721487656,2415.14491780292,2415.14491780292,"transit"
"1299","36061019300",-73.9619564190595,40.8005051342976,5794.36034480984,40.7356094542025,-73.9876746575862,325.0843385422,24248.3861539178,3190.71147126166,3515.79580980386,3515.79580980386,"transit"
"1300","36061019400",-73.9351859808383,40.8004651239313,6400.74334960507,40.7356094542025,-73.9876746575862,471.133133900207,8891.30044675306,1169.95721487656,1641.09034877676,1641.09034877676,"transit"
"1301","36061019500",-73.9711969797586,40.8042587987267,6144.64693483599,40.7356094542025,-73.9876746575862,696.312888702625,17349.9184022981,2282.98012578136,2979.29301448399,2979.29301448399,"transit"
"1302","36061019600",-73.9385761561963,40.8028054363374,6218.91827070493,40.7356094542025,-73.9876746575862,132.093477400304,8891.30044675306,1169.95721487656,1302.05069227686,1302.05069227686,"transit"
"1303","36061019701",-73.9593993270518,40.805311048296,6221.70014817071,40.7356094542025,-73.9876746575862,398.77207921485,24745.6025128564,3256.13743116242,3654.90951037727,3654.90951037727,"transit"
"1304","36061019702",-73.9579878640589,40.8021890072435,6063.05402831505,40.7356094542025,-73.9876746575862,229.350769455665,24248.3861539178,3190.71147126166,3420.06224071732,3420.06224071732,"transit"
"1305","36061019800",-73.9423626999671,40.8043024639117,6424.82893390007,40.7356094542025,-73.9876746575862,391.50785086218,8891.30044675306,1169.95721487656,1561.46506573874,1561.46506573874,"transit"
"1306","36061019900",-73.9695677750338,40.8069017389059,6372.52413249546,40.7356094542025,-73.9876746575862,636.261054753414,17349.9184022981,2282.98012578136,2919.24118053478,2919.24118053478,"transit"
"1307","36061020000",-73.945233636811,40.805785916475,6531.62906428935,40.7356094542025,-73.9876746575862,234.185404068122,13137.7239972807,1728.72068261831,1962.90608668643,1962.90608668643,"transit"
"1308","36061020101",-73.9602048464441,40.8064355118632,6335.15357194738,40.7356094542025,-73.9876746575862,269.942039998367,17896.2623577853,2354.87051530924,2624.81255530761,2624.81255530761,"transit"
"1309","36061020102",-73.9566329269125,40.8050510534043,6268.79445532075,40.7356094542025,-73.9876746575862,96.3932205060008,24745.6025128564,3256.13743116242,3352.53065166842,3352.53065166842,"transit"
"1310","36061020300",-73.9615615800889,40.8086692504253,6571.88147842266,40.7356094542025,-73.9876746575862,239.577057591954,17896.2623577853,2354.87051530924,2594.44757290119,2594.44757290119,"transit"
"1311","36061020500",-73.9680100836551,40.81147396319,6697.24761217066,40.7356094542025,-73.9876746575862,1645.4599489893,17896.2623577853,2354.87051530924,4000.33046429854,4000.33046429854,"transit"
"1312","36061020600",-73.9387852781436,40.8082916663395,6768.51834999098,40.7356094542025,-73.9876746575862,454.897534228997,8891.30044675306,1169.95721487656,1624.85474910555,1624.85474910555,"transit"
"1313","36061020701",-73.9584599500818,40.8089775116856,6561.51241884707,40.7356094542025,-73.9876746575862,463.977532543701,17896.2623577853,2354.87051530924,2818.84804785294,2818.84804785294,"transit"
"1314","36061020800",-73.9420080027466,40.8096485075618,6958.48314296561,40.7356094542025,-73.9876746575862,333.575065083288,13137.7239972807,1728.72068261831,2062.2957477016,2062.2957477016,"transit"
"1315","36061020901",-73.9550031937598,40.8115578252582,6858.85235068095,40.7356094542025,-73.9876746575862,172.192731172353,25497.8340204111,3355.11942876688,3527.31215993924,3527.31215993924,"transit"
"1316","36061021000",-73.9346485923149,40.8139471650477,7272.55243507146,40.7356094542025,-73.9876746575862,321.549868054472,45402.5449928796,5974.27062624737,6295.82049430184,6295.82049430184,"transit"
"1317","36061021100",-73.9635101019625,40.8157335470916,7166.85047081301,40.7356094542025,-73.9876746575862,503.648061227441,18873.6899308788,2483.48482184498,2987.13288307242,2987.13288307242,"transit"
"1318","36061021200",-73.9390015036402,40.8137610514001,7307.35210667446,40.7356094542025,-73.9876746575862,129.233563098418,12332.1370298823,1622.71793416068,1751.9514972591,1751.9514972591,"transit"
"1319","36061021303",-73.9531391216748,40.8145587370054,7079.9696199914,40.7356094542025,-73.9876746575862,357.013584513616,25497.8340204111,3355.11942876688,3712.1330132805,3712.1330132805,"transit"
"1320","36061021400",-73.9361840947366,40.8177988672297,7605.97063569703,40.7356094542025,-73.9876746575862,291.427795515753,12005.8074057781,1579.77801772944,1871.20581324519,1871.20581324519,"transit"
"1321","36061021500",-73.949471296153,40.8135271538698,7046.93577039207,40.7356094542025,-73.9876746575862,300.900842171919,25497.8340204111,3355.11942876688,3656.0202709388,3656.0202709388,"transit"
"1322","36061021600",-73.9543879747947,40.8006768233199,6033.58067445621,40.7356094542025,-73.9876746575862,257.909607112585,14247.4650047275,1874.74538463823,2132.65499175082,2132.65499175082,"transit"
"1323","36061021703",-73.9497562656073,40.817934943377,7432.23594323899,40.7356094542025,-73.9876746575862,374.651420980793,26272.881680562,3457.10367812355,3831.75509910434,3831.75509910434,"transit"
"1324","36061021800",-73.9525241291306,40.8032221298446,6268.43768095043,40.7356094542025,-73.9876746575862,202.511056342667,13844.6107393763,1821.73601248689,2024.24706882955,2024.24706882955,"transit"
"1325","36061021900",-73.959968381487,40.8187475326181,7364.85452821301,40.7356094542025,-73.9876746575862,298.070590763407,18873.6899308788,2483.48482184498,2781.55541260838,2781.55541260838,"transit"
"1326","36061022000",-73.9506570330574,40.8057835996612,6513.12885144165,40.7356094542025,-73.9876746575862,416.231092623616,24745.6025128564,3256.13743116242,3672.36852378604,3672.36852378604,"transit"
"1327","36061022102",-73.9461861671796,40.8186543933033,7509.51117313573,40.7356094542025,-73.9876746575862,175.869483200785,26272.881680562,3457.10367812355,3632.97316132433,3632.97316132433,"transit"
"1328","36061022200",-73.9487875935397,40.8083401854072,6748.90665751914,40.7356094542025,-73.9876746575862,252.909073245057,13137.7239972807,1728.72068261831,1981.62975586337,1981.62975586337,"transit"
"1329","36061022301",-73.9576413037135,40.8223357791104,7742.52931645723,40.7356094542025,-73.9876746575862,540.065706891216,19539.3964564268,2571.08147401296,3111.14718090418,3111.14718090418,"transit"
"1330","36061022302",-73.960434496215,40.8215847420228,7616.67829461675,40.7356094542025,-73.9876746575862,513.055068730461,19539.3964564268,2571.08147401296,3084.13654274342,3084.13654274342,"transit"
"1331","36061022400",-73.9469597619624,40.8111221858302,6986.60615766798,40.7356094542025,-73.9876746575862,378.334281715487,13137.7239972807,1728.72068261831,2107.0549643338,2107.0549643338,"transit"
"1332","36061022500",-73.9563664889788,40.8247885885995,8039.69133088293,40.7356094542025,-73.9876746575862,441.352182559811,19539.3964564268,2571.08147401296,3012.43365657277,3012.43365657277,"transit"
"1333","36061022600",-73.9448115940146,40.8134304564236,7196.55036770772,40.7356094542025,-73.9876746575862,345.153803707854,12332.1370298823,1622.71793416068,1967.87173786854,1967.87173786854,"transit"
"1334","36061022700",-73.9464621378069,40.8229662545414,7916.65637085776,40.7356094542025,-73.9876746575862,218.779210847254,27124.2764954707,3569.13402873157,3787.91323957882,3787.91323957882,"transit"
"1335","36061022800",-73.9432453147971,40.8159297307128,7429.45189972638,40.7356094542025,-73.9876746575862,243.36460444918,12332.1370298823,1622.71793416068,1866.08253860986,1866.08253860986,"transit"
"1336","36061022900",-73.9544756382927,40.8270155863644,8267.41758067129,40.7356094542025,-73.9876746575862,260.350640785686,20183.3308142202,2655.81324663936,2916.16388742504,2916.16388742504,"transit"
"1337","36061023000",-73.9413896158188,40.8184724931057,7674.38762085698,40.7356094542025,-73.9876746575862,485.663975739297,12332.1370298823,1622.71793416068,2108.38190989998,2108.38190989998,"transit"
"1338","36061023100",-73.9440935186553,40.8258301919062,8066.08774275251,40.7356094542025,-73.9876746575862,122.729078851807,27124.2764954707,3569.13402873157,3691.86310758337,3691.86310758337,"transit"
"1339","36061023200",-73.9395318309653,40.8210133128315,7908.02070590369,40.7356094542025,-73.9876746575862,255.111899713818,12005.8074057781,1579.77801772944,1834.88991744326,1834.88991744326,"transit"
"1340","36061023300",-73.9538285093827,40.8299899380299,8411.4780792335,40.7356094542025,-73.9876746575862,555.282182465446,20183.3308142202,2655.81324663936,3211.0954291048,3211.0954291048,"transit"
"1341","36061023400",-73.9386672229917,40.8237336534782,NA,40.7356094542025,-73.9876746575862,NA,12496.8231088474,1644.38806750381,NA,NA,NA
"1342","36061023501",-73.9418352469158,40.8289967284634,8383.69363415942,40.7356094542025,-73.9876746575862,175.271554410801,27508.9957913752,3619.75712021758,3795.02867462839,3795.02867462839,"transit"
"1343","36061023502",-73.9389276628659,40.8278880715788,8374.95722181464,40.7356094542025,-73.9876746575862,270.260365013937,26095.1574185556,3433.71792214351,3703.97828715745,3703.97828715745,"transit"
"1344","36061023600",-73.9350983504235,40.8245061546232,8352.09027851819,40.7356094542025,-73.9876746575862,212.097718317213,12496.8231088474,1644.38806750381,1856.48578582103,1856.48578582103,"transit"
"1345","36061023700",-73.9514403931315,40.8328959031411,8709.45053832034,40.7356094542025,-73.9876746575862,586.672263282357,21077.6376387745,2773.49015205568,3360.16241533804,3360.16241533804,"transit"
"1346","36061023801",-73.9536609483343,40.7560846171831,6860.41615513154,40.7356094542025,-73.9876746575862,342.460844948381,36912.0632345908,4857.05493318018,5199.51577812857,5199.51577812857,"transit"
"1347","36061023802",-73.9426276736798,40.7683003219445,6447.69045305635,40.7356094542025,-73.9876746575862,5332.17482778297,22969.1542093776,3022.384391103,8354.55921888597,6447.69045305635,"walk"
"1348","36061023900",-73.941055921456,40.8323408528031,8649.03053383088,40.7356094542025,-73.9876746575862,127.715965464785,27508.9957913752,3619.75712021758,3747.47308568237,3747.47308568237,"transit"
"1349","36061024000",-73.9229637015661,40.7903425437845,7152.5460912418,40.7356094542025,-73.9876746575862,2321.54351418887,8242.14705631173,1084.53869851253,3406.0822127014,3406.0822127014,"transit"
"1350","36061024100",-73.9503156814855,40.8356719887311,8932.03233521232,40.7356094542025,-73.9876746575862,490.170326152102,21077.6376387745,2773.49015205568,3263.66047820778,3263.66047820778,"transit"
"1351","36061024200",-73.9334561281971,40.8059540132629,6719.77276783331,40.7356094542025,-73.9876746575862,372.394725169605,8891.30044675306,1169.95721487656,1542.35194004616,1542.35194004616,"transit"
"1352","36061024301",-73.9387687888884,40.8360034647057,8992.65785953941,40.7356094542025,-73.9876746575862,70.9109308238129,28570.3686278763,3759.41732123935,3830.32825206317,3830.32825206317,"transit"
"1353","36061024302",-73.9357861653916,40.8317278206228,8709.62108571533,40.7356094542025,-73.9876746575862,147.834118011356,26095.1574185556,3433.71792214351,3581.55204015487,3581.55204015487,"transit"
"1354","36061024500",-73.9420916170874,40.8366323113595,9073.40970818491,40.7356094542025,-73.9876746575862,191.448651898964,28570.3686278763,3759.41732123935,3950.86597313832,3950.86597313832,"transit"
"1355","36061024700",-73.9501699324407,40.8397187023253,9209.25427122756,40.7356094542025,-73.9876746575862,554.546380894542,21077.6376387745,2773.49015205568,3328.03653295023,3328.03653295023,"transit"
"1356","36061024900",-73.9364494498442,40.8391262615437,9304.95553943076,40.7356094542025,-73.9876746575862,275.931433842644,28962.3254281193,3810.99275602648,4086.92418986912,4086.92418986912,"transit"
"1357","36061025100",-73.9399255597952,40.8403420813079,9319.4609831693,40.7356094542025,-73.9876746575862,42.7991267445044,21996.7981108383,2894.4374119487,2937.23653869321,2937.23653869321,"transit"
"1358","36061025300",-73.9383779173742,40.842895983548,9534.48864236349,40.7356094542025,-73.9876746575862,183.223252590761,28962.3254281193,3810.99275602648,3994.21600861724,3994.21600861724,"transit"
"1359","36061025500",-73.9475727895575,40.8460715268916,9928.26951941357,40.7356094542025,-73.9876746575862,999.141438542984,29400.7397208186,3868.68127616144,4867.82271470443,4867.82271470443,"transit"
"1360","36061025700",-73.954074052675,40.8084354517853,6579.38378166919,40.7356094542025,-73.9876746575862,230.162859877437,25497.8340204111,3355.11942876688,3585.28228864432,3585.28228864432,"transit"
"1361","36061025900",-73.9423561544745,40.8232145353353,7928.21945315073,40.7356094542025,-73.9876746575862,134.991061495312,27124.2764954707,3569.13402873157,3704.12509022688,3704.12509022688,"transit"
"1362","36061026100",-73.9344554081244,40.8457844590994,9803.84287390474,40.7356094542025,-73.9876746575862,389.574471601096,23041.1067681113,3031.85223168755,3421.42670328865,3421.42670328865,"transit"
"1363","36061026300",-73.9374752919681,40.8468227178033,9847.90756631175,40.7356094542025,-73.9876746575862,195.9035539369,29400.7397208186,3868.68127616144,4064.58483009834,4064.58483009834,"transit"
"1364","36061026500",-73.9400606688837,40.8496184358827,10133.3286787863,40.7356094542025,-73.9876746575862,204.509787929235,29400.7397208186,3868.68127616144,4073.19106409068,4073.19106409068,"transit"
"1365","36061026700",-73.9287079850368,40.8502184825303,10393.6663786093,40.7356094542025,-73.9876746575862,531.971481974045,23041.1067681113,3031.85223168755,3563.8237136616,3563.8237136616,"transit"
"1366","36061026900",-73.9309744842182,40.8505567481648,10266.2674092134,40.7356094542025,-73.9876746575862,263.504334127006,23041.1067681113,3031.85223168755,3295.35656581456,3295.35656581456,"transit"
"1367","36061027100",-73.9342904885793,40.8519392158403,10335.7951851638,40.7356094542025,-73.9876746575862,303.226699249664,23041.1067681113,3031.85223168755,3335.07893093722,3335.07893093722,"transit"
"1368","36061027300",-73.9374112242951,40.8539297229912,10411.146859172,40.7356094542025,-73.9876746575862,116.195698120319,28913.0301031169,3804.50625593669,3920.701954057,3920.701954057,"transit"
"1369","36061027500",-73.9440091612601,40.8559202945285,10626.5099891429,40.7356094542025,-73.9876746575862,1039.30979920728,28913.0301031169,3804.50625593669,4843.81605514397,4843.81605514397,"transit"
"1370","36061027700",-73.9273911300956,40.8554289744181,10703.9142630696,40.7356094542025,-73.9876746575862,168.164133500734,23790.5611290827,3130.4687998814,3298.63293338214,3298.63293338214,"transit"
"1371","36061027900",-73.9316629010759,40.8558384038843,10702.1901615593,40.7356094542025,-73.9876746575862,171.489691013715,23790.5611290827,3130.4687998814,3301.95849089512,3301.95849089512,"transit"
"1372","36061028100",-73.9345044474124,40.8570766061566,10777.5641155935,40.7356094542025,-73.9876746575862,268.86078571994,28028.9198256512,3688.17105794602,3957.03184366596,3957.03184366596,"transit"
"1373","36061028300",-73.9289236368674,40.8588309180396,11070.7188598026,40.7356094542025,-73.9876746575862,383.292521464568,24566.0759711022,3232.51452312495,3615.80704458952,3615.80704458952,"transit"
"1374","36061028500",-73.9280158703946,40.8615304704578,11189.376277182,40.7356094542025,-73.9876746575862,207.490361285221,24566.0759711022,3232.51452312495,3440.00488441017,3440.00488441017,"transit"
"1375","36061028700",-73.9363041496613,40.8656112287641,11516.0048003075,40.7356094542025,-73.9876746575862,815.469418573352,27146.8388732441,3572.10288765371,4387.57230622706,4387.57230622706,"transit"
"1376","36061029100",-73.9239375951285,40.8643049228797,11585.3365009378,40.7356094542025,-73.9876746575862,348.586300084767,27146.8388732441,3572.10288765371,3920.68918773848,3920.68918773848,"transit"
"1377","36061029300",-73.9201199632736,40.8659234121594,11825.6481738309,40.7356094542025,-73.9876746575862,151.616984191076,25238.8757491689,3321.04453729221,3472.66152148329,3472.66152148329,"transit"
"1378","36061029500",-73.9249359159968,40.8675294477739,11756.0586094192,40.7356094542025,-73.9876746575862,335.57688990631,28325.1568185364,3727.15125091272,4062.72814081903,4062.72814081903,"transit"
"1379","36061029700",-73.9267946844528,40.8744967246405,12365.1028496719,40.7356094542025,-73.9876746575862,992.7029606821,28325.1568185364,3727.15125091272,4719.85421159482,4719.85421159482,"transit"
"1380","36061029900",-73.9163007231946,40.8644975244709,11796.0831596066,40.7356094542025,-73.9876746575862,195.361358131055,25238.8757491689,3321.04453729221,3516.40589542327,3516.40589542327,"transit"
"1381","36061030300",-73.9186597314924,40.8692172544169,12264.9203634744,40.7356094542025,-73.9876746575862,336.225770144283,28325.1568185364,3727.15125091272,4063.377021057,4063.377021057,"transit"
"1382","36061030700",-73.916674994099,40.8712703813547,12436.6785116936,40.7356094542025,-73.9876746575862,338.654123487649,25881.1094813605,3405.55253396991,3744.20665745756,3744.20665745756,"transit"
"1383","36061030900",-73.9104053655803,40.8758391194417,12838.79601298,40.7356094542025,-73.9876746575862,369.197030404405,26563.6311782187,3495.36180184149,3864.55883224589,3864.55883224589,"transit"
"1384","36061031100",-73.9294996024861,40.8465154094206,10052.2748117237,40.7356094542025,-73.9876746575862,456.512778652227,23041.1067681113,3031.85223168755,3488.36501033978,3488.36501033978,"transit"
"1385","36061031703",-74.0182154002835,40.7159547941575,2938.13555567931,40.7356094542025,-73.9876746575862,522.941121430682,13401.8491047646,1763.47544959322,2286.4165710239,2286.4165710239,"transit"
"1386","36061031704",-74.020156652595,40.708391944268,3313.04704516207,40.7356094542025,-73.9876746575862,379.543629096374,13782.6189267179,1813.57885157242,2193.12248066879,2193.12248066879,"transit"
"1387","36061031900",-74.0193073008659,40.7024312499559,3342.64206219581,40.7356094542025,-73.9876746575862,274.338337521713,4099.79583753659,539.469535235246,813.807872756958,813.807872756958,"transit"
"1388","36081000100",-73.9510535583536,40.7431080030151,5357.87914426133,40.7356094542025,-73.9876746575862,126.94470433275,34231.3668598464,4504.31687384816,4631.26157818091,4631.26157818091,"transit"
"1389","36081000200",-73.8661651757054,40.6933081951136,10331.3647241269,40.7356094542025,-73.9876746575862,232.754307462516,21821.021297106,2871.30790995226,3104.06221741478,3104.06221741478,"transit"
"1390","36081000400",-73.864770912955,40.6896855629735,10371.3978530088,40.7356094542025,-73.9876746575862,265.293690722292,21821.021297106,2871.30790995226,3136.60160067455,3136.60160067455,"transit"
"1391","36081000600",-73.8637276886175,40.6859082442271,10451.9496514828,40.7356094542025,-73.9876746575862,585.182898936909,21821.021297106,2871.30790995226,3456.49080888917,3456.49080888917,"transit"
"1392","36081000700",-73.951409211284,40.7448437681968,5310.55018928707,40.7356094542025,-73.9876746575862,144.185060798331,34231.3668598464,4504.31687384816,4648.50193464649,4648.50193464649,"transit"
"1393","36081000800",-73.8582586727507,40.687347281486,10816.6900451412,40.7356094542025,-73.9876746575862,512.219604322235,22536.7554291758,2965.48741909868,3477.70702342091,3477.70702342091,"transit"
"1394","36081001000",-73.8592986998977,40.6907492776909,10690.1538702591,40.7356094542025,-73.9876746575862,209.981320490885,22536.7554291758,2965.48741909868,3175.46873958956,3175.46873958956,"transit"
"1395","36081001200",-73.8608412129994,40.6942783896051,10715.2004760427,40.7356094542025,-73.9876746575862,266.706387363397,22536.7554291758,2965.48741909868,3232.19380646207,3232.19380646207,"transit"
"1396","36081001400",-73.8552543097005,40.6950748625201,11039.7644691529,40.7356094542025,-73.9876746575862,267.423990300519,23301.0686395319,3066.05918137762,3333.48317167814,3333.48317167814,"transit"
"1397","36081001600",-73.8548394525799,40.6897177047502,11049.4613247188,40.7356094542025,-73.9876746575862,481.363139903399,22536.7554291758,2965.48741909868,3446.85055900208,3446.85055900208,"transit"
"1398","36081001800",-73.8520186775493,40.6902842252205,11184.9566668112,40.7356094542025,-73.9876746575862,316.834359850077,23301.0686395319,3066.05918137762,3382.8935412277,3382.8935412277,"transit"
"1399","36081001900",-73.9450673362495,40.748641650531,4791.3645917532,40.7356094542025,-73.9876746575862,93.9136600103297,24862.959125715,3271.57974095159,3365.49340096192,3365.49340096192,"transit"
"1400","36081002000",-73.8495335921705,40.6913899451973,11409.4409307384,40.7356094542025,-73.9876746575862,290.949339658338,23301.0686395319,3066.05918137762,3357.00852103596,3357.00852103596,"transit"
"1401","36081002200",-73.8505759080073,40.6959809279607,11043.2164020791,40.7356094542025,-73.9876746575862,189.400366693785,23301.0686395319,3066.05918137762,3255.4595480714,3255.4595480714,"transit"
"1402","36081002400",-73.8465708783132,40.6972088131026,11156.3397439591,40.7356094542025,-73.9876746575862,317.552477361101,23849.0789183773,3138.16883321104,3455.72131057214,3455.72131057214,"transit"
"1403","36081002500",-73.9450541453989,40.7550656920165,4995.41273330928,40.7356094542025,-73.9876746575862,163.927416583412,23189.1699149618,3051.33504502318,3215.26246160659,3215.26246160659,"transit"
"1404","36081002600",-73.8430922084533,40.6972603164075,11394.7394832895,40.7356094542025,-73.9876746575862,252.576014426313,23849.0789183773,3138.16883321104,3390.74484763736,3390.74484763736,"transit"
"1405","36081002800",-73.8443988065659,40.6924319461984,11581.9497767619,40.7356094542025,-73.9876746575862,315.219175032721,23849.0789183773,3138.16883321104,3453.38800824376,3453.38800824376,"transit"
"1406","36081003000",-73.847294887095,40.6916999189774,11492.0092731112,40.7356094542025,-73.9876746575862,413.789147359365,23301.0686395319,3066.05918137762,3479.84832873698,3479.84832873698,"transit"
"1407","36081003100",-73.9339044353419,40.7531760848066,5053.42957530576,40.7356094542025,-73.9876746575862,68.4981111871694,24094.3955768902,3170.4487000624,3238.94681124957,3238.94681124957,"transit"
"1408","36081003200",-73.8467703762877,40.6873573682041,11589.0513293201,40.7356094542025,-73.9876746575862,685.8006740093,34016.6147175487,4476.05882320686,5161.85949721616,5161.85949721616,"transit"
"1409","36081003300",-73.9380943441058,40.7543878183571,4855.61829789088,40.7356094542025,-73.9876746575862,352.048715683769,23189.1699149618,3051.33504502318,3403.38376070695,3403.38376070695,"transit"
"1410","36081003400",-73.8581869894754,40.684773150122,10814.9365767281,40.7356094542025,-73.9876746575862,640.12510255331,33001.7639984266,4342.52021117029,4982.6453137236,4982.6453137236,"transit"
"1411","36081003600",-73.856817609721,40.6837713862022,10904.7469515386,40.7356094542025,-73.9876746575862,499.100948830958,33001.7639984266,4342.52021117029,4841.62116000124,4841.62116000124,"transit"
"1412","36081003700",-73.9434311395537,40.7625544969126,5746.12163588153,40.7356094542025,-73.9876746575862,1062.36344134485,36912.0632345908,4857.05493318018,5919.41837452504,5746.12163588153,"walk"
"1413","36081003800",-73.8474941316566,40.6847998965165,11481.0553132815,40.7356094542025,-73.9876746575862,520.435521761497,34016.6147175487,4476.05882320686,4996.49434496836,4996.49434496836,"transit"
"1414","36081003900",-73.9409315635389,40.7627993501001,5768.06441317483,40.7356094542025,-73.9876746575862,924.684049684755,23189.1699149618,3051.33504502318,3976.01909470794,3976.01909470794,"transit"
"1415","36081004001",-73.8458748532686,40.6832479960195,11649.5150520735,40.7356094542025,-73.9876746575862,307.677343790288,34016.6147175487,4476.05882320686,4783.73616699715,4783.73616699715,"transit"
"1416","36081004002",-73.8429921906915,40.6815380007872,11766.5529260761,40.7356094542025,-73.9876746575862,60.7164235436895,34016.6147175487,4476.05882320686,4536.77524675055,4536.77524675055,"transit"
"1417","36081004200",-73.8579641059053,40.6818145206142,10954.8886153916,40.7356094542025,-73.9876746575862,216.615079681433,33001.7639984266,4342.52021117029,4559.13529085172,4559.13529085172,"transit"
"1418","36081004300",-73.9375142815292,40.7609450682115,5486.34396744541,40.7356094542025,-73.9876746575862,645.045710020741,24583.3980832863,3234.79384438375,3879.83955440449,3879.83955440449,"transit"
"1419","36081004401",-73.8593736710657,40.6771615780353,10830.4354060232,40.7356094542025,-73.9876746575862,295.210925214711,33001.7639984266,4342.52021117029,4637.731136385,4637.731136385,"transit"
"1420","36081004500",-73.9337655718938,40.7645328149304,5847.92852575046,40.7356094542025,-73.9876746575862,740.696091545095,25237.5612215214,3320.87156584507,4061.56765739016,4061.56765739016,"transit"
"1421","36081004700",-73.9331577661318,40.7602879123744,5451.69989531813,40.7356094542025,-73.9876746575862,487.403238053426,24583.3980832863,3234.79384438375,3722.19708243717,3722.19708243717,"transit"
"1422","36081005000",-73.8549185870234,40.6777109573435,11090.4158939669,40.7356094542025,-73.9876746575862,629.795022465842,33366.8287237839,4390.55706605856,5020.35208852441,5020.35208852441,"transit"
"1423","36081005100",-73.932138141304,40.7556397702564,5241.09742050878,40.7356094542025,-73.9876746575862,219.289959619494,24583.3980832863,3234.79384438375,3454.08380400324,3454.08380400324,"transit"
"1424","36081005200",-73.854664298353,40.6807593949977,11157.6749693899,40.7356094542025,-73.9876746575862,305.653447064098,33366.8287237839,4390.55706605856,4696.21051312266,4696.21051312266,"transit"
"1425","36081005300",-73.9292728012612,40.7603484971617,5652.51900682879,40.7356094542025,-73.9876746575862,320.534355318162,25237.5612215214,3320.87156584507,3641.40592116323,3641.40592116323,"transit"
"1426","36081005400",-73.8487436629894,40.6787654556162,11549.4231206414,40.7356094542025,-73.9876746575862,257.685085508711,33366.8287237839,4390.55706605856,4648.24215156727,4648.24215156727,"transit"
"1427","36081005500",-73.9277887627056,40.7537948808949,5415.99777220302,40.7356094542025,-73.9876746575862,168.510840963231,24310.220388914,3198.84789740015,3367.35873836338,3367.35873836338,"transit"
"1428","36081005700",-73.9256720894061,40.7569544314883,5678.67118992525,40.7356094542025,-73.9876746575862,331.413109743449,24583.3980832863,3234.79384438375,3566.2069541272,3566.2069541272,"transit"
"1429","36081005800",-73.8486535625907,40.6735601691846,11558.2019312216,40.7356094542025,-73.9876746575862,549.302168185866,33366.8287237839,4390.55706605856,4939.85923424443,4939.85923424443,"transit"
"1430","36081005900",-73.9239255326264,40.7597005972441,5908.17033912495,40.7356094542025,-73.9876746575862,391.641414425026,25237.5612215214,3320.87156584507,3712.51298027009,3712.51298027009,"transit"
"1431","36081006100",-73.9220409771772,40.7620306891162,6156.13407704863,40.7356094542025,-73.9876746575862,309.417162907119,25237.5612215214,3320.87156584507,3630.28872875219,3630.28872875219,"transit"
"1432","36081006201",-73.8467968090492,40.6668759550452,12183.8557528342,40.7356094542025,-73.9876746575862,1429.15872216497,35749.8417251267,4704.12461118451,6133.28333334948,6133.28333334948,"transit"
"1433","36081006202",-73.8548731380047,40.6653879338715,11756.4855960505,40.7356094542025,-73.9876746575862,1442.57561453494,32077.4097553106,4220.88953157377,5663.46514610871,5663.46514610871,"transit"
"1434","36081006300",-73.9200240173939,40.7644844962722,6364.83861615985,40.7356094542025,-73.9876746575862,316.244698004803,25884.8749221404,3406.04800756616,3722.29270557097,3722.29270557097,"transit"
"1435","36081006501",-73.9176724300346,40.7680492450554,6700.56802209646,40.7356094542025,-73.9876746575862,298.586290470904,26570.9812731519,3496.32896031831,3794.91525078922,3794.91525078922,"transit"
"1436","36081006502",-73.9151194392255,40.7667951383353,6776.34403353451,40.7356094542025,-73.9876746575862,507.251139120616,26570.9812731519,3496.32896031831,4003.58009943893,4003.58009943893,"transit"
"1437","36081006900",-73.9221540468704,40.7715023164702,6609.10291573287,40.7356094542025,-73.9876746575862,402.357513803832,26570.9812731519,3496.32896031831,3898.68647412214,3898.68647412214,"transit"
"1438","36081007100",-73.9230506705664,40.7690871298629,6446.55608377723,40.7356094542025,-73.9876746575862,330.558732823101,25884.8749221404,3406.04800756616,3736.60674038927,3736.60674038927,"transit"
"1439","36081007300",-73.9253701588865,40.7669950589665,6155.92929854275,40.7356094542025,-73.9876746575862,406.353836000996,25884.8749221404,3406.04800756616,3812.40184356716,3812.40184356716,"transit"
"1440","36081007500",-73.9273298789275,40.7645435883024,5958.05990803142,40.7356094542025,-73.9876746575862,364.343340317239,25237.5612215214,3320.87156584507,3685.21490616231,3685.21490616231,"transit"
"1441","36081007700",-73.9317327324526,40.7667328918487,6016.00988721584,40.7356094542025,-73.9876746575862,578.941502954922,25237.5612215214,3320.87156584507,3899.81306879999,3899.81306879999,"transit"
"1442","36081007900",-73.9299452009556,40.7691000695903,6255.8243684235,40.7356094542025,-73.9876746575862,705.54181560292,25884.8749221404,3406.04800756616,4111.58982316908,4111.58982316908,"transit"
"1443","36081008100",-73.9335768581599,40.7700664675642,6300.45825022001,40.7356094542025,-73.9876746575862,883.893688842828,25884.8749221404,3406.04800756616,4289.94169640899,4289.94169640899,"transit"
"1444","36081008300",-73.9286933770674,40.7726204208513,6651.93100132987,40.7356094542025,-73.9876746575862,803.542464673758,25884.8749221404,3406.04800756616,4209.59047223992,4209.59047223992,"transit"
"1445","36081008500",-73.9407223236234,40.7600215141012,5423.36944840452,40.7356094542025,-73.9876746575862,581.881692326541,23189.1699149618,3051.33504502318,3633.21673734972,3633.21673734972,"transit"
"1446","36081008600",-73.8410809890286,40.6770705744334,12022.8397943425,40.7356094542025,-73.9876746575862,374.429822239898,34016.6147175487,4476.05882320686,4850.48864544676,4850.48864544676,"transit"
"1447","36081008700",-73.9347669217745,40.774260871354,6766.51810235893,40.7356094542025,-73.9876746575862,1083.13183596701,25884.8749221404,3406.04800756616,4489.17984353318,4489.17984353318,"transit"
"1448","36081008800",-73.8385631561234,40.6708510694374,12294.5509933298,40.7356094542025,-73.9876746575862,NA,35384.3441119153,4656.0307949697,NA,12294.5509933298,NA
"1449","36081009100",-73.9296714877293,40.7758823820374,6939.02094296419,40.7356094542025,-73.9876746575862,978.258616712619,26570.9812731519,3496.32896031831,4474.58757703093,4474.58757703093,"transit"
"1450","36081009400",-73.8365114032927,40.6814105335923,12170.217492701,40.7356094542025,-73.9876746575862,56.2081252355673,34552.5206446215,4546.57573011251,4602.78385534808,4602.78385534808,"transit"
"1451","36081009500",-73.9207973534226,40.7744651540476,6889.47785385682,40.7356094542025,-73.9876746575862,495.547414755491,26570.9812731519,3496.32896031831,3991.8763750738,3991.8763750738,"transit"
"1452","36081009600",-73.832268371124,40.6809137477665,12509.7463289989,40.7356094542025,-73.9876746575862,302.008161222619,35215.5271446941,4633.81710081136,4935.82526203398,4935.82526203398,"transit"
"1453","36081009700",-73.918602738086,40.7764819483352,7091.89932899037,40.7356094542025,-73.9876746575862,539.22349154154,30581.3484826132,4024.03107533648,4563.25456687802,4563.25456687802,"transit"
"1454","36081009800",-73.8312082200405,40.685399962501,12578.0237733321,40.7356094542025,-73.9876746575862,67.8415497397176,35215.5271446941,4633.81710081136,4701.65865055108,4701.65865055108,"transit"
"1455","36081009900",-73.9230731045367,40.778787489565,7234.96124330669,40.7356094542025,-73.9876746575862,909.295116610602,30581.3484826132,4024.03107533648,4933.32619194708,4933.32619194708,"transit"
"1456","36081010000",-73.8288851197875,40.6811536322106,12748.0327950489,40.7356094542025,-73.9876746575862,400.526981557827,35215.5271446941,4633.81710081136,5034.34408236919,5034.34408236919,"transit"
"1457","36081010100",-73.9162557013904,40.7784032140871,7277.36987743882,40.7356094542025,-73.9876746575862,491.568419795173,30581.3484826132,4024.03107533648,4515.59949513165,4515.59949513165,"transit"
"1458","36081010200",-73.8229675305535,40.6787779259399,13048.8178925175,40.7356094542025,-73.9876746575862,694.112304888662,35680.1262957262,4694.95114211732,5389.06344700598,5389.06344700598,"transit"
"1459","36081010300",-73.915403690027,40.7814851097367,7527.23513677343,40.7356094542025,-73.9876746575862,753.440670113255,30581.3484826132,4024.03107533648,4777.47174544974,4777.47174544974,"transit"
"1460","36081010400",-73.8265465398828,40.682968156159,12903.3292371415,40.7356094542025,-73.9876746575862,290.501271862684,35680.1262957262,4694.95114211732,4985.45241398001,4985.45241398001,"transit"
"1461","36081010500",-73.9129478966949,40.7827883435124,7988.76105317593,40.7356094542025,-73.9876746575862,1141.27839029601,30581.3484826132,4024.03107533648,5165.30946563249,5165.30946563249,"transit"
"1462","36081010600",-73.824963957854,40.6856830046588,12977.832554787,40.7356094542025,-73.9876746575862,65.343116576671,35680.1262957262,4694.95114211732,4760.29425869399,4760.29425869399,"transit"
"1463","36081010701",-73.9008924380202,40.7860455255069,8584.94578090047,40.7356094542025,-73.9876746575862,1342.85196956197,30581.3484826132,4024.03107533648,5366.88304489845,5366.88304489845,"transit"
"1464","36081010800",-73.8305959204896,40.6886101262263,12565.312233497,40.7356094542025,-73.9876746575862,447.74011783327,35215.5271446941,4633.81710081136,5081.55721864463,5081.55721864463,"transit"
"1465","36081011000",-73.8350142444595,40.687314177362,12300.9334601967,40.7356094542025,-73.9876746575862,386.71463607363,35215.5271446941,4633.81710081136,5020.53173688499,5020.53173688499,"transit"
"1466","36081011100",-73.907313087484,40.7787953114951,7751.09965127876,40.7356094542025,-73.9876746575862,492.334460743576,30581.3484826132,4024.03107533648,4516.36553608006,4516.36553608006,"transit"
"1467","36081011200",-73.839074636524,40.6840981001928,12031.3885674583,40.7356094542025,-73.9876746575862,221.598219225381,34552.5206446215,4546.57573011251,4768.17394933789,4768.17394933789,"transit"
"1468","36081011300",-73.9084659090582,40.776257906894,7530.28983920964,40.7356094542025,-73.9876746575862,295.905840948259,30581.3484826132,4024.03107533648,4319.93691628474,4319.93691628474,"transit"
"1469","36081011400",-73.8418437596489,40.6879689069039,11866.3468899975,40.7356094542025,-73.9876746575862,587.85720619089,34552.5206446215,4546.57573011251,5134.4329363034,5134.4329363034,"transit"
"1470","36081011500",-73.9133464059369,40.7744206072858,7192.87813125565,40.7356094542025,-73.9876746575862,67.5537226435674,30581.3484826132,4024.03107533648,4091.58479798005,4091.58479798005,"transit"
"1471","36081011600",-73.8388153412674,40.6888159100096,12044.4658986042,40.7356094542025,-73.9876746575862,731.070628877096,35215.5271446941,4633.81710081136,5364.88772968846,5364.88772968846,"transit"
"1472","36081011700",-73.910456470335,40.7722286217915,7278.69315732216,40.7356094542025,-73.9876746575862,286.806735324005,30581.3484826132,4024.03107533648,4310.83781066049,4310.83781066049,"transit"
"1473","36081011800",-73.8339159310187,40.6906952430314,12244.0785398452,40.7356094542025,-73.9876746575862,564.032819586083,35215.5271446941,4633.81710081136,5197.84992039745,5197.84992039745,"transit"
"1474","36081011900",-73.9060641031759,40.7712054036242,7492.02204627479,40.7356094542025,-73.9876746575862,596.023121936742,30581.3484826132,4024.03107533648,4620.05419727322,4620.05419727322,"transit"
"1475","36081012000",-73.8286702265659,40.6915361815563,12499.0078912581,40.7356094542025,-73.9876746575862,506.816245444126,35680.1262957262,4694.95114211732,5201.76738756145,5201.76738756145,"transit"
"1476","36081012100",-73.9035140593934,40.7727586515892,7622.08763857898,40.7356094542025,-73.9876746575862,659.124024082872,30581.3484826132,4024.03107533648,4683.15509941935,4683.15509941935,"transit"
"1477","36081012200",-73.8310887092518,40.6965157246573,12038.1151490847,40.7356094542025,-73.9876746575862,452.556235812179,24651.7196941322,3243.78390855038,3696.34014436256,3696.34014436256,"transit"
"1478","36081012301",-73.8990836307744,40.7757824754834,8056.1725352571,40.7356094542025,-73.9876746575862,1140.78587670079,30581.3484826132,4024.03107533648,5164.81695203727,5164.81695203727,"transit"
"1479","36081012400",-73.8343189688265,40.6952398416932,11992.2186082142,40.7356094542025,-73.9876746575862,280.109720311246,24651.7196941322,3243.78390855038,3523.89362886163,3523.89362886163,"transit"
"1480","36081012500",-73.9156734149242,40.7709334380755,6942.65099257327,40.7356094542025,-73.9876746575862,183.663692025692,26570.9812731519,3496.32896031831,3679.992652344,3679.992652344,"transit"
"1481","36081012601",-73.8374250497811,40.693696294153,11899.2607997046,40.7356094542025,-73.9876746575862,409.051841215712,24651.7196941322,3243.78390855038,3652.83574976609,3652.83574976609,"transit"
"1482","36081012602",-73.8407158156826,40.6932013910339,11773.0511752773,40.7356094542025,-73.9876746575862,336.099396772981,23849.0789183773,3138.16883321104,3474.26822998402,3474.26822998402,"transit"
"1483","36081012800",-73.84012518293,40.6982643836492,11478.4916060368,40.7356094542025,-73.9876746575862,314.544831298236,24651.7196941322,3243.78390855038,3558.32873984862,3558.32873984862,"transit"
"1484","36081013000",-73.8378769535382,40.7003729177519,11446.6788471652,40.7356094542025,-73.9876746575862,276.401574061641,24651.7196941322,3243.78390855038,3520.18548261202,3520.18548261202,"transit"
"1485","36081013200",-73.8343928987147,40.7013006341773,11683.5316201921,40.7356094542025,-73.9876746575862,480.602017748005,24651.7196941322,3243.78390855038,3724.38592629839,3724.38592629839,"transit"
"1486","36081013400",-73.8349247060553,40.7052717895481,11663.2343739175,40.7356094542025,-73.9876746575862,700.742746374652,25339.9634218961,3334.34610692767,4035.08885330232,4035.08885330232,"transit"
"1487","36081013500",-73.8989766679916,40.7706485353496,7946.67361042843,40.7356094542025,-73.9876746575862,1141.50392777147,30581.3484826132,4024.03107533648,5165.53500310795,5165.53500310795,"transit"
"1488","36081013600",-73.8286632221378,40.7066143526207,11905.2334147022,40.7356094542025,-73.9876746575862,549.369701730592,25339.9634218961,3334.34610692767,3883.71580865826,3883.71580865826,"transit"
"1489","36081013700",-73.9049233211849,40.7689636182644,7463.33678260172,40.7356094542025,-73.9876746575862,700.51308774108,30581.3484826132,4024.03107533648,4724.54416307756,4724.54416307756,"transit"
"1490","36081013800",-73.8251453553405,40.7065697905632,12256.5744295796,40.7356094542025,-73.9876746575862,775.457868951535,29422.1268734468,3871.49549368483,4646.95336263637,4646.95336263637,"transit"
"1491","36081014000",-73.8289874153316,40.7037232328901,12040.6959307911,40.7356094542025,-73.9876746575862,306.648146665607,25339.9634218961,3334.34610692767,3640.99425359328,3640.99425359328,"transit"
"1492","36081014100",-73.9066859497791,40.7669831469225,7203.58334133233,40.7356094542025,-73.9876746575862,886.15124369303,30581.3484826132,4024.03107533648,4910.18231902951,4910.18231902951,"transit"
"1493","36081014201",-73.8245893892969,40.7009789020679,12275.0915980037,40.7356094542025,-73.9876746575862,237.159150378112,25339.9634218961,3334.34610692767,3571.50525730578,3571.50525730578,"transit"
"1494","36081014202",-73.8202841288153,40.6986903074122,12714.6557926644,40.7356094542025,-73.9876746575862,660.424648951725,28111.6021306604,3699.05076669813,4359.47541564985,4359.47541564985,"transit"
"1495","36081014300",-73.9115111499643,40.766300638904,6904.72740648787,40.7356094542025,-73.9876746575862,757.379589961105,26570.9812731519,3496.32896031831,4253.70855027942,4253.70855027942,"transit"
"1496","36081014400",-73.8285070625191,40.6985690110413,12095.165306621,40.7356094542025,-73.9876746575862,375.516438668443,25339.9634218961,3334.34610692767,3709.86254559612,3709.86254559612,"transit"
"1497","36081014500",-73.9075079123868,40.7642809313726,7091.40734961845,40.7356094542025,-73.9876746575862,800.02293742958,25880.6624472494,3405.49371121539,4205.51664864497,4205.51664864497,"transit"
"1498","36081014700",-73.9107521321918,40.7629976112736,6785.15586227384,40.7356094542025,-73.9876746575862,581.708873614131,25880.6624472494,3405.49371121539,3987.20258482952,3987.20258482952,"transit"
"1499","36081014800",-73.8224211835595,40.6945240085823,12794.1148938707,40.7356094542025,-73.9876746575862,893.854377516674,25339.9634218961,3334.34610692767,4228.20048444435,4228.20048444435,"transit"
"1500","36081014900",-73.9144440995353,40.7618544150071,6593.49076931354,40.7356094542025,-73.9876746575862,487.643045519946,25880.6624472494,3405.49371121539,3893.13675673534,3893.13675673534,"transit"
"1501","36081015000",-73.821154966946,40.6934063580972,12905.4109707943,40.7356094542025,-73.9876746575862,978.953900171726,35680.1262957262,4694.95114211732,5673.90504228905,5673.90504228905,"transit"
"1502","36081015100",-73.9108443094747,40.7601669818804,6669.37243074979,40.7356094542025,-73.9876746575862,347.120949925275,25880.6624472494,3405.49371121539,3752.61466114067,3752.61466114067,"transit"
"1503","36081015200",-73.8137530258843,40.6937658545374,13438.0258330989,40.7356094542025,-73.9876746575862,700.402614793864,29977.3828565973,3944.55856780776,4644.96118260162,4644.96118260162,"transit"
"1504","36081015300",-73.9136453041468,40.758080197558,6459.20129309931,40.7356094542025,-73.9876746575862,150.172059105178,25880.6624472494,3405.49371121539,3555.66577032057,3555.66577032057,"transit"
"1505","36081015400",-73.8205653152628,40.6921953118105,12999.3927667402,40.7356094542025,-73.9876746575862,868.854971091009,35680.1262957262,4694.95114211732,5563.80611320833,5563.80611320833,"transit"
"1506","36081015500",-73.9175933279434,40.7600344277587,6309.38912836419,40.7356094542025,-73.9876746575862,257.599833655323,25343.6639284268,3334.833036184,3592.43286983932,3592.43286983932,"transit"
"1507","36081015600",-73.8206025930085,40.6903476389288,13091.5630161632,40.7356094542025,-73.9876746575862,566.695685800852,35680.1262957262,4694.95114211732,5261.64682791818,5261.64682791818,"transit"
"1508","36081015700",-73.9219258379805,40.7550146820156,5818.35096468501,40.7356094542025,-73.9876746575862,259.392135344528,25343.6639284268,3334.833036184,3594.22517152852,3594.22517152852,"transit"
"1509","36081015801",-73.8122577399053,40.6888961437115,13994.7167258299,40.7356094542025,-73.9876746575862,1338.48224952946,29977.3828565973,3944.55856780776,5283.04081733722,5283.04081733722,"transit"
"1510","36081015802",-73.8196472270929,40.687543644498,13283.7747274589,40.7356094542025,-73.9876746575862,397.805317378878,35680.1262957262,4694.95114211732,5092.7564594962,5092.7564594962,"transit"
"1511","36081015900",-73.9183425152442,40.7557868977332,6035.47647341379,40.7356094542025,-73.9876746575862,272.567429479935,25343.6639284268,3334.833036184,3607.40046566393,3607.40046566393,"transit"
"1512","36081016100",-73.9145862436053,40.7550818784556,6256.78247918208,40.7356094542025,-73.9876746575862,151.59226593843,25880.6624472494,3405.49371121539,3557.08597715382,3557.08597715382,"transit"
"1513","36081016300",-73.9098740793873,40.7563232927552,6602.10758591745,40.7356094542025,-73.9876746575862,337.877373853743,25880.6624472494,3405.49371121539,3743.37108506914,3743.37108506914,"transit"
"1514","36081016400",-73.8165255218476,40.6851017989719,13547.6206995044,40.7356094542025,-73.9876746575862,696.742451241692,35680.1262957262,4694.95114211732,5391.69359335901,5391.69359335901,"transit"
"1515","36081016600",-73.8207156055829,40.6812927761196,13241.0721689424,40.7356094542025,-73.9876746575862,582.144621002999,35680.1262957262,4694.95114211732,5277.09576312032,5277.09576312032,"transit"
"1516","36081016800",-73.8172329820409,40.6793479111929,13434.4775013323,40.7356094542025,-73.9876746575862,978.443516521232,35680.1262957262,4694.95114211732,5673.39465863855,5673.39465863855,"transit"
"1517","36081016900",-73.9143491945526,40.7482632993101,6402.22293217361,40.7356094542025,-73.9876746575862,454.052506014798,25961.5698673867,3416.13987265078,3870.19237866557,3870.19237866557,"transit"
"1518","36081017000",-73.8119636871869,40.684331544461,13757.1209680543,40.7356094542025,-73.9876746575862,1086.92842301788,35680.1262957262,4694.95114211732,5781.8795651352,5781.8795651352,"transit"
"1519","36081017100",-73.9255845107546,40.7497385258155,6249.02625485479,40.7356094542025,-73.9876746575862,1027.17659869972,24310.220388914,3198.84789740015,4226.02449609987,4226.02449609987,"transit"
"1520","36081017200",-73.8113587867942,40.6823436006247,13851.0828678104,40.7356094542025,-73.9876746575862,1237.4522923297,35680.1262957262,4694.95114211732,5932.40343444702,5932.40343444702,"transit"
"1521","36081017400",-73.8105004775148,40.6805938698362,13850.9830662885,40.7356094542025,-73.9876746575862,1386.90960538714,35680.1262957262,4694.95114211732,6081.86074750446,6081.86074750446,"transit"
"1522","36081017600",-73.8096612076352,40.6788390184291,13898.4418420914,40.7356094542025,-73.9876746575862,1540.3358243074,35680.1262957262,4694.95114211732,6235.28696642472,6235.28696642472,"transit"
"1523","36081017800",-73.808697171973,40.6771115922347,13950.2841521489,40.7356094542025,-73.9876746575862,1605.73061771164,35680.1262957262,4694.95114211732,6300.68175982897,6300.68175982897,"transit"
"1524","36081017900",-73.9302542859527,40.7446864360378,5291.59489954248,40.7356094542025,-73.9876746575862,96.3045902753152,24341.9513178591,3203.0231954318,3299.32778570711,3299.32778570711,"transit"
"1525","36081018000",-73.8053365634506,40.6757924889512,14154.1759571386,40.7356094542025,-73.9876746575862,2355.14719032804,NA,NA,NA,14154.1759571386,NA
"1526","36081018101",-73.9241451330961,40.744496129753,5687.71587414021,40.7356094542025,-73.9876746575862,157.909725840556,24929.4360474239,3280.32707264305,3438.2367984836,3438.2367984836,"transit"
"1527","36081018102",-73.9222687627154,40.7442917855625,5811.755408016,40.7356094542025,-73.9876746575862,281.555463146398,24929.4360474239,3280.32707264305,3561.88253578945,3561.88253578945,"transit"
"1528","36081018200",-73.799110456024,40.6761608396157,14640.7022429974,40.7356094542025,-73.9876746575862,2844.48443998237,NA,NA,NA,14640.7022429974,NA
"1529","36081018300",-73.9196719070553,40.7453502784244,5980.8790711758,40.7356094542025,-73.9876746575862,302.629747837478,25459.4159315427,3350.06420422212,3652.69395205959,3652.69395205959,"transit"
"1530","36081018401",-73.7920687061783,40.6751362845968,15010.9327764567,40.7356094542025,-73.9876746575862,2485.17797135007,NA,NA,NA,15010.9327764567,NA
"1531","36081018402",-73.7943607901294,40.678948564869,14939.9777073829,40.7356094542025,-73.9876746575862,2822.96493154576,NA,NA,NA,14939.9777073829,NA
"1532","36081018501",-73.9224312378372,40.7387096549944,6204.30738303305,40.7356094542025,-73.9876746575862,648.686321527978,24929.4360474239,3280.32707264305,3929.01339417103,3929.01339417103,"transit"
"1533","36081018502",-73.9220647102418,40.740554613385,6042.3959627285,40.7356094542025,-73.9876746575862,486.77490122343,24929.4360474239,3280.32707264305,3767.10197386648,3767.10197386648,"transit"
"1534","36081018600",-73.7988944383609,40.6798952864895,14651.0892454569,40.7356094542025,-73.9876746575862,1896.42518255331,29977.3828565973,3944.55856780776,5840.98375036106,5840.98375036106,"transit"
"1535","36081018700",-73.924701004507,40.7366270804625,6242.47206318754,40.7356094542025,-73.9876746575862,698.435931282423,24929.4360474239,3280.32707264305,3978.76300392547,3978.76300392547,"transit"
"1536","36081018800",-73.7997972562078,40.6816403598451,14632.158623576,40.7356094542025,-73.9876746575862,1667.67905428406,29977.3828565973,3944.55856780776,5612.23762209182,5612.23762209182,"transit"
"1537","36081018900",-73.9279990462775,40.7400819294384,5796.59330936807,40.7356094542025,-73.9876746575862,489.610413034909,24929.4360474239,3280.32707264305,3769.93748567796,3769.93748567796,"transit"
"1538","36081019000",-73.795223488896,40.6853876802362,14840.1418030959,40.7356094542025,-73.9876746575862,1491.22259776511,29977.3828565973,3944.55856780776,5435.78116557287,5435.78116557287,"transit"
"1539","36081019200",-73.8005904963678,40.6838324248946,14553.0604181837,40.7356094542025,-73.9876746575862,1587.43492470799,29977.3828565973,3944.55856780776,5531.99349251575,5531.99349251575,"transit"
"1540","36081019400",-73.8034266277529,40.6859258561209,14405.7393126046,40.7356094542025,-73.9876746575862,1362.52724860755,29977.3828565973,3944.55856780776,5307.0858164153,5307.0858164153,"transit"
"1541","36081019600",-73.7999084590615,40.6894694004363,14404.2128131132,40.7356094542025,-73.9876746575862,1001.92159871489,29977.3828565973,3944.55856780776,4946.48016652264,4946.48016652264,"transit"
"1542","36081019800",-73.8028027240344,40.6918470845224,14148.3643544956,40.7356094542025,-73.9876746575862,746.073140097281,29977.3828565973,3944.55856780776,4690.63170790504,4690.63170790504,"transit"
"1543","36081019900",-73.9341418001027,40.7352559638486,6041.38136871904,40.7356094542025,-73.9876746575862,1010.34537880353,24341.9513178591,3203.0231954318,4213.36857423533,4213.36857423533,"transit"
"1544","36081020200",-73.8077365057518,40.6897830314394,13930.8075833081,40.7356094542025,-73.9876746575862,935.722898600927,29977.3828565973,3944.55856780776,4880.28146640869,4880.28146640869,"transit"
"1545","36081020400",-73.8034268861957,40.6951727038076,13961.5938616918,40.7356094542025,-73.9876746575862,525.874458426349,29977.3828565973,3944.55856780776,4470.43302623411,4470.43302623411,"transit"
"1546","36081020500",-73.9218624382427,40.7303785185567,6801.49354567073,40.7356094542025,-73.9876746575862,1346.73778815903,25459.4159315427,3350.06420422212,4696.80199238114,4696.80199238114,"transit"
"1547","36081020600",-73.809365363558,40.6943759606163,13642.1211413771,40.7356094542025,-73.9876746575862,451.783815475669,29977.3828565973,3944.55856780776,4396.34238328343,4396.34238328343,"transit"
"1548","36081020800",-73.806829968681,40.698429649674,13590.9502902812,40.7356094542025,-73.9876746575862,155.230887015776,29977.3828565973,3944.55856780776,4099.78945482353,4099.78945482353,"transit"
"1549","36081021200",-73.8115040948389,40.7009206707509,13202.0546462953,40.7356094542025,-73.9876746575862,NA,27278.872966887,3589.47652623361,NA,13202.0546462953,NA
"1550","36081021400",-73.8151404067823,40.7061333449478,12943.9453163341,40.7356094542025,-73.9876746575862,369.002433786977,30156.6974161276,3968.15358227288,4337.15601605986,4337.15601605986,"transit"
"1551","36081021600",-73.823494458439,40.7093692325434,12414.9956781601,40.7356094542025,-73.9876746575862,315.923793815015,29422.1268734468,3871.49549368483,4187.41928749985,4187.41928749985,"transit"
"1552","36081021900",-73.9182296987908,40.7235553090242,6953.0506022541,40.7356094542025,-73.9876746575862,1908.95927236433,22283.7829295017,2932.20016230969,4841.15943467402,4841.15943467402,"transit"
"1553","36081022001",-73.8206637306518,40.7137680660763,12542.6007699068,40.7356094542025,-73.9876746575862,687.131690146283,29422.1268734468,3871.49549368483,4558.62718383112,4558.62718383112,"transit"
"1554","36081022002",-73.8144465225177,40.71316777981,12962.1025054466,40.7356094542025,-73.9876746575862,768.343852300034,29422.1268734468,3871.49549368483,4639.83934598487,4639.83934598487,"transit"
"1555","36081022900",-73.9112819447672,40.7344011605433,7271.04152311506,40.7356094542025,-73.9876746575862,1200.39981778408,25961.5698673867,3416.13987265078,4616.53969043486,4616.53969043486,"transit"
"1556","36081023000",-73.8081328520154,40.7126254440887,13425.9910940857,40.7356094542025,-73.9876746575862,587.670056047419,30654.9487014668,4033.71572243395,4621.38577848137,4621.38577848137,"transit"
"1557","36081023200",-73.8112076889395,40.7095824752302,13168.7248180433,40.7356094542025,-73.9876746575862,426.016548012206,30156.6974161276,3968.15358227288,4394.17013028509,4394.17013028509,"transit"
"1558","36081023500",-73.9176495071837,40.7392495021885,6403.7183020346,40.7356094542025,-73.9876746575862,370.937794446642,25459.4159315427,3350.06420422212,3721.00199866876,3721.00199866876,"transit"
"1559","36081023600",-73.8049196598912,40.7073428230436,13413.6639206051,40.7356094542025,-73.9876746575862,88.0895218476043,30654.9487014668,4033.71572243395,4121.80524428155,4121.80524428155,"transit"
"1560","36081023800",-73.8090404731382,40.7052216889768,13165.9881646145,40.7356094542025,-73.9876746575862,147.242318404836,30156.6974161276,3968.15358227288,4115.39590067772,4115.39590067772,"transit"
"1561","36081024000",-73.8050731467361,40.7032768789928,13552.6389431998,40.7356094542025,-73.9876746575862,NA,27947.0135581472,3677.39346369153,NA,13552.6389431998,NA
"1562","36081024300",-73.9020837603469,40.7366608720725,7382.64987068669,40.7356094542025,-73.9876746575862,921.574577954424,35490.9773349918,4670.06207300726,5591.63665096169,5591.63665096169,"transit"
"1563","36081024500",-73.9049171615842,40.7394921387265,7012.0352652187,40.7356094542025,-73.9876746575862,712.039716593025,35490.9773349918,4670.06207300726,5382.10178960029,5382.10178960029,"transit"
"1564","36081024600",-73.7965541845063,40.7012272059393,14108.0444041381,40.7356094542025,-73.9876746575862,NA,27947.0135581472,3677.39346369153,NA,14108.0444041381,NA
"1565","36081024700",-73.8994143869103,40.7423602365014,7250.5948287391,40.7356094542025,-73.9876746575862,458.430765837196,35490.9773349918,4670.06207300726,5128.49283884446,5128.49283884446,"transit"
"1566","36081024900",-73.9042264334814,40.7432068521568,6977.90965593592,40.7356094542025,-73.9876746575862,270.616331517302,35490.9773349918,4670.06207300726,4940.67840452456,4940.67840452456,"transit"
"1567","36081025100",-73.9096531977191,40.7449233751494,6535.67277736566,40.7356094542025,-73.9876746575862,193.615950169743,25961.5698673867,3416.13987265078,3609.75582282052,3609.75582282052,"transit"
"1568","36081025301",-73.9165329391297,40.7445714352922,6091.17947585622,40.7356094542025,-73.9876746575862,234.819026116545,25459.4159315427,3350.06420422212,3584.88323033866,3584.88323033866,"transit"
"1569","36081025302",-73.9131446641881,40.7442222349082,6300.43727789295,40.7356094542025,-73.9876746575862,46.8287646385049,25961.5698673867,3416.13987265078,3462.96863728928,3462.96863728928,"transit"
"1570","36081025400",-73.7944422497034,40.696687018816,14448.6782194618,40.7356094542025,-73.9876746575862,NA,27947.0135581472,3677.39346369153,NA,14448.6782194618,NA
"1571","36081025500",-73.9079329280931,40.7504311770895,6726.85936903887,40.7356094542025,-73.9876746575862,336.173071450038,26110.9606123771,3435.79737730761,3771.97044875765,3771.97044875765,"transit"
"1572","36081025700",-73.9051745382642,40.7501092744742,6833.01677463258,40.7356094542025,-73.9876746575862,292.643114157508,26110.9606123771,3435.79737730761,3728.44049146512,3728.44049146512,"transit"
"1573","36081025800",-73.7872750272025,40.6960440338539,15010.5458747932,40.7356094542025,-73.9876746575862,NA,27947.0135581472,3677.39346369153,NA,15010.5458747932,NA
"1574","36081025900",-73.9035254400329,40.748578750338,7055.84997102729,40.7356094542025,-73.9876746575862,238.373359300524,35490.9773349918,4670.06207300726,4908.43543230779,4908.43543230779,"transit"
"1575","36081026000",-73.7933078228566,40.6927524292661,14831.2001284729,40.7356094542025,-73.9876746575862,NA,27947.0135581472,3677.39346369153,NA,14831.2001284729,NA
"1576","36081026100",-73.9005967148678,40.7472078667047,7189.83172961547,40.7356094542025,-73.9876746575862,258.177080307518,35490.9773349918,4670.06207300726,4928.23915331478,4928.23915331478,"transit"
"1577","36081026200",-73.7920924073138,40.6910078743827,15038.0937525122,40.7356094542025,-73.9876746575862,NA,27947.0135581472,3677.39346369153,NA,15038.0937525122,NA
"1578","36081026300",-73.8970941160023,40.7457245582915,7300.11540693147,40.7356094542025,-73.9876746575862,65.0364982829648,27364.1976991081,3600.70393741685,3665.74043569982,3665.74043569982,"transit"
"1579","36081026400",-73.7857903928785,40.6922317498219,15225.9419611978,40.7356094542025,-73.9876746575862,NA,27947.0135581472,3677.39346369153,NA,15225.9419611978,NA
"1580","36081026500",-73.8933682318657,40.7450364547924,7635.72980740777,40.7356094542025,-73.9876746575862,NA,27551.7337635646,3625.38077439637,NA,7635.72980740777,NA
"1581","36081026600",-73.7816949032293,40.6918811926255,15583.9372555233,40.7356094542025,-73.9876746575862,NA,27947.0135581472,3677.39346369153,NA,15583.9372555233,NA
"1582","36081026700",-73.8880306773767,40.7453266636452,7892.59800255225,40.7356094542025,-73.9876746575862,NA,27551.7337635646,3625.38077439637,NA,7892.59800255225,NA
"1583","36081026901",-73.8822113951922,40.7468743843526,8260.59783438546,40.7356094542025,-73.9876746575862,145.690353241164,28392.2697522556,3735.98227191877,3881.67262515993,3881.67262515993,"transit"
"1584","36081026902",-73.8829440266147,40.7446168892895,8280.29090303135,40.7356094542025,-73.9876746575862,313.382152043174,28534.0225703326,3754.63474387509,4068.01689591826,4068.01689591826,"transit"
"1585","36081027000",-73.7913933318276,40.6886842063753,14993.9461431659,40.7356094542025,-73.9876746575862,NA,27947.0135581472,3677.39346369153,NA,14993.9461431659,NA
"1586","36081027100",-73.8794867695545,40.7452120453912,8472.11675516698,40.7356094542025,-73.9876746575862,408.691957970744,28534.0225703326,3754.63474387509,4163.32670184583,4163.32670184583,"transit"
"1587","36081027200",-73.791320629323,40.6835769060073,15209.1108949374,40.7356094542025,-73.9876746575862,NA,27947.0135581472,3677.39346369153,NA,15209.1108949374,NA
"1588","36081027300",-73.8727904138483,40.7522042848953,8893.10655366665,40.7356094542025,-73.9876746575862,367.440414493877,29720.3919017377,3910.74254465158,4278.18295914546,4278.18295914546,"transit"
"1589","36081027400",-73.7889890077289,40.6849049572003,15390.2441112524,40.7356094542025,-73.9876746575862,NA,27947.0135581472,3677.39346369153,NA,15390.2441112524,NA
"1590","36081027500",-73.8755691316134,40.7521536896029,8638.52977593776,40.7356094542025,-73.9876746575862,409.574274084797,29020.3337548008,3818.62575197914,4228.20002606393,4228.20002606393,"transit"
"1591","36081027600",-73.7862387712412,40.6875874351528,15405.8740460897,40.7356094542025,-73.9876746575862,NA,27947.0135581472,3677.39346369153,NA,15405.8740460897,NA
"1592","36081027700",-73.8779449083106,40.7526941118621,8467.81872196592,40.7356094542025,-73.9876746575862,408.073062289174,29020.3337548008,3818.62575197914,4226.69881426831,4226.69881426831,"transit"
"1593","36081027800",-73.7829526960857,40.6860784815522,15638.1753164224,40.7356094542025,-73.9876746575862,NA,27947.0135581472,3677.39346369153,NA,15638.1753164224,NA
"1594","36081027900",-73.8802222369649,40.7516728607158,8386.04153094197,40.7356094542025,-73.9876746575862,471.854379719524,29020.3337548008,3818.62575197914,4290.48013169866,4290.48013169866,"transit"
"1595","36081028000",-73.7797202442775,40.6883061970589,15866.3538817069,40.7356094542025,-73.9876746575862,NA,27947.0135581472,3677.39346369153,NA,15866.3538817069,NA
"1596","36081028100",-73.8825919965808,40.7522203312551,8182.83302334643,40.7356094542025,-73.9876746575862,465.22444796134,28392.2697522556,3735.98227191877,4201.20671988011,4201.20671988011,"transit"
"1597","36081028200",-73.7738830815895,40.6849853454089,16277.819996158,40.7356094542025,-73.9876746575862,NA,27947.0135581472,3677.39346369153,NA,16277.819996158,NA
"1598","36081028300",-73.8848654415428,40.7511737091164,8131.19926968853,40.7356094542025,-73.9876746575862,286.526340659511,28392.2697522556,3735.98227191877,4022.50861257828,4022.50861257828,"transit"
"1599","36081028400",-73.777865077779,40.6825050940135,16121.169017921,40.7356094542025,-73.9876746575862,NA,27947.0135581472,3677.39346369153,NA,16121.169017921,NA
"1600","36081028500",-73.8871140880415,40.7514811528677,7906.00936582469,40.7356094542025,-73.9876746575862,490.371307759328,28392.2697522556,3735.98227191877,4226.3535796781,4226.3535796781,"transit"
"1601","36081028700",-73.8894274332879,40.750957189279,7782.09982955102,40.7356094542025,-73.9876746575862,494.183442376423,27796.0771526046,3657.53257408267,4151.7160164591,4151.7160164591,"transit"
"1602","36081028800",-73.7859110240187,40.6788004504302,15573.2241496923,40.7356094542025,-73.9876746575862,2675.18968667607,NA,NA,NA,15573.2241496923,NA
"1603","36081028900",-73.8919006410345,40.7512925302158,7660.53980299526,40.7356094542025,-73.9876746575862,398.722106563721,27796.0771526046,3657.53257408267,4056.25468064639,4056.25468064639,"transit"
"1604","36081029100",-73.8951957117934,40.7513513258628,7475.92907601367,40.7356094542025,-73.9876746575862,316.262424820705,27433.4834485355,3609.82086726488,3926.08329208558,3926.08329208558,"transit"
"1605","36081029300",-73.8994621083413,40.7519017038806,7105.59121664149,40.7356094542025,-73.9876746575862,276.2234801855,27433.4834485355,3609.82086726488,3886.04434745037,3886.04434745037,"transit"
"1606","36081029400",-73.7810597026258,40.6713183828095,15752.5985031017,40.7356094542025,-73.9876746575862,2350.54167597697,NA,NA,NA,15752.5985031017,NA
"1607","36081029500",-73.9067466248187,40.7559679110145,6795.4171149795,40.7356094542025,-73.9876746575862,266.331796338458,26110.9606123771,3435.79737730761,3702.12917364607,3702.12917364607,"transit"
"1608","36081029700",-73.9029725238588,40.7586593831445,7226.48297849241,40.7356094542025,-73.9876746575862,689.854292618583,26110.9606123771,3435.79737730761,4125.6516699262,4125.6516699262,"transit"
"1609","36081029900",-73.899349090874,40.7640241855048,8021.20592864773,40.7356094542025,-73.9876746575862,1757.98059466466,26110.9606123771,3435.79737730761,5193.77797197227,5193.77797197227,"transit"
"1610","36081030600",-73.7803646476147,40.6649038825345,16048.0102780651,40.7356094542025,-73.9876746575862,6746.15681118869,NA,NA,NA,16048.0102780651,NA
"1611","36081030902",-73.8961252215653,40.7580678962818,7502.70313935034,40.7356094542025,-73.9876746575862,852.342006331774,27433.4834485355,3609.82086726488,4462.16287359665,4462.16287359665,"transit"
"1612","36081030903",-73.8900649139707,40.7579484560103,7881.44632344322,40.7356094542025,-73.9876746575862,1187.01147526259,27433.4834485355,3609.82086726488,4796.83234252747,4796.83234252747,"transit"
"1613","36081030904",-73.8909796097134,40.7635281848152,8147.03848656587,40.7356094542025,-73.9876746575862,1574.14317497481,27433.4834485355,3609.82086726488,5183.96404223969,5183.96404223969,"transit"
"1614","36081031700",-73.8932849629813,40.7703435275118,8200.18172562328,40.7356094542025,-73.9876746575862,1527.9033453743,30581.3484826132,4024.03107533648,5551.93442071078,5551.93442071078,"transit"
"1615","36081032000",-73.7649724474677,40.6612908025266,17145.7039807304,40.7356094542025,-73.9876746575862,7014.10748690334,NA,NA,NA,17145.7039807304,NA
"1616","36081032700",-73.8854176152187,40.758436385173,8146.90122412042,40.7356094542025,-73.9876746575862,913.826352998253,28392.2697522556,3735.98227191877,4649.80862491702,4649.80862491702,"transit"
"1617","36081032800",-73.7556809793811,40.671842073556,17479.6441075793,40.7356094542025,-73.9876746575862,7794.33886274179,NA,NA,NA,17479.6441075793,NA
"1618","36081032900",-73.8827349952572,40.7644356040289,8699.56170970532,40.7356094542025,-73.9876746575862,1492.30082526193,29020.3337548008,3818.62575197914,5310.92657724107,5310.92657724107,"transit"
"1619","36081033000",-73.7637250458394,40.670138911969,17012.3778298422,40.7356094542025,-73.9876746575862,7299.71666033794,NA,NA,NA,17012.3778298422,NA
"1620","36081033100",-73.8727730674942,40.7760043330082,10155.814459119,40.7356094542025,-73.9876746575862,3060.04471151867,29720.3919017377,3910.74254465158,6970.78725617025,6970.78725617025,"transit"
"1621","36081033401",-73.7674369636109,40.6791765602072,16878.1534247933,40.7356094542025,-73.9876746575862,8115.30418759374,NA,NA,NA,16878.1534247933,NA
"1622","36081033402",-73.7718091327156,40.6752751603781,16405.9583411778,40.7356094542025,-73.9876746575862,7366.82622154219,NA,NA,NA,16405.9583411778,NA
"1623","36081033700",-73.8826280544124,40.7587307200656,8230.91229454138,40.7356094542025,-73.9876746575862,996.767585074426,28392.2697522556,3735.98227191877,4732.7498569932,4732.7498569932,"transit"
"1624","36081033900",-73.879838256063,40.7590237514271,8401.78375188187,40.7356094542025,-73.9876746575862,927.490138952046,29020.3337548008,3818.62575197914,4746.11589093118,4746.11589093118,"transit"
"1625","36081034700",-73.8786314828159,40.7669013187581,9035.4311946927,40.7356094542025,-73.9876746575862,1801.21763129402,29020.3337548008,3818.62575197914,5619.84338327316,5619.84338327316,"transit"
"1626","36081035100",-73.8770465247655,40.7590997003621,8617.08608155029,40.7356094542025,-73.9876746575862,916.811788364715,29020.3337548008,3818.62575197914,4735.43754034385,4735.43754034385,"transit"
"1627","36081035200",-73.7576221726152,40.6794883541766,17348.8107150494,40.7356094542025,-73.9876746575862,7983.74350614861,NA,NA,NA,17348.8107150494,NA
"1628","36081035300",-73.8741249466229,40.7596119775594,8790.49437010152,40.7356094542025,-73.9876746575862,897.599135423289,29720.3919017377,3910.74254465158,4808.34168007487,4808.34168007487,"transit"
"1629","36081035700",-73.8715034660683,40.7679060419044,9489.32067425272,40.7356094542025,-73.9876746575862,1711.51613224535,29720.3919017377,3910.74254465158,5622.25867689692,5622.25867689692,"transit"
"1630","36081035800",-73.7509687183554,40.6757928572794,17877.9085146764,40.7356094542025,-73.9876746575862,8226.94612778558,NA,NA,NA,17877.9085146764,NA
"1631","36081036100",-73.8724157492904,40.7612829447375,9056.06838917573,40.7356094542025,-73.9876746575862,1076.80460608065,29720.3919017377,3910.74254465158,4987.54715073223,4987.54715073223,"transit"
"1632","36081036300",-73.8694173462915,40.7596837873264,9043.01878039426,40.7356094542025,-73.9876746575862,941.512373749564,29720.3919017377,3910.74254465158,4852.25491840114,4852.25491840114,"transit"
"1633","36081036500",-73.865605475826,40.7595246653224,9284.19072221359,40.7356094542025,-73.9876746575862,796.391740163109,30215.1637233629,3975.84684136212,4772.23858152523,4772.23858152523,"transit"
"1634","36081036600",-73.7631012563671,40.6856494217383,16898.9772020403,40.7356094542025,-73.9876746575862,2838.99318239779,31705.6752938709,4171.97504287955,7010.96822527734,7010.96822527734,"transit"
"1635","36081036700",-73.8679426176682,40.763224241591,9383.08175984533,40.7356094542025,-73.9876746575862,1220.31738428157,30215.1637233629,3975.84684136212,5196.16422564369,5196.16422564369,"transit"
"1636","36081036800",-73.766450177115,40.6852929182075,16721.2799823982,40.7356094542025,-73.9876746575862,2939.15347253798,31705.6752938709,4171.97504287955,7111.12851541753,7111.12851541753,"transit"
"1637","36081037100",-73.863840034549,40.7641258264988,9612.85478159031,40.7356094542025,-73.9876746575862,1190.31519345582,30888.7943277118,4064.48617938016,5254.80137283598,5254.80137283598,"transit"
"1638","36081037300",-73.8598970948207,40.7597007185894,9705.53173854952,40.7356094542025,-73.9876746575862,785.922524315842,30888.7943277118,4064.48617938016,4850.408703696,4850.408703696,"transit"
"1639","36081037500",-73.8700124371017,40.7513539441127,9024.42276934752,40.7356094542025,-73.9876746575862,269.117042853473,29720.3919017377,3910.74254465158,4179.85958750505,4179.85958750505,"transit"
"1640","36081037600",-73.7541429240026,40.6878327770672,17421.1645014146,40.7356094542025,-73.9876746575862,3081.30741125035,31705.6752938709,4171.97504287955,7253.2824541299,7253.2824541299,"transit"
"1641","36081037700",-73.8687135495999,40.7556614353844,8995.69634727958,40.7356094542025,-73.9876746575862,651.510677487,29720.3919017377,3910.74254465158,4562.25322213858,4562.25322213858,"transit"
"1642","36081037900",-73.864076341159,40.7554789977161,9295.76857191545,40.7356094542025,-73.9876746575862,561.577976182783,30215.1637233629,3975.84684136212,4537.4248175449,4537.4248175449,"transit"
"1643","36081038100",-73.8577230347459,40.7560930715488,9688.67748923652,40.7356094542025,-73.9876746575862,473.093415698992,30888.7943277118,4064.48617938016,4537.57959507915,4537.57959507915,"transit"
"1644","36081038301",-73.8420155145699,40.7610968039282,10920.3625850944,40.7356094542025,-73.9876746575862,909.172037143642,31679.066392944,4168.47372428103,5077.64576142467,5077.64576142467,"transit"
"1645","36081038302",-73.8422688071497,40.7432772279284,11033.2433865719,40.7356094542025,-73.9876746575862,1095.77124419261,31679.066392944,4168.47372428103,5264.24496847363,5264.24496847363,"transit"
"1646","36081038400",-73.7476395883454,40.6933425353855,17756.9177534627,40.7356094542025,-73.9876746575862,3350.34223929113,31705.6752938709,4171.97504287955,7522.31728217068,7522.31728217068,"transit"
"1647","36081039400",-73.7587815455017,40.68963657711,17163.4688917843,40.7356094542025,-73.9876746575862,2903.56156190796,31705.6752938709,4171.97504287955,7075.53660478751,7075.53660478751,"transit"
"1648","36081039800",-73.7647988294768,40.6945661368074,16693.4776123036,40.7356094542025,-73.9876746575862,2188.18586009132,31705.6752938709,4171.97504287955,6360.16090297087,6360.16090297087,"transit"
"1649","36081039900",-73.8535822123812,40.751799638806,10017.7322054479,40.7356094542025,-73.9876746575862,159.901825437724,30888.7943277118,4064.48617938016,4224.38800481788,4224.38800481788,"transit"
"1650","36081040000",-73.7648683964191,40.698151507939,16497.8191419426,40.7356094542025,-73.9876746575862,1989.17784965516,31705.6752938709,4171.97504287955,6161.15289253471,6161.15289253471,"transit"
"1651","36081040100",-73.8570958644204,40.7514683484244,9819.25575756543,40.7356094542025,-73.9876746575862,122.051941540918,30888.7943277118,4064.48617938016,4186.53812092108,4186.53812092108,"transit"
"1652","36081040200",-73.768762979082,40.7000316311077,16215.0319205117,40.7356094542025,-73.9876746575862,1706.39062822428,31705.6752938709,4171.97504287955,5878.36567110383,5878.36567110383,"transit"
"1653","36081040300",-73.8604325450659,40.7506523025018,9579.35444114245,40.7356094542025,-73.9876746575862,151.114890574306,30215.1637233629,3975.84684136212,4126.96173193643,4126.96173193643,"transit"
"1654","36081040400",-73.7707281466634,40.7052121500038,15761.6656850068,40.7356094542025,-73.9876746575862,1245.17706287517,31705.6752938709,4171.97504287955,5417.15210575472,5417.15210575472,"transit"
"1655","36081040500",-73.8628425340313,40.7498673886084,9423.9309090143,40.7356094542025,-73.9876746575862,12.7803883636036,30215.1637233629,3975.84684136212,3988.62722972573,3988.62722972573,"transit"
"1656","36081040700",-73.8656042023108,40.750382501254,9336.3743797379,40.7356094542025,-73.9876746575862,433.389798384319,30215.1637233629,3975.84684136212,4409.23663974644,4409.23663974644,"transit"
"1657","36081040900",-73.867591738237,40.7496700380255,9136.73672650828,40.7356094542025,-73.9876746575862,132.788477248374,29720.3919017377,3910.74254465158,4043.53102189995,4043.53102189995,"transit"
"1658","36081041100",-73.8654118672809,40.7437969662487,9477.57339684399,40.7356094542025,-73.9876746575862,715.331245805021,29720.3919017377,3910.74254465158,4626.0737904566,4626.0737904566,"transit"
"1659","36081041300",-73.8612991099349,40.7447308982621,9684.56093375896,40.7356094542025,-73.9876746575862,419.445612377817,30215.1637233629,3975.84684136212,4395.29245373994,4395.29245373994,"transit"
"1660","36081041400",-73.7807637419641,40.6996328943745,15271.2962424855,40.7356094542025,-73.9876746575862,1315.82167088018,31705.6752938709,4171.97504287955,5487.79671375973,5487.79671375973,"transit"
"1661","36081041500",-73.8565990483102,40.7466050753732,10002.5375758576,40.7356094542025,-73.9876746575862,559.684705883819,30888.7943277118,4064.48617938016,4624.17088526398,4624.17088526398,"transit"
"1662","36081042400",-73.7722607239021,40.6953880834752,16080.9477195575,40.7356094542025,-73.9876746575862,1920.75501230601,31705.6752938709,4171.97504287955,6092.73005518556,6092.73005518556,"transit"
"1663","36081042600",-73.7702130744153,40.6888457268733,16795.2264451381,40.7356094542025,-73.9876746575862,2676.36731393872,31705.6752938709,4171.97504287955,6848.34235681827,6848.34235681827,"transit"
"1664","36081042700",-73.8538210934109,40.7437236576892,10120.6833644982,40.7356094542025,-73.9876746575862,885.808315460926,30888.7943277118,4064.48617938016,4950.29449484108,4950.29449484108,"transit"
"1665","36081043200",-73.7759209140626,40.6913418278446,15937.7471488614,40.7356094542025,-73.9876746575862,NA,27947.0135581472,3677.39346369153,NA,15937.7471488614,NA
"1666","36081043400",-73.7786462771178,40.696199248536,15549.9770609678,40.7356094542025,-73.9876746575862,1692.58347939887,31705.6752938709,4171.97504287955,5864.55852227842,5864.55852227842,"transit"
"1667","36081043701",-73.8511270965653,40.7391006042438,10373.3265916447,40.7356094542025,-73.9876746575862,1204.35691968904,30775.5018638589,4049.57864855611,5253.93556824515,5253.93556824515,"transit"
"1668","36081043702",-73.8565246393762,40.7380113455905,9978.77027755403,40.7356094542025,-73.9876746575862,1020.74762368601,30775.5018638589,4049.57864855611,5070.32627224212,5070.32627224212,"transit"
"1669","36081043900",-73.8558169744473,40.7418715548737,10168.6285473961,40.7356094542025,-73.9876746575862,1017.70271160238,30215.1637233629,3975.84684136212,4993.54955296451,4993.54955296451,"transit"
"1670","36081044000",-73.7846247123905,40.7026744167095,14991.9926362499,40.7356094542025,-73.9876746575862,1087.58730447054,31705.6752938709,4171.97504287955,5259.56234735009,5259.56234735009,"transit"
"1671","36081044301",-73.8594543398019,40.7407330079884,9795.373676372,40.7356094542025,-73.9876746575862,828.457080632388,30215.1637233629,3975.84684136212,4804.30392199451,4804.30392199451,"transit"
"1672","36081044302",-73.8640627804373,40.7398123101323,9476.90718905529,40.7356094542025,-73.9876746575862,929.850441509437,29966.4421133453,3943.11893571114,4872.96937722058,4872.96937722058,"transit"
"1673","36081044400",-73.7818255689799,40.705759594325,15093.113036491,40.7356094542025,-73.9876746575862,751.882924222604,31705.6752938709,4171.97504287955,4923.85796710215,4923.85796710215,"transit"
"1674","36081044601",-73.797792587555,40.7049596813167,13977.1734095186,40.7356094542025,-73.9876746575862,NA,27947.0135581472,3677.39346369153,NA,13977.1734095186,NA
"1675","36081044602",-73.7998509865255,40.7081885804142,13750.3289398699,40.7356094542025,-73.9876746575862,272.639744867777,30654.9487014668,4033.71572243395,4306.35546730173,4306.35546730173,"transit"
"1676","36081044800",-73.8026078846178,40.7110223179859,13794.504874115,40.7356094542025,-73.9876746575862,354.917317517724,30654.9487014668,4033.71572243395,4388.63303995167,4388.63303995167,"transit"
"1677","36081045000",-73.8047692014365,40.7141751330514,13550.2708348931,40.7356094542025,-73.9876746575862,747.752999982068,30654.9487014668,4033.71572243395,4781.46872241602,4781.46872241602,"transit"
"1678","36081045200",-73.7995426850492,40.7145690029743,13888.4351482595,40.7356094542025,-73.9876746575862,624.975707054506,31119.2056196688,4094.80473120826,4719.78043826277,4719.78043826277,"transit"
"1679","36081045400",-73.7960123386044,40.7126429165425,14140.2671807387,40.7356094542025,-73.9876746575862,260.762078251633,31119.2056196688,4094.80473120826,4355.56680945989,4355.56680945989,"transit"
"1680","36081045500",-73.8622790871864,40.7362766147918,NA,40.7356094542025,-73.9876746575862,NA,30775.5018638589,4049.57864855611,NA,NA,NA
"1681","36081045600",-73.7940061650249,40.7165589877376,14232.8129776235,40.7356094542025,-73.9876746575862,495.836932019325,31119.2056196688,4094.80473120826,4590.64166322759,4590.64166322759,"transit"
"1682","36081045700",-73.8698383114363,40.7377217155816,9053.82737323525,40.7356094542025,-73.9876746575862,415.812436113286,29966.4421133453,3943.11893571114,4358.93137182443,4358.93137182443,"transit"
"1683","36081045800",-73.7909278431594,40.7152433639725,14501.987564869,40.7356094542025,-73.9876746575862,500.298216560727,31119.2056196688,4094.80473120826,4595.10294776899,4595.10294776899,"transit"
"1684","36081045900",-73.8706804787617,40.7398774502674,8999.4384089896,40.7356094542025,-73.9876746575862,536.606905013183,29191.4008240202,3841.13552465633,4377.74242966952,4377.74242966952,"transit"
"1685","36081046000",-73.7934899941198,40.7082566041515,14291.6837062802,40.7356094542025,-73.9876746575862,260.956604893889,31119.2056196688,4094.80473120826,4355.76133610215,4355.76133610215,"transit"
"1686","36081046100",-73.8712655623766,40.7417148280092,9056.46468446543,40.7356094542025,-73.9876746575862,651.543516972158,29191.4008240202,3841.13552465633,4492.67904162849,4492.67904162849,"transit"
"1687","36081046200",-73.7879676316804,40.7098644557809,14583.3264166595,40.7356094542025,-73.9876746575862,444.510076563969,31705.6752938709,4171.97504287955,4616.48511944352,4616.48511944352,"transit"
"1688","36081046300",-73.871089171608,40.7439980558502,8988.20661675106,40.7356094542025,-73.9876746575862,521.37193108119,29720.3919017377,3910.74254465158,4432.11447573277,4432.11447573277,"transit"
"1689","36081046400",-73.7870251603822,40.7168913781011,14641.6864374664,40.7356094542025,-73.9876746575862,478.631723162792,31705.6752938709,4171.97504287955,4650.60676604234,4650.60676604234,"transit"
"1690","36081046500",-73.8702980986773,40.7469665159786,9006.73716588197,40.7356094542025,-73.9876746575862,252.420652134373,29720.3919017377,3910.74254465158,4163.16319678595,4163.16319678595,"transit"
"1691","36081046600",-73.7850167781032,40.7140298187166,NA,40.7356094542025,-73.9876746575862,NA,31705.6752938709,4171.97504287955,NA,NA,NA
"1692","36081046700",-73.8745827920129,40.7454577394094,8868.73347353734,40.7356094542025,-73.9876746575862,450.009593365156,29020.3337548008,3818.62575197914,4268.63534534429,4268.63534534429,"transit"
"1693","36081046800",-73.782280943514,40.7104933568161,15051.5052488071,40.7356094542025,-73.9876746575862,189.146606337145,31705.6752938709,4171.97504287955,4361.1216492167,4361.1216492167,"transit"
"1694","36081046900",-73.8771844624858,40.7451965291706,8547.48038069242,40.7356094542025,-73.9876746575862,254.17629797157,29020.3337548008,3818.62575197914,4072.80204995071,4072.80204995071,"transit"
"1695","36081047000",-73.7772982948701,40.7112968086339,15382.7617404994,40.7356094542025,-73.9876746575862,516.194598156891,31705.6752938709,4171.97504287955,4688.16964103644,4688.16964103644,"transit"
"1696","36081047100",-73.876564001642,40.7409849570695,8653.01911202218,40.7356094542025,-73.9876746575862,351.952363759462,28534.0225703326,3754.63474387509,4106.58710763455,4106.58710763455,"transit"
"1697","36081047200",-73.7789357829075,40.7176219905617,15230.6790988841,40.7356094542025,-73.9876746575862,714.660118456919,31705.6752938709,4171.97504287955,4886.63516133647,4886.63516133647,"transit"
"1698","36081047300",-73.8760306124902,40.7372798401676,8709.21501112423,40.7356094542025,-73.9876746575862,112.95663834169,29191.4008240202,3841.13552465633,3954.09216299802,3954.09216299802,"transit"
"1699","36081047500",-73.8754731697144,40.7336958144418,8861.39781460591,40.7356094542025,-73.9876746575862,369.901090153335,29191.4008240202,3841.13552465633,4211.03661480967,4211.03661480967,"transit"
"1700","36081047600",-73.7712113105983,40.7224762126566,15800.4638150531,40.7356094542025,-73.9876746575862,1423.89962398272,31705.6752938709,4171.97504287955,5595.87466686227,5595.87466686227,"transit"
"1701","36081047800",-73.7661932529729,40.7195790265453,16136.7973441068,40.7356094542025,-73.9876746575862,1363.24775582292,31705.6752938709,4171.97504287955,5535.22279870247,5535.22279870247,"transit"
"1702","36081047900",-73.8836417224549,40.7354244107898,8444.43707654889,40.7356094542025,-73.9876746575862,647.034340538872,29191.4008240202,3841.13552465633,4488.1698651952,4488.1698651952,"transit"
"1703","36081048000",-73.7730046026545,40.7128890556283,15667.8214498641,40.7356094542025,-73.9876746575862,801.254307521631,31705.6752938709,4171.97504287955,4973.22935040118,4973.22935040118,"transit"
"1704","36081048100",-73.8850521162653,40.7422199610797,8088.19597430223,40.7356094542025,-73.9876746575862,223.683565793395,28534.0225703326,3754.63474387509,3978.31830966848,3978.31830966848,"transit"
"1705","36081048200",-73.7679523309673,40.7148347211821,15877.1279216454,40.7356094542025,-73.9876746575862,1103.57833336156,31705.6752938709,4171.97504287955,5275.55337624111,5275.55337624111,"transit"
"1706","36081048300",-73.8927448531948,40.7417066799554,7660.55937389967,40.7356094542025,-73.9876746575862,NA,27551.7337635646,3625.38077439637,NA,7660.55937389967,NA
"1707","36081048400",-73.7599617330194,40.7158124998717,16431.5226111694,40.7356094542025,-73.9876746575862,1657.97302288551,31705.6752938709,4171.97504287955,5829.94806576506,5829.94806576506,"transit"
"1708","36081048500",-73.8846134113662,40.7396935610593,8170.12688252821,40.7356094542025,-73.9876746575862,437.038419090811,28534.0225703326,3754.63474387509,4191.6731629659,4191.6731629659,"transit"
"1709","36081048900",-73.8922173603146,40.7372153771782,8078.55332431695,40.7356094542025,-73.9876746575862,NA,27551.7337635646,3625.38077439637,NA,8078.55332431695,NA
"1710","36081049200",-73.7584693114024,40.7229658135468,16662.2940160375,40.7356094542025,-73.9876746575862,1888.74442775367,31705.6752938709,4171.97504287955,6060.71947063322,6060.71947063322,"transit"
"1711","36081049301",-73.8942498988555,40.7323708104645,8158.02979949239,40.7356094542025,-73.9876746575862,1326.05593687593,29191.4008240202,3841.13552465633,5167.19146153226,5167.19146153226,"transit"
"1712","36081049302",-73.8917864590197,40.7278523524543,8215.03738767596,40.7356094542025,-73.9876746575862,1206.04454280512,29191.4008240202,3841.13552465633,5047.18006746145,5047.18006746145,"transit"
"1713","36081049500",-73.8905109919572,40.7253405696225,8216.66172360455,40.7356094542025,-73.9876746575862,1436.48532381568,25773.0685620019,3391.33602493814,4827.82134875383,4827.82134875383,"transit"
"1714","36081049600",-73.7531218528902,40.716950215623,16977.5332004215,40.7356094542025,-73.9876746575862,2191.39624731677,31705.6752938709,4171.97504287955,6363.37129019632,6363.37129019632,"transit"
"1715","36081049700",-73.8903675567877,40.7317254209455,8568.75420096635,40.7356094542025,-73.9876746575862,1139.67822516792,29191.4008240202,3841.13552465633,4980.81374982426,4980.81374982426,"transit"
"1716","36081049900",-73.8832678727986,40.7310788884522,8814.86756777395,40.7356094542025,-73.9876746575862,747.083706077227,29191.4008240202,3841.13552465633,4588.21923073356,4588.21923073356,"transit"
"1717","36081050000",-73.7635888746199,40.7119556187942,16270.326528189,40.7356094542025,-73.9876746575862,1549.13124117264,31705.6752938709,4171.97504287955,5721.10628405219,5721.10628405219,"transit"
"1718","36081050201",-73.7648968726268,40.7088032075756,16117.9905013553,40.7356094542025,-73.9876746575862,1435.32825409031,31705.6752938709,4171.97504287955,5607.30329696986,5607.30329696986,"transit"
"1719","36081050202",-73.7592924945612,40.7101892036514,16463.5232655908,40.7356094542025,-73.9876746575862,1780.86101832581,31705.6752938709,4171.97504287955,5952.83606120536,5952.83606120536,"transit"
"1720","36081050400",-73.7643598831808,40.7051205815311,16231.4678851058,40.7356094542025,-73.9876746575862,1681.9326636203,31705.6752938709,4171.97504287955,5853.90770649985,5853.90770649985,"transit"
"1721","36081050500",-73.8747298075463,40.7290729285342,9398.92494612985,40.7356094542025,-73.9876746575862,538.051160043148,29966.4421133453,3943.11893571114,4481.17009575429,4481.17009575429,"transit"
"1722","36081050600",-73.7596707058272,40.7057903203624,16553.7623978414,40.7356094542025,-73.9876746575862,1871.10015057636,31705.6752938709,4171.97504287955,6043.07519345591,6043.07519345591,"transit"
"1723","36081050700",-73.8816201232613,40.7269681349266,8943.59234540301,40.7356094542025,-73.9876746575862,1164.75310135346,29191.4008240202,3841.13552465633,5005.88862600979,5005.88862600979,"transit"
"1724","36081050800",-73.7554219153204,40.7069839841988,16843.3240866465,40.7356094542025,-73.9876746575862,2160.66183938151,31705.6752938709,4171.97504287955,6332.63688226106,6332.63688226106,"transit"
"1725","36081051000",-73.7537153287032,40.7097116590967,16894.0482602755,40.7356094542025,-73.9876746575862,2211.38601301046,31705.6752938709,4171.97504287955,6383.36105589001,6383.36105589001,"transit"
"1726","36081051100",-73.9001467542359,40.7273252217328,7918.49217681802,40.7356094542025,-73.9876746575862,1742.26122029233,25773.0685620019,3391.33602493814,5133.59724523047,5133.59724523047,"transit"
"1727","36081051200",-73.7501193524427,40.7104100836067,17139.6863023163,40.7356094542025,-73.9876746575862,2457.02405505127,31705.6752938709,4171.97504287955,6628.99909793082,6628.99909793082,"transit"
"1728","36081051300",-73.8975136729332,40.7318896847664,8045.08134695759,40.7356094542025,-73.9876746575862,1455.20973713697,35490.9773349918,4670.06207300726,6125.27181014423,6125.27181014423,"transit"
"1729","36081051500",-73.901518272566,40.7309681285047,7939.74509392054,40.7356094542025,-73.9876746575862,1433.88836353108,35490.9773349918,4670.06207300726,6103.95043653834,6103.95043653834,"transit"
"1730","36081051600",-73.7472615667784,40.7027238457527,17438.2961162785,40.7356094542025,-73.9876746575862,2823.69712626288,31705.6752938709,4171.97504287955,6995.67216914243,6995.67216914243,"transit"
"1731","36081051700",-73.9002992445121,40.7246108108752,7636.875248396,40.7356094542025,-73.9876746575862,1526.90292488748,25773.0685620019,3391.33602493814,4918.23894982562,4918.23894982562,"transit"
"1732","36081051800",-73.7520093792248,40.7018381460624,17131.1968364927,40.7356094542025,-73.9876746575862,2539.17603939813,31705.6752938709,4171.97504287955,6711.15108227768,6711.15108227768,"transit"
"1733","36081052000",-73.7546876457981,40.7011396050536,16980.4858708237,40.7356094542025,-73.9876746575862,2414.51026858971,31705.6752938709,4171.97504287955,6586.48531146927,6586.48531146927,"transit"
"1734","36081052100",-73.9015199461393,40.7208537038114,7619.35977104034,40.7356094542025,-73.9876746575862,1166.13353610711,25773.0685620019,3391.33602493814,4557.46956104525,4557.46956104525,"transit"
"1735","36081052200",-73.7573682889961,40.7004446587981,16789.1110889688,40.7356094542025,-73.9876746575862,2280.3775779204,31705.6752938709,4171.97504287955,6452.35262079995,6452.35262079995,"transit"
"1736","36081052400",-73.7619595398826,40.7012276884021,16455.8681114756,40.7356094542025,-73.9876746575862,1947.13460042721,31705.6752938709,4171.97504287955,6119.10964330676,6119.10964330676,"transit"
"1737","36081052500",-73.9066446155897,40.7189818083768,7202.7516813046,40.7356094542025,-73.9876746575862,1211.01192664107,24199.2157605204,3184.24141023311,4395.25333687418,4395.25333687418,"transit"
"1738","36081052600",-73.7597587241845,40.6970984786654,16777.4481650901,40.7356094542025,-73.9876746575862,2268.71465404168,31705.6752938709,4171.97504287955,6440.68969692123,6440.68969692123,"transit"
"1739","36081052800",-73.7587303308903,40.6940352126067,17028.7544281204,40.7356094542025,-73.9876746575862,2533.83783477016,31705.6752938709,4171.97504287955,6705.81287764971,6705.81287764971,"transit"
"1740","36081053000",-73.7525402998576,40.6963382351317,17365.7478757626,40.7356094542025,-73.9876746575862,2822.6743253522,31705.6752938709,4171.97504287955,6994.64936823175,6994.64936823175,"transit"
"1741","36081053100",-73.9083242332304,40.7230806901536,7208.08269174297,40.7356094542025,-73.9876746575862,1719.85751844818,25773.0685620019,3391.33602493814,5111.19354338632,5111.19354338632,"transit"
"1742","36081053200",-73.7490919520841,40.7001024956182,17437.6875050079,40.7356094542025,-73.9876746575862,2847.12431738912,31705.6752938709,4171.97504287955,7019.09936026867,7019.09936026867,"transit"
"1743","36081053401",-73.7441553653968,40.6998219407162,17825.4423001421,40.7356094542025,-73.9876746575862,3153.96245795544,31705.6752938709,4171.97504287955,7325.93750083499,7325.93750083499,"transit"
"1744","36081053500",-73.9164306475349,40.715928482058,6438.02242547267,40.7356094542025,-73.9876746575862,1070.77121811951,22283.7829295017,2932.20016230969,4002.9713804292,4002.9713804292,"transit"
"1745","36081053601",-73.7458710805486,40.7067118641354,17481.2843821615,40.7356094542025,-73.9876746575862,2798.62213489652,31705.6752938709,4171.97504287955,6970.59717777607,6970.59717777607,"transit"
"1746","36081053800",-73.7425264869984,40.7064706102496,17674.5595299998,40.7356094542025,-73.9876746575862,2991.89728273476,31705.6752938709,4171.97504287955,7163.8723256143,7163.8723256143,"transit"
"1747","36081053900",-73.9165372002599,40.7104724441147,6477.72753334423,40.7356094542025,-73.9876746575862,601.424868273336,22283.7829295017,2932.20016230969,3533.62503058302,3533.62503058302,"transit"
"1748","36081054000",-73.743227050362,40.7127993941379,17614.4187832935,40.7356094542025,-73.9876746575862,2902.20261698608,31705.6752938709,4171.97504287955,7074.17765986563,7074.17765986563,"transit"
"1749","36081054200",-73.746490867917,40.7190754040011,17614.6477950262,40.7356094542025,-73.9876746575862,2772.73976150682,31705.6752938709,4171.97504287955,6944.71480438637,6944.71480438637,"transit"
"1750","36081054500",-73.9126439247037,40.7055403873731,6837.11341714621,40.7356094542025,-73.9876746575862,364.343355664673,23895.9418812313,3144.33527217348,3508.67862783815,3508.67862783815,"transit"
"1751","36081054700",-73.9097208427448,40.7036335168893,7075.88765458588,40.7356094542025,-73.9876746575862,125.569118224997,23895.9418812313,3144.33527217348,3269.90439039847,3269.90439039847,"transit"
"1752","36081054800",-73.7512797985297,40.7231969339394,17089.2899405666,40.7356094542025,-73.9876746575862,2315.74035228272,31705.6752938709,4171.97504287955,6487.71539516227,6487.71539516227,"transit"
"1753","36081054900",-73.9077594746017,40.702217189202,7200.63718257711,40.7356094542025,-73.9876746575862,10.510070750562,23895.9418812313,3144.33527217348,3154.84534292404,3154.84534292404,"transit"
"1754","36081055100",-73.903911746299,40.7015950728434,7461.0799643039,40.7356094542025,-73.9876746575862,335.659762489135,24199.2157605204,3184.24141023311,3519.90117272225,3519.90117272225,"transit"
"1755","36081055200",-73.7495824999747,40.7278217452196,17280.2510935689,40.7356094542025,-73.9876746575862,2506.70150528504,31705.6752938709,4171.97504287955,6678.67654816459,6678.67654816459,"transit"
"1756","36081055300",-73.906501840197,40.6988790595218,7307.23143996175,40.7356094542025,-73.9876746575862,435.161184527006,20146.8466785191,2651.01250033147,3086.17368485847,3086.17368485847,"transit"
"1757","36081055400",-73.7401670034006,40.7277960385879,17930.4810479638,40.7356094542025,-73.9876746575862,3156.93145967999,31705.6752938709,4171.97504287955,7328.90650255954,7328.90650255954,"transit"
"1758","36081055500",-73.9032297378902,40.6971897412548,7558.1029403343,40.7356094542025,-73.9876746575862,170.547777602063,20146.8466785191,2651.01250033147,2821.56027793353,2821.56027793353,"transit"
"1759","36081055600",-73.7450033821012,40.7255506725253,17619.9096927875,40.7356094542025,-73.9876746575862,2846.36010450364,31705.6752938709,4171.97504287955,7018.33514738319,7018.33514738319,"transit"
"1760","36081055700",-73.898314665805,40.6986895566021,7799.39681080185,40.7356094542025,-73.9876746575862,541.579686900328,20146.8466785191,2651.01250033147,3192.5921872318,3192.5921872318,"transit"
"1761","36081055800",-73.741698201652,40.7225352289228,17860.5534721064,40.7356094542025,-73.9876746575862,3018.98067892225,31705.6752938709,4171.97504287955,7190.9557218018,7190.9557218018,"transit"
"1762","36081055900",-73.9017777478991,40.6943565569378,7645.99992750345,40.7356094542025,-73.9876746575862,170.908049539486,20146.8466785191,2651.01250033147,2821.92054987095,2821.92054987095,"transit"
"1763","36081056000",-73.7365487390241,40.7254454452134,18309.7129848718,40.7356094542025,-73.9876746575862,3455.84213093784,31705.6752938709,4171.97504287955,7627.81717381739,7627.81717381739,"transit"
"1764","36081056100",-73.8855463064801,40.6931402657716,NA,40.7356094542025,-73.9876746575862,NA,21360.597164147,2810.72323626087,NA,NA,NA
"1765","36081056200",-73.7331832672978,40.7246401393981,18541.1227762622,40.7356094542025,-73.9876746575862,3645.22906783023,31705.6752938709,4171.97504287955,7817.20411070978,7817.20411070978,"transit"
"1766","36081056400",-73.7333773139375,40.7215621178366,18522.0623759076,40.7356094542025,-73.9876746575862,3680.1543423882,31705.6752938709,4171.97504287955,7852.12938526775,7852.12938526775,"transit"
"1767","36081056500",-73.8968817389838,40.6942679263837,7991.94450156534,40.7356094542025,-73.9876746575862,516.852623601372,20146.8466785191,2651.01250033147,3167.86512393284,3167.86512393284,"transit"
"1768","36081056600",-73.7384040659652,40.7197387627577,18200.3663871996,40.7356094542025,-73.9876746575862,3358.45835368024,31705.6752938709,4171.97504287955,7530.43339655979,7530.43339655979,"transit"
"1769","36081056700",-73.8921358274219,40.6968721098059,8289.28348131205,40.7356094542025,-73.9876746575862,942.820203915592,20146.8466785191,2651.01250033147,3593.83270424706,3593.83270424706,"transit"
"1770","36081056800",-73.7335697049258,40.7155716490599,18242.0351983655,40.7356094542025,-73.9876746575862,3529.81903205808,31705.6752938709,4171.97504287955,7701.79407493763,7701.79407493763,"transit"
"1771","36081057700",-73.8907179719034,40.700396221964,8265.92932116859,40.7356094542025,-73.9876746575862,661.908418661234,24898.7941682782,3276.29507667141,3938.20349533264,3938.20349533264,"transit"
"1772","36081057900",-73.8900442710498,40.7034916649407,8330.28874324349,40.7356094542025,-73.9876746575862,520.817775586073,24898.7941682782,3276.29507667141,3797.11285225748,3797.11285225748,"transit"
"1773","36081058000",-73.7303611487419,40.7071251610377,18590.5568265399,40.7356094542025,-73.9876746575862,3907.89457927486,31705.6752938709,4171.97504287955,8079.86962215441,8079.86962215441,"transit"
"1774","36081058100",-73.8938082263822,40.7039573827075,8101.25834320029,40.7356094542025,-73.9876746575862,274.106408396819,24898.7941682782,3276.29507667141,3550.40148506823,3550.40148506823,"transit"
"1775","36081058200",-73.7375537503907,40.7069889637598,17965.8823644302,40.7356094542025,-73.9876746575862,3283.22011716517,31705.6752938709,4171.97504287955,7455.19516004472,7455.19516004472,"transit"
"1776","36081058300",-73.8976202714056,40.7019379929312,7870.2321286718,40.7356094542025,-73.9876746575862,452.389417922595,24898.7941682782,3276.29507667141,3728.684494594,3728.684494594,"transit"
"1777","36081058500",-73.8994203258175,40.704371002322,7729.6038590076,40.7356094542025,-73.9876746575862,250.855563206594,24199.2157605204,3184.24141023311,3435.0969734397,3435.0969734397,"transit"
"1778","36081058700",-73.9002783601181,40.7071439291749,7573.15452330704,40.7356094542025,-73.9876746575862,402.734803105981,24898.7941682782,3276.29507667141,3679.02987977739,3679.02987977739,"transit"
"1779","36081058900",-73.9050398153188,40.7062404029687,7324.42974822558,40.7356094542025,-73.9876746575862,181.122564167257,24199.2157605204,3184.24141023311,3365.36397440037,3365.36397440037,"transit"
"1780","36081059000",-73.7369978832361,40.7012577061682,18165.0597165335,40.7356094542025,-73.9876746575862,3482.39746926848,31705.6752938709,4171.97504287955,7654.37251214803,7654.37251214803,"transit"
"1781","36081059100",-73.9097807047034,40.7081118486738,7006.14727609974,40.7356094542025,-73.9876746575862,641.553225883988,23895.9418812313,3144.33527217348,3785.88849805746,3785.88849805746,"transit"
"1782","36081059200",-73.72900743431,40.7009871958661,18705.7815209496,40.7356094542025,-73.9876746575862,4023.11927368454,31705.6752938709,4171.97504287955,8195.09431656409,8195.09431656409,"transit"
"1783","36081059300",-73.9026508125045,40.7102080303655,7367.88840273776,40.7356094542025,-73.9876746575862,548.712254151531,24199.2157605204,3184.24141023311,3732.95366438464,3732.95366438464,"transit"
"1784","36081059400",-73.7311844449197,40.6984691482612,18793.0261423111,40.7356094542025,-73.9876746575862,3910.52205581736,31705.6752938709,4171.97504287955,8082.4970986969,8082.4970986969,"transit"
"1785","36081059500",-73.9083241494919,40.7137598836683,6907.42721900662,40.7356094542025,-73.9876746575862,908.972708207914,24199.2157605204,3184.24141023311,4093.21411844102,4093.21411844102,"transit"
"1786","36081059600",-73.7370565099719,40.6971371997117,18499.7314315424,40.7356094542025,-73.9876746575862,3817.06918427742,31705.6752938709,4171.97504287955,7989.04422715697,7989.04422715697,"transit"
"1787","36081059800",-73.7406666145074,40.6982946572416,18194.1194282804,40.7356094542025,-73.9876746575862,3571.20572977635,31705.6752938709,4171.97504287955,7743.1807726559,7743.1807726559,"transit"
"1788","36081059900",-73.9021320084448,40.7172449280144,7465.33749024544,40.7356094542025,-73.9876746575862,1048.68680674063,25773.0685620019,3391.33602493814,4440.02283167877,4440.02283167877,"transit"
"1789","36081060000",-73.7333032128534,40.695063044187,18638.220766604,40.7356094542025,-73.9876746575862,4024.12978199636,31705.6752938709,4171.97504287955,8196.10482487591,8196.10482487591,"transit"
"1790","36081060100",-73.9024125199226,40.7152134924208,7404.53291954279,40.7356094542025,-73.9876746575862,947.267843248998,24898.7941682782,3276.29507667141,4223.5629199204,4223.5629199204,"transit"
"1791","36081060300",-73.8990011728279,40.7139219485642,7523.82199776251,40.7356094542025,-73.9876746575862,719.089902525344,25773.0685620019,3391.33602493814,4110.42592746349,4110.42592746349,"transit"
"1792","36081060600",-73.7353308354329,40.6917471125937,18470.2230495001,40.7356094542025,-73.9876746575862,4029.4439439142,31705.6752938709,4171.97504287955,8201.41898679375,8201.41898679375,"transit"
"1793","36081060701",-73.8939704336984,40.7172571613649,8680.41675168805,40.7356094542025,-73.9876746575862,705.21719537014,25773.0685620019,3391.33602493814,4096.55322030828,4096.55322030828,"transit"
"1794","36081060800",-73.7413143380455,40.6936036707272,18121.4340202224,40.7356094542025,-73.9876746575862,3680.65491463649,31705.6752938709,4171.97504287955,7852.62995751603,7852.62995751603,"transit"
"1795","36081061000",-73.7432572236104,40.6901772926321,18142.8440344732,40.7356094542025,-73.9876746575862,3736.63457803393,31705.6752938709,4171.97504287955,7908.60962091348,7908.60962091348,"transit"
"1796","36081061200",-73.7367254453055,40.6882912133349,18576.7081577042,40.7356094542025,-73.9876746575862,4170.498701265,31705.6752938709,4171.97504287955,8342.47374414455,8342.47374414455,"transit"
"1797","36081061301",-73.8931819613582,40.7089587260329,7941.48143842547,40.7356094542025,-73.9876746575862,477.499755724337,24898.7941682782,3276.29507667141,3753.79483239574,3753.79483239574,"transit"
"1798","36081061302",-73.8835281690168,40.7093220775268,NA,40.7356094542025,-73.9876746575862,NA,25773.0685620019,3391.33602493814,NA,NA,NA
"1799","36081061400",-73.7295033323371,40.6861132707804,19185.1028046138,40.7356094542025,-73.9876746575862,4779.52596616364,31705.6752938709,4171.97504287955,8951.50100904319,8951.50100904319,"transit"
"1800","36081061601",-73.7318865269791,40.6818803882247,19206.9307498832,40.7356094542025,-73.9876746575862,4802.67666331759,31705.6752938709,4171.97504287955,8974.65170619714,8974.65170619714,"transit"
"1801","36081061602",-73.7292615236417,40.6775610604877,19332.8465350223,40.7356094542025,-73.9876746575862,9976.54399749455,NA,NA,NA,19332.8465350223,NA
"1802","36081061800",-73.7364060260189,40.676892734853,18796.6956425326,40.7356094542025,-73.9876746575862,9414.60134252186,NA,NA,NA,18796.6956425326,NA
"1803","36081061900",-73.877092583915,40.7097833509425,8973.82960853051,40.7356094542025,-73.9876746575862,987.615014444401,25773.0685620019,3391.33602493814,4378.95103938254,4378.95103938254,"transit"
"1804","36081062000",-73.7378078239566,40.6810535390181,18692.990656532,40.7356094542025,-73.9876746575862,9529.98404225707,NA,NA,NA,18692.990656532,NA
"1805","36081062100",-73.8726290658539,40.709955089072,9253.09699217921,40.7356094542025,-73.9876746575862,1266.8823980931,25773.0685620019,3391.33602493814,4658.21842303125,4658.21842303125,"transit"
"1806","36081062200",-73.7288712796427,40.6919457227647,18949.1662950534,40.7356094542025,-73.9876746575862,4508.38718946747,31705.6752938709,4171.97504287955,8680.36223234702,8680.36223234702,"transit"
"1807","36081062300",-73.8781854825896,40.7043798762716,9034.81895307763,40.7356094542025,-73.9876746575862,1265.36370121969,25773.0685620019,3391.33602493814,4656.69972615783,4656.69972615783,"transit"
"1808","36081062400",-73.7420335803552,40.6857947313225,18362.6294266256,40.7356094542025,-73.9876746575862,4021.99060787247,31705.6752938709,4171.97504287955,8193.96565075202,8193.96565075202,"transit"
"1809","36081062500",-73.8824138995269,40.704132041388,8743.34705874491,40.7356094542025,-73.9876746575862,1424.90397187042,25773.0685620019,3391.33602493814,4816.23999680856,4816.23999680856,"transit"
"1810","36081062600",-73.7481272915037,40.6819818873126,18090.4195795052,40.7356094542025,-73.9876746575862,3859.28530769887,31705.6752938709,4171.97504287955,8031.26035057842,8031.26035057842,"transit"
"1811","36081062700",-73.886453937745,40.7037717166382,8514.66644707181,40.7356094542025,-73.9876746575862,829.236797704682,24898.7941682782,3276.29507667141,4105.53187437609,4105.53187437609,"transit"
"1812","36081062900",-73.8831161737543,40.7009659792925,8697.23918452539,40.7356094542025,-73.9876746575862,1060.41154835062,24898.7941682782,3276.29507667141,4336.70662502202,4336.70662502202,"transit"
"1813","36081063000",-73.743571708843,40.6802934083169,18358.2054357066,40.7356094542025,-73.9876746575862,8976.11113569586,NA,NA,NA,18358.2054357066,NA
"1814","36081063200",-73.7405119423228,40.6765190416311,18493.9605921867,40.7356094542025,-73.9876746575862,9109.52134159858,NA,NA,NA,18493.9605921867,NA
"1815","36081063301",-73.8745728247869,40.704480192087,9265.9959665872,40.7356094542025,-73.9876746575862,1380.12317046439,25773.0685620019,3391.33602493814,4771.45919540253,4771.45919540253,"transit"
"1816","36081063302",-73.8714039705065,40.705332789786,9546.01741650845,40.7356094542025,-73.9876746575862,1677.93268899416,21821.021297106,2871.30790995226,4549.24059894642,4549.24059894642,"transit"
"1817","36081063500",-73.866963320597,40.7047418134289,9788.8195910876,40.7356094542025,-73.9876746575862,1525.48647577742,22536.7554291758,2965.48741909868,4490.97389487609,4490.97389487609,"transit"
"1818","36081063700",-73.8622875130492,40.7083680863183,10039.3435005409,40.7356094542025,-73.9876746575862,1611.87792971777,22536.7554291758,2965.48741909868,4577.36534881644,4577.36534881644,"transit"
"1819","36081063800",-73.7330916505381,40.6698394518013,19330.1551205842,40.7356094542025,-73.9876746575862,9596.32764606436,NA,NA,NA,19330.1551205842,NA
"1820","36081063900",-73.8570004595586,40.7038548519406,10262.6188371876,40.7356094542025,-73.9876746575862,986.438223875996,23301.0686395319,3066.05918137762,4052.49740525361,4052.49740525361,"transit"
"1821","36081064101",-73.8517619523269,40.6991149345711,10793.7315957624,40.7356094542025,-73.9876746575862,495.611991574,23301.0686395319,3066.05918137762,3561.67117295162,3561.67117295162,"transit"
"1822","36081064102",-73.8534761668514,40.7021028637527,10512.1779920472,40.7356094542025,-73.9876746575862,751.39300361581,23301.0686395319,3066.05918137762,3817.45218499343,3817.45218499343,"transit"
"1823","36081064500",-73.8522355016929,40.709134684081,10524.7977806373,40.7356094542025,-73.9876746575862,1196.72255067257,31441.6475451395,4137.23308680622,5333.95563747879,5333.95563747879,"transit"
"1824","36081064600",-73.7423876727889,40.6727909209451,18680.8725606392,40.7356094542025,-73.9876746575862,9143.72496106967,NA,NA,NA,18680.8725606392,NA
"1825","36081065000",-73.7448272512668,40.6694594734167,18264.3801486527,40.7356094542025,-73.9876746575862,8579.07490381519,NA,NA,NA,18264.3801486527,NA
"1826","36081065400",-73.7400694834492,40.6624184117848,19045.1141928152,40.7356094542025,-73.9876746575862,8727.96010971106,NA,NA,NA,19045.1141928152,NA
"1827","36081065501",-73.8666497099841,40.7147538603548,9595.40310627519,40.7356094542025,-73.9876746575862,1532.78870497506,30775.5018638589,4049.57864855611,5582.36735353117,5582.36735353117,"transit"
"1828","36081065600",-73.729658708222,40.659931722631,19548.9637526781,40.7356094542025,-73.9876746575862,9477.67560237955,NA,NA,NA,19548.9637526781,NA
"1829","36081065702",-73.8829483715406,40.7133302590448,8460.65741012507,40.7356094542025,-73.9876746575862,482.161018598034,25773.0685620019,3391.33602493814,3873.49704353618,3873.49704353618,"transit"
"1830","36081065703",-73.875312897968,40.7151212603806,9012.15254741545,40.7356094542025,-73.9876746575862,1033.65615588841,25773.0685620019,3391.33602493814,4424.99218082655,4424.99218082655,"transit"
"1831","36081065900",-73.8824840082746,40.7155452383506,8682.68489644557,40.7356094542025,-73.9876746575862,707.485340127661,25773.0685620019,3391.33602493814,4098.8213650658,4098.8213650658,"transit"
"1832","36081066000",-73.7333705050744,40.6585725043204,19385.4582318373,40.7356094542025,-73.9876746575862,9068.30414873321,NA,NA,NA,19385.4582318373,NA
"1833","36081066100",-73.8817906672775,40.7175124438843,8884.12668500672,40.7356094542025,-73.9876746575862,908.927128688808,25773.0685620019,3391.33602493814,4300.26315362695,4300.26315362695,"transit"
"1834","36081066300",-73.8773457296025,40.7211189589998,9069.27516420965,40.7356094542025,-73.9876746575862,1267.27604454769,25773.0685620019,3391.33602493814,4658.61206948583,4658.61206948583,"transit"
"1835","36081066400",-73.7450483947978,40.6501388100087,19119.8990344305,40.7356094542025,-73.9876746575862,8802.74495132637,NA,NA,NA,19119.8990344305,NA
"1836","36081066501",-73.8873698721681,40.7193396221225,8408.89466935711,40.7356094542025,-73.9876746575862,753.399334820497,25773.0685620019,3391.33602493814,4144.73535975864,4144.73535975864,"transit"
"1837","36081066701",-73.8913409227987,40.7218169016465,8283.06448017398,40.7356094542025,-73.9876746575862,1043.9377559034,25773.0685620019,3391.33602493814,4435.27378084154,4435.27378084154,"transit"
"1838","36081066900",-73.8859216207627,40.7235669857106,8562.69507182867,40.7356094542025,-73.9876746575862,1308.07988838937,25773.0685620019,3391.33602493814,4699.41591332751,4699.41591332751,"transit"
"1839","36081067100",-73.878102487188,40.724475177875,9084.1011695387,40.7356094542025,-73.9876746575862,964.450784444622,29966.4421133453,3943.11893571114,4907.56972015577,4907.56972015577,"transit"
"1840","36081067700",-73.8724306078404,40.7191105848197,9416.26191611375,40.7356094542025,-73.9876746575862,1253.03411998834,30775.5018638589,4049.57864855611,5302.61276854445,5302.61276854445,"transit"
"1841","36081067900",-73.8701978557087,40.7241194549398,9549.88733170454,40.7356094542025,-73.9876746575862,866.611548017139,30775.5018638589,4049.57864855611,4916.19019657325,4916.19019657325,"transit"
"1842","36081068000",-73.7501193615213,40.6637000877119,18013.1337845953,40.7356094542025,-73.9876746575862,8276.42997285873,NA,NA,NA,18013.1337845953,NA
"1843","36081068200",-73.7504081186724,40.6677913448846,17854.302389264,40.7356094542025,-73.9876746575862,8117.59857752741,NA,NA,NA,17854.302389264,NA
"1844","36081068300",-73.8688355145971,40.7349474840339,9176.18866835185,40.7356094542025,-73.9876746575862,199.201969343897,29966.4421133453,3943.11893571114,4142.32090505504,4142.32090505504,"transit"
"1845","36081068700",-73.8692605942182,40.7302514232414,9438.08769724498,40.7356094542025,-73.9876746575862,319.017231531034,29966.4421133453,3943.11893571114,4262.13616724218,4262.13616724218,"transit"
"1846","36081069000",-73.7554395909908,40.6603597166451,17749.3764189363,40.7356094542025,-73.9876746575862,7548.14372637494,NA,NA,NA,17749.3764189363,NA
"1847","36081069300",-73.8632814243461,40.7288259646539,9780.07134684336,40.7356094542025,-73.9876746575862,179.875873776774,30775.5018638589,4049.57864855611,4229.45452233289,4229.45452233289,"transit"
"1848","36081069400",-73.7502585799363,40.6559014845606,18361.9001188857,40.7356094542025,-73.9876746575862,8044.74603578166,NA,NA,NA,18361.9001188857,NA
"1849","36081069500",-73.8675394170017,40.7260631911232,9799.9420541171,40.7356094542025,-73.9876746575862,615.846964306173,30775.5018638589,4049.57864855611,4665.42561286228,4665.42561286228,"transit"
"1850","36081069701",-73.8602670606733,40.7268101297624,10066.7907360099,40.7356094542025,-73.9876746575862,393.983621980081,30775.5018638589,4049.57864855611,4443.56227053619,4443.56227053619,"transit"
"1851","36081069702",-73.862871515615,40.7222426748018,10095.3968470481,40.7356094542025,-73.9876746575862,814.768044600175,30775.5018638589,4049.57864855611,4864.34669315629,4864.34669315629,"transit"
"1852","36081070300",-73.8593342254517,40.7162762998947,10227.2534148935,40.7356094542025,-73.9876746575862,1160.5332888167,31530.0502479445,4148.86551117212,5309.39879998881,5309.39879998881,"transit"
"1853","36081070700",-73.8555545134207,40.7150575872176,10410.7358011294,40.7356094542025,-73.9876746575862,1120.70015505671,31441.6475451395,4137.23308680622,5257.93324186293,5257.93324186293,"transit"
"1854","36081070900",-73.855013582604,40.7192676195969,10559.8354145485,40.7356094542025,-73.9876746575862,831.239138216816,31530.0502479445,4148.86551117212,4980.10464938893,4980.10464938893,"transit"
"1855","36081071100",-73.8524930522183,40.7220690779046,10724.3325060684,40.7356094542025,-73.9876746575862,528.33610455163,31530.0502479445,4148.86551117212,4677.20161572375,4677.20161572375,"transit"
"1856","36081071303",-73.8496443835179,40.725840105432,10498.6591149189,40.7356094542025,-73.9876746575862,238.242522513287,31530.0502479445,4148.86551117212,4387.1080336854,4387.1080336854,"transit"
"1857","36081071304",-73.8541386208989,40.7288127707856,10192.3260909216,40.7356094542025,-73.9876746575862,329.620118182375,31530.0502479445,4148.86551117212,4478.48562935449,4478.48562935449,"transit"
"1858","36081071305",-73.8514860656965,40.7241594609625,10604.9532518523,40.7356094542025,-73.9876746575862,311.05176101847,31530.0502479445,4148.86551117212,4459.91727219059,4459.91727219059,"transit"
"1859","36081071306",-73.8560987387185,40.7260735349494,10296.9519881817,40.7356094542025,-73.9876746575862,256.937176694141,31530.0502479445,4148.86551117212,4405.80268786626,4405.80268786626,"transit"
"1860","36081071600",-73.7865048530757,40.6468161500619,NA,40.7356094542025,-73.9876746575862,231.775145881443,NA,NA,NA,NA,NA
"1861","36081071701",-73.8599467263526,40.7312286572822,9825.71395844566,40.7356094542025,-73.9876746575862,202.539963616891,30775.5018638589,4049.57864855611,4252.118612173,4252.118612173,"transit"
"1862","36081071702",-73.8627243315264,40.7333977164817,9656.22543730499,40.7356094542025,-73.9876746575862,337.290273180202,30775.5018638589,4049.57864855611,4386.86892173631,4386.86892173631,"transit"
"1863","36081071900",-73.8555472254875,40.7346181977594,10108.642660334,40.7356094542025,-73.9876746575862,637.428648940042,30775.5018638589,4049.57864855611,4687.00729749615,4687.00729749615,"transit"
"1864","36081072100",-73.853741259594,40.7311896246685,10195.9943535204,40.7356094542025,-73.9876746575862,528.057986877415,31530.0502479445,4148.86551117212,4676.92349804953,4676.92349804953,"transit"
"1865","36081072300",-73.8477446438247,40.7162393738592,10930.1702279734,40.7356094542025,-73.9876746575862,521.276901388904,31441.6475451395,4137.23308680622,4658.50998819512,4658.50998819512,"transit"
"1866","36081072900",-73.8521724181025,40.712815227975,10469.6475037295,40.7356094542025,-73.9876746575862,928.410469381061,31441.6475451395,4137.23308680622,5065.64355618728,5065.64355618728,"transit"
"1867","36081073100",-73.846331729924,40.7109534085123,10760.1791710502,40.7356094542025,-73.9876746575862,1062.3845676026,30576.2955442936,4023.36618703598,5085.75075463859,5085.75075463859,"transit"
"1868","36081073700",-73.8432420102172,40.7184418992192,11338.7348818355,40.7356094542025,-73.9876746575862,387.136420277272,31441.6475451395,4137.23308680622,4524.36950708349,4524.36950708349,"transit"
"1869","36081073900",-73.8442823196651,40.7236917460209,10928.2014244502,40.7356094542025,-73.9876746575862,238.539012660058,31441.6475451395,4137.23308680622,4375.77209946628,4375.77209946628,"transit"
"1870","36081074100",-73.8470482373149,40.7282806803475,10656.5919691467,40.7356094542025,-73.9876746575862,396.175376741086,31530.0502479445,4148.86551117212,4545.0408879132,4545.0408879132,"transit"
"1871","36081074300",-73.8492461002244,40.7322991814735,10500.3306046058,40.7356094542025,-73.9876746575862,682.282360583104,31530.0502479445,4148.86551117212,4831.14787175522,4831.14787175522,"transit"
"1872","36081074500",-73.8507489558538,40.7360593044852,10421.0185548603,40.7356094542025,-73.9876746575862,940.725637561729,31530.0502479445,4148.86551117212,5089.59114873385,5089.59114873385,"transit"
"1873","36081074700",-73.8452073146648,40.7326088639809,10919.5821934394,40.7356094542025,-73.9876746575862,838.492604316313,31530.0502479445,4148.86551117212,4987.35811548843,4987.35811548843,"transit"
"1874","36081074900",-73.8400801342582,40.7132540781601,11372.6976447822,40.7356094542025,-73.9876746575862,776.033902926942,30576.2955442936,4023.36618703598,4799.40008996292,4799.40008996292,"transit"
"1875","36081075701",-73.8347945641346,40.718221883109,11658.3912355364,40.7356094542025,-73.9876746575862,287.231316521096,30576.2955442936,4023.36618703598,4310.59750355708,4310.59750355708,"transit"
"1876","36081075702",-73.8401840009401,40.7243175203647,11210.7627139213,40.7356094542025,-73.9876746575862,451.569673107925,31441.6475451395,4137.23308680622,4588.80275991415,4588.80275991415,"transit"
"1877","36081076901",-73.8375544007347,40.7164439034711,11644.9140329795,40.7356094542025,-73.9876746575862,197.440503240999,30576.2955442936,4023.36618703598,4220.80669027698,4220.80669027698,"transit"
"1878","36081076902",-73.8339604843652,40.7150151945617,11889.4486404957,40.7356094542025,-73.9876746575862,252.851767665245,30620.0793666585,4029.12745887439,4281.97922653963,4281.97922653963,"transit"
"1879","36081077300",-73.8353244068231,40.7108599240862,11561.0326474484,40.7356094542025,-73.9876746575862,556.854237084829,30620.0793666585,4029.12745887439,4585.98169595922,4585.98169595922,"transit"
"1880","36081077500",-73.832269980159,40.7090995104007,11686.3578743863,40.7356094542025,-73.9876746575862,640.088770836365,30620.0793666585,4029.12745887439,4669.21622971075,4669.21622971075,"transit"
"1881","36081077902",-73.8248476999625,40.725279856558,12453.9772482605,40.7356094542025,-73.9876746575862,1774.57156363271,30576.2955442936,4023.36618703598,5797.93775066869,5797.93775066869,"transit"
"1882","36081077903",-73.8216031132349,40.719226345072,12851.8011528131,40.7356094542025,-73.9876746575862,933.854950939946,30620.0793666585,4029.12745887439,4962.98240981433,4962.98240981433,"transit"
"1883","36081077904",-73.8141390611884,40.7209619977119,13192.4788622454,40.7356094542025,-73.9876746575862,1316.05386582595,29422.1268734468,3871.49549368483,5187.54935951078,5187.54935951078,"transit"
"1884","36081077905",-73.8129280895811,40.7173234530223,13109.3909770689,40.7356094542025,-73.9876746575862,1109.57945222718,29422.1268734468,3871.49549368483,4981.07494591201,4981.07494591201,"transit"
"1885","36081077906",-73.8187323414943,40.7293887900555,12711.9953483593,40.7356094542025,-73.9876746575862,1874.85467492629,30620.0793666585,4029.12745887439,5903.98213380068,5903.98213380068,"transit"
"1886","36081077907",-73.8184478122403,40.7249697394215,12817.7689282202,40.7356094542025,-73.9876746575862,1468.53587695377,30620.0793666585,4029.12745887439,5497.66333582816,5497.66333582816,"transit"
"1887","36081077908",-73.8136816961249,40.7256063484882,13143.5881281711,40.7356094542025,-73.9876746575862,1804.29493147395,29422.1268734468,3871.49549368483,5675.79042515879,5675.79042515879,"transit"
"1888","36081078800",-73.7903654045611,40.6703260564968,15201.3997600685,40.7356094542025,-73.9876746575862,2004.9004678619,NA,NA,NA,15201.3997600685,NA
"1889","36081079000",-73.7966160817053,40.6724787126013,14735.409207555,40.7356094542025,-73.9876746575862,2494.13930360168,NA,NA,NA,14735.409207555,NA
"1890","36081079200",-73.7969176291383,40.6689435616979,15003.8991522385,40.7356094542025,-73.9876746575862,2220.25800021967,NA,NA,NA,15003.8991522385,NA
"1891","36081079300",-73.8314717092373,40.7363733670712,12394.3637519962,40.7356094542025,-73.9876746575862,3410.4968635801,31441.6475451395,4137.23308680622,7547.72995038632,7547.72995038632,"transit"
"1892","36081079701",-73.8247560761357,40.753345419595,12130.9092514899,40.7356094542025,-73.9876746575862,733.175144614333,33183.3038153581,4366.4080349907,5099.58317960503,5099.58317960503,"transit"
"1893","36081079702",-73.8294238422674,40.7513399952243,11910.3814126751,40.7356094542025,-73.9876746575862,897.145875095909,33183.3038153581,4366.4080349907,5263.5539100866,5263.5539100866,"transit"
"1894","36081079900",-73.827382949846,40.7469853869357,12086.6386627826,40.7356094542025,-73.9876746575862,1148.02037473799,33183.3038153581,4366.4080349907,5514.42840972869,5514.42840972869,"transit"
"1895","36081080301",-73.8309052629626,40.7447517816822,11772.1046944838,40.7356094542025,-73.9876746575862,1441.69235451226,33183.3038153581,4366.4080349907,5808.10038950296,5808.10038950296,"transit"
"1896","36081080302",-73.826055029411,40.7403230203336,12518.6078715088,40.7356094542025,-73.9876746575862,1745.34778905757,33183.3038153581,4366.4080349907,6111.75582404826,6111.75582404826,"transit"
"1897","36081080900",-73.8223404494875,40.7338854268129,12615.693466179,40.7356094542025,-73.9876746575862,2075.65999167499,30576.2955442936,4023.36618703598,6099.02617871097,6099.02617871097,"transit"
"1898","36081081400",-73.8039226917041,40.6706920619302,14537.464309582,40.7356094542025,-73.9876746575862,2109.81924472115,NA,NA,NA,14537.464309582,NA
"1899","36081081800",-73.8090558155651,40.6705371447397,14251.0666956626,40.7356094542025,-73.9876746575862,1732.80345058147,NA,NA,NA,14251.0666956626,NA
"1900","36081083700",-73.819798830716,40.7447903636648,12568.4451811426,40.7356094542025,-73.9876746575862,1510.53435061708,33183.3038153581,4366.4080349907,5876.94238560778,5876.94238560778,"transit"
"1901","36081083800",-73.8195097693312,40.6702950893281,13783.0965766532,40.7356094542025,-73.9876746575862,871.433957977991,NA,NA,NA,13783.0965766532,NA
"1902","36081084000",-73.8176520681157,40.6739495883572,13533.0471920069,40.7356094542025,-73.9876746575862,1142.60283860557,NA,NA,NA,13533.0471920069,NA
"1903","36081084500",-73.8202292992098,40.7499655803424,12584.5148836695,40.7356094542025,-73.9876746575862,1036.08652112194,33183.3038153581,4366.4080349907,5402.49455611263,5402.49455611263,"transit"
"1904","36081084601",-73.8217385345825,40.6673403612001,13414.6466350373,40.7356094542025,-73.9876746575862,503.650027636501,NA,NA,NA,13414.6466350373,NA
"1905","36081084602",-73.8166159234184,40.665128532825,13874.1372448755,40.7356094542025,-73.9876746575862,656.409304512244,NA,NA,NA,13874.1372448755,NA
"1906","36081084900",-73.8329979087201,40.7547094677623,11576.7612999303,40.7356094542025,-73.9876746575862,556.831938129901,33183.3038153581,4366.4080349907,4923.2399731206,4923.2399731206,"transit"
"1907","36081085300",-73.8276530840704,40.7571519492211,11833.0946671135,40.7356094542025,-73.9876746575862,284.666304565936,33183.3038153581,4366.4080349907,4651.07433955663,4651.07433955663,"transit"
"1908","36081085500",-73.8236352570259,40.7596421232815,12020.7475154807,40.7356094542025,-73.9876746575862,472.319152933067,33183.3038153581,4366.4080349907,4838.72718792376,4838.72718792376,"transit"
"1909","36081085700",-73.8230577849355,40.7570602037941,12171.3126687071,40.7356094542025,-73.9876746575862,622.884306159481,33183.3038153581,4366.4080349907,4989.29234115018,4989.29234115018,"transit"
"1910","36081085900",-73.820797260213,40.7549867750629,12349.6535787387,40.7356094542025,-73.9876746575862,801.225216191151,33183.3038153581,4366.4080349907,5167.63325118185,5167.63325118185,"transit"
"1911","36081086100",-73.8178758111371,40.7568129024907,12461.3766784974,40.7356094542025,-73.9876746575862,912.948315949805,33183.3038153581,4366.4080349907,5279.3563509405,5279.3563509405,"transit"
"1912","36081086300",-73.8199412912173,40.76126851528,12260.8975269688,40.7356094542025,-73.9876746575862,712.469164421226,33183.3038153581,4366.4080349907,5078.87719941192,5078.87719941192,"transit"
"1913","36081086400",-73.8315385101334,40.673422879986,12959.1529377292,40.7356094542025,-73.9876746575862,NA,35384.3441119153,4656.0307949697,NA,12959.1529377292,NA
"1914","36081086500",-73.825153452971,40.7626727364931,12065.4602889015,40.7356094542025,-73.9876746575862,496.784298355951,33183.3038153581,4366.4080349907,4863.19233334665,4863.19233334665,"transit"
"1915","36081086900",-73.8337784106163,40.7651771438148,11821.3653722539,40.7356094542025,-73.9876746575862,638.462008995756,33183.3038153581,4366.4080349907,5004.87004398645,5004.87004398645,"transit"
"1916","36081087100",-73.8338185498715,40.7590854534405,11403.1594112069,40.7356094542025,-73.9876746575862,293.639105230321,33183.3038153581,4366.4080349907,4660.04714022102,4660.04714022102,"transit"
"1917","36081088400",-73.8337184317122,40.655682464214,13462.4120498094,40.7356094542025,-73.9876746575862,NA,36711.6296171364,4830.68097829598,NA,13462.4120498094,NA
"1918","36081088901",-73.8281990266736,40.7723929804352,12618.1626396615,40.7356094542025,-73.9876746575862,1327.48149152978,33183.3038153581,4366.4080349907,5693.88952652047,5693.88952652047,"transit"
"1919","36081089200",-73.8470911087117,40.6529393740211,13089.3745414464,40.7356094542025,-73.9876746575862,NA,36711.6296171364,4830.68097829598,NA,13089.3745414464,NA
"1920","36081090700",-73.839411822818,40.7733179427834,12809.9008241476,40.7356094542025,-73.9876746575862,1530.44883465968,33183.3038153581,4366.4080349907,5896.85686965037,5896.85686965037,"transit"
"1921","36081091601",-73.9162387186364,40.5597949557304,18370.6106360231,40.7356094542025,-73.9876746575862,9225.40305200169,20628.7645896906,2714.42542181915,11939.8284738208,11939.8284738208,"transit"
"1922","36081091602",-73.8895493362705,40.5594392195198,16979.7154141918,40.7356094542025,-73.9876746575862,4260.42936578116,47193.7405326284,6209.96417383737,10470.3935396185,10470.3935396185,"transit"
"1923","36081091800",-73.8720934975533,40.568193554582,16736.0092064405,40.7356094542025,-73.9876746575862,2868.19512611239,47193.7405326284,6209.96417383737,9078.15929994977,9078.15929994977,"transit"
"1924","36081091900",-73.8487180161367,40.7769056796982,13159.146262084,40.7356094542025,-73.9876746575862,2026.05866101307,33183.3038153581,4366.4080349907,6392.46669600377,6392.46669600377,"transit"
"1925","36081092200",-73.8601440379221,40.5730886994618,17794.4752670017,40.7356094542025,-73.9876746575862,1816.88324376536,47193.7405326284,6209.96417383737,8026.84741760273,8026.84741760273,"transit"
"1926","36081092500",-73.844766378397,40.7824822721444,13458.6743940463,40.7356094542025,-73.9876746575862,2325.58679297536,33183.3038153581,4366.4080349907,6691.99482796606,6691.99482796606,"transit"
"1927","36081092800",-73.8519272249655,40.5738360622051,18219.7394342194,40.7356094542025,-73.9876746575862,1400.05235884045,47193.7405326284,6209.96417383737,7610.01653267783,7610.01653267783,"transit"
"1928","36081092900",-73.8575944813461,40.7886373011537,14659.0146397832,40.7356094542025,-73.9876746575862,4132.93113710378,31679.066392944,4168.47372428103,8301.40486138481,8301.40486138481,"transit"
"1929","36081093401",-73.8467061666618,40.5810401250091,18453.8198919125,40.7356094542025,-73.9876746575862,790.512233220651,47193.7405326284,6209.96417383737,7000.47640705802,7000.47640705802,"transit"
"1930","36081093402",-73.8395294225511,40.5756036139423,19127.8080560237,40.7356094542025,-73.9876746575862,862.726266578555,47193.7405326284,6209.96417383737,7072.69044041593,7072.69044041593,"transit"
"1931","36081093800",-73.8293524092945,40.5799915803714,19771.9988590362,40.7356094542025,-73.9876746575862,401.425043651138,46342.7764529796,6097.9905013079,6499.41554495904,6499.41554495904,"transit"
"1932","36081093900",-73.8426879304245,40.7958134619731,14668.547813144,40.7356094542025,-73.9876746575862,3388.03225426732,33183.3038153581,4366.4080349907,7754.44028925801,7754.44028925801,"transit"
"1933","36081094201",-73.8209815831994,40.586122949157,19228.2733280108,40.7356094542025,-73.9876746575862,107.72147550665,45805.2280444218,6027.25746931736,6134.97894482401,6134.97894482401,"transit"
"1934","36081094202",-73.8104108233997,40.5912200297697,19400.1310291431,40.7356094542025,-73.9876746575862,340.026026103772,45241.5082420362,5953.08068787583,6293.1067139796,6293.1067139796,"transit"
"1935","36081094203",-73.8099278766708,40.5824764105747,19564.5946965295,40.7356094542025,-73.9876746575862,599.827621917221,45241.5082420362,5953.08068787583,6552.90830979305,6552.90830979305,"transit"
"1936","36081094500",-73.8313732696374,40.7904685522983,14340.0024179723,40.7356094542025,-73.9876746575862,3059.48685909566,33183.3038153581,4366.4080349907,7425.89489408635,7425.89489408635,"transit"
"1937","36081094700",-73.8413732630136,40.7855737069845,13760.4366876171,40.7356094542025,-73.9876746575862,2479.92112874043,33183.3038153581,4366.4080349907,6846.32916373113,6846.32916373113,"transit"
"1938","36081095400",-73.799515366958,40.5922000596447,20127.8565280921,40.7356094542025,-73.9876746575862,497.673095699822,45625.0373007945,6003.54716261665,6501.22025831648,6501.22025831648,"transit"
"1939","36081096400",-73.7921857452843,40.5928548612943,20718.7000107252,40.7356094542025,-73.9876746575862,315.473690490468,46332.3313110398,6096.61608265608,6412.08977314655,6412.08977314655,"transit"
"1940","36081097202",-73.7792173498123,40.587950817498,21498.5838096885,40.7356094542025,-73.9876746575862,436.146347989433,47514.3527120488,6252.15176323856,6688.29811122799,6688.29811122799,"transit"
"1941","36081097203",-73.7803177667652,40.6023653736498,21938.4667994053,40.7356094542025,-73.9876746575862,1148.67092505979,47514.3527120488,6252.15176323856,7400.82268829835,7400.82268829835,"transit"
"1942","36081097204",-73.781128311312,40.5939069965057,21311.2041508464,40.7356094542025,-73.9876746575862,488.096701116068,47514.3527120488,6252.15176323856,6740.24846435462,6740.24846435462,"transit"
"1943","36081097300",-73.8225155813544,40.7952178951043,14709.5616262842,40.7356094542025,-73.9876746575862,3312.93299794581,33183.3038153581,4366.4080349907,7679.34103293651,7679.34103293651,"transit"
"1944","36081098100",-73.8168675516593,40.7987472898352,15287.4489556431,40.7356094542025,-73.9876746575862,3890.82032730475,33183.3038153581,4366.4080349907,8257.22836229545,8257.22836229545,"transit"
"1945","36081098700",-73.8071093799297,40.7963444891654,15417.0505186698,40.7356094542025,-73.9876746575862,3933.49420354016,33183.3038153581,4366.4080349907,8299.90223853085,8299.90223853085,"transit"
"1946","36081099100",-73.7989282866962,40.7921210629498,15495.3915229967,40.7356094542025,-73.9876746575862,3932.33630233725,33183.3038153581,4366.4080349907,8298.74433732794,8298.74433732794,"transit"
"1947","36081099200",-73.7670153208173,40.5926422144659,22324.0115636881,40.7356094542025,-73.9876746575862,275.982772480946,48053.8036744599,6323.13514180333,6599.11791428427,6599.11791428427,"transit"
"1948","36081099701",-73.7900320513242,40.7809156805697,15870.4562141139,40.7356094542025,-73.9876746575862,4307.40099345441,33183.3038153581,4366.4080349907,8673.80902844511,8673.80902844511,"transit"
"1949","36081099703",-73.7745373757147,40.7831170031559,15978.3611667144,40.7356094542025,-73.9876746575862,4416.23845895681,33183.3038153581,4366.4080349907,8782.64649394751,8782.64649394751,"transit"
"1950","36081099704",-73.7807803582264,40.7816673799602,15680.5812856312,40.7356094542025,-73.9876746575862,4118.45857787357,33183.3038153581,4366.4080349907,8484.86661286427,8484.86661286427,"transit"
"1951","36081099705",-73.77520700032,40.7936200916802,16661.647963425,40.7356094542025,-73.9876746575862,5098.59274276552,33183.3038153581,4366.4080349907,9465.00077775621,9465.00077775621,"transit"
"1952","36081099801",-73.7575812956521,40.5980923690977,23040.0571719294,40.7356094542025,-73.9876746575862,NA,48884.1010666105,6432.38939884449,NA,23040.0571719294,NA
"1953","36081099802",-73.7585068644639,40.5900349618343,22867.9318204601,40.7356094542025,-73.9876746575862,949.587491205399,48053.8036744599,6323.13514180333,7272.72263300873,7272.72263300873,"transit"
"1954","36081099900",-73.7768668711929,40.7917855572005,16458.0692482484,40.7356094542025,-73.9876746575862,4895.01402758887,33183.3038153581,4366.4080349907,9261.42206257957,9261.42206257957,"transit"
"1955","36081100801",-73.7677179497054,40.6106766818068,23481.1241751873,40.7356094542025,-73.9876746575862,1038.36900048239,49707.6735783668,6540.75876594367,7579.12776642606,7579.12776642606,"transit"
"1956","36081100802",-73.7642408349662,40.6029648055358,22847.5146084492,40.7356094542025,-73.9876746575862,NA,48884.1010666105,6432.38939884449,NA,22847.5146084492,NA
"1957","36081101001",-73.7491076641012,40.5967757946706,23603.7515268918,40.7356094542025,-73.9876746575862,899.056030678201,49707.6735783668,6540.75876594367,7439.81479662187,7439.81479662187,"transit"
"1958","36081101002",-73.7413531881136,40.5986305987459,24171.1568037271,40.7356094542025,-73.9876746575862,1160.98301472735,49707.6735783668,6540.75876594367,7701.74178067102,7701.74178067102,"transit"
"1959","36081101700",-73.7982487548083,40.7797813008831,14701.1497516395,40.7356094542025,-73.9876746575862,3138.09453097999,33183.3038153581,4366.4080349907,7504.50256597069,7504.50256597069,"transit"
"1960","36081102900",-73.807370015785,40.7839152129829,14452.0630462744,40.7356094542025,-73.9876746575862,2889.00782561491,33183.3038153581,4366.4080349907,7255.41586060561,7255.41586060561,"transit"
"1961","36081103201",-73.7553771077265,40.6086667359657,23616.2880172334,40.7356094542025,-73.9876746575862,429.287623852587,49707.6735783668,6540.75876594367,6970.04638979626,6970.04638979626,"transit"
"1962","36081103202",-73.7475181537338,40.6066404987334,23901.7856984383,40.7356094542025,-73.9876746575862,604.456396193131,49707.6735783668,6540.75876594367,7145.2151621368,7145.2151621368,"transit"
"1963","36081103300",-73.8096596652294,40.7791778215818,14018.0644901775,40.7356094542025,-73.9876746575862,2455.00926951804,33183.3038153581,4366.4080349907,6821.41730450874,6821.41730450874,"transit"
"1964","36081103900",-73.8190341466684,40.7840574107832,13799.0015210315,40.7356094542025,-73.9876746575862,2402.37289269312,33183.3038153581,4366.4080349907,6768.78092768382,6768.78092768382,"transit"
"1965","36081104700",-73.8203695880846,40.7748151646595,13163.1706230319,40.7356094542025,-73.9876746575862,1766.54199469351,33183.3038153581,4366.4080349907,6132.95002968421,6132.95002968421,"transit"
"1966","36081105900",-73.8070645446079,40.7737697223955,13733.7793724007,40.7356094542025,-73.9876746575862,2171.65666464305,33183.3038153581,4366.4080349907,6538.06469963375,6538.06469963375,"transit"
"1967","36081107201",-73.8220432335994,40.6039653176029,17688.5200327872,40.7356094542025,-73.9876746575862,702.154850395066,42681.186033844,5616.18200159006,6318.33685198513,6318.33685198513,"transit"
"1968","36081107202",-73.8122775128324,40.6182252825196,17463.1114192579,40.7356094542025,-73.9876746575862,315.582430810582,42681.186033844,5616.18200159006,5931.76443240065,5931.76443240065,"transit"
"1969","36081108500",-73.7890027334787,40.7724639078031,14792.3679988129,40.7356094542025,-73.9876746575862,3230.24529105529,33183.3038153581,4366.4080349907,7596.65332604598,7596.65332604598,"transit"
"1970","36081109300",-73.7705355798127,40.774938289385,15875.7229354528,40.7356094542025,-73.9876746575862,4336.43315612067,33183.3038153581,4366.4080349907,8702.84119111137,8702.84119111137,"transit"
"1971","36081109700",-73.7772746287545,40.7703507223793,15288.5991081306,40.7356094542025,-73.9876746575862,3749.30932879847,33183.3038153581,4366.4080349907,8115.71736378917,8115.71736378917,"transit"
"1972","36081109900",-73.7864662821895,40.767950713216,14611.6802741144,40.7356094542025,-73.9876746575862,3072.39049478226,33183.3038153581,4366.4080349907,7438.79852977295,7438.79852977295,"transit"
"1973","36081111300",-73.7621571748137,40.7675655088089,16024.233815949,40.7356094542025,-73.9876746575862,4467.53220410242,33183.3038153581,4366.4080349907,8833.94023909312,8833.94023909312,"transit"
"1974","36081112300",-73.7712452541623,40.7662919629255,15471.0772211015,40.7356094542025,-73.9876746575862,3914.37560925493,33183.3038153581,4366.4080349907,8280.78364424562,8280.78364424562,"transit"
"1975","36081112900",-73.7768142917267,40.7653992180261,15119.1835268211,40.7356094542025,-73.9876746575862,3562.48191497451,33183.3038153581,4366.4080349907,7928.88994996521,7928.88994996521,"transit"
"1976","36081113300",-73.7831307353537,40.7641613309089,14643.8397161817,40.7356094542025,-73.9876746575862,3087.13810433515,33183.3038153581,4366.4080349907,7453.54613932584,7453.54613932584,"transit"
"1977","36081113900",-73.7906159990733,40.764230028557,14146.3918307298,40.7356094542025,-73.9876746575862,2589.69021888321,33183.3038153581,4366.4080349907,6956.09825387391,6956.09825387391,"transit"
"1978","36081114100",-73.7966892265227,40.769096761746,14052.5716025008,40.7356094542025,-73.9876746575862,2490.44889474313,33183.3038153581,4366.4080349907,6856.85692973383,6856.85692973383,"transit"
"1979","36081114700",-73.8019551234641,40.7682675163574,13685.2009892383,40.7356094542025,-73.9876746575862,2123.07828148067,33183.3038153581,4366.4080349907,6489.48631647136,6489.48631647136,"transit"
"1980","36081115100",-73.8076299519271,40.7685716836942,13320.1344768303,40.7356094542025,-73.9876746575862,1758.01176907271,33183.3038153581,4366.4080349907,6124.41980406341,6124.41980406341,"transit"
"1981","36081115500",-73.8117935019107,40.7678351818743,13056.2583165861,40.7356094542025,-73.9876746575862,1491.77012901118,33183.3038153581,4366.4080349907,5858.17816400187,5858.17816400187,"transit"
"1982","36081115700",-73.8151694380218,40.7675759931881,12867.5585739077,40.7356094542025,-73.9876746575862,1328.57273884619,33183.3038153581,4366.4080349907,5694.98077383689,5694.98077383689,"transit"
"1983","36081115900",-73.8207537318762,40.7686391549066,12634.7439289286,40.7356094542025,-73.9876746575862,1238.10843092636,33183.3038153581,4366.4080349907,5604.51646591706,5604.51646591706,"transit"
"1984","36081116100",-73.825723526567,40.7668290613239,12233.0551429381,40.7356094542025,-73.9876746575862,836.419644935857,33183.3038153581,4366.4080349907,5202.82767992655,5202.82767992655,"transit"
"1985","36081116300",-73.8192061419739,40.7638208351174,12405.4287673878,40.7356094542025,-73.9876746575862,836.864746428391,33183.3038153581,4366.4080349907,5203.27278141909,5203.27278141909,"transit"
"1986","36081116700",-73.8124434249275,40.7621734493385,12755.6113286259,40.7356094542025,-73.9876746575862,1207.18296607832,33183.3038153581,4366.4080349907,5573.59100106902,5573.59100106902,"transit"
"1987","36081117100",-73.8057040424463,40.7632516413668,13174.375629184,40.7356094542025,-73.9876746575862,1617.67401733749,33183.3038153581,4366.4080349907,5984.08205232819,5984.08205232819,"transit"
"1988","36081117500",-73.7964229205238,40.7614727175606,13734.1328032502,40.7356094542025,-73.9876746575862,2177.43119140363,33183.3038153581,4366.4080349907,6543.83922639432,6543.83922639432,"transit"
"1989","36081118100",-73.7873594146313,40.7594996000878,14485.0134724599,40.7356094542025,-73.9876746575862,2928.31186061338,33183.3038153581,4366.4080349907,7294.71989560408,7294.71989560408,"transit"
"1990","36081118500",-73.8038055723771,40.7594677256757,13367.8466285973,40.7356094542025,-73.9876746575862,1819.41826604975,33183.3038153581,4366.4080349907,6185.82630104045,6185.82630104045,"transit"
"1991","36081118700",-73.812880195625,40.7596321008792,12751.8173962593,40.7356094542025,-73.9876746575862,1203.38903371167,33183.3038153581,4366.4080349907,5569.79706870236,5569.79706870236,"transit"
"1992","36081118900",-73.8126135552813,40.7565054910208,12812.9735528524,40.7356094542025,-73.9876746575862,1264.54519030477,33183.3038153581,4366.4080349907,5630.95322529546,5630.95322529546,"transit"
"1993","36081119100",-73.806511096619,40.7566650094405,13222.8192747498,40.7356094542025,-73.9876746575862,1674.39091220218,33183.3038153581,4366.4080349907,6040.79894719288,6040.79894719288,"transit"
"1994","36081119300",-73.79962672505,40.7571846246211,13632.6422705715,40.7356094542025,-73.9876746575862,2084.21390802394,33183.3038153581,4366.4080349907,6450.62194301464,6450.62194301464,"transit"
"1995","36081119500",-73.79947100705,40.7548672519223,13687.5217595908,40.7356094542025,-73.9876746575862,2139.09339704323,33183.3038153581,4366.4080349907,6505.50143203393,6505.50143203393,"transit"
"1996","36081119900",-73.8095775629682,40.7534620546689,13105.5749688229,40.7356094542025,-73.9876746575862,1557.1466062753,33183.3038153581,4366.4080349907,5923.554641266,5923.554641266,"transit"
"1997","36081120100",-73.8140593089953,40.7532121143304,12902.5198455679,40.7356094542025,-73.9876746575862,1354.09148302032,33183.3038153581,4366.4080349907,5720.49951801102,5720.49951801102,"transit"
"1998","36081120300",-73.812580885778,40.7487999015794,13066.9154947696,40.7356094542025,-73.9876746575862,1518.48713222204,33183.3038153581,4366.4080349907,5884.89516721273,5884.89516721273,"transit"
"1999","36081120500",-73.8171091355554,40.7512741521962,12678.7987630744,40.7356094542025,-73.9876746575862,1130.37040052681,33183.3038153581,4366.4080349907,5496.77843551751,5496.77843551751,"transit"
"2000","36081120700",-73.8009821006792,40.7507951310191,13705.0372801165,40.7356094542025,-73.9876746575862,2156.60891756891,33183.3038153581,4366.4080349907,6523.01695255961,6523.01695255961,"transit"
"2001","36081121100",-73.8047775237219,40.7453449736433,13637.9444774853,40.7356094542025,-73.9876746575862,2111.72598939276,33183.3038153581,4366.4080349907,6478.13402438346,6478.13402438346,"transit"
"2002","36081121500",-73.80583614773,40.7403946349521,13441.9410683928,40.7356094542025,-73.9876746575862,2360.68180280035,33183.3038153581,4366.4080349907,6727.08983779104,6727.08983779104,"transit"
"2003","36081122300",-73.7994824451027,40.7349816547963,14037.1354143727,40.7356094542025,-73.9876746575862,2149.33721221359,31119.2056196688,4094.80473120826,6244.14194342184,6244.14194342184,"transit"
"2004","36081122701",-73.8070926999954,40.7333417970525,13414.2318572305,40.7356094542025,-73.9876746575862,2347.80144746003,31119.2056196688,4094.80473120826,6442.60617866829,6442.60617866829,"transit"
"2005","36081122702",-73.8127305580271,40.7331777178441,13052.8920435976,40.7356094542025,-73.9876746575862,2442.16514676875,30620.0793666585,4029.12745887439,6471.29260564314,6471.29260564314,"transit"
"2006","36081124100",-73.8024084627422,40.7268040824776,13791.5379530449,40.7356094542025,-73.9876746575862,1570.60972554243,31119.2056196688,4094.80473120826,5665.41445675069,5665.41445675069,"transit"
"2007","36081124700",-73.7962439621598,40.7280810879893,14161.2469234948,40.7356094542025,-73.9876746575862,1711.3780333006,31119.2056196688,4094.80473120826,5806.18276450886,5806.18276450886,"transit"
"2008","36081125700",-73.8079345267913,40.7241329620971,13594.6513180127,40.7356094542025,-73.9876746575862,1533.42169453907,30654.9487014668,4033.71572243395,5567.13741697302,5567.13741697302,"transit"
"2009","36081126500",-73.8037018255739,40.7204984949225,13653.0740096636,40.7356094542025,-73.9876746575862,1288.60050763725,31119.2056196688,4094.80473120826,5383.40523884551,5383.40523884551,"transit"
"2010","36081126700",-73.7978404452018,40.7202661627987,14055.24915858,40.7356094542025,-73.9876746575862,971.342915896451,31119.2056196688,4094.80473120826,5066.14764710471,5066.14764710471,"transit"
"2011","36081127700",-73.7834107227739,40.7244236481122,15085.0164458003,40.7356094542025,-73.9876746575862,1093.40645163954,31705.6752938709,4171.97504287955,5265.38149451909,5265.38149451909,"transit"
"2012","36081128300",-73.7688470988304,40.7339552988834,15929.4226345314,40.7356094542025,-73.9876746575862,2671.28917974438,31705.6752938709,4171.97504287955,6843.26422262393,6843.26422262393,"transit"
"2013","36081129102",-73.7544175257521,40.7316086828008,17123.9362190176,40.7356094542025,-73.9876746575862,2962.29280426411,31705.6752938709,4171.97504287955,7134.26784714366,7134.26784714366,"transit"
"2014","36081129103",-73.7596839925537,40.7367165652116,16907.5687581667,40.7356094542025,-73.9876746575862,3497.10969677039,31705.6752938709,4171.97504287955,7669.08473964994,7669.08473964994,"transit"
"2015","36081129104",-73.7501560568787,40.7380983538936,17489.7284080378,40.7356094542025,-73.9876746575862,3695.66679415719,31705.6752938709,4171.97504287955,7867.64183703674,7867.64183703674,"transit"
"2016","36081130100",-73.7397760352299,40.7334999645441,18096.5507039377,40.7356094542025,-73.9876746575862,3323.00111565387,31705.6752938709,4171.97504287955,7494.97615853342,7494.97615853342,"transit"
"2017","36081133300",-73.7792729918674,40.7319191411534,15235.920993831,40.7356094542025,-73.9876746575862,2012.93018035741,31705.6752938709,4171.97504287955,6184.90522323696,6184.90522323696,"transit"
"2018","36081133900",-73.790037687036,40.728639990458,14538.3664881596,40.7356094542025,-73.9876746575862,1552.61963606766,31705.6752938709,4171.97504287955,5724.59467894721,5724.59467894721,"transit"
"2019","36081134100",-73.7912064006357,40.7352552720048,14550.8264523869,40.7356094542025,-73.9876746575862,2110.1669658079,31705.6752938709,4171.97504287955,6282.14200868745,6282.14200868745,"transit"
"2020","36081134700",-73.781120619496,40.7379084730414,15223.4321938178,40.7356094542025,-73.9876746575862,2634.6400514351,31705.6752938709,4171.97504287955,6806.61509431465,6806.61509431465,"transit"
"2021","36081136700",-73.7603455959332,40.7441935113894,16938.2869904224,40.7356094542025,-73.9876746575862,3928.72528121934,31705.6752938709,4171.97504287955,8100.70032409889,8100.70032409889,"transit"
"2022","36081137700",-73.7500050783349,40.7471224274198,17400.2555507008,40.7356094542025,-73.9876746575862,4533.90778269375,31705.6752938709,4171.97504287955,8705.8828255733,8705.8828255733,"transit"
"2023","36081138501",-73.7548250267201,40.7549063152495,16895.9979516249,40.7356094542025,-73.9876746575862,5199.26320951681,31705.6752938709,4171.97504287955,9371.23825239636,9371.23825239636,"transit"
"2024","36081138502",-73.7455269665786,40.7519685221971,17496.3887409747,40.7356094542025,-73.9876746575862,4908.22740983805,31705.6752938709,4171.97504287955,9080.2024527176,9080.2024527176,"transit"
"2025","36081139900",-73.7624490448361,40.7498759069722,16472.3344365735,40.7356094542025,-73.9876746575862,4462.50946235547,31705.6752938709,4171.97504287955,8634.48450523502,8634.48450523502,"transit"
"2026","36081140300",-73.7696480706111,40.7481452856976,15927.2689872691,40.7356094542025,-73.9876746575862,4074.23040934699,31705.6752938709,4171.97504287955,8246.20545222654,8246.20545222654,"transit"
"2027","36081140901",-73.774932681291,40.7465273270887,15410.6331832894,40.7356094542025,-73.9876746575862,3551.18608067319,31705.6752938709,4171.97504287955,7723.16112355274,7723.16112355274,"transit"
"2028","36081140902",-73.7821667468083,40.7448571007431,14945.6219415129,40.7356094542025,-73.9876746575862,3172.63073215638,31705.6752938709,4171.97504287955,7344.60577503593,7344.60577503593,"transit"
"2029","36081141700",-73.7916829609305,40.7447946216359,14440.5488767435,40.7356094542025,-73.9876746575862,3035.54003247872,33183.3038153581,4366.4080349907,7401.94806746941,7401.94806746941,"transit"
"2030","36081142900",-73.7845410864397,40.751068961227,14687.2803422417,40.7356094542025,-73.9876746575862,3138.85197969416,33183.3038153581,4366.4080349907,7505.26001468486,7505.26001468486,"transit"
"2031","36081143500",-73.7702227176608,40.7529288165235,15808.3514048944,40.7356094542025,-73.9876746575862,4498.90725939537,31705.6752938709,4171.97504287955,8670.88230227492,8670.88230227492,"transit"
"2032","36081144100",-73.7637983162727,40.755656909246,16090.294590432,40.7356094542025,-73.9876746575862,4951.95527504336,31705.6752938709,4171.97504287955,9123.93031792291,9123.93031792291,"transit"
"2033","36081144700",-73.7724261869358,40.7568682833705,15456.09631258,40.7356094542025,-73.9876746575862,3907.66795003245,33183.3038153581,4366.4080349907,8274.07598502314,8274.07598502314,"transit"
"2034","36081145101",-73.7846964899601,40.7551380521677,14630.6615833647,40.7356094542025,-73.9876746575862,3082.23322081709,33183.3038153581,4366.4080349907,7448.64125580778,7448.64125580778,"transit"
"2035","36081145102",-73.7780993983923,40.753239873959,15184.5436806788,40.7356094542025,-73.9876746575862,3636.11531813119,33183.3038153581,4366.4080349907,8002.52335312188,8002.52335312188,"transit"
"2036","36081145900",-73.7919632773964,40.7542208141512,14242.0928683524,40.7356094542025,-73.9876746575862,2693.66450580486,33183.3038153581,4366.4080349907,7060.07254079556,7060.07254079556,"transit"
"2037","36081146300",-73.781082815504,40.759470638632,14823.4770020291,40.7356094542025,-73.9876746575862,3275.04863948153,33183.3038153581,4366.4080349907,7641.45667447223,7641.45667447223,"transit"
"2038","36081146700",-73.7731985298203,40.761210731183,15402.9273261186,40.7356094542025,-73.9876746575862,3854.49896357102,33183.3038153581,4366.4080349907,8220.90699856171,8220.90699856171,"transit"
"2039","36081147100",-73.7634657729467,40.761472930713,15970.8358692967,40.7356094542025,-73.9876746575862,4422.40750674909,33183.3038153581,4366.4080349907,8788.81554173978,8788.81554173978,"transit"
"2040","36081147900",-73.7423055089681,40.7695660864757,18066.3122366422,40.7356094542025,-73.9876746575862,7025.84923138418,31705.6752938709,4171.97504287955,11197.8242742637,11197.8242742637,"transit"
"2041","36081148300",-73.7521330069671,40.7764110426903,18269.1576664676,40.7356094542025,-73.9876746575862,6722.33155941856,33183.3038153581,4366.4080349907,11088.7395944093,11088.7395944093,"transit"
"2042","36081150701",-73.7396912517552,40.7621829454827,17774.8782825513,40.7356094542025,-73.9876746575862,6190.98197777004,31705.6752938709,4171.97504287955,10362.9570206496,10362.9570206496,"transit"
"2043","36081150702",-73.7306657049188,40.7664048140269,18332.3445255182,40.7356094542025,-73.9876746575862,7096.55245807174,31705.6752938709,4171.97504287955,11268.5275009513,11268.5275009513,"transit"
"2044","36081152901",-73.7336378754923,40.7523113873921,NA,40.7356094542025,-73.9876746575862,NA,31705.6752938709,4171.97504287955,NA,NA,NA
"2045","36081152902",-73.7239523374315,40.7593013724161,19057.1949883658,40.7356094542025,-73.9876746575862,6581.0005888308,31705.6752938709,4171.97504287955,10752.9756317104,10752.9756317104,"transit"
"2046","36081155101",-73.7141781043172,40.756577794895,20253.1906252391,40.7356094542025,-73.9876746575862,6800.36598546871,31705.6752938709,4171.97504287955,10972.3410283483,10972.3410283483,"transit"
"2047","36081155102",-73.7153521785216,40.7511253347084,19991.2630246367,40.7356094542025,-73.9876746575862,5956.74878041697,31705.6752938709,4171.97504287955,10128.7238232965,10128.7238232965,"transit"
"2048","36081156700",-73.7297126075448,40.7403747615935,18885.0625036786,40.7356094542025,-73.9876746575862,4443.43871184245,31705.6752938709,4171.97504287955,8615.413754722,8615.413754722,"transit"
"2049","36081157101",-73.7196291285615,40.7385627071844,19613.9369885353,40.7356094542025,-73.9876746575862,5172.31319669916,31705.6752938709,4171.97504287955,9344.28823957871,9344.28823957871,"transit"
"2050","36081157102",-73.7250490119788,40.7350617898417,19196.5715918808,40.7356094542025,-73.9876746575862,4423.02200359694,31705.6752938709,4171.97504287955,8594.99704647649,8594.99704647649,"transit"
"2051","36081157901",-73.7046085251121,40.74478589839,20446.6412353069,40.7356094542025,-73.9876746575862,6005.01744347073,31705.6752938709,4171.97504287955,10176.9924863503,10176.9924863503,"transit"
"2052","36081157902",-73.7119995361702,40.7415841836656,20118.0477237693,40.7356094542025,-73.9876746575862,5676.42393193319,31705.6752938709,4171.97504287955,9848.39897481274,9848.39897481274,"transit"
"2053","36081157903",-73.7075323923512,40.7338257094644,20199.3902201961,40.7356094542025,-73.9876746575862,5425.84063191224,31705.6752938709,4171.97504287955,9597.81567479179,9597.81567479179,"transit"
"2054","36081161700",-73.7176393769385,40.728806014377,19493.6029118903,40.7356094542025,-73.9876746575862,4720.05332360642,31705.6752938709,4171.97504287955,8892.02836648597,8892.02836648597,"transit"
"2055","36081162100",-73.7296980737166,40.7284597917299,18715.7263770502,40.7356094542025,-73.9876746575862,3942.17678876632,31705.6752938709,4171.97504287955,8114.15183164587,8114.15183164587,"transit"
"2056","36085000300",-74.0659626583607,40.6444095653502,NA,40.7356094542025,-73.9876746575862,NA,NA,NA,NA,NA,NA
"2057","36085000600",-74.0606239479356,40.6176961469794,NA,40.7356094542025,-73.9876746575862,NA,NA,NA,NA,NA,NA
"2058","36085000700",-74.0810376875824,40.6480203330354,NA,40.7356094542025,-73.9876746575862,765.115491694403,NA,NA,NA,NA,NA
"2059","36085000800",-74.0677149474108,40.6119575912182,NA,40.7356094542025,-73.9876746575862,962.357643726482,NA,NA,NA,NA,NA
"2060","36085000900",-74.0828563791032,40.6422065048945,NA,40.7356094542025,-73.9876746575862,889.567419840787,NA,NA,NA,NA,NA
"2061","36085001100",-74.0826653695162,40.6387763424138,NA,40.7356094542025,-73.9876746575862,727.188206552925,NA,NA,NA,NA,NA
"2062","36085001700",-74.0812547742619,40.6343907456765,NA,40.7356094542025,-73.9876746575862,979.258824017411,NA,NA,NA,NA,NA
"2063","36085001800",-74.0541758593355,40.6016823942043,NA,40.7356094542025,-73.9876746575862,NA,19454.9315870269,2559.96720743859,NA,NA,NA
"2064","36085002001",-74.0710186361921,40.6070041421606,NA,40.7356094542025,-73.9876746575862,NA,NA,NA,NA,NA,NA
"2065","36085002002",-74.0702465687295,40.6015416733391,NA,40.7356094542025,-73.9876746575862,2073.94102552795,NA,NA,NA,NA,NA
"2066","36085002100",-74.0683933164763,40.6314478791271,NA,40.7356094542025,-73.9876746575862,820.23119572249,NA,NA,NA,NA,NA
"2067","36085002700",-74.0764274270501,40.6235871418815,NA,40.7356094542025,-73.9876746575862,536.934567171893,NA,NA,NA,NA,NA
"2068","36085002900",-74.0827407012815,40.6196580851885,NA,40.7356094542025,-73.9876746575862,885.401554592591,NA,NA,NA,NA,NA
"2069","36085003300",-74.0866106842337,40.6256016322987,NA,40.7356094542025,-73.9876746575862,1239.42279328726,NA,NA,NA,NA,NA
"2070","36085003600",-74.075904417732,40.6110560685116,NA,40.7356094542025,-73.9876746575862,1156.73027828857,NA,NA,NA,NA,NA
"2071","36085003900",-74.0933501020629,40.6211881339707,NA,40.7356094542025,-73.9876746575862,1777.00170954147,NA,NA,NA,NA,NA
"2072","36085004000",-74.0808616562923,40.6135962573832,NA,40.7356094542025,-73.9876746575862,1016.08644102525,NA,NA,NA,NA,NA
"2073","36085004700",-74.0947393838871,40.6141852227399,NA,40.7356094542025,-73.9876746575862,2019.92757129655,NA,NA,NA,NA,NA
"2074","36085005000",-74.0860216880708,40.6041456725149,NA,40.7356094542025,-73.9876746575862,1894.16773609509,NA,NA,NA,NA,NA
"2075","36085005900",-74.0992470129002,40.625320841574,NA,40.7356094542025,-73.9876746575862,2315.43696119483,NA,NA,NA,NA,NA
"2076","36085006400",-74.0785058551279,40.5972420826851,NA,40.7356094542025,-73.9876746575862,2241.89742200003,NA,NA,NA,NA,NA
"2077","36085006700",-74.1011034410379,40.6351914435118,NA,40.7356094542025,-73.9876746575862,1943.28882204078,NA,NA,NA,NA,NA
"2078","36085007000",-74.0755809741081,40.5865517167292,NA,40.7356094542025,-73.9876746575862,2606.56236059245,NA,NA,NA,NA,NA
"2079","36085007400",-74.0627523834767,40.5921341978373,NA,40.7356094542025,-73.9876746575862,2824.02226652905,NA,NA,NA,NA,NA
"2080","36085007500",-74.09094571878,40.63359871981,NA,40.7356094542025,-73.9876746575862,1275.73678592973,NA,NA,NA,NA,NA
"2081","36085007700",-74.0902676244182,40.637866302628,NA,40.7356094542025,-73.9876746575862,1378.83916654512,NA,NA,NA,NA,NA
"2082","36085008100",-74.0938648994279,40.6438719648719,NA,40.7356094542025,-73.9876746575862,1670.11014862373,NA,NA,NA,NA,NA
"2083","36085009601",-74.0886019804924,40.5969288697178,NA,40.7356094542025,-73.9876746575862,1615.47498285363,NA,NA,NA,NA,NA
"2084","36085009602",-74.0951591252137,40.5907824108959,NA,40.7356094542025,-73.9876746575862,913.538001144991,NA,NA,NA,NA,NA
"2085","36085009700",-74.1105430664654,40.6428241115811,NA,40.7356094542025,-73.9876746575862,NA,NA,NA,NA,NA,NA
"2086","36085010500",-74.1118713710804,40.633799006731,NA,40.7356094542025,-73.9876746575862,NA,NA,NA,NA,NA,NA
"2087","36085011201",-74.0854979654119,40.5775244244081,NA,40.7356094542025,-73.9876746575862,1426.8137762451,NA,NA,NA,NA,NA
"2088","36085011202",-74.0946350992385,40.569865497554,NA,40.7356094542025,-73.9876746575862,1371.10270389974,NA,NA,NA,NA,NA
"2089","36085011401",-74.0990981782962,40.5857439288289,NA,40.7356094542025,-73.9876746575862,551.796535486606,NA,NA,NA,NA,NA
"2090","36085011402",-74.104952401774,40.5811924578391,NA,40.7356094542025,-73.9876746575862,275.391564198631,NA,NA,NA,NA,NA
"2091","36085012100",-74.1096438728031,40.6258789691618,NA,40.7356094542025,-73.9876746575862,2737.68522971436,NA,NA,NA,NA,NA
"2092","36085012200",-74.1114581360976,40.575971792962,NA,40.7356094542025,-73.9876746575862,343.337999494643,NA,NA,NA,NA,NA
"2093","36085012500",-74.1188591731677,40.6287073194763,NA,40.7356094542025,-73.9876746575862,NA,NA,NA,NA,NA,NA
"2094","36085012804",-74.1015540753365,40.563154256545,NA,40.7356094542025,-73.9876746575862,1770.72984376437,NA,NA,NA,NA,NA
"2095","36085012805",-74.1150819306062,40.5529666140603,NA,40.7356094542025,-73.9876746575862,1418.38486633233,NA,NA,NA,NA,NA
"2096","36085012806",-74.1073255447129,40.5575769167343,NA,40.7356094542025,-73.9876746575862,1659.25598607554,NA,NA,NA,NA,NA
"2097","36085013201",-74.1225721366347,40.5647779112856,NA,40.7356094542025,-73.9876746575862,331.491270187207,NA,NA,NA,NA,NA
"2098","36085013203",-74.142724652297,40.5497039230685,NA,40.7356094542025,-73.9876746575862,724.856977123403,NA,NA,NA,NA,NA
"2099","36085013204",-74.1302417628285,40.5594208520553,NA,40.7356094542025,-73.9876746575862,740.185430741322,NA,NA,NA,NA,NA
"2100","36085013301",-74.1189102920989,40.635598395445,NA,40.7356094542025,-73.9876746575862,NA,NA,NA,NA,NA,NA
"2101","36085013302",-74.1235018255968,40.6358896086918,NA,40.7356094542025,-73.9876746575862,NA,NA,NA,NA,NA,NA
"2102","36085013400",-74.117446609074,40.5698838556502,NA,40.7356094542025,-73.9876746575862,467.902259035706,NA,NA,NA,NA,NA
"2103","36085013800",-74.1318817216695,40.5704889289416,NA,40.7356094542025,-73.9876746575862,793.576107910545,NA,NA,NA,NA,NA
"2104","36085014100",-74.1268922615286,40.6288688878087,NA,40.7356094542025,-73.9876746575862,NA,NA,NA,NA,NA,NA
"2105","36085014604",-74.1597547156673,40.5500383102777,NA,40.7356094542025,-73.9876746575862,805.094566028309,NA,NA,NA,NA,NA
"2106","36085014605",-74.1501223755173,40.5586985103737,NA,40.7356094542025,-73.9876746575862,828.320197782299,NA,NA,NA,NA,NA
"2107","36085014606",-74.1426220107002,40.5625598416543,NA,40.7356094542025,-73.9876746575862,1111.70401849875,NA,NA,NA,NA,NA
"2108","36085014607",-74.1641209244727,40.5569219731371,NA,40.7356094542025,-73.9876746575862,1231.56772811673,NA,NA,NA,NA,NA
"2109","36085014608",-74.1565180497468,40.55846553012,NA,40.7356094542025,-73.9876746575862,892.904532736506,NA,NA,NA,NA,NA
"2110","36085014700",-74.1164247929659,40.619268205778,NA,40.7356094542025,-73.9876746575862,3347.75757341668,NA,NA,NA,NA,NA
"2111","36085015100",-74.1275925425758,40.6195336496932,NA,40.7356094542025,-73.9876746575862,NA,NA,NA,NA,NA,NA
"2112","36085015400",-74.1269327248911,40.541848741216,NA,40.7356094542025,-73.9876746575862,2130.34368674784,NA,NA,NA,NA,NA
"2113","36085015601",-74.154577746239,40.5421523471576,NA,40.7356094542025,-73.9876746575862,895.286848457868,NA,NA,NA,NA,NA
"2114","36085015602",-74.1618034251162,40.5360199043997,NA,40.7356094542025,-73.9876746575862,898.769817717971,NA,NA,NA,NA,NA
"2115","36085015603",-74.1462564568463,40.531878386082,NA,40.7356094542025,-73.9876746575862,1584.39502119613,NA,NA,NA,NA,NA
"2116","36085016901",-74.1093818213723,40.6124524093744,NA,40.7356094542025,-73.9876746575862,3704.43201302282,NA,NA,NA,NA,NA
"2117","36085017005",-74.1814136283576,40.5393536576824,NA,40.7356094542025,-73.9876746575862,378.402509487158,NA,NA,NA,NA,NA
"2118","36085017007",-74.1879731305955,40.5584932828839,NA,40.7356094542025,-73.9876746575862,2155.27676738639,NA,NA,NA,NA,NA
"2119","36085017008",-74.1797503683845,40.5559126450579,NA,40.7356094542025,-73.9876746575862,1524.78858353911,NA,NA,NA,NA,NA
"2120","36085017009",-74.189828322497,40.5432027697174,NA,40.7356094542025,-73.9876746575862,NA,NA,NA,NA,NA,NA
"2121","36085017010",-74.1960465851526,40.5510991196975,NA,40.7356094542025,-73.9876746575862,1797.19091817195,NA,NA,NA,NA,NA
"2122","36085017011",-74.1702296558884,40.5456375778723,NA,40.7356094542025,-73.9876746575862,502.331764559358,NA,NA,NA,NA,NA
"2123","36085017012",-74.1737881476359,40.552954639687,NA,40.7356094542025,-73.9876746575862,1154.42616515266,NA,NA,NA,NA,NA
"2124","36085017300",-74.1182768633456,40.6052790895733,NA,40.7356094542025,-73.9876746575862,2754.21419857836,NA,NA,NA,NA,NA
"2125","36085017600",-74.1719805238514,40.5256370862635,NA,40.7356094542025,-73.9876746575862,1472.23470313758,NA,NA,NA,NA,NA
"2126","36085017700",-74.1040308302367,40.6024123044071,NA,40.7356094542025,-73.9876746575862,2839.50774097126,NA,NA,NA,NA,NA
"2127","36085018100",-74.1207995451102,40.5891023305287,NA,40.7356094542025,-73.9876746575862,2421.14044920716,NA,NA,NA,NA,NA
"2128","36085018701",-74.1272857746052,40.610761888417,NA,40.7356094542025,-73.9876746575862,3785.73797783259,NA,NA,NA,NA,NA
"2129","36085018702",-74.1261593566582,40.6039238484263,NA,40.7356094542025,-73.9876746575862,3202.30800685813,NA,NA,NA,NA,NA
"2130","36085018901",-74.1399974130308,40.6120914863905,NA,40.7356094542025,-73.9876746575862,4647.59427467083,NA,NA,NA,NA,NA
"2131","36085018902",-74.1380412567899,40.6052394439258,NA,40.7356094542025,-73.9876746575862,3976.00438676711,NA,NA,NA,NA,NA
"2132","36085019700",-74.1352404305434,40.6169844529976,NA,40.7356094542025,-73.9876746575862,NA,NA,NA,NA,NA,NA
"2133","36085019800",-74.2016412302312,40.5133619784873,NA,40.7356094542025,-73.9876746575862,1384.85394635432,NA,NA,NA,NA,NA
"2134","36085020100",-74.1342646762923,40.6240387337903,NA,40.7356094542025,-73.9876746575862,NA,NA,NA,NA,NA,NA
"2135","36085020700",-74.1331569452785,40.6394573104979,NA,40.7356094542025,-73.9876746575862,NA,NA,NA,NA,NA,NA
"2136","36085020801",-74.2097513642616,40.548705003604,NA,40.7356094542025,-73.9876746575862,2203.7649686976,NA,NA,NA,NA,NA
"2137","36085020803",-74.2106673546389,40.5328201441266,NA,40.7356094542025,-73.9876746575862,1275.56135773688,NA,NA,NA,NA,NA
"2138","36085020804",-74.1995329981514,40.5358036379544,NA,40.7356094542025,-73.9876746575862,724.577934585771,NA,NA,NA,NA,NA
"2139","36085021300",-74.1389029762743,40.6326155924623,NA,40.7356094542025,-73.9876746575862,NA,NA,NA,NA,NA,NA
"2140","36085022300",-74.1526938806429,40.6389471610341,NA,40.7356094542025,-73.9876746575862,NA,NA,NA,NA,NA,NA
"2141","36085022600",-74.2316135821491,40.5384354564102,NA,40.7356094542025,-73.9876746575862,2757.95589206507,NA,NA,NA,NA,NA
"2142","36085022800",-74.1875426901945,40.5764600964762,NA,40.7356094542025,-73.9876746575862,3620.76076973532,NA,NA,NA,NA,NA
"2143","36085023100",-74.1563206261011,40.6301244444962,NA,40.7356094542025,-73.9876746575862,NA,NA,NA,NA,NA,NA
"2144","36085023900",-74.1493305175929,40.6295397103293,NA,40.7356094542025,-73.9876746575862,NA,NA,NA,NA,NA,NA
"2145","36085024401",-74.2390755047471,40.5093460545589,NA,40.7356094542025,-73.9876746575862,989.549990098012,NA,NA,NA,NA,NA
"2146","36085024402",-74.2388411474442,40.4996222541961,NA,40.7356094542025,-73.9876746575862,1692.66096399275,NA,NA,NA,NA,NA
"2147","36085024700",-74.1417974858138,40.6275086236452,NA,40.7356094542025,-73.9876746575862,NA,NA,NA,NA,NA,NA
"2148","36085024800",-74.2445933297845,40.5158051751487,NA,40.7356094542025,-73.9876746575862,257.314858418237,NA,NA,NA,NA,NA
"2149","36085025100",-74.1460330711387,40.6180407704848,NA,40.7356094542025,-73.9876746575862,NA,NA,NA,NA,NA,NA
"2150","36085027301",-74.1518330611914,40.5997586503338,NA,40.7356094542025,-73.9876746575862,4105.10952167482,NA,NA,NA,NA,NA
"2151","36085027302",-74.1387316691904,40.5955580162779,NA,40.7356094542025,-73.9876746575862,3100.84973417799,NA,NA,NA,NA,NA
"2152","36085027702",-74.1636446822006,40.5800894897018,NA,40.7356094542025,-73.9876746575862,3552.92137164583,NA,NA,NA,NA,NA
"2153","36085027704",-74.1515103831115,40.5854220916125,NA,40.7356094542025,-73.9876746575862,3092.08226214392,NA,NA,NA,NA,NA
"2154","36085027705",-74.1569820234313,40.588247960928,NA,40.7356094542025,-73.9876746575862,3540.22728082649,NA,NA,NA,NA,NA
"2155","36085027706",-74.1619016349131,40.5909369421124,NA,40.7356094542025,-73.9876746575862,3832.25764954675,NA,NA,NA,NA,NA
"2156","36085027900",-74.1491086949026,40.5749590373494,NA,40.7356094542025,-73.9876746575862,2054.99014657345,NA,NA,NA,NA,NA
"2157","36085029102",-74.1913398356934,40.6090796297253,NA,40.7356094542025,-73.9876746575862,7405.00884623858,NA,NA,NA,NA,NA
"2158","36085029103",-74.1704531201172,40.6043057116131,NA,40.7356094542025,-73.9876746575862,5191.81032475785,NA,NA,NA,NA,NA
"2159","36085029104",-74.1634983066728,40.6137133056053,NA,40.7356094542025,-73.9876746575862,NA,NA,NA,NA,NA,NA
"2160","36085030301",-74.1562101773477,40.6188882877904,NA,40.7356094542025,-73.9876746575862,NA,NA,NA,NA,NA,NA
"2161","36085030302",-74.1587312545198,40.6235144768687,NA,40.7356094542025,-73.9876746575862,NA,NA,NA,NA,NA,NA
"2162","36085031901",-74.1633211027541,40.6303035438434,NA,40.7356094542025,-73.9876746575862,NA,NA,NA,NA,NA,NA
"2163","36085031902",-74.1656671750822,40.6395465114805,NA,40.7356094542025,-73.9876746575862,NA,NA,NA,NA,NA,NA
"2164","36085032300",-74.17916392998,40.6350929646322,NA,40.7356094542025,-73.9876746575862,NA,NA,NA,NA,NA,NA
