"","NHW00_16","A20_34y00_16","College00_16","mdfami00_16","mdrent00_16","logNHW00_16","logA20_34y00_16","logCollege00_16","logmdfami00_16","logmdrent00_16","rawscores","score_0.025","score_0.5","score_0.975"
"36005000200",-0.543553329,0.087381032,1.119,0.479130999,0.694520548,-0.762611582485617,0.0929264610027452,0.755652385911342,0.398192727669524,0.533283867671295,-0.012541611049911,-1.25681180410567,-0.150878299624847,0.988547959997061
"36005000400",-0.267251052,0.045039019,0.988,0.978668422,1.161741835,-0.297397180998552,0.053577751078231,0.692146680226362,0.687465280092512,0.775529534509983,1.11835937093305,-0.639670922504072,0.351045848766158,1.38077527262186
"36005001600",-0.584638611,-0.202151135,-0.119,0.219140314,0.693548387,-0.854816144322136,-0.213380286224077,-0.115410851511328,0.206314993310373,0.532713362176888,-1.90948263860031,-1.90259017579319,-0.965519818203615,-0.067727686788292
"36005001900",0.465953579,1.10621718,4.324,0.648008111,1.459869848,0.389304275141697,0.749630145780271,1.67410142575982,0.505616948739738,0.904165456134146,3.69808574954344,0.768935985556719,1.63731166723021,2.50779334064555
"36005002000",0.099822885,0.070401552,0.766,0.055600691,1.293233083,0.10420043952964,0.0773327794402899,0.574363644569978,0.0635386692647383,0.834313824141116,0.308209515729303,-1.32131314208352,-0.288922930035068,0.712546827360929
"36005002300",-0.782338308,0.232328382,-0.169,0.0330415,0.820960699,-1.47989455897704,0.216987346309934,-0.173163619009189,0.0421409642970617,0.604840801234816,-1.70691324011391,-1.17432797266151,-0.107435273298496,0.960064802931236
"36005002500",3.330104593,-0.006398587,1.879,0.592325374,1.035294118,1.4678984475915,0.00359494344058577,1.0609104214841,0.47145593289208,0.715541602136117,1.78021215216382,0.407773933076992,1.40583853890092,2.4355202583842
"36005002701",-0.285949713,-0.010410308,-0.01,0.74038388,0.693181818,-0.322894431826139,-0.000410392199359971,0,0.559835123879536,0.532498159340528,-0.637611057012871,-0.514961083744977,0.540158102636773,1.62961173138413
"36005002702",4.687446627,0.0936961,1.249,0.943447932,1.90060241,1.74001811430093,0.0986646382215537,0.814922237485866,0.669595981459282,1.06836007350472,2.92040774756402,0.908190809366505,1.89653632334536,2.89661346260079
"36005002800",-0.17114629,0.135524523,0.418,0.329301914,0.598976109,-0.175718950053925,0.135862630800988,0.356274863917393,0.292148518514674,0.475598019546994,-0.502122868667175,-0.991448214812985,0.0183726329491401,1.0299647596277
"36005003100",-0.892201835,0.004887739,-0.193,0.876573242,0.663961039,-2.13878258513555,0.0147780044064583,-0.202116184122134,0.634762083946348,0.515192697602887,-1.5851428108333,-1.15558019048503,-0.169180076952466,0.809214072828641
"36005003300",2.279094446,-0.052371277,1.325,0.801050788,1.259927798,1.1906122825137,-0.0432951304095948,0.848011891120861,0.593907222682535,0.819748023938998,1.77767791323438,0.369710861629258,1.31680519672427,2.28911475465441
"36005003500",-0.794631512,0.215584507,0.263,0.581651923,1.110311751,-1.53540482022667,0.203417878768937,0.24137631957527,0.464772422185033,0.751563130231273,-0.18652121613598,-0.937238654458898,0.132963455142524,1.18776166097832
"36005003800",-0.806216256,0.395794657,0.207,-0.371566893,0.281293952,-1.59069592584984,0.34060273506956,0.19638881400539,-0.448738374855347,0.255644779207367,-2.76559905437124,-2.74142355852578,-1.64115489088859,-0.555481219172981
"36005003900",8.190349931,0.256034893,1.753,0.577718856,1.742930591,2.21924151930991,0.235889884953545,1.01631704594128,0.462298304329855,1.01266601371042,3.11194058896141,0.773016002847231,1.73525487593528,2.6657506923595
"36005004001",-0.129113499,0.21728743,-0.286,0.787945159,0.661949686,-0.126826491084154,0.204806392574254,-0.322963886596421,0.586644434471913,0.51399042210447,-0.649354952863968,-1.64518731993939,-0.663194061431478,0.349784039692607
"36005004100",0.446980854,0.015354221,1.223,0.226266667,1,0.376366386426659,0.0250381343542658,0.803345972858021,0.212096085764815,0.698134722070984,0.545237424410346,-0.049274090225016,0.930588641598169,1.95012177520279
"36005004200",1.057661664,0.236482068,-0.012,-0.061003421,0.653144016,0.726418337845496,0.220325237997532,-0.00200200267067308,-0.0523500852259142,0.508709796581481,-0.907672231149349,-1.64842134448029,-0.752026973687877,0.160067448684972
"36005004300",-0.594234992,0.26111199,1.003,0.031289852,1.141689373,-0.877635062943682,0.23989210004876,0.699626146657654,0.0404601869958058,0.76625328847954,0.0708599512313594,-0.629399392360642,0.375533835808257,1.37780021368462
"36005004400",-0.613880665,0.022284524,0.421,0.829778335,1.008368201,-0.926039762114651,0.0317743306110702,0.358373500574314,0.609645094255092,0.702289363662541,0.0876525206930411,-1.30449859094702,-0.384568765284196,0.517086611105244
"36005004600",-0.6448583,-0.128265107,0.817,0.555555556,1.238227147,-1.00746978155913,-0.125863842986946,0.60267527739587,0.448240748858259,0.810141970965985,0.121108012822289,-1.38946539509717,-0.342102726323188,0.723726254759158
"36005004800",-0.544653641,0.005391891,0.458,1.014478093,0.855932203,-0.764973292599357,0.015274637483905,0.383900930192324,0.705311935488089,0.623760768967672,0.13013107438045,-1.11175334145278,-0.247626607390584,0.621586858202464
"36005005001",-0.356693413,-0.197568594,0.467,0.697726621,1.092382496,-0.425708754528984,-0.207723791726714,0.390013003549243,0.535163024593206,0.743071223550512,-0.0318638721164058,-1.04289118010652,0.0161391106566703,1.07696264678108
"36005005002",-0.57171397,0.111341222,-0.034,0.498137358,0.893030794,-0.82488354521158,0.114525488495135,-0.0242926925690446,0.410875351644564,0.64344777000127,-0.689621008095952,-1.33271728951044,-0.293955962932782,0.769670053833981
"36005005100",-0.838727657,0.384934454,1.999,0.598114188,1.309734513,-1.76450034027729,0.332847427789506,1.10160779764791,0.475062180673322,0.841452745078419,1.21365424245497,-0.0287992465403462,0.843190777022902,1.73088653059062
"36005005200",0.560810811,0.125482625,1.061,1.196836555,1.149837134,0.451591926178298,0.127057780817167,0.728031582413447,0.791560066988026,0.770032817927355,1.75848364388886,-0.180644969225406,0.778062688269297,1.77933438351743
"36005005300",3.479824108,0.155557897,0.308,-0.337534335,0.65095986,1.50181352682202,0.153199853935555,0.276115436080316,-0.396804224571614,0.50739566417419,-0.886031294258643,-1.71240347303591,-0.577443213298722,0.556589270303082
"36005005400",-0.126248965,0.109635899,0.419,0.290322581,0.893081761,-0.123579890626354,0.113003542275165,0.35697489894773,0.262612372916813,0.643474551658022,-0.150603447604316,-1.14572300227131,-0.203782461025779,0.703668279674606
"36005005600",3.168324407,-0.253362539,-0.347,0.120403858,0.665615142,1.42991030660161,-0.278871055717069,-0.410980288796275,0.122574965333524,0.516180346812862,-1.54781908994972,-2.02369944736597,-0.961408957272047,0.0948892246392729
"36005005902",0.153370331,0.132572512,0.328,-0.026041667,0.774011299,0.151321250192379,0.133282309605923,0.291175961706037,-0.0161717273386329,0.57886436765794,-0.694585372091351,-1.25762848021204,-0.255956850154534,0.744792994054991
"36005006000",-0.497404962,0.216679909,2.831,0.452941821,0.901360544,-0.668269145161445,0.204311258834895,1.34573274936377,0.380449354329969,0.64781531517586,1.18080925016879,-1.05369280235804,-0.195840414545754,0.65535238035172
"36005006100",0.215102286,0.495420285,1.165,0.649273352,0.96692607,0.203024339286372,0.409072118351477,0.777028664540647,0.506379766773399,0.681543148446273,1.44860770922077,-0.359381749618561,0.512803752456557,1.38745124339192
"36005006200",-0.980083476,0.16768678,-0.003,0.44033848,0.714634146,-3.50934430909546,0.163552158532769,0.00697561373642536,0.371796963673652,0.54501493871385,-2.06223289711471,-2.03302925096927,-1.09137153482691,-0.16426206426646
"36005006300",1.028586012,0.028682839,2.64,0.295774648,0.784946237,0.712256436156968,0.0379534095015899,1.2947271675944,0.266796464663866,0.584975069959653,1.13729862824402,-0.432176487684785,0.363577732989004,1.1936080011002
"36005006400",3.88474206,-0.279485754,-0.086,0.03456338,0.623481781,1.58816158000775,-0.314006546270382,-0.0790432073404529,0.0435989799246189,0.49071379864509,-1.3082434018245,-1.99830214899412,-0.988992381713266,0.0343990552303383
"36005006500",-0.49213241,-0.175389666,-0.106,0.362506888,0.921875,-0.65803568715906,-0.18079032892195,-0.100925918589961,0.316638912968191,0.658491033904244,-1.26896691969406,-1.14067492893739,-0.169363067938173,0.79214735724699
"36005006700",-0.89255844,0.243086663,2.176,-0.031137671,0.966101695,-2.14181443082541,0.225609837927611,1.15876621148786,-0.0213642704463542,0.681126063082366,-0.243183220855674,-0.721244640637295,0.272737575683546,1.27895677424902
"36005006800",6.3283417,0.058092777,0.069,0.251664608,0.598958333,1.99311289067069,0.0658746066152234,0.0760346862759976,0.232431966515876,0.475586971466108,-0.0994363070047286,-1.49577394673495,-0.526224221086058,0.42011673692073
"36005006900",-0.237204107,0.215379395,2.002,1.66221936,1.959322034,-0.257740310538944,0.203250506250467,1.10260430993765,0.982909348113106,1.08833365537626,3.11669596112572,0.838859482007922,1.89150695516068,2.96455052120887
"36005007000",-0.486989426,0.216396418,-0.205,-0.051423848,0.81920904,-0.648153597148363,0.204080127827562,-0.216913001563574,-0.0423062705130734,0.603883654840721,-1.5551783365725,-2.17824030922055,-1.12260228602788,-0.0772665351135842
"36005007100",1.158333333,0.104421353,1.27,0.089915811,1.667546174,0.773958823142631,0.108335304283378,0.824175442966349,0.0952336414207921,0.98490076838248,1.37968633918317,0.0713513604716516,0.948355936616189,1.83089855098879
"36005007200",-0.227445505,0.186877026,0.465,0.006868579,0.676945668,-0.245191716820208,0.179715686126956,0.388657989791783,0.0167278845274675,0.522919596761855,-0.761207639053952,-1.73178499167385,-0.854527627715719,0.0312020195257374
"36005007300",7.429065744,0.17430574,0.055,0.179668442,0.951417004,2.13287160864199,0.16915672947848,0.0629747991613884,0.173674648133561,0.673667173256339,0.487490095696802,-0.493212865216197,0.473547699161711,1.48844489992461
"36005007400",0.139215335,0.198276654,-0.088,0.142948354,0.93768997,0.139079392099403,0.189195091503876,-0.0812100554255432,0.142322447569041,0.666644039576752,-0.607327609637309,-1.3767997968373,-0.361087382701537,0.643304712686651
"36005007500",0.419500671,0.232769,0.882,0.494104026,0.762222222,0.357325202175013,0.217341954550085,0.637634470629686,0.408197389359179,0.572234251769242,0.629756282135081,-0.0777857763132257,0.812980443541096,1.72351876599679
"36005007600",0.028523766,0.171645265,-0.375,0.104378443,0.792397661,0.0378002490023617,0.166907759727426,-0.454130280089445,0.108296799254724,0.589117812420897,-1.39458151928627,-2.0021229550467,-1.08567972430915,-0.146512343963011
"36005007700",0.915789474,0.221877934,2.501,0.746162468,1.0625,0.655336000028654,0.208539780657171,1.2559008971863,0.563131012573153,0.728755608027313,2.15324204969591,0.320221557566673,1.33192668074159,2.32236793646134
"36005007800",-0.626931392,0.229645118,0.159,-0.109274634,0.824267782,-0.959541172684651,0.214825143494005,0.156148682489931,-0.10455487804875,0.60664537299049,-1.30624074943148,-1.98473169818107,-0.982384059285243,0.00328329162927651
"36005007900",-0.940454667,0.193652334,0.404,0.627307094,0.825974026,-2.66577646566792,0.18536054605147,0.346422567474381,0.493052876396854,0.607575145039405,-0.885091889911184,-0.740976955360017,0.122197662471689,0.97324983301815
"36005008300",-0.539576981,-0.013799799,1.677,0.189895145,0.763888889,-0.754122948646016,-0.00380703657626082,0.988425329633354,0.182234173809506,0.573174248893163,-0.118238324998928,-0.701603653983428,0.295803843605698,1.32570318423721
"36005008400",-0.222540109,0.755332412,0.448,1.014866528,0.647256439,-0.238942841642923,0.568339008063138,0.377065633586466,0.705503786287439,0.505163487484056,0.887742364564902,-0.712807096231368,0.378979396271758,1.45386997321682
"36005008500",-0.500312207,0.08600329,0.709,0.681137725,1.501246883,-0.673956911304921,0.0916701903461359,0.541742726400712,0.525401512489913,0.920779395931702,0.912254150962664,-0.324019490506351,0.661138990486492,1.66074937673263
"36005008600",-0.672567506,0.081858176,1.322,0.513777877,0.36,-1.08638980645355,0.0878809934302904,0.846726268488246,0.421192696641891,0.314810739840034,-0.54500689156518,-1.37816754290502,-0.317699562306497,0.735337541389753
"36005008700",1.317757009,0.158353174,0.293,0.51290207,0.994174757,0.844905146844153,0.155595213699928,0.264669298142708,0.420617771123386,0.695232383512379,0.608189437725772,-0.412711991006423,0.527391844197535,1.46805263911283
"36005008900",0.885332531,0.02717406,0.25,0.670875092,1.165501166,0.639394301240173,0.0364997647282838,0.231111720963387,0.519314545895293,0.777259059147197,0.66007297333866,-0.428212003706588,0.530741305024938,1.49960519903384
"36005009000",-0.338910891,0.320421434,0.583,0.709373905,0.564285714,-0.398853350529572,0.285495759710878,0.465619030927911,0.541960215837175,0.453801654487967,0.113715687035984,-1.03784720674717,-0.0845851651900087,0.872117303879568
"36005009200",-0.859911454,-0.067374081,0.146,0.238213522,0.817663818,-1.89652985238166,-0.0590857675227902,0.144965770250186,0.221713346658935,0.603038549116804,-1.6163175234841,-2.13652726146019,-1.13123266006087,-0.163543177838655
"36005009300",-0.415850971,0.364930441,1.293,0.580900121,1.166666667,-0.520625100514878,0.318403141475264,0.834212620838548,0.464299969886632,0.777794654773369,1.2328979343251,0.00875194488671992,0.89398569091959,1.7991127517077
"36005009600",-0.473094534,0.12272928,0.285,0.155691554,0.838554217,-0.621933240938645,0.124630012629992,0.258510695151501,0.153314519485472,0.61440382923221,-0.724581846839433,-1.58240588693941,-0.698525953695866,0.18663556579869
"36005009800",-0.578069909,0.069850658,0.771,0.471162689,1.053333333,-0.839491530222218,0.0768227519449893,0.577175004307525,0.392827380029009,0.724322797866844,0.165139579448246,-1.24379893763125,-0.353974506423784,0.522683945280808
"36005011502",0.919100802,0.034106789,2.91,0.886582562,1.012096774,0.657053988649529,0.0431617725435303,1.36609165380237,0.640053615077441,0.704134979987125,2.11032234758401,0.240133846544546,1.14706376286333,2.08480881129232
"36005011700",4.053710938,0.017439256,2.63,0.85675616,0.826377295,1.6220996014591,0.027069547392525,1.29198368164865,0.624202250780915,0.607794769452415,2.15716982349125,0.536673909498135,1.75833512706775,2.99251573094436
"36005011800",-0.168228252,-0.010628935,0.206,0.536773631,1.214917826,-0.172246384624877,-0.000629132862583206,0.195566783543975,0.43617123315289,0.799719982801364,0.122644679585039,-1.14608658304695,-0.00934146370928564,1.15883906099834
"36005011900",-0.848559743,0.030144178,0.466,0.33615,1.278450363,-1.82362013045541,0.0393593362369654,0.389335726178281,0.297248666320993,0.82787489112322,-0.460613256166976,-0.835616404351757,0.0706186078642572,0.978194881727063
"36005012101",1.265306698,0.19195751,0.052,0.528110738,0.8057041,0.822114855624244,0.183951486070573,0.0601539228197471,0.430554869791873,0.596473326374217,0.160656532534848,-0.944138687176348,0.118364996740158,1.18687866607666
"36005012102",-0.892794798,0.574778915,2.309,0.129636927,0.2890625,-2.14382901715871,0.460444911795778,1.19966353273784,0.130709726591538,0.26164285046482,-0.619355618978179,-1.27350334072736,-0.183039343602614,0.879143962064208
"36005012300",0.259369381,0.263741416,1.302,0.518724627,0.821428571,0.238520226754827,0.241958566376054,0.838112950810131,0.424433810661559,0.605096302203201,0.970737097210023,-0.45610307167857,0.340603192556983,1.14426336990737
"36005012500",-0.365421789,0.29272166,-0.035,-0.201840458,1.009225092,-0.439159112530164,0.264455660588604,-0.0253178079842899,-0.212995786982017,0.702713819991191,-1.17199947852875,-1.12571999528033,-0.17463264723219,0.792689123256657
"36005012701",-0.002208695,-0.083895105,1.142,0.765912073,1.112391931,0.00776110952323233,-0.0767677732135765,0.766397642299538,0.574314134898449,0.752543722006047,0.909867787535205,-0.547657313950632,0.36982122257516,1.3008680229996
"36005012901",0.366398446,0.19727254,0.327,0.732038429,1.638655462,0.319470265908293,0.188363716129423,0.290428298119806,0.555055938462532,0.974052138410794,1.35862346132695,-0.0326094796818883,0.840148577396389,1.70894506084574
"36005013000",-0.366026441,0.312555136,0.639,0.470416391,0.887714663,-0.44009761117408,0.279565574618523,0.500169043577462,0.392323393476135,0.640650353269766,0.341764479051164,-1.04735283542747,0.0290946950437772,1.0834476701564
"36005013100",-0.664877734,0.120086071,0.293,1.301652893,0.904862579,-1.06385653053067,0.122293798850085,0.264669298142708,0.837962806753609,0.649645859744399,0.289511254051982,-0.426837081960102,0.541170071255085,1.47427389599644
"36005013200",-0.498547537,-0.159143556,1.12,0.65632346,0.608108108,-0.670500634370704,-0.161511855590503,0.756121979721334,0.510619678560733,0.481257632226225,-0.294074466099584,-1.38221473962402,-0.249705463116871,0.885329781145283
"36005013300",2.540523412,0.550254056,0.653,0.652205431,1.129337539,1.26709503261912,0.444848664412037,0.508623200210791,0.508145293487966,0.760496219894843,1.83114404194459,0.297861764778522,1.25810035121838,2.24343418423847
"36005013500",1.432684825,0.14471555,1.033,1.30678804,0.772727273,0.893097772491591,0.143854036586305,0.714419315835485,0.840181760903118,0.578144367562867,1.57142802926294,0.189225824648497,1.13808827376851,2.08075634537562
"36005013800",-0.000724136,0.06922846,0.241,0.768177269,0.627877238,0.00923310737325434,0.0762463969499021,0.223943231484774,0.575588833471695,0.493401036346319,-0.168109016538415,-1.19559785623887,-0.276401313437186,0.651128837998661
"36005014100",-0.08508476,0.054677645,3.226,1.750663751,1.073359073,-0.0780531781006521,0.0626720725931506,1.44361942773916,1.01547114030885,0.733981530043878,2.59876298832728,0.61117320748965,1.5871085811948,2.57482809850138
"36005014300",4.613693219,0.075816725,1.641,2.916910947,0.18380744,1.72698860447857,0.0823324457597887,0.974936927306888,1.36785309823154,0.177147728932691,2.05335441558306,0.306717586448345,1.25531153980706,2.21672317794193
"36005014400",-0.632888225,0.08247168,0.596,0.244862699,0.557692308,-0.9752136500661,0.0884427254548259,0.47374661552457,0.227026163411531,0.449604670529313,-0.947830368474466,-1.57862660646473,-0.573906999394673,0.443493680572847
"36005014500",1.204881657,-0.03900441,0.179,0.310258646,1.444444444,0.795198974078802,-0.0294333524107035,0.173112617708645,0.277827661343167,0.897900439914729,0.458340036371449,-0.197396774048217,0.769202231184332,1.70847023273943
"36005014701",4.736493289,0.092345833,1.276,0.211566674,0.597069597,1.7485898059847,0.0974404845475714,0.826803565372619,0.200134193934577,0.474412394467241,0.719781318031573,-0.116118762018529,0.897316995322277,1.91796737303173
"36005014702",6.271039346,0.525957916,0.899,0.631611459,0.831501832,1.985273619326,0.429154235912636,0.646579544743611,0.495678356354941,0.61058145174365,1.90890180393689,0.39565471543346,1.44845721161371,2.48543169723207
"36005014900",2.058256586,0.120456165,1.477,0.61113656,1.002040816,1.12110951299363,0.12262123710575,0.911077164821268,0.483127483498834,0.699149538314035,1.59745912999716,0.27706260141807,1.18131775976956,2.09961696755529
"36005015100",2.770108275,-0.126653685,0.505,1.225029904,0.766211604,1.32975265340115,-0.124037952551552,0.415415438961333,0.804254607841794,0.574482783869007,0.924099132205269,-0.189731109463519,0.774188232715637,1.71150964119181
"36005015200",-0.60947167,0.009197861,0.574,0.21864707,0.630536131,-0.914970778396161,0.0190159071286931,0.459953293392234,0.205913620913531,0.495023097559296,-0.965534208948963,-1.603545611886,-0.643005396340836,0.341688985371279
"36005015300",2.23715847,-0.046429047,1.391,0.134951977,1.432372506,1.1777802969806,-0.0371091529464942,0.875885317239116,0.135362694641918,0.892969905414804,1.24593626034876,-0.405038561122916,0.643940358154303,1.72875132646944
"36005015500",-0.7455608,-0.329409362,1.086,-0.084407648,1.076086957,-1.33014392178226,-0.384794272519784,0.740030766458796,-0.0773213658852944,0.735290041711661,-1.27666456784168,-1.76112892568313,-0.682665389592591,0.378567472055842
"36005015700",0.677228417,0.458174952,0.112,0.402150792,0.743055556,0.523087192738552,0.384020100203013,0.115112807100505,0.345113926570196,0.561360297393564,0.170480286665918,-1.17830514910657,-0.242996843419201,0.702904429663031
"36005015800",-0.538440823,-0.244873652,1.439,0.669115425,0.85467128,-0.751710676830749,-0.267714298008828,0.895679777970031,0.518267122010033,0.623084780187969,0.0447058107519994,-1.25139674809854,-0.248172141951731,0.75128301326951
"36005015900",0.128103448,0.216552419,-0.03,-0.127570328,0.248387097,0.129363234911873,0.204207322490457,-0.0202027073175195,-0.125076185134947,0.22983081921286,-2.01680868675494,-1.61332773618574,-0.597672169433745,0.43703855746423
"36005016000",-0.205168045,-0.284198925,0.539,0.851988847,1.139064475,-0.217121774908007,-0.320479303079987,0.437609561434732,0.621645189041018,0.765032619536976,0.146001439997595,-1.23088657397611,-0.256955036347482,0.711554934248893
"36005016100",-0.520175179,-0.281970883,0.794,0.112216619,0.02247191,-0.713707459962009,-0.317414235706144,0.590006421640432,0.115305853528232,0.0319558396718279,-2.49533906842507,-2.24165068866044,-1.2599241378241,-0.297353799049879
"36005016200",-0.424172157,-0.048549392,0.534,0.426030102,0.407534247,-0.534729315844336,-0.039312085007562,0.434376451602584,0.361882432801868,0.348918916469012,-1.01924416796527,-1.56993952742038,-0.61479615689039,0.330251972958565
"36005016400",-0.260339969,-0.072074774,0.379,0.296429268,0.673126615,-0.288135467219657,-0.0640850495713453,0.328584063772207,0.267297665974908,0.52065314410796,-0.814555093133551,-1.53008770088488,-0.589718220707155,0.323337910272712
"36005016500",-0.869377524,0.196163229,1.066,0.967206849,0.884751773,-1.96167645462897,0.187444436575876,0.730442965303642,0.681685166434148,0.639087839453065,0.291066241222512,-0.57464576948131,0.331376805021933,1.25176320929266
"36005016600",-0.508886505,-0.123087091,0.945,0.59494357,0.965474723,-0.690922666626739,-0.120008487513414,0.670390193437329,0.473088597085387,0.680808735545738,0.0780792630999085,-1.30128411116146,-0.277896004708307,0.734956658427297
"36005016700",3.864315068,-0.177309351,15.65,1.196314404,0.613354037,1.58397959570712,-0.183093075538016,2.8130106367387,0.791323432888134,0.484494402143828,3.69392057882279,1.02272706949043,2.14857545849585,3.25888010459157
"36005016900",5.633725202,-0.148343919,1.526,0.561516487,0.347039474,1.89367283057058,-0.148899065889563,0.930588036574979,0.45204106845085,0.305305469596931,0.544155549153516,-0.084920237660926,1.00007522672309,2.09611273120254
"36005017300",0.239687581,0.072268158,1.123,-0.03536466,0.41981982,0.222893584875202,0.0790589852079817,0.757529439489213,-0.0256918881999803,0.357548436333149,-0.719022187452291,-0.702211366680707,0.155946574515255,1.00429492425678
"36005017500",1.322557471,0.098201429,0.86,0.605103546,0.978835979,0.846965292664117,0.102738366928714,0.625938430866495,0.479399069789609,0.687549532419201,1.05763565358105,-0.407210638125621,0.556281982032144,1.49678556591659
"36005017701",-0.691101171,0.185262638,2.224,0.397193176,1.111111111,-1.14288137697036,0.17836594198836,1.17371976115492,0.341597065083234,0.751940060349054,0.91002029790954,-0.132183176317843,0.782787664779976,1.70672303546698
"36005017702",-0.835500548,0.224813947,1.9,1.309521189,1.025089606,-1.74583367774573,0.21092030852863,1.0681530811834,0.841360780326375,0.710539850357592,1.27697309803829,0.169774726529917,0.987642056820528,1.84340932973373
"36005017901",0.26463981,-0.056717086,0.982,0.732952495,0.88590604,0.242663636738409,-0.0478435526475244,0.689139159162407,0.555580511433248,0.639696845642818,0.653797425669168,-0.515304432766804,0.344089701303964,1.2097307403788
"36005017902",-0.439986457,0.008989918,0.7,0.667468431,0.874161074,-0.562095158786674,0.0188118601779027,0.536493370514568,0.517285770610613,0.633482668253333,0.131377805316325,-0.697863912393302,0.247743398128993,1.22362891880253
"36005018101",-0.473377456,-0.007412899,-0.291,0.185415703,0.721077655,-0.622460329200739,0.00258376021493301,-0.32989392126109,0.178493993510461,0.548744136539652,-1.75897171812915,-1.70405013895554,-0.680580354941014,0.31807947987497
"36005018102",1.528558297,-0.178315956,1.282,0.530383952,0.760697306,0.931596320278509,-0.184302665093738,0.829424798852493,0.432031704831121,0.571373427196675,0.559498261753349,-0.85297055136837,0.103734439287039,1.07074907309918
"36005018301",0.083955099,0.028525418,0.719,0.045835309,0.645112782,0.0897996601958953,0.037801839720591,0.547543206701154,0.0543322157350884,0.503869152730743,-0.612561372800134,-1.13217141693187,-0.207525815020381,0.777694293162687
"36005018302",-0.052999048,0.04661434,-0.113,-0.08553817,0.771428571,-0.043950892754338,0.0550697774901671,-0.108699416923341,-0.0785435161895573,0.577415610396054,-1.50057138547999,-1.43926868828173,-0.511068645955124,0.402498274783573
"36005018400",-0.330046583,-0.00962671,0.675,0.528918399,0.776041667,-0.385730987570284,0.000373220344621819,0.521765563804325,0.431079831358754,0.580001811969406,-0.108308813992064,-1.32720160220966,-0.322626786467849,0.715141385753381
"36005018500",-0.258572849,-0.083553302,1.043,0.276542512,0.810546875,-0.285781012611664,-0.0763987654027603,0.719302138036796,0.251958396888607,0.59913693672263,-0.178471669682058,-0.13756601255906,0.70556647242916,1.52357065975331
"36005018900",1.162996886,-0.12610894,0.606,-0.129931917,0.815517241,0.776107268231388,-0.123421459232704,0.479953960098904,-0.127756007457106,0.601863366604699,-0.69327975536264,-1.58185116954564,-0.382195097759828,0.805253534386083
"36005019300",-0.861771239,0.141310944,1.247,0.607016234,0.89569161,-1.90899851612316,0.140901244428381,0.814036497835399,0.480582620124042,0.644844992560773,0.0346395201125053,-1.02152590298469,0.0372256823786,1.11485708708531
"36005019400",-0.581582195,0.382466685,0.271,0.01985544,0.715617716,-0.847656379647554,0.331076767937054,0.247641022914597,0.0294184428770665,0.545585082614054,-0.900157152070893,-1.56289948256002,-0.581138879434323,0.379562266786523
"36005019500",0.303260154,0.002004242,1.202,0.623928523,0.671779141,0.27251271278473,0.0119327625560933,0.793897083660088,0.490987251906982,0.519852245557013,0.488308056654968,-0.806057176647954,0.192100859644587,1.17861403512327
"36005019700",-0.411415515,-0.05557482,0.64,0.1992996,0.682852807,-0.513187602709995,-0.0466460254785617,0.500775287912489,0.190041349039171,0.526415157256724,-0.785107742580312,-1.10785668116893,-0.224671583578996,0.643625602915376
"36005019900",0.681425371,0.035054601,1.422,0.566342905,0.882747069,0.525571588253486,0.0440691338125686,0.888713964103921,0.455107547083462,0.638029249459596,0.995633380364755,-0.633390961426272,0.318658955853034,1.29705297775002
"36005020000",-0.853856847,-0.01831869,0.122,0.332650879,0.911003236,-1.85698204507771,-0.00835348339298396,0.123985979780991,0.294645927678162,0.652847568324303,-1.30869845886526,-1.99324491505723,-1.03117253599969,-0.113550062442849
"36005020100",0.532443626,-0.164197869,0.629,0.385442444,0.787828947,0.433367928965847,-0.167469834438765,0.494086299761693,0.333211529145116,0.586579796373626,-0.176512244844966,-1.22364015920695,-0.156118611225847,0.919262606766903
"36005020200",-0.625396492,0.030862633,0.432,0.14788484,0.72755418,-0.955542324704209,0.0400498241534366,0.366031038862757,0.14659492688262,0.552478480704452,-1.0255864131289,-1.95751085007218,-0.894078744785453,0.155378116534728
"36005020400",-0.705792722,0.218754802,-0.004,0.222481928,0.748691099,-1.19004597439383,0.206001300508226,0.00598207167754747,0.209029963946882,0.56456983862268,-1.19845362164747,-1.90036758298966,-0.9654807723882,-0.0574720708350454
"36005020501",-0.88358173,0.173366559,0.575,0.330929111,0.621301775,-2.0681592665752,0.168363392453203,0.460584407329244,0.293362740113291,0.489378331048782,-1.12022994867048,-1.1989495466587,-0.293728825070068,0.580805165902947
"36005020502",0.56272612,-0.013435137,1.207,0.104562332,0.908548708,0.452810495757117,-0.00344105062974046,0.796154930634174,0.108461800498794,0.651569018967417,0.244467910876889,-0.989063733026741,0.0079226802895984,1.01044301066383
"36005020601",-0.831723963,0.366623938,-0.036,0.8153131,1.598958333,-1.72442216022871,0.319634080050753,-0.026343975339602,0.601751533963275,0.958951035540285,0.300258082519997,-1.39777385373952,-0.391631263457792,0.610504417688733
"36005020900",0.346598827,0.323039892,1.179,1.243137067,0.904424779,0.304980704867814,0.287461967230404,0.783444818540726,0.812323497149512,0.649417201009247,1.74140238343538,-0.139816782645092,0.751329281411861,1.63962085568169
"36005021001",-0.781390997,0.184688188,0.145,0.63370603,0.666666667,-1.47574214519483,0.177885220791244,0.144100343973757,0.496953466776269,0.516807695642345,-0.84033445146168,-1.74699232839901,-0.831599189819644,0.0685735005045095
"36005021002",-0.638674972,0.119996116,0.609,0.916129214,0.686781609,-0.990677513660902,0.122214195550201,0.481808674695498,0.655512400429805,0.528733285572162,-0.00120560568546227,-1.4997472718074,-0.438314810505926,0.603185942775448
"36005021100",-0.921641026,0.034704729,0.209,0.53849514,0.693200663,-2.42634751208659,0.0437342895094508,0.198030850499135,0.437283581905046,0.532509223864319,-1.45015294003199,-1.46872115067235,-0.470429448593054,0.481782234759694
"36005021200",-0.790425998,-0.129795588,0.637,0.589434662,0.777286136,-1.51606596433331,-0.127601112120549,0.498955451195503,0.469650230557775,0.580698344232284,-0.759761886108749,-1.87563321748915,-0.759531289684023,0.374938374354624
"36005021301",15.04141238,-0.158720423,2.448,0.12925216,1.09375,2.77579684445826,-0.161014676747572,1.2406903872611,0.130372047144258,0.743721466522879,1.84576162705993,-0.215177678242515,0.754156636432947,1.76218347335184
"36005021302",0.398417601,0.099163607,1.12,0.511618393,0.744680851,0.342466805380569,0.103606224087792,0.756121979721334,0.419774500669684,0.562286989098829,0.595959208267615,-0.660531054063192,0.273313840539008,1.24461085300236
"36005021501",-0.048805637,0.326313267,1.505,0.674846626,1.157142857,-0.0395786396813393,0.289914528915439,0.922272803551702,0.521674536516067,0.773409644239208,1.5946649185555,-0.417380659987698,0.57311801996791,1.61069432157982
"36005021502",-0.357151446,0.050847939,1.744,0.515779872,0.803819444,-0.426410100034425,0.0590685307933696,1.01305440030646,0.422505670818727,0.595434812009156,0.597014290171426,-0.714939177614813,0.251666114801367,1.19743857877458
"36005021601",0.112265957,0.055656704,0.189,-0.271662552,0.773722628,0.11534981733578,0.0635912326014281,0.181487876045377,-0.303354312274575,0.578702544491451,-1.42031892619134,-2.20123497534594,-1.13936002073069,-0.0899795430504503
"36005021602",-0.768729362,0.0003522,0.565,0.220713168,0.737226277,-1.42183599630791,0.0102989829382528,0.454255272277596,0.207593812740766,0.558029545947115,-1.05186617372736,-1.76309427551266,-0.90603226761866,-0.0550887293221732
"36005021700",-0.477159374,0.099625588,0.055,0.365570811,0.879432624,-0.629532912662841,0.104022650314959,0.0629747991613884,0.318868780246455,0.63627658506103,-0.678432739703223,-0.909455892053391,-0.0569497245650719,0.790622617197923
"36005021800",-0.563060333,-0.023173804,0.306,0.450329732,0.756429652,-0.805331666632627,-0.0132613482666383,0.274596832903125,0.378662254056982,0.568960363644527,-0.73363010488123,-1.78923521390074,-0.811490116630675,0.136190385221044
"36005021900",-0.011795611,0.073812571,0.157,0.1171594,0.935108153,-0.00179722504184861,0.080484983086115,0.154436353304419,0.11970066250085,0.66531758118,-0.57788671059933,-1.04620370907761,-0.167462367255212,0.71973858837123
"36005022000",-0.579504945,-0.082518807,0.998,-0.202693125,1.070945946,-0.842819441823762,-0.0752827617950786,0.697139201829483,-0.214051416576304,0.732822572062127,-0.883913523041369,-1.51482491183147,-0.528873768448835,0.46847433222119
"36005022101",-0.939218614,-0.191375202,1.564,0.345557953,0.765676568,-2.64815922245377,-0.20012942219918,0.945461109173935,0.304213143007985,0.57418151537285,-1.09548136171253,-1.71046769107542,-0.622835863999425,0.467182170104193
"36005022102",-0.484750039,-0.166903399,1.6,-0.014218474,0.905940594,-0.643881013507387,-0.170673735611865,0.959350221334602,-0.00422739686419947,0.65020867384879,-0.471023246927255,-1.17202635204315,-0.211896844857362,0.732469034755804
"36005022200",-0.572713955,0.278387046,-0.192,0.280893578,0.697860963,-0.827167732803529,0.253391084093408,-0.20089294237939,0.255334674694386,0.535241688657157,-1.2220061807701,-1.79251632138781,-0.924272575854545,-0.0508733318094721
"36005022300",0.017964072,0.263045706,0.147,0.187167842,0.853046595,0.0275802170058859,0.241412223094124,0.14583044821154,0.179958635626622,0.622213102042061,-0.342744612911956,-1.09142641163558,-0.114346713616194,0.816129658201128
"36005022401",-0.738467154,0.066832808,0.673,0.365919283,0.759890859,-1.30367216718343,0.0740241474976765,0.520577915208669,0.319122077180086,0.570917883102663,-0.608696732584475,-1.60967970064456,-0.578076565737294,0.419036835238939
"36005022403",-0.56940611,0.27857747,0.196,0.415159903,0.851296044,-0.819631712163521,0.253538873478295,0.187309098304994,0.354284020056826,0.621273042923663,-0.36312200999032,-1.5119310397986,-0.662210505136366,0.192524725882932
"36005022404",-0.29262242,0.198568729,0.367,0.413363567,0.63574352,-0.332152966114704,0.189436790872381,0.319907219746518,0.353022779798818,0.498192269943545,-0.381777679879704,-1.5326058233375,-0.458833135479007,0.612056488644633
"36005022500",-0.699996297,0.13338326,0.663,0.429005059,0.683109118,-1.171171036413,0.133991639194819,0.514618422004687,0.363951943534909,0.526566553525298,-0.50360477725806,-0.752889189005025,0.131732296750792,1.01395664355057
"36005022701",-0.137073453,0.286759614,3.515,0.90315403,0.920133111,-0.135903865284906,0.259868548141303,1.50961757715189,0.648753204728517,0.657588969968564,2.16391389816462,-0.143525219952655,0.833239885601864,1.80026490356799
"36005022702",-0.584206887,-0.080719225,5.075,0.99969475,0.455904335,-0.853801700913779,-0.0733443522471684,1.80582672643949,0.697982844866584,0.382472345537118,1.12916573794935,-0.267032289118262,0.681511555042647,1.64875860967976
"36005022703",3.796466069,-0.077551599,1.023,0.761863676,0.837423313,1.56996210910009,-0.0699414630434087,0.70951253464621,0.57203191694354,0.613791864453683,1.19347553673521,-0.213752316045151,0.732782516245047,1.70849705716265
"36005022800",-0.503421006,0.082292806,0.128,0.296612348,0.851694915,-0.680075006940649,0.088278978742953,0.129272335704139,0.267437793862025,0.621487317417434,-0.76164070754155,-1.61054639100733,-0.621004531093111,0.366263044569734
"36005022901",0.07507796,-0.081963456,1.287,-0.028045977,0.674382716,0.0816518369457154,-0.0746841676609363,0.831603923706961,-0.0182107914793509,0.521399156032376,-0.505544384033584,-0.893983405665281,-0.0226591898802203,0.873193308988774
"36005022902",-0.669888771,0.020388225,1.424,0.47156508,0.725239617,-1.07848257075425,0.029935648701725,0.889535994565335,0.393099015517551,0.551145511643801,-0.0432027233965268,-0.59850329700398,0.346530097479213,1.29051729506371
"36005023000",0.105006287,0.037067796,0.884,0.370492123,0.760719225,0.108860043461208,0.0459936824185911,0.638690994763887,0.322440046468135,0.571385805859172,0.124348349128421,-1.16931253967906,-0.228549290308282,0.691924842416427
"36005023100",0.737822671,-0.021735877,0.789,1.046815745,0.705627706,0.558370825290931,-0.0118052859891665,0.587230954968396,0.721159032035536,0.539779022982274,0.745741120999793,-0.687609919418527,0.246854760389313,1.17358305012242
"36005023200",-0.433003638,-0.079407074,0.764,0.598316458,0.635501355,-0.549919317519911,-0.0719333411478696,0.573236883887388,0.47518795363256,0.498045112858834,-0.352267776858913,-1.38213678537614,-0.384326224172015,0.617319982606682
"36005023301",-0.787343962,0.031275099,0.051,0.123805012,0.706730769,-1.50212712878582,0.0404460188902749,0.059211859631846,0.125579243431018,0.54042176647542,-1.71134379886443,-1.62728156029584,-0.750279106775413,0.126071849627942
"36005023302",-0.292956542,0.008347787,-0.269,-0.140840086,0.937219731,-0.332618829340621,0.018181497308078,-0.29975465368605,-0.140228149933016,0.666402576211291,-1.80389018986898,-1.57943288423337,-0.674445897336822,0.229511901325577
"36005023501",-0.82232306,0.1156233,0.222,-0.043207993,0.662241888,-1.67303319855772,0.118336926674872,0.208638865111328,-0.0337718976673324,0.514165174055295,-1.80863963787931,-2.18591696306565,-1.13132141375619,-0.0716669949030521
"36005023502",0.833534545,-0.17533395,1.259,0.194891079,0.790619765,0.611684677328535,-0.180723574248422,0.819339205797705,0.186389171985748,0.588130919528584,0.051351041864027,-1.36564865027246,-0.362118785272238,0.640877533420652
"36005023600",0.170065599,0.427572176,0.639,0.357438937,1.12836767,0.165570029305256,0.362955701820223,0.500169043577462,0.31293960130057,0.760042766947886,0.89430972398223,-0.928850931454863,0.0795283066473643,1.07548335048619
"36005023702",-0.052765957,0.175850155,1.008,1.541962264,0.835403727,-0.0437073583902072,0.170459947736689,0.702106921931417,0.936862578539361,0.612698075776622,1.42610261781043,-0.586276322369521,0.4521683938195,1.47811863585728
"36005023703",0.755616822,0.216342066,0.435,0.50500236,0.784073507,0.568500103554331,0.204035808385955,0.368109321564396,0.415416996715895,0.584488736598762,0.408728190422384,-0.975215781969869,-0.0107650663464623,0.941987490802027
"36005023704",-0.632317867,0.364588086,0.452,-0.036385087,0.767228178,-0.973702355121841,0.318154112419153,0.379805361327587,-0.0267394200473291,0.575054947231888,-0.829924680974124,-1.4343135636123,-0.502420378201104,0.401555602364307
"36005023800",-0.645754902,-0.310638257,0.262,0.27686998,0.975069252,-1.00992829178736,-0.357587155591583,0.24059046491793,0.25221289786953,0.685653801188024,-1.30057217033709,-1.74168804271957,-0.860977327185311,-0.000874647862918802
"36005023900",-0.347515766,0.103883648,1.291,0.609597447,0.893333333,-0.411758519140779,0.107852690807938,0.833343811053229,0.482177628859487,0.643606734824678,0.667379547337159,-0.944261205456935,-0.0378952908917633,0.879781385043786
"36005024000",-0.152711396,0.121448427,0.255,0.018061918,0.705479452,-0.15398065628208,0.123498605733199,0.235072122179484,0.027675396736638,0.539692605395609,-0.937368453887468,-1.63133631124739,-0.745950908115718,0.151543005560385
"36005024100",0.770954218,0.054340288,0.368,0.356122163,0.772652389,0.577149298193857,0.0623551593369544,0.320633172591467,0.311976188335813,0.57810236137721,-0.0422811891208219,-1.25778406465516,-0.338740299613877,0.566931021111448
"36005024300",-0.33451829,0.022412953,-0.154,-0.048856644,0.920849421,-0.392329198188274,0.0318987352772222,-0.155484902840395,-0.0396317073598308,0.657960020602584,-1.48630092115949,-1.46753099374993,-0.577868006030016,0.30974199705263
"36005024400",-0.406307308,-0.025956284,0.735,0.366297436,0.844604317,-0.504689998603366,-0.0160849560874577,0.556754555654391,0.319396876035691,0.617671367106935,-0.231945471551286,-1.4211171372725,-0.475159288690267,0.485309552345386
"36005024501",-0.653118837,0.298656084,0.496,0.123830464,0.701149425,-1.03035242936896,0.269000720551323,0.409457129377702,0.125601691483423,0.53716532306645,-0.734885477528241,-1.24218576128706,-0.274770487600359,0.687129456360956
"36005024502",-0.66540306,0.131746862,1.939,0.270911302,0.822660099,-1.06537983478844,0.13255942466667,1.08146612983314,0.247571779299515,0.605768517401735,0.250337813272057,-1.18637816286133,-0.0348642813675363,1.09938281128883
"36005024600",-0.412912078,0.265902472,0.132,0.326217817,0.840755735,-0.515690903401317,0.243653749399597,0.132781111233818,0.289843098502066,0.615594061080022,-0.431250944123635,-1.3417789513378,-0.482399064363041,0.389534576967732
"36005024700",-0.389646896,0.209822749,0.25,0.387434896,0.810240964,-0.47746644047879,0.198705560484966,0.231111720963387,0.334638338915442,0.598968890127086,-0.326370936410702,-1.30257412980114,-0.222179745595899,0.840274780901177
"36005024800",-0.242088751,0.394769113,0.203,0.464083844,0.637795276,-0.264081113710091,0.339872956897322,0.193096629961913,0.388036674103295,0.49943819804247,-0.225421380398834,-1.53924605209001,-0.692851388865507,0.152435611527594
"36005025000",-0.3477429,-0.006909989,0.676,0.813567224,0.699475066,-0.412101429860625,0.00308524672792235,0.522358859579664,0.600794595955883,0.536186344439518,0.0550338228678748,-1.28677496903889,-0.38671477946614,0.520501807906852
"36005025100",-0.108311908,0.009887622,1.254,-0.082715345,0.671899529,-0.103486614729609,0.0196924467167186,0.817133160340937,-0.0754946893555817,0.519923826710781,-0.561497804071637,-1.36160588488618,-0.414105999830573,0.559008203723366
"36005025200",-0.429136405,0.132068277,0.334,0.180351979,0.770595691,-0.543239325942332,0.132840896662046,0.295650242100958,0.174249044061227,0.576947966183709,-0.688767479632209,-1.6446570518593,-0.651261578522808,0.324934428347135
"36005025300",-0.716462878,-0.042589329,0.82,0.595543285,0.825471698,-1.2257511673031,-0.033132188056613,0.60431596685333,0.473462194632464,0.607301504604058,-0.288869188245029,-1.36729926906657,-0.42156723752109,0.531629955936757
"36005025400",-0.33733108,0.41663877,0.305,-0.104081633,0.734375,-0.396502016890965,0.355321166996101,0.273836665629728,-0.0988060796476519,0.55639632530845,-0.816022027157348,-1.75454999045474,-0.727455989264795,0.290381312793506
"36005025500",-0.620134893,0.184043077,0.266,0.402518951,0.680952381,-0.941954479175731,0.177345092209066,0.243730184922598,0.345374600585625,0.525291909259735,-0.709138385847737,-1.54698557638016,-0.514447303199702,0.491370392500408
"36005025600",-0.524126783,0.150522499,-0.087,-0.060318208,0.855337079,-0.721807559484608,0.148870333877469,-0.0801260444792849,-0.0516283062872446,0.623441776174567,-1.46688342242639,-1.87410580995597,-1.00010712403919,-0.124602757547301
"36005025700",0.221104762,1.190407433,0.429,0.535243673,0.812206573,0.207911946749403,0.788642540035638,0.363948427905231,0.43518161506577,0.600048169469251,1.18644952715299,-0.75438275378532,0.313186956337075,1.38405907475161
"36005026100",-0.644330827,0.232013919,0.124,0.229224098,0.464419476,-1.00602625325083,0.216734190372806,0.12575120530556,0.214485456348486,0.388264336727361,-1.37403467984188,-2.13301243275723,-1.0621827199896,-0.0261369156405919
"36005026300",-0.069318404,0.165027615,-0.032,0.199558806,0.632352941,-0.061150564349965,0.161291649447611,-0.0222456089473197,0.190255669976973,0.496129933730506,-1.00167653088329,-1.6368723629531,-0.708538348456624,0.198577493189378
"36005026400",-0.458226881,0.135661911,0.436,0.426747967,0.84869326,-0.594618333499743,0.135982558187189,0.368801123736573,0.362382203405583,0.619873692435247,-0.203450487898836,-1.39998172444548,-0.346996188816005,0.711311200370527
"36005026500",-0.383034526,0.035018488,0.748,0.737207804,0.765793529,-0.46686380525612,0.0440345771263038,0.564176799262985,0.558018973133565,0.574247381618009,0.167174652593051,-1.29626419941563,-0.421155807622128,0.46323610165003
"36005026601",-0.526692287,0.008383215,0.265,0.379204688,1.067823344,-0.727101741226785,0.0182162863891779,0.242946178610389,0.328731416486177,0.731320876551236,-0.376748948287136,-1.5624840153903,-0.33370746594569,0.86932491351752
"36005026602",-0.430626098,-0.12693429,0.555,0.215270214,0.844135802,-0.545807237809444,-0.124355664385925,0.447885823992117,0.203161402529012,0.617418712573341,-0.737448624085424,-1.65947286296494,-0.49879241771678,0.635917117157572
"36005026701",-0.689393171,-0.108504571,0.124,-0.007793399,0.708571429,-1.13753973834733,-0.103700306789778,0.12575120530556,0.00220417003147489,0.541493381180651,-1.88181608922965,-2.07162617619922,-1.13629443135846,-0.21912157508259
"36005026702",-0.740860259,-0.004124868,-0.015,0.524449878,0.704285714,-1.31252455099365,0.00585794071318081,-0.00501254182354429,0.428171931135917,0.53899650056602,-1.26882387873129,-2.04629215845123,-1.00070768781758,0.0575536060718764
"36005026900",-0.268681505,0.058337466,0.391,0.275307346,0.646003263,-0.299324928217501,0.0661036700277749,0.33718626735487,0.2509978695148,0.504407026371755,-0.681051785563343,-1.53410859650779,-0.63283061437494,0.236034029385032
"36005027300",-0.651587966,0.150610936,0.253,0.478148435,0.926100629,-1.02607202143613,0.148946535442368,0.233489843368354,0.397532686140032,0.660675965292843,-0.38535669464892,-1.58900253365687,-0.680048575698545,0.237573907930437
"36005027401",-0.172302181,-0.019435675,0.196,0.516427496,0.652275379,-0.177097841383122,-0.0094804730036576,0.187309098304994,0.422930035176476,0.508187374043703,-0.636633237884204,-1.53104854431349,-0.572832727579114,0.380002328773731
"36005027402",-0.212252607,-0.210385473,0.275,0.436450006,0.702450408,-0.225963281770208,-0.223625508687008,0.250758718347183,0.369112282790453,0.537925331902811,-0.913453156607553,-1.91227887992864,-0.764776715272833,0.37052580899278
"36005027700",-0.094782644,0.009445231,0.121,0.443746909,0.793577982,-0.0885936943755819,0.0192585881572504,0.123102197133983,0.374144298623197,0.589772459683667,-0.515290734191936,-1.72166186386791,-0.632096897947347,0.421631220242024
"36005027900",-0.570779652,0.065743738,0.026,0.186463199,0.807142857,-0.822754060169657,0.0730122716645516,0.0353671438372913,0.179369870684754,0.597265408778046,-1.16710631372057,-1.9696036256066,-0.917381890530351,0.135517546374512
"36005028100",-0.421821557,0.157716957,0.146,0.45240648,0.799671593,-0.530724902632783,0.155050523703436,0.144965770250186,0.380083352780141,0.593145388483954,-0.462169330536159,-1.8084165838332,-0.689708828741934,0.432359756216355
"36005028300",-0.732284338,0.571464347,0.309,-0.133382617,0.682634731,-1.28115748726803,0.458351219721908,0.276873873735178,-0.131684661168944,0.526286327362741,-1.1749344533856,-1.5728512106675,-0.708726991933996,0.171445796258311
"36005028500",-0.174346543,0.133934668,0.718,0.3672706,1.089855072,-0.17954127695634,0.134473782935251,0.546964670381864,0.320103714601359,0.741868329014514,0.427686333210271,-1.01304076451237,-0.0507735582966016,0.912646582291029
"36005028600",-0.389577707,-0.238487395,0.437,0.672708333,0.799507995,-0.477354915056479,-0.259402269010381,0.369492447649347,0.520404598348221,0.593054982359509,-0.547653083125638,-1.6387734988512,-0.702919816945413,0.249795653615877
"36005028700",-0.050845362,0.270796374,0.199,0.294570493,0.906743185,-0.0417029678800212,0.247482051653262,0.189793571632656,0.26587386246349,0.650627487952959,-0.0996808393003557,-1.33766632670809,-0.211405539517268,0.938424092234516
"36005028800",-0.219821674,-0.320063244,0.233,0.923691351,0.905637255,-0.235496629880129,-0.371155343562695,0.217527812528574,0.659430793292001,0.650050337511862,-0.430898770794756,-1.59034695553497,-0.580162699989224,0.443374121697681
"36005028900",-0.385155206,-0.063816125,0.608,0.627652314,0.870514821,-0.470251989684636,-0.0553183577819203,0.4811908186363,0.493263700384739,0.631545580311713,-0.0515658294799178,-1.19459124365022,-0.232225716891456,0.704855587748435
"36005029301",-0.030699962,-0.439007509,0.127,0.777365681,0.439888164,-0.0209172094521622,-0.560379220025557,0.128393214768399,0.580742849266108,0.371486425182083,-1.53844851909113,-2.46379948739873,-1.33576669964218,-0.201292545827681
"36005029302",-0.088183205,-0.08310517,0.054,0.213029466,0.845789972,-0.0814087790743349,-0.0759151718481314,0.0620353909194527,0.201330949628208,0.618310466322816,-0.942568358174749,-1.68491339540736,-0.772439744847552,0.124636323178703
"36005029500",-0.317196623,0.258690604,0.352,0.982678601,0.841517857,-0.367009047323159,0.237985348130843,0.308954207727321,0.6894797643025,0.616005765937498,0.498836746367802,-1.02072242066084,-0.0157836663035242,1.00231027624854
"36005029600",-0.36085399,-0.447330404,-0.27,0.306862525,1.27729636,-0.432097610694033,-0.575062686346759,-0.301105092783922,0.275252032346823,0.827370491253942,-1.66166632458724,-1.82460961313752,-1.03386670068017,-0.243901946910865
"36005029700",-0.193592383,0.282105177,0.454,0.47469096,0.715545755,-0.20284151810467,0.256272808393843,0.38117241553912,0.395206642853134,0.545543380155961,0.0355497901790102,-1.40677174140585,-0.405917125381099,0.604346242889818
"36005030000",-0.542293197,0.211844763,0.596,0.692039533,0.880108992,-0.759913668707163,0.200361817491535,0.47374661552457,0.531827257260984,0.636634495133699,0.26821585682771,-1.21209274665766,0.0299380695914443,1.24320851527866
"36005030100",-0.296381524,0.309096711,0.101,0.431217155,-0.178041543,-0.337406806795905,0.276947192502939,0.105260510657493,0.365488003096006,-0.183972770897931,-2.16685715680527,-2.45574411376867,-1.43527094746321,-0.433567667220568
"36005030200",-0.44328014,-0.10576571,0.246,0.239454021,0.685393258,-0.567890171423272,-0.100666781814813,0.227932068046007,0.222706672696642,0.527914724541581,-1.17256267155662,-2.24631616668871,-1.10519263041563,0.0168914734922466
"36005030701",-0.108907703,-0.111591187,0.096,0.122524408,0.882291667,-0.104147588218478,-0.107130065944397,0.100749903100143,0.124449130460685,0.637788616782384,-1.02883965373133,-1.83493862960237,-0.906680334006398,-0.00179301004669895
"36005030900",-0.200017008,-0.266009012,0.03,0.339182758,0.957189901,-0.210742029066968,-0.295726357125633,0.0392207131532813,0.299499044698856,0.67660607821411,-1.05271556710784,-2.16975101171216,-1.08723183492858,-0.0121003849122991
"36005031000",-0.427879963,0.331529446,0.032,0.238619087,0.626121635,-0.541078603376236,0.29381034069855,0.0411419433311752,0.222038210249794,0.492328584438809,-0.893637455241322,-1.91655399899407,-0.937578411364825,0.0157239269259218
"36005031200",-0.315687919,-0.01372315,0.356,0.471330082,0.998648649,-0.364833735115038,-0.00373009817438636,0.311886761148598,0.392940388237378,0.697462182036278,-0.142105549464993,-1.57710884395619,-0.530608067492291,0.515027728099975
"36005031400",-0.406856858,0.308215998,0.166,0.60354007,0.675853018,-0.505600727341281,0.276279305809235,0.162118849476435,0.478430566412857,0.522271677843503,-0.26158284302346,-1.56869682928499,-0.573278428604864,0.436587681359327
"36005031600",-0.34810631,0.448664156,0.421,0.659620399,0.97852349,-0.41265032506481,0.377521055243508,0.358373500574314,0.512596294602718,0.687392398520151,0.633745167501466,-1.28774476102196,-0.264326696124372,0.744628872640183
"36005031800",-0.150016671,0.04627867,0.471,-0.004598058,0.939597315,-0.150842274806194,0.0547520425161429,0.392717535285662,0.0053874038439969,0.66762284612233,-0.565980340091094,-1.86933077780279,-0.86784424075462,0.118089973822924
"36005032300",0.056636523,-0.222733377,0.229,0.640964449,0.661167513,0.0645102610507588,-0.239188303949237,0.214304602647005,0.501359631695856,0.513522491746237,-0.697954362519198,-1.8440373368718,-0.773456904958316,0.281698963474004
"36005032400",-0.632817745,-0.020178477,0.547,-0.024567986,0.346793349,-0.975026773337922,-0.0102306319038373,0.442760892851861,-0.0146751410703963,0.305124084068251,-1.88101268694497,-2.29314248041838,-1.35879089721755,-0.426056932963179
"36005032600",-0.233568644,-0.126894236,-0.281,0.234075885,0.671800948,-0.253047042104027,-0.124310307521547,-0.316081546973479,0.218392993260373,0.519865212098271,-1.7737979325244,-2.24731365948738,-1.31217467053085,-0.403734711405262
"36005032800",-0.668176793,0.062101283,-0.129,-0.073825503,0.373970346,-1.07346161417484,0.0696205385960652,-0.126697653045958,-0.0659533914613598,0.324956430665353,-2.55004568296375,-2.40631410042808,-1.47484387503276,-0.552359857574594
"36005033000",-0.318533333,0.328037573,-0.166,0.185641567,0.685393258,-0.368940332943725,0.291204042776633,-0.16960278438618,0.178682917467663,0.527914724541581,-1.06826826500921,-1.73466626468832,-0.864901821772709,0.00945228727361627
"36005033201",-0.436732497,0.156054739,0.462,0.264935397,0.87537092,-0.556402824783946,0.153626032795498,0.386622020306684,0.242895508307064,0.634124576078214,-0.298488365924456,-1.64849774458622,-0.568136430512863,0.494914595265324
"36005033202",-0.598970895,-0.15331093,-0.211,0.308967635,0.729970326,-0.889091251908014,-0.15468023835196,-0.224394333215862,0.276849335905697,0.553868059058028,-1.80598898414461,-2.23688223138178,-1.15744559202617,-0.0822047731182965
"36005033500",-0.130645417,-0.053799311,0.129,0.365684299,0.753658537,-0.128567069009172,-0.0447874622298415,0.130150684465045,0.318951279320897,0.567390365717652,-0.764333337242546,-1.4958553953236,-0.602932988234789,0.309070343551871
"36005033600",-0.534551006,0.055114612,1.045,0.407045208,0.751923077,-0.743495670889132,0.0630824102725135,0.720275847948198,0.348573864222204,0.566405869920827,-0.0928204789005799,-1.38212240786581,-0.389921830852303,0.665169774174558
"36005033700",-0.156695144,-0.031346392,0.013,0.463389607,0.732251521,-0.158638402608492,-0.0215775213291142,0.0227394869694893,0.387565601488475,0.55517825434515,-0.794550789746754,-1.75786358351912,-0.789047758839151,0.198370115725437
"36005033800",-0.418129485,0.066065617,1.825,0.862762041,0.761695906,-0.524467392684021,0.0733114422222527,1.04204193717972,0.627414368407351,0.571937226846623,0.888494595756919,-1.23172582742163,-0.298806491059911,0.629871249052044
"36005034000",-0.559269062,0.01586277,0.435,0.174744526,0.706303725,-0.796884707310408,0.0255339853662758,0.368109321564396,0.169527161470839,0.540172981324586,-0.967467854655905,-1.96970264085849,-1.05531279000863,-0.115075853455753
"36005034200",-0.572957677,-0.196326913,0.249,0.224498619,0.520681265,-0.827725239605854,-0.206196606669819,0.23031775506221,0.210664911130945,0.425712907542352,-1.71038825323934,-2.23855351821073,-1.34657857366671,-0.444629763370525
"36005034300",-0.212224855,-0.142143833,0.26,-0.284426426,1.003947368,-0.225928494420808,-0.141729284273778,0.2390169004705,-0.320792800359301,0.700096660886376,-1.53666681424606,-2.48810129325215,-1.2767514033415,-0.0738478439834253
"36005034400",-0.663261627,0.394775309,0.386,0.431534839,1.201024328,-1.05918475171204,0.339877367576827,0.333611004340181,0.365708406378666,0.793455904980763,0.281667953053212,-1.65438700938991,-0.569800057592726,0.519236189740745
"36005034500",-0.269354413,0.122306887,0.057,0.119247861,0.818858561,-0.300233058251716,0.124257044629701,0.0648509723196163,0.121551801373231,0.603692035089913,-0.902981534783311,-1.88210253818644,-0.832090296297718,0.228716756566419
"36005034800",-0.692736734,-0.19537313,0.153,-0.067123321,0.451467269,-1.14802335765905,-0.205025098797472,0.151002873536527,-0.0588197800860776,0.379440909834289,-2.50142169229194,-2.52803437683077,-1.60118164575213,-0.671320986797058
"36005035000",-0.754012462,-0.099126566,-0.184,0.183035714,0.755403868,-1.36262651537497,-0.0933513222191876,-0.191160505461159,0.176501078962752,0.568379484606467,-2.00985595934663,-2.19268710369008,-1.28139105558947,-0.353311743140386
"36005035100",-0.098486048,-0.045055856,0.266,0.409120623,1.042758621,-0.0926483783431539,-0.0356850611836558,0.243730184922598,0.350037400202904,0.719184557330009,-0.171964371201559,-1.44739003752896,-0.377121611308067,0.706247402426288
"36005035600",-0.754321551,0.116960296,0.865,0.284187471,0.620117188,-1.3638346825991,0.11952400462339,0.628608659422374,0.257883062710225,0.488651906712914,-0.733702320287447,-1.90675681684367,-0.946868181488031,0.0276660334839889
"36005035800",-0.18978177,0.273730732,0.506,0.6313145,0.443925234,-0.198184839984907,0.24977047299512,0.41607528722018,0.495497445177218,0.374266956881387,-0.183145368523867,-1.70691964018432,-0.768189775605615,0.130381705934128
"36005035900",-0.772153972,-0.154037025,-0.286,-0.237902708,0.786106033,-1.43613175584388,-0.155528157280528,-0.322963886596421,-0.258644710991223,0.585621006556017,-2.96759004687876,-2.20892872438964,-1.27345481508231,-0.351141464863444
"36005036000",-0.692864681,-0.068442259,0.153,0.147858639,0.728553137,-1.14842672237253,-0.0602196040347109,0.151002873536527,0.146572298296821,0.553053236853443,-1.52633837675875,-1.94532599645097,-1.02520262470006,-0.102790877157329
"36005036100",-0.041081619,0.308839116,0.674,0.392550315,0.827361564,-0.0315749007730867,0.276751892072821,0.521171915820135,0.33829223299403,0.608330609946978,0.376189622095677,-1.1654084568303,-0.0750320663525749,0.998873885081333
"36005036300",0.191645845,0.163190775,0.927,0.104212077,1.274271845,0.183692154595521,0.1597271949808,0.661140384424859,0.10814749771295,0.826047306164863,0.626717590681945,-0.981098423209769,0.00760162605259147,1.00496314680631
"36005036400",-0.239587203,-0.076087881,0.396,0.175878095,0.653386454,-0.260828807784674,-0.0683729361865548,0.340748793388473,0.170483508614712,0.508855556857911,-0.980711210338521,-2.01553761546244,-1.08452172385793,-0.123405138279581
"36005036501",0.534079054,0.025702301,0.841,-0.077102804,0.536752137,0.434427651069071,0.0350797482960445,0.61572603359136,-0.0694602707009479,0.436157337034601,-0.747691722189183,-1.43688168550367,-0.463200617072207,0.466772579864832
"36005036502",-0.333166673,0.112609122,0.084,0.718598502,0.911823647,-0.390330229881195,0.115655549272389,0.0898407039997895,0.547310965738779,0.653274551395591,-0.107846769481895,-1.16670300861125,-0.302007728851715,0.589798362749007
"36005036700",-0.243706734,0.004881442,1.83,0.193160412,0.787828947,-0.266190328725455,0.014771799760079,1.04380405217311,0.184951771411509,0.586579796373626,0.23016925614495,-1.24671996500958,-0.249594519816836,0.763585635710173
"36005036800",-0.471402092,0.171261681,-0.397,0.146084459,0.834615385,-0.618785982756259,0.166583088454172,-0.489390343045926,0.145038829000015,0.612270792346339,-1.61114681829693,-2.34912597766613,-1.40561658902174,-0.436370114706575
"36005036901",-0.631767338,0.114814269,-0.206,0.182390671,1.458549223,-0.972245764773359,0.11761792780461,-0.218156009803171,0.1759602590743,0.903630618967638,-0.739509274852154,-1.15312373245223,-0.269980813991491,0.604445338107957
"36005036902",0.302338687,0.031660306,0.167,0.549404626,0.995283019,0.271810802787329,0.040815888261612,0.16296882827814,0.444304098414549,0.695785207405355,0.0984836459453697,-0.997310604114497,0.00873400427560772,1.01612535293953
"36005037000",-0.670632115,0.35554875,-0.392,-0.012068461,1.071989529,-1.08067055352291,0.311556362502698,-0.481266821524446,-0.00207060322002977,0.733323940881379,-1.53267739933845,-2.21012139528028,-1.30703429201477,-0.395942326217249
"36005037100",0.303522028,0.163444539,0.942,0.93217473,0.791919192,0.272712100463436,0.159943474007605,0.668854487990901,0.66380834007504,0.588852314673432,1.00395380909745,-0.684556494086037,0.27505206511083,1.23165546119356
"36005037200",-0.886914548,0.364047699,0.723,0.036506617,0.864457831,-2.09487643311676,0.317760908626994,0.549854010733469,0.0454575858652938,0.628319460808486,-0.863653106217198,-1.91655443863303,-1.01019180741862,-0.112871522859112
"36005037300",0.082708732,0.157633901,0.24,0.255010312,0.717241379,0.088659688777056,0.154979394348504,0.22314355131421,0.235080273924914,0.546525557203375,-0.443208743493357,-1.09742991584152,-0.166852508306238,0.797123682963654
"36005037400",-0.828087618,0.210539248,0.671,0.105839686,0.750572082,-1.70423012540641,0.199292767646419,0.519388854426479,0.109607203102758,0.565638802824771,-0.954700277549633,-1.77903210550984,-0.792213392856331,0.175034301462574
"36005037504",0.186387653,0.066955161,0.487,0.037612863,1.194871795,0.179306727593355,0.0741377640670814,0.403463105437491,0.0465141121174672,0.790669364351305,-0.0108375225837843,-1.07431411329493,-0.0744813792262922,0.940296358431382
"36005037600",-0.660833939,0.295066998,0.93,0.881019262,1.074498567,-1.05220765046166,0.266254378920433,0.662687973075237,0.637115975769339,0.734528330883453,0.884319195102211,-1.01176228111656,0.140269378809898,1.29586292582861
"36005037800",-0.74128858,0.093921066,-0.268,0.161983331,0.823170732,-1.31411726333342,0.0988684471103805,-0.298406035814757,0.158697468357432,0.606047108000616,-1.77276468455132,-2.23401483614236,-1.22329715590024,-0.203351792481798
"36005037900",2.680817702,0.2724706,0.333,0.166102115,0.901006711,1.3058480329609,0.248788373823421,0.294905917541101,0.162205678189706,0.64763017702591,0.449122433328872,-0.9225566779318,-0.00841339925002662,0.925118408588137
"36005038000",-0.502733313,-0.108327979,0.488,-0.305414408,0.708751793,-0.678718403823714,-0.103504438124819,0.404130885095028,-0.350145461765481,0.5415983256322,-1.90815674318183,-2.28183690866878,-1.37993902007812,-0.51138738858983
"36005038100",-0.839326741,0.052460108,0.277,0.982052632,0.78030303,-1.76800431640362,0.0605870756998235,0.25231392861399,0.689165580500107,0.582384896027437,-0.534748500734484,-1.29077366689005,-0.353221083899956,0.59455681623215
"36005038200",-0.181807882,-0.231404653,-0.004,0.108756571,0.755610973,-0.188510124940831,-0.250263819934607,0.00598207167754747,0.112217864109232,0.568496790825536,-1.58650957355431,-2.245399145199,-1.2749562173216,-0.299527701888117
"36005038301",-0.529373324,-0.070459633,0.713,0.489561965,0.986324786,-0.732664451602171,-0.062364494580122,0.544066957545792,0.405173042127715,0.691307883088937,-0.097023198138141,-1.04449298233924,-0.131235480066333,0.776179335369396
"36005038302",-0.883670202,-0.089817234,0.493,0.314770122,0.817094017,-2.06885934712825,-0.0831829699734245,0.407463110770838,0.281238951556375,0.602726735841976,-1.30452721102447,-1.56059430147385,-0.623583162844588,0.326551347976229
"36005038500",-0.701280338,-0.076553563,0.552,0.479471033,0.869642857,-1.1753216565966,-0.0688716963289575,0.445967051417494,0.398421045516503,0.631081789114481,-0.581699719102959,-1.36022923693251,-0.413527966091919,0.52221296073489
"36005038600",0.435491211,0.19964941,0.34,0.506749687,0.852899576,0.36844920220673,0.190330573823152,0.300104592450338,0.416569681477961,0.622134185711374,0.309447040646603,-1.33797244243765,-0.504201465541032,0.336029602782964
"36005038700",-0.176754316,0.103183673,-0.125,0.180689502,0.899838449,-0.182426741525675,0.107224083835487,-0.122167633974208,0.174532552773658,0.647018656805914,-0.917204739540022,-1.49951857792306,-0.498477566443727,0.512492516188727
"36005038800",-0.866821721,0.060679984,0.262,0.455393512,0.705202312,-1.94366471892151,0.0682939456952143,0.24059046491793,0.382123815273846,0.539531039841199,-1.2212264902735,-1.9564556325466,-0.99310069502597,-0.0485274960784611
"36005038900",-0.152681788,0.169098998,0.872,0.403637395,0.916139241,-0.153946120084363,0.164750585799434,0.632335041163188,0.3461660954086,0.65551760619369,0.422074866639972,-0.992852871979335,0.059035842794144,1.11047550635998
"36005039000",-0.288969215,0.208683769,-0.021,-0.250439883,0.935843794,-0.327073444966543,0.197771398468649,-0.0110609473594249,-0.275015806688385,0.665695710243933,-1.39602780167089,-2.00138289547448,-1.09796585896738,-0.172750105261745
"36005039100",-0.309921009,0.085997739,1.671,0.533620148,0.948275862,-0.356562106019455,0.0916651255674915,0.986189859253822,0.434130403200444,0.67206442386765,0.848980542195158,-0.679961487447651,0.266994627545223,1.21430227041536
"36005039200",1.73486786,-0.202079762,0.184,0.050922182,0.771349862,1.00973293536929,-0.213291940680257,0.17730901497041,0.0591385129269623,0.577371426340552,-0.856103225489675,-1.98055422905372,-0.91485899060145,0.121978339107141
"36005039300",-0.720409261,0.085499181,0.676,0.593754066,0.721495327,-1.23928659757306,0.0912101324492709,0.522358859579664,0.472347172252367,0.548985386040642,-0.355882170678436,-1.1098100844223,-0.194651681073927,0.715992186108705
"36005039400",-0.482523242,0.1046635,0.501,0.112069482,0.856687898,-0.639650475266122,0.108552565641219,0.412771683290603,0.115174732099333,0.624165682936883,-0.60259740842378,-1.78728680868798,-0.692471505165516,0.368137925219276
"36005039500",0.035483871,-0.016985702,0.988,0.925111177,0.794425087,0.0444798126991645,-0.00701021624908532,0.692146680226362,0.660164780645177,0.590242029691988,0.681264826385798,-0.720791748531648,0.121958447953877,0.957170958441141
"36005039600",-0.683410309,0.17133285,0.108,0.248288,0.885925926,-1.11905066354897,0.166643334932429,0.111541374732908,0.229752066893843,0.639707334504233,-0.877021292535472,-1.6922843662866,-0.794362677537635,0.139300006536843
"36005039700",0.010000487,-0.110019807,-0.495,0.653677621,0.923791822,0.019803104747046,-0.105382523677779,-0.663588378318401,0.509030586249699,0.659482750079156,-1.24288016773882,-1.51392397923112,-0.729921595675295,0.0632097862716317
"36005039800",2.095339547,0.080726313,0.968,0.790543473,0.795727637,1.13312306431806,0.0868438165354943,0.68208623320052,0.588088548775041,0.590963633544291,1.17133216178353,-1.02882475756875,-0.0491961814466317,0.933044948072593
"36005039901",-0.679571459,-0.045768111,0.318,0.520435336,0.790046656,-1.10736485789421,-0.0364234645436177,0.283674051054242,0.425552228265745,0.587812584566202,-0.767021424298205,-1.3982184235561,-0.565295599637042,0.284767821767672
"36005039902",2.194641247,-0.04207099,0.2,0.989452113,0.7828125,1.16460014869398,-0.0325965311716925,0.19062035960865,0.692873199530571,0.583785615814053,0.548510192312171,-0.962476739763898,0.0540641878969369,1.06387614502118
"36005040100",-0.684618124,0.04989432,-0.194,-0.005644153,0.718130312,-1.12275578335132,0.0581692050405809,-0.20334092401803,0.00434638775718493,0.547040079575556,-2.02703810761855,-1.77311913925222,-0.8546419769622,0.0198739751693536
"36005040302",-0.662217047,-0.206538223,0.764,0.346553716,0.793363499,-1.0561766920642,-0.218825665564588,0.573236883887388,0.304947451300763,0.589653531776806,-0.848059959584807,-1.66506001678263,-0.741211831427676,0.168554606250495
"36005040303",-0.358777165,0.499594694,0.161,0.541715173,0.709489051,-0.428903398876664,0.411841200227659,0.15785808461558,0.439360882367157,0.542027183321205,-0.0467087095792802,-1.41421778384999,-0.430429034102089,0.556822466404865
"36005040304",-0.336393609,-0.095393698,0.628,0.006519208,0.816058394,-0.395109328272426,-0.0892615773380113,0.493475985430878,0.016384250120227,0.602159760850938,-0.904398275478525,-1.68195422992917,-0.73473505601355,0.237507997250477
"36005040400",-0.338830276,0.464437957,0.808,0.418629719,0.291166848,-0.398733232117064,0.388276871073575,0.597736995755287,0.3567157464063,0.2632614372722,-0.336386231233823,-1.4260570775916,-0.511251748403593,0.39732085701475
"36005040501",-0.103008466,0.065332695,-0.105,0.452039863,0.795731707,-0.0976221629789204,0.0726300974203481,-0.0998203352822109,0.379832627029746,0.590965887480782,-0.705240705881845,-1.82276008363484,-0.763102821041741,0.300000833786823
"36005040502",-0.673013409,0.083822763,0.468,-0.047337278,0.702743902,-1.0877121387389,0.089678682648348,0.39068982252601,-0.0380521652913546,0.538096705538381,-1.31571218793825,-2.06827554247523,-1.02381117325924,0.0242573094155797
"36005040600",-0.914024745,-0.074029741,-0.19,0.726565429,0.707042254,-2.34366488115689,-0.066171577582017,-0.198450938723838,0.551909271156148,0.540603190814634,-1.86454642115481,-1.91002237563904,-1.03209869359151,-0.158566828683127
"36005040701",-0.625480049,-0.031688444,0.523,1.024549918,0.710638298,-0.955759603216133,-0.021927095261012,0.427226599889677,0.710274623916782,0.542695325471865,-0.145112462902552,-1.46620702812693,-0.527436258133219,0.397610556290189
"36005040702",-0.312925612,0.127916166,0.02,0.129246038,0.600587372,-0.360863147947988,0.129198665152218,0.0295588022415444,0.130366673429233,0.476598939792256,-1.26226179609998,-1.75699625103362,-0.92634884610172,-0.122669275465947
"36005040800",1.228310216,-0.051669553,0.382,0.480603015,0.724186704,0.805721213331196,-0.0425626262494184,0.330741561912228,0.399180746138844,0.550538544995769,-0.0104326304865966,-1.50891056665979,-0.441161744704409,0.629814852643212
"36005040900",-0.467166221,0.187116842,0.46,0.188198719,0.776831346,-0.610952121933375,0.179916034176303,0.385262400790645,0.180819361563461,0.580443853435747,-0.517482000581623,-1.48189415935459,-0.705617546895403,0.0700337292062784
"36005041100",-0.504927143,-0.153259766,1.088,0.143044795,0.82739726,-0.68305258882575,-0.154620517183545,0.740984509974105,0.142406091356186,0.608350037616499,-0.599125755544997,-1.72447662626542,-0.792543387139636,0.167664200689146
"36005041300",-0.600784542,-0.153005596,-0.113,0.665067179,0.713475177,-0.893513469469584,-0.154323890160635,-0.108699416923341,0.515853271338443,0.544342704202076,-1.29619988563639,-2.03021787547001,-1.04734500125241,-0.0141526093796342
"36005041400",-0.218062847,-0.068041977,1.644,0.89839722,0.799442897,-0.233273242588997,-0.0597945669697956,0.976067935910016,0.646263737941085,0.593019006187436,0.818265741852785,-1.00319447678617,0.0517234194525914,1.12520518508096
"36005041500",-0.641589442,0.05851202,-0.039,0.285086635,0.829787234,-0.998557315945416,0.0662670451288589,-0.0294288106908122,0.258577592527721,0.609649931239151,-1.17557668517941,-2.04924728809195,-1.04196151262241,-0.0426310460974954
"36005041800",-0.627764086,0.115811577,0.379,-0.136887141,0.910891089,-0.96171728508086,0.118504177348975,0.328584063772207,-0.135690454293072,0.652789187228654,-1.17406076439863,-1.7051911839036,-0.709767654938226,0.316557442320001
"36005041900",-0.349636973,-0.060969649,-0.058,0.411757521,0.738686131,-0.414965554269628,-0.0523144987972185,-0.0491902441907718,0.351893797150337,0.558864723671543,-1.0919300439455,-2.00110911803912,-1.03557361039626,-0.0899194096825636
"36005042000",-0.528321654,0.040945315,0.158,0.837435462,0.68,-0.730478719646821,0.0496900591424661,0.155292884406035,0.613798440618425,0.524728528934982,-0.479551612907423,-1.73190865073744,-0.711144161060311,0.277176548321957
"36005042100",-0.272818381,0.121106189,-0.081,-0.097614018,0.624441133,-0.304920987029599,0.12319608220498,-0.0736465401682985,-0.0916921525654228,0.491300931238365,-1.70193363200324,-2.17355068133324,-1.21449870283987,-0.267605592555876
"36005042200",-0.908842406,-0.194618012,0.484,0.523230481,0.673184358,-2.29107564156761,-0.204098578612858,0.401457086710626,0.427376934968441,0.520687450504765,-1.55161438256911,-1.99093302678053,-1.06592099960051,-0.175748578902227
"36005042300",-0.393748209,-0.003333538,0.334,0.136559828,0.703328509,-0.484099647341428,0.00664433940738973,0.295650242100958,0.136766005120486,0.538437975036245,-1.00609389559922,-1.99409189607526,-1.03304907504743,-0.0743752047216565
"36005042400",0.133140006,-0.12776849,0.325,0.28668496,0.693227092,0.133778867250151,-0.125300774424782,0.288931291852213,0.25981097683188,0.532524740999512,-0.752889056192333,-1.71389885715028,-0.748377441615013,0.222043974038413
"36005042500",-0.48699451,-0.010296054,0.227,0.294721678,0.78397711,-0.648163317840377,-0.00029609783263688,0.212689093410351,0.265989744465398,0.584435004357881,-0.868543435985718,-1.84252961356085,-0.897980673449478,0.0419101377753728
"36005042600",0.364023901,-0.119358603,0.201,0.331396241,0.735915493,0.317743588845369,-0.115813405027929,0.191446464570955,0.293711042383465,0.557279055902433,-0.663482245841081,-1.68657804633993,-0.77933759775948,0.118488782562002
"36005042800",-0.412113701,-0.13194004,0.691,0.151569155,0.424307036,-0.514354678561047,-0.13004039610703,0.531216313413725,0.149771810844649,0.360681830834828,-1.34252666208803,-2.20192880859566,-1.19247550219319,-0.194136924527181
"36005042901",-0.43213264,-0.125216041,0.628,0.575284295,0.725988701,-0.548410917613404,-0.122411777899204,0.493475985430878,0.460763757175698,0.551577107576424,-0.419004245612965,-1.85899994090898,-0.77720480483352,0.308694930613845
"36005042902",-0.598976673,-0.165021509,0.859,-0.245875862,0.779220779,-0.889105309405505,-0.168444106386803,0.625403528473426,-0.269025018721566,0.58178020607943,-1.59115196811939,-2.47021308837538,-1.33311667207369,-0.182223389800374
"36005043000",-0.49744966,-0.02452119,0.724,0.319610359,0.474600871,-0.668356348403029,-0.014627654396277,0.55043087835835,0.284885936153679,0.395145962391155,-0.909478226201527,-1.96048842525052,-1.00457872963437,-0.0132512285292845
"36005043100",-0.580729177,0.007995213,0.09,0.213531187,0.682336182,-0.845667270188938,0.0178352157597111,0.0953101798043249,0.201741093563465,0.526109930573257,-1.32198340193111,-2.29858989989135,-1.2101588348041,-0.129956136188743
"36005043400",-0.673520587,-0.250828063,0.117,0.103391149,0.677285319,-1.08921831156089,-0.275526996278979,0.119559235057639,0.107410447211692,0.523120917301234,-1.99739155683964,-2.12130320800425,-1.21669459102184,-0.323449157266265
"36005043600",-0.455518342,-0.422723016,1.047,-0.008652369,0.655043587,-0.589721551187872,-0.532258706732915,0.72124861067082,0.00134672376033533,0.509851301468138,-1.61637691261274,-2.44276972385008,-1.36563429511606,-0.303026517991779
"36005044200",0.38848319,0.102266138,0.016,0.136363636,0.684950774,0.335388213566185,0.106399499926694,0.0256677467485778,0.136594876861249,0.527653698522784,-0.860065853728015,-1.94948010787434,-0.835440231954893,0.317635289361429
"36005044400",-0.20665325,-0.081324441,0.069,0.189201985,0.660465116,-0.218968840060197,-0.073995837979455,0.0760346862759976,0.181656323075061,0.513102100226087,-1.27184841903837,-2.21350815474525,-1.19435194850075,-0.181649158775611
"36005044800",-0.607270367,0.232988383,0.181,0.329853516,0.543961353,-0.909489828036153,0.217518466547652,0.174793290373163,0.292560291569434,0.440807382266838,-1.01347968049765,-2.14523367037617,-1.02897799927293,0.0908110798512691
"36005044901",-0.150642035,-0.109417538,0.167,0.55848957,0.652116402,-0.151569720869125,-0.104713544988491,0.16296882827814,0.450113098961201,0.508091731285211,-0.753486568921431,-1.98723973338971,-0.674160366794629,0.678140312709329
"36005044902",-0.216207817,-0.253646356,1.041,0.335727633,0.630241423,-0.230933586250317,-0.279246229110212,0.718327479090244,0.296934857848952,0.494843440148245,-0.63912455102023,-1.60784188906737,-0.439622384066629,0.699544001887365
"36005045101",-0.13370018,0.170537384,0.383,0.560412198,0.941176471,-0.13204698632946,0.165969744979327,0.331459694797669,0.451338131397732,0.668432509113779,0.261994862295816,-1.17486772237564,-0.0079340502277379,1.14686290173135
"36005045102",-0.084164131,-0.002032086,0.722,0.862668838,0.865333333,-0.0770583073463327,0.00793633779334234,0.549276810140243,0.627364599500632,0.628786421221809,0.512680686614595,-0.950157618360811,0.110035118397035,1.18744475513714
"36005045600",-0.144165314,0.196181622,0.124,0.338258428,0.642773208,-0.14406128240667,0.187459685639452,0.12575120530556,0.298813706281858,0.502454609184089,-0.622021166234606,-1.92246905861793,-0.793832466027114,0.332939308267048
"36005045800",-0.684761678,0.377570261,1.992,0.851695219,0.791044776,-1.12319706692281,0.327554203914923,1.09927873321127,0.621487480709482,0.588366927628247,1.10585184153703,-1.04765833973917,-0.10496477492989,0.846875573598437
"36005046000",-0.633696244,0.063007719,-0.508,0.084533326,0.456692913,-0.977358600034738,0.0704656574717073,-0.689155159290408,0.0903280861239009,0.383010147323261,-2.81021836130036,-2.66029898255619,-1.64280082334241,-0.649704022246733
"36005046201",-0.508125595,0.093916531,0.161,0.17550804,0.511290323,-0.689405379835985,0.0988643390183667,0.15785808461558,0.170171408448871,0.419558871459681,-1.36640094122607,-2.25861692154066,-1.21160212537231,-0.138667132414413
"36005046202",-0.808161185,0.037586164,0.247,-0.072573567,0.682034976,-1.60028584565349,0.0464886262331598,0.22872792960811,-0.0646169956832845,0.52593193236518,-1.88032863924883,-2.20176938919553,-1.30120773090552,-0.396663811162976
"36005048400",0.640786877,-0.078972737,0.018,0.256282454,0.486625514,0.501252069385652,-0.0714667185677672,0.0276151670329734,0.236085406262185,0.403212916494217,-1.19121339192047,-2.06512045603449,-1.03807481093377,-0.0401622481130865
"36005051600",-0.222653225,-0.052371486,0.122,0.5184,0.536340852,-0.239086498642396,-0.0432953486570406,0.123985979780991,0.424221436590608,0.435891399344473,-0.967636982567898,-2.08716599548818,-0.863074705628443,0.351007409398054
"36047000100",-0.04486812,-0.521163917,0.193,0.191465048,1.016371078,-0.0354905237682819,-0.715728054291179,0.184818436992542,0.183541685467469,0.706246547001816,-1.5371369623203,-1.53339961223184,-0.600455233503886,0.344326418136901
"36047000200",-0.146675359,-0.01524676,1.332,0.459687947,0.771695594,-0.146964481347118,-0.00526057258062958,0.851005265175526,0.385050097303473,0.577565491785607,0.317329320175929,-0.699552815604295,0.376626039562167,1.4415631873671
"36047000301",-0.044880365,-0.377266616,-0.062,0.247372581,1.04757085,-0.0355032112340397,-0.457706139877997,-0.0534007767271153,0.229024290621225,0.721526087970142,-1.33781529696928,-1.88895523598957,-0.901365301842579,0.100636907507503
"36047000501",-0.163833406,0.020407224,0.024,0.270388036,1.083608361,-0.167039019140288,0.0299540872129413,0.0334347760862374,0.247163185114902,0.738889065825366,-0.488731993223485,-1.48454638105875,-0.423471395614645,0.643178695427435
"36047000502",-0.084813284,-0.124336275,0.111,0.204086542,1.198019802,-0.0777597067045833,-0.121417943311079,0.114221144090023,0.193991976752217,0.792096096671735,-0.531288595290144,-0.586493050099008,0.370327985108867,1.30702389562262
"36047000700",-0.03870118,-0.242827791,0.115,0.164091394,0.960148285,-0.0291211134412637,-0.265043980000189,0.117783035656383,0.160494566757478,0.678108811490738,-1.05260558693959,-1.21271475663582,-0.305838849535742,0.578128614448519
"36047000900",-0.037368944,0.032685576,0.133,0.748717093,1.961915125,-0.0277504506153846,0.04179966940038,0.133656384812674,0.564584618823658,1.08920656823776,1.08904530955198,0.361167728199336,1.3380131637392,2.30022481813947
"36047001100",0.680901542,4.016844603,2.72,4.390161446,3.089871612,0.525261843502217,1.61479247175999,1.31640823365572,1.68642885053072,1.41095565907362,7.76776542724847,3.31640283540625,4.46667997541651,5.63766735269114
"36047001300",0.037897649,0.160409689,-0.023,0.557983903,1.044526902,0.0467859179615538,0.157353849055882,-0.0130852395486555,0.449790655931643,0.720045603439099,0.0220863603992791,0.185617234800087,1.14745635593239,2.0906011441706
"36047001500",2.160149322,0.338501219,2.72,3.749806028,7.104316547,1.15377869151166,0.29899376756461,1.31640823365572,1.56020691699284,2.09362997647091,7.54456219234259,3.04249976141651,4.03980347836891,5.04668927845643
"36047002000",-0.396905222,-0.057414417,0.839,2.150130976,0.921597633,-0.489235741620507,-0.0485753250989979,0.614644952404988,1.15061347484114,0.658347449607512,1.25541743030485,-0.386194834122962,0.639617359087099,1.6640157569537
"36047002100",0.029193628,-0.349975691,0.324,1.330592321,1.735738255,0.0384450547157313,-0.415478612821759,0.288181947493432,0.850404025970442,1.01004998415737,0.902685732093264,-0.258257710249027,0.899983098808554,2.03609934327195
"36047002200",-0.100341835,0.058547553,0.781,0.319125103,0.882352941,-0.0946863928998359,0.0663002992322561,0.582774123078575,0.284520908483702,0.637820997101464,0.0957791235994519,-1.19772562943761,-0.222835459523081,0.7392823941112
"36047002300",0.01618929,0.183376623,5.364,0.975077605,0.539855072,0.0258522229091924,0.176786787343515,1.85222721599514,0.68565800909282,0.438161424624093,2.062398072181,0.984714626662762,2.0767869490378,3.1461101878801
"36047002901",1.141351661,-0.075538077,0.985,0.678052268,1.175213675,0.766096324138263,-0.0677843987700519,0.690644050341827,0.523575360149353,0.781713615528265,1.15070955045394,0.794944637551934,1.84807785253333,2.89715928070878
"36047003000",-0.122862566,-0.109150072,0.424,0.531179214,0.798988622,-0.119755366172089,-0.104416596844947,0.360467742177429,0.432547846785587,0.592767916730581,-0.314882112769303,-1.41015724253702,-0.423678352535477,0.585919401547376
"36047003100",0.850898428,-0.044060147,0.595,0.925075175,1.939814815,0.621059396912149,-0.0346537106832561,0.473123756581979,0.660146175856297,1.08174239380505,1.82115356451272,0.981173952299471,1.96289301855838,2.90694496148613
"36047003300",1.011452218,0.180454731,0.354,2.661213481,1.495594714,0.703816172916043,0.174335361022308,0.31042155942127,1.30052225618806,0.918526117137792,2.61348253392369,1.2880024635987,2.22440270811278,3.17428247967182
"36047003400",-0.182568688,-0.213534575,0.206,0.801903733,0.696774194,-0.189429181822687,-0.227571559237117,0.195566783543975,0.594378078726029,0.534605152695494,-0.612239962918507,-1.6998350713121,-0.571257564465161,0.572025102906337
"36047003500",0.474553995,-0.212088404,0.332,0.240250348,0.506265664,0.395114387076212,-0.225757469623989,0.29416103854949,0.223343809661168,0.416250511972967,-1.12470771652345,-0.352297417360891,0.557207581397614,1.43217495892045
"36047003600",-0.249356231,0.053077235,0.364,1.05180509,0.848167539,-0.273590139784721,0.0611677542932841,0.317726193800158,0.723581856393755,0.619590808016414,0.351800122748704,-1.21632593765058,-0.258847454406492,0.710109521333365
"36047003700",0.997269946,0.746238784,1.158,4.466392416,2.195652174,0.696775563011738,0.563174467745007,0.7738050835774,1.70044656592514,1.16491555609954,5.02204797409241,2.0904788231113,2.98885402186661,3.9252919768959
"36047003800",-0.185038301,-0.102476035,-0.019,0.309606959,0.690285714,-0.192418319179696,-0.0970353054783101,-0.00904074465214907,0.277333933926132,0.530796303999308,-1.20102077551428,-2.06838583127669,-0.918022359065379,0.215560716576755
"36047003900",0.297170031,-0.058724728,0.803,2.304322805,1,0.267864518759203,-0.049951803010653,0.594982931772714,1.19825332071812,0.698134722070984,1.73675815273812,0.661133631424805,1.58967519432681,2.53950677822773
"36047004100",-0.021784097,-0.27510235,0.138,0.960039328,1.195488722,-0.0118540798038018,-0.308024041166399,0.138021297897375,0.678053506002407,0.790949126970096,0.03701420852354,0.00511125284513979,0.963656013173516,1.92919721053049
"36047004300",0.393940445,-0.159495877,0.724,1.392244087,0.956262425,0.339282886612779,-0.161926019421345,0.55043087835835,0.876403336729813,0.676134494505795,0.966426107820337,0.183232606391066,1.1365456366919,2.07411628454606
"36047004400",-0.086779898,0.143917806,0.186,0.048700479,0.438225977,-0.0798876092019262,0.143162940245973,0.17898265552844,0.0570421928087685,0.370339343251289,-1.31103086411089,-1.92401342383003,-0.908296748483846,0.106490302390318
"36047004500",0.016020471,-0.072001459,0.116,0.603546316,1.126091174,0.0256876987912499,-0.0640068854142223,0.118671529717499,0.47843443739693,0.758977604643922,-0.0110499467013077,-0.610516839263225,0.349708440639092,1.29296902340779
"36047004600",-0.052630525,0.007022214,0.397,1.057026729,0.380838323,-0.0435658857574113,0.0168789595024081,0.341459778132252,0.726111211917426,0.329906675416756,-0.286883069410297,-1.4371850315951,-0.425753005397352,0.588108901360871
"36047004700",0.157217358,-0.47228839,0.211,0.862485354,1.183908046,0.154622589603179,-0.620432903433828,0.199670195128568,0.62726661474981,0.785684449397695,-0.374333676600869,-0.889995208537816,0.0851509074842074,1.11327294258126
"36047004900",0.011655317,-0.021588008,0.312,0.531876387,0.910179641,0.0214241716860924,-0.0116556722015017,0.279145741429495,0.433000107855194,0.652418744683777,-0.0694530941533543,-0.863208410418381,0.104733107589947,1.04629020550048
"36047005000",-0.063951005,-0.072864208,0.595,0.362182184,0.979976443,-0.0554609195166486,-0.0649270851521245,0.473123756581979,0.316402307660269,0.688122800977893,-0.0442056349429943,-1.31428294549671,-0.222052099605986,0.853603930052262
"36047005100",0.031065799,-0.491791745,0.407,0.625182021,1.402733964,0.0402449951281179,-0.657378080838209,0.348541960708543,0.49175412598148,0.880760529425131,-0.283316723717851,-0.602083925213792,0.417092631234753,1.40500801919092
"36047005201",-0.197995995,-0.013658721,0.572,0.216956038,0.271393643,-0.208250006566613,-0.00366543049011228,0.458689869345462,0.20453633623605,0.2479482692303,-1.29586102083417,-1.78404039630504,-0.725747394696708,0.361531924756501
"36047005202",-0.058827739,0.111629736,0.64,0.542381776,0.953271028,-0.0500600961418053,0.114782749072283,0.500775287912489,0.439790381201245,0.674611974026642,0.42893510375519,-1.06643519709417,0.0527354989485456,1.16429918783971
"36047005300",0.737513318,0.009519212,0.959,1.696748979,1.54028436,0.558193816269892,0.0193311553864501,0.677525799656988,0.995748276003664,0.936204866678632,2.32123724058432,0.553382276726057,1.52363405929171,2.49688431123486
"36047005400",-0.029732286,-0.165164394,0.415,0.473634901,0.835651075,-0.0199295670726922,-0.168613219664523,0.354171813720614,0.394495090891516,0.612832101421669,-0.38763815503787,-1.23843316782227,-0.229055009227672,0.764798945199909
"36047005601",-0.026842667,-0.031979933,0.472,0.306810814,0.746359223,-0.0169861177256502,-0.0222250907529113,0.393392526873895,0.275212763239876,0.563243043198165,-0.435260207095379,-1.31889503432519,-0.198032136035685,0.945885433214469
"36047005602",-0.12189341,0.298662992,0.211,1.334755568,0.650252525,-0.118663509409661,0.269005999235197,0.199670195128568,0.8521811610709,0.506969714292822,0.517525336262317,-0.736520495234784,0.401956564515182,1.54864617017616
"36047005800",-0.217324795,-0.138466775,0.291,0.542416452,0.734126984,-0.232341718800679,-0.137501290824491,0.263133199530368,0.439812718240534,0.556254134762734,-0.61226748978342,-1.31665715861417,-0.343768858878549,0.602144915866604
"36047005900",1.875694914,0.096566653,3.999,1.810609278,2.727272727,1.05976574235902,0.101262116381149,1.61123629437548,1.03695291764165,1.31835612803844,4.8277665173681,1.50882213250821,2.57707796083969,3.63181297803347
"36047006000",-0.09373659,-0.08072627,0.243,0.859890658,0.863102999,-0.0874513901448575,-0.0733519334076682,0.225540675913931,0.625879957499207,0.627596413407531,-0.0216692833105932,-1.14568450308469,-0.209858864484767,0.725607847579168
"36047006200",-0.169846049,-0.289436761,0.559,0.779935843,0.997282609,-0.174170128937589,-0.327722096401842,0.450438473750896,0.582179777310886,0.696781871560363,-0.0610728838400336,-1.16132860688039,-0.188619824179667,0.818048701982975
"36047006300",0.022181183,-0.378950186,0.201,1.002664325,1.43418259,0.0316742165721342,-0.460370475024391,0.191446464570955,0.699459379151137,0.893710748011369,0.181630921372355,-0.451194487917399,0.486200714086818,1.44805606331705
"36047006400",-0.061085429,-0.407906977,0.123,0.270723558,0.657216495,-0.0524365044453293,-0.507343322354991,0.124868982045869,0.247425197908648,0.51115546636194,-1.6808994481876,-1.91606876744772,-0.94696162955598,0.0071445882088767
"36047006500",0.047071741,-0.323712329,0.355,1.101719124,1.096078431,0.0555025768649196,-0.376458393675946,0.311154428636923,0.747502366469687,0.744827654708738,0.181116145741687,-0.234192764055271,0.736348759032678,1.68350649394102
"36047006600",-0.147637289,0.015472411,0.236,0.619220533,0.797402597,-0.148079318398585,0.0251533951942478,0.219938420365261,0.488101699830797,0.591890785355329,-0.220738030143232,-1.37538446344452,-0.450602239521772,0.453606523432742
"36047006700",-0.014734802,-0.183334374,0.096,0.621859321,0.954901961,-0.00474604668326244,-0.190354987362979,0.100749903100143,0.489720052458803,0.675442351455681,-0.420638352778744,-0.773237273008868,0.168472037574741,1.13448267512035
"36047006800",-0.145198301,0.139566791,0.29,0.000385421,0.834473324,-0.145255048042972,0.139385167926319,0.262364264467491,0.0103318630110122,0.612193775494061,-0.727104210953307,-1.53961269780717,-0.580513432993809,0.355473310647313
"36047006900",0.283175454,0.039435727,0.467,1.679410501,1.197433366,0.257100785866238,0.0482526168596186,0.390013003549243,0.989322024988394,0.79183046776293,1.51063905286928,0.0547919481789052,1.0100356694508,1.97279119761282
"36047007000",-0.0987728,-0.210040486,0.728,-0.004782033,0.738235294,-0.0929630165484207,-0.223194160094813,0.5527350268432,0.00520440058247559,0.558606875726048,-1.02193368003658,-1.77109692306405,-0.803795987452954,0.16156788732447
"36047007100",0.281482467,0.141527235,0.519,0.908662242,0.409090909,0.255790757774422,0.14108909175748,0.424613926946925,0.651628194238995,0.350016461664909,0.0609124350639725,-0.0900226653315088,0.83354623048487,1.7306934626636
"36047007200",-0.200920039,0.020990625,-0.322,-0.03724543,0.917271408,-0.211857527500141,0.0305201118799983,-0.373966441048793,-0.0276234691074355,0.65610522435106,-1.66610466278808,-2.09618647890394,-1.09602382044826,-0.0802253053993792
"36047007400",0.289818983,-0.214470137,1.114,-0.128467645,1.004087193,0.262225010926013,-0.228746891996895,0.753301103379692,-0.126093573336807,0.700166086805115,-0.492846924038811,-1.62314873733096,-0.646126349562958,0.312672615754025
"36047007500",0.057312438,-0.231205447,0.231,1.287030023,1.24507874,0.0651437485754907,-0.250007999602028,0.21591750622247,0.831616994148317,0.813184890305113,0.55947401244423,-0.31398179424821,0.683877121951367,1.69282699292699
"36047007600",0.344239827,-0.053106174,1.022,-0.121643236,0.963581184,0.303240283620697,-0.044062838302592,0.709020529716236,-0.118381855413151,0.679849752340785,-0.291787943060045,-1.24147664765392,-0.319382644707399,0.583990182843215
"36047007700",-0.074869597,-0.20881502,0.697,1.428042446,1.498269896,-0.0670692909690721,-0.221663422245879,0.534737443812303,0.891195441079797,0.919593231015787,1.29796031514852,0.0447118890067394,1.15050565318903,2.26815539497506
"36047007800",-0.030467868,0.032022698,1.265,0.427927928,1.115264798,-0.0206802376435094,0.0411637262033317,0.821980052402914,0.363203138432255,0.753896405436626,0.800871945031419,-0.732325712217535,0.217005681055768,1.18192911845793
"36047008000",0.834781481,-0.09835574,2.036,1.01318979,1.265988372,0.612360831995715,-0.0925054307927282,1.11382925447297,0.704675369899833,0.822414407287941,1.96865363146001,-0.143008430264614,0.808905924116669,1.79998655591012
"36047008200",0.071744852,0.169281225,0.524,0.366466667,0.925925926,0.0785753411561368,0.164905121525765,0.427878702945064,0.319519829542698,0.660585726758764,0.23869478072614,-0.744139061604012,0.259708187106112,1.27280845873352
"36047008400",0.843192389,-0.160018366,0.223,0.48359315,0.72244898,0.616909767601783,-0.162540536790034,0.209450224182207,0.401184727000258,0.549536002874849,-0.422527601944264,-1.02869175769206,0.0370391937504185,1.10436594006598
"36047008500",1.773856613,0.176858121,0.491,0.551970534,0.845794393,1.02383723719465,0.171309581103615,0.406131552651325,0.445948186962993,0.618312848593871,0.740020410532204,-0.0255069338962937,1.18978455899833,2.39144936240585
"36047008800",-0.048957106,0.111479602,1.05,1.106541765,1.093294461,-0.0397362362524826,0.114648886671837,0.72270598280149,0.749783513833994,0.743504906414706,1.38429403244533,-0.474119757106641,0.634286035795373,1.69356635954408
"36047009000",-0.44181802,-0.184516457,0.646,0.36720395,0.929597701,-0.565313524250101,-0.191785951617162,0.504405055963068,0.32005532061637,0.66248058095242,-0.475131030263168,-1.30532230133416,-0.249351562445237,0.814734014948605
"36047009200",-0.587030179,0.034692989,0.207,0.243652062,0.846953938,-0.86045444763471,0.0437230518212893,0.19638881400539,0.226060941190946,0.618937477539507,-0.897541657920082,-1.41273513291004,-0.455479092149477,0.517827530795344
"36047009400",-0.55426252,0.116580282,0.504,0.132819195,0.789687924,-0.785838337002021,0.119186745106245,0.414755155015257,0.133498187698245,0.587613274315284,-0.707910632880696,-1.6100656186602,-0.657311553776312,0.283708296891973
"36047009600",0.27599632,-0.144132123,0.335,0.113671075,0.831737346,0.251533764225019,-0.144022949033822,0.296394013053802,0.116601070744318,0.610709335917845,-0.762640460348983,-1.34249649961499,-0.428638127618916,0.500496139854906
"36047009800",-0.422183217,-0.055809919,0.084,0.19550327,0.927514793,-0.531339973176278,-0.0468923810495276,0.0898407039997895,0.186897131202809,0.661406117312992,-0.980834591767265,-1.45703728642959,-0.603778102844311,0.276635002730326
"36047010000",-0.506256382,0.029745659,0.491,-0.196124913,0.67877095,-0.685687834784127,0.0389761245900911,0.406131552651325,-0.205948380529095,0.524001015840785,-1.50388660350989,-1.83441943859314,-0.942219747470407,-0.0647645573969453
"36047010100",-0.017257644,-0.058099423,2.003,0.347730793,0.698478562,-0.00728410882414194,-0.0492946855689524,1.10293626014816,0.305814771635006,0.535603244645494,0.395093370927857,-0.548552702002515,0.681308442067257,1.89973862632335
"36047010200",-0.761015997,0.273352569,0.402,0.440177765,0.70292887,-1.39036662956115,0.249475848350421,0.34500713907105,0.371686145469864,0.538204694837121,-0.598140594015313,-1.71864540109664,-0.803935036805657,0.108784885839134
"36047010400",-0.667030665,-0.067046632,0.317,0.333911177,0.643153527,-1.07011423814519,-0.0587384482606947,0.28292075535007,0.295584151375347,0.502684692323955,-1.20501087562454,-2.05988752621242,-1.06152925566459,-0.0702578041108493
"36047010600",-0.519545945,0.234854064,0.391,0.227601259,0.686764706,-0.712423674088772,0.21901830537546,0.33718626735487,0.213175037567734,0.528723323721973,-0.637204352275278,-1.72413742564646,-0.818032927572535,0.0987757025149598
"36047010800",-0.490678191,-0.148324238,-0.051,-0.029019441,0.507331378,-0.65523153209478,-0.148876225250854,-0.0418642040986989,-0.0192026371462733,0.416953119490767,-2.2850160924542,-2.18331906568276,-1.25934996025322,-0.329581865017589
"36047011000",-0.243887534,0.439855072,0.073,0.833758574,0.919418758,-0.266426297564599,0.371463601092287,0.0797349680188535,0.611806191400265,0.657218795900484,0.430214680964385,-0.97690318596134,0.0238848553723541,1.02540978942721
"36047011200",0.213149066,-0.192860129,0.752,0.45474685,0.887772194,0.20142873480499,-0.201944998040913,0.566449527513988,0.381682428902814,0.640680668748213,-0.0284252050529949,-1.21847419997124,-0.302238727152344,0.609826096626718
"36047011400",-0.179690005,0.297031874,-0.141,0.15610596,0.890701468,-0.18595615996895,0.267758821490859,-0.140412153716745,0.153669958585029,0.642223011721387,-0.748042667065898,-1.61883127795719,-0.739722428241756,0.133792936000413
"36047011600",-0.623690579,0.519676724,0.035,0.166842877,0.678832117,-0.951116621825762,0.425056421575882,0.0440168854167743,0.162835324889474,0.524037235016806,-0.894015022067365,-1.74192748334064,-0.886638355269084,-0.0370093621181301
"36047011700",1.26083733,0.207131136,2.607,0.948364577,1.266225166,0.820148631319704,0.196496561692593,1.28564495296996,0.672109725447612,0.822518441950742,2.65180861174397,1.22097616080753,2.2314533992487,3.23328799009017
"36047011800",-0.841320801,-0.068382342,-0.325,0.146614281,0.809104258,-1.77975659875152,-0.0601559700258427,-0.378336440719912,0.145497014063297,0.598344214001231,-2.35443984992586,-2.35892491581748,-1.42288254837315,-0.486001104989137
"36047011900",0.329626176,0.082934444,1.375,2.074696349,1.200270636,0.292390601908248,0.0888662293535608,0.869199124340304,1.12645322431201,0.793114967760588,2.41074862555341,0.776442152076515,1.66370269257312,2.53615513665299
"36047012000",-0.495126534,-0.211862758,0.301,0.794054123,0.746955345,-0.663834105594254,-0.225474713863475,0.270790204781563,0.590036422853362,0.563582393401048,-0.660319365903506,-1.7501795406496,-0.842794924457803,0.0759849517587774
"36047012100",0.639599213,0.423621386,2.255,1.797407666,1.510429448,0.500532357195091,0.360203680816993,1.18325976272839,1.03226151875481,0.924429302877212,3.46476912148552,1.35990434724734,2.46088047975197,3.53659422016121
"36047012200",-0.67045147,0.04691021,0.06,0.171648191,0.64868603,-1.08013839669102,0.0553497553138765,0.0676586484738149,0.166910235932818,0.506025740735997,-1.50956622920906,-2.01067881537104,-1.09060465457045,-0.186712932999989
"36047012600",-0.398936409,0.318803422,0.434,0.400547912,0.831550802,-0.492554248303092,0.284278854569502,0.367417040470634,0.343978218979431,0.610608043815428,0.00800731356598787,-1.39251694970556,-0.538652366697831,0.319153912026568
"36047012700",1.80956458,0.322177077,1.575,1.484828463,1.034567901,1.03658246877314,0.286814503973057,0.949725507960392,0.914219974535325,0.715186471814233,2.59633543965217,0.797398260154153,1.7719718147912,2.7134252912694
"36047012801",-0.352210761,0.086351632,0.472,0.080180325,0.864265928,-0.418870704436699,0.091987969186994,0.393392526873895,0.0863431183378793,0.62821707769759,-0.591536733358634,-1.71948498127819,-0.788339335721097,0.121216811160784
"36047012901",0.551012247,-0.046200663,0.562,0.699066214,1.794642857,0.445334487114306,-0.0368721626781957,0.452348694007015,0.535947147677822,1.03127620716064,1.38860048586468,0.267277568194993,1.25478080373141,2.23025061250491
"36047012902",0.028177953,-0.085615684,0.234,1.098108205,1.105928086,0.0374672083927907,-0.0786273674069375,0.218331994316988,0.745790960006905,0.749493527596216,0.509974335197893,-0.236269804810162,0.70275526548911,1.67172851793585
"36047013000",-0.282588574,-0.11304152,0.414,0.580456527,0.757823129,-0.318263038551518,-0.108745705620064,0.353469812989784,0.464021098919333,0.56974891905273,-0.422158399617072,-1.53037366280743,-0.474612205777601,0.620567423305319
"36047013100",0.523527266,-0.013305684,0.679,1.398471161,1.312288613,0.427570484655381,-0.00331115984429132,0.524136637825663,0.878992173173811,0.842553170556022,1.61954736626312,0.301532144961457,1.16115473892069,2.02186017618214
"36047013200",-0.569923658,-0.067916253,0.44,0.320035482,0.680683311,-0.820807062574548,-0.0596611049604192,0.371563556432483,0.285205620073294,0.52513277325274,-0.948452847192652,-1.68881956164767,-0.794022302557307,0.0767429781908717
"36047013300",0.084775356,-0.342158123,0.336,0.992923723,1.249471459,0.0905491878835348,-0.403703844543825,0.297137231222536,0.694607974580634,0.815130918233765,0.223786640643383,-0.390469061154159,0.56337833986153,1.50948770054024
"36047013400",-0.105583643,-0.107679645,0.455,0.638045812,0.673123487,-0.100465452717989,-0.102785661220284,0.381855242469031,0.499590229644597,0.520651285660188,-0.343971759852831,-1.44691188490853,-0.518495556343509,0.393570220305629
"36047013500",0.18823477,-0.400788423,0.488,1.551421479,1.37755102,0.18084944877445,-0.495589654530403,0.404130885095028,0.940562369623148,0.870268162777929,0.79621115348388,-0.228658955513194,0.703919865741872,1.66973910027948
"36047013600",-0.091261914,-0.007617206,0.794,0.440466812,0.964426877,-0.0847541961582185,0.00237995964793535,0.590006421640432,0.371885443931488,0.680278167379391,0.260281405050736,-1.23128542458628,-0.304340121058767,0.630014938941009
"36047013700",0.071873851,-0.142842643,0.212,0.937375985,0.966008772,0.0786945849027121,-0.142534822706904,0.200488860749404,0.66648281765943,0.681079038587078,0.114019058510809,-0.176940984083829,0.729069579589468,1.6498248681399
"36047013800",-0.156460884,0.168620735,0.355,0.113740212,0.895778364,-0.158363907686503,0.164344886173761,0.311154428636923,0.116662596643401,0.644890515154737,-0.381375462749254,-1.28118127277904,-0.374226128508196,0.517766503217246
"36047013900",0.224091659,0.13229848,0.427,1.787479547,1.534005038,0.210335200682586,0.133042443108188,0.362557607096888,1.02871885000653,0.933739625821827,1.99316676315375,0.638799297008429,1.54172139126898,2.47216357560512
"36047014000",0.003875636,-0.133069066,0.126,0.227134685,0.640479361,0.0137802507044394,-0.131327042276665,0.12751332029896,0.212797967839014,0.501065767537379,-1.16934604531776,-1.65368589516269,-0.681772149928868,0.277095066426862
"36047014100",0.411365112,0.038039815,0.981,1.64126625,1.236545682,0.351617756294458,0.0469215765894088,0.688637025082059,0.975037356062319,0.809393784064263,1.94181184907541,0.677876825066685,1.69278150845862,2.69782645892549
"36047014200",-0.098244171,-0.051419986,0.135,0.402768295,0.902536716,-0.0923830561138936,-0.0423022416289705,0.135404637006203,0.345551109364334,0.648430484442773,-0.496798786773252,-1.36581924996586,-0.447028392466315,0.497307096445859
"36047014300",0.270926548,-0.014274336,1.599,1.941793697,1.447263017,0.247583681692166,-0.00428349708848711,0.958967006154591,1.08241301845599,0.899048135835859,2.55087578988504,1.21168970091936,2.23484943741175,3.24887924968091
"36047014500",0.663320965,0.400073257,1.733,1.630875915,1.335787923,0.514810253573948,0.343641658359595,1.00905221195547,0.971110648114275,0.852621346741772,2.95408325172813,1.25811206202108,2.41947012475768,3.56057553182257
"36047014700",0.521553982,0.430842167,2.126,1.748084551,1.299600533,0.426282894465782,0.365227780831146,1.14294810248816,1.01453643553645,0.837074580142454,3.14708298174457,1.36587297519467,2.42704157375093,3.50089651361635
"36047014800",0.007198953,-0.018913613,0.246,0.312867859,0.77453271,0.0170527252691909,-0.00895357690747229,0.227932068046007,0.279802000325903,0.579156593844528,-0.560285477795137,-1.59747094465234,-0.610564606469833,0.392076608847046
"36047014900",0.30664505,-0.235900891,0.521,1.390004446,1.237172178,0.27508687238863,-0.256055365786213,0.425921116675547,0.875470589852184,0.809672615990778,0.967443122596212,0.329005716812829,1.21282517048889,2.09615200511478
"36047015000",-0.177614567,-0.267897232,0.778,1.288796615,0.98699422,-0.183459684615784,-0.298267544057474,0.581097676751322,0.83238577514297,0.691643160087977,0.537589487076095,-1.0319255056795,-0.0781556922746103,0.885599069356819
"36047015100",-0.098862684,-0.303977273,0.104,0.750079975,0.951284322,-0.0930616620162002,-0.348107850788891,0.107957141505092,0.565359248358589,0.673599524975716,-0.566545094233826,-0.603814645863897,0.361423393681551,1.313151546185
"36047015200",-0.16718448,0.026146221,0.264,0.732602436,0.950863214,-0.17100718241387,0.0355082738393741,0.242161557149972,0.555379648725239,0.673384791594193,0.121214776672073,-1.04778361017127,0.00704143331256652,1.07656632569621
"36047015300",-0.057031814,-0.197950752,0.158,0.826912655,1.218978102,-0.048173758886209,-0.208194290413306,0.155292884406035,0.608086257470555,0.801543230219091,0.10293384502263,-0.514381725696186,0.411409902471911,1.31306864061271
"36047015500",0.065013753,-0.211893767,0.24,0.803542979,1,0.0723334549861622,-0.225513566332399,0.22314355131421,0.595282378936143,0.698134722070984,-0.0588345294000946,-0.671412264490547,0.284601661507617,1.26385789226653
"36047015700",-0.056854081,-0.068488639,0.164,0.563853926,0.971296296,-0.0479872716239314,-0.0602688640432364,0.160416721405905,0.453527341368421,0.683751325436694,-0.210279637988029,-0.645691782427521,0.294380589792657,1.25716937304326
"36047015900",0.14894348,-0.078347724,0.111,0.983687943,1.376259798,0.147508796990767,-0.0707956283341864,0.114221144090023,0.689986161298576,0.869727202073487,0.642850760433992,-0.236205909554956,0.650129441898637,1.51400964005124
"36047016000",-0.088427488,0.106922209,0.33,0.456,0.839506173,-0.0816738158742147,0.110576874868696,0.29266961396282,0.38253760346446,0.614918669943628,-0.0897922072626186,-0.966856644162249,-0.129222405672542,0.681258006294649
"36047016100",0.419861993,-0.162764995,0.14,0.755463604,1.385826772,0.357577931222973,-0.165777167087712,0.139761942375159,0.568413321050615,0.873728378808131,0.436722224876771,-0.344575915675255,0.64535596835042,1.59512122381413
"36047016200",-0.078053622,0.021831502,0.241,0.934198577,0.967336683,-0.0704800002864731,0.0313353804730279,0.223943231484774,0.664849849483979,0.681750829638508,0.335719378800329,-0.818500679919988,0.153853769842979,1.13762580200987
"36047016300",0.473044064,-0.170753669,0.115,0.984083516,0.731656184,0.394096775458817,-0.175251014892049,0.117783035656383,0.690184554313504,0.554836490408671,-0.168710878923725,-0.147507618787553,0.771039650604384,1.69214622675408
"36047016400",1.524954935,-0.121131654,0.894,0.500911392,2.058585859,0.930175859764816,-0.117806146673441,0.643956936369174,0.412713039612128,1.12121682322792,1.73830076538181,-0.206418457394894,0.795884162183255,1.80417530227662
"36047016500",-0.066792172,-0.078414722,0.115,0.753097043,1.404572565,-0.0584686303871392,-0.0708675440165266,0.117783035656383,0.567071946143623,0.881522279721227,0.384679011255562,-0.660429320547862,0.359934076398456,1.35680317438304
"36047016600",-0.077832706,0.461571123,0.308,0.302830643,1.373529412,-0.0702429804047433,0.386330621196479,0.276115436080316,0.272185602233701,0.868582335422983,0.744864903338122,-1.14735324582012,-0.187768444317941,0.766744808847257
"36047016700",0.100768569,-0.427081433,0.186,0.51297959,1.107660455,0.105052180227343,-0.539707781632982,0.17898265552844,0.42066867264135,0.750311920352107,-0.725410226097101,-0.954995436147084,0.0720395340340745,1.08190012942022
"36047016800",-0.271931547,-0.405469985,0.823,0.610168258,1.20414673,-0.303718703940572,-0.50330395755448,0.605953968857568,0.482530006813872,0.794867105803177,-0.109126391532727,-1.04645041856537,0.0226040927813711,1.068760700438
"36047016900",0.158438229,0.06870912,0.61,1.117747503,1.404228856,0.155668010099238,0.0757650669848097,0.482426149244293,0.75506390983412,0.88137992182716,1.45829935839954,0.00152829324215923,1.06679192651539,2.11235124442538
"36047017000",-0.511527856,0.089146237,0.149,0.233439313,1.062827225,-0.696207570780486,0.0945337302635638,0.147557564357615,0.217881179692835,0.728913484587072,-0.555189346518796,-1.28868373081455,-0.207498956152607,0.850489594398295
"36047017100",0.032973051,-0.176872045,0.358,0.63248358,0.985618408,0.0420753377174276,-0.182568041168732,0.313349819200359,0.496209474370799,0.690953981255647,-0.0751033871684793,-0.799773795902693,0.376211662965173,1.52854430659301
"36047017200",-0.510354656,0.397023809,1.071,1.099713835,0.834246575,-0.693856744240722,0.341476699808554,0.732848547411497,0.746552315067565,0.612070833657058,1.12102989158214,-0.611917225862951,0.372739190509189,1.32695652635458
"36047017400",-0.264722657,-0.438095835,0.898,0.749121,0.43225084,-0.293998857395564,-0.558783845345647,0.646055573026095,0.564814252474268,0.366204976577989,-1.05015361541503,-1.44089402607279,-0.411380597642688,0.592771386960881
"36047017600",-0.421951939,0.194041784,0.99,0.401455741,0.785714286,-0.530946598029189,0.185684050603385,0.693147180559945,0.344621612215546,0.585402873705952,0.18948709837048,-1.06194720684207,-0.00185960282521226,1.04676516218842
"36047017800",-0.577640435,0.083479475,0.592,1.040298924,0.963976945,-0.838497710540664,0.0893647909539543,0.471252848646167,0.717985599105478,0.680050261611779,0.475214316868089,-0.826477634192448,0.0784295327127131,0.999759789263457
"36047017900",1.351576977,0.021016141,0.453,0.821381818,0.639553429,0.859329606477444,0.030544860586377,0.380489122037987,0.60507077371822,0.500504602189505,0.398109787508043,-0.194671344753634,0.720277612982194,1.63860521409128
"36047018000",-0.316544172,-0.155535023,0.781,0.473847279,0.842105263,-0.366067735560073,-0.1572797638083,0.582774123078575,0.394638227724346,0.616322972081802,-0.229395630614793,-1.04138148992629,-0.0853705403808271,0.878584168487492
"36047018100",0.670275296,-0.306978739,0.339,0.383926938,0.966981132,0.518957646657159,-0.352368144385547,0.299363577225619,0.332124899200082,0.681571000389777,-0.426766724479523,-0.188956284235235,0.761435310248723,1.68084561900024
"36047018200",-0.517045937,0.357882056,0.418,0.179124705,0.884344147,-0.707339287779819,0.313263599109245,0.356274863917393,0.173217494462881,0.638872682059229,-0.266971585460065,-1.03343401882598,-0.141821875102318,0.733658013141589
"36047018300",1.031750328,-0.059783822,0.489,1.116695123,1.374269006,0.713807443902739,-0.0510657644849684,0.404798219120461,0.754569189320071,0.868892580924614,1.38670067087326,0.575427481651752,1.54616907257666,2.50489479402075
"36047018400",-0.383155469,0.070199452,0.893,0.695046632,0.975574713,-0.46705672603342,0.0771457018630645,0.643431588314012,0.533592460508099,0.68590840019372,0.547997481729473,-0.788600091593586,0.16924235193816,1.13827314019395
"36047018501",0.87416534,0.019199204,3.298,0.296949552,1.110619469,0.633484932388406,0.0287810280089073,1.46047375929414,0.267695835580395,0.751708248359617,1.70418118579967,0.848742955259578,1.86026103754602,2.85857571391548
"36047018600",-0.29109182,-0.139414676,0.822,0.661683582,0.867014342,-0.330021634562123,-0.138589507345792,0.605408266251938,0.513831251538064,0.629682398491536,0.0697956887183463,-1.15001286046579,-0.151508220747711,0.890113919907172
"36047018700",0.314425718,0.348647994,1.01,2.30668463,1.202804746,0.280978945107067,0.306490083222069,0.703097511413113,1.19896567856813,0.794260826719983,2.64432580327084,1.2307078858996,2.25940295912345,3.23966586802109
"36047018800",-0.236469164,-0.117717256,0.389,0.243604865,0.706601467,-0.256789744217408,-0.113972219050431,0.335757695683344,0.226023292875373,0.540346444897912,-0.885485578431008,-1.55579930670328,-0.585436506291192,0.379476968439712
"36047019000",-0.448557856,0.158107596,0.568,0.339437935,0.728467153,-0.577246548402742,0.155385000026275,0.456158222423682,0.299688161310481,0.553003778413258,-0.323781784244641,-1.42696283738466,-0.533977239153357,0.391572283431863
"36047019100",0.812091662,0.364906083,1.069,1.805151915,2.175561798,0.599985106024589,0.318385425513033,0.731887008875876,1.03501622638775,1.15862866216649,3.46036760209939,1.58439915642855,2.50422888864262,3.41619961170602
"36047019200",-0.022159763,-0.1435875,0.494,0.027454329,0.461842105,-0.0122342977509758,-0.143394155883273,0.408128225527648,0.0367699519128332,0.386514748928316,-1.41643854318819,-1.91247850407612,-1.00105702485135,-0.0875632788059521
"36047019300",0.302168847,-0.078942248,0.435,0.528330844,0.887563884,0.271681376601245,-0.0714339714055731,0.368109321564396,0.43069796108388,0.640570897178092,0.0296412681839485,0.569395775810391,1.51540168784974,2.45301222007923
"36047019400",-0.400770655,0.206909417,0.203,0.618393732,0.81,-0.49556048939046,0.196314379846576,0.193096629961913,0.487594088462172,0.598836501088704,-0.135770870843677,-1.56477598976612,-0.620066080380716,0.332056923532889
"36047019500",0.936238542,0.050850237,0.522,1.328127765,1.332878581,0.66589855692973,0.0590706969827229,0.4265740713184,0.849350508691079,0.851380336159804,1.66890978605337,0.761884648086204,1.76166793519811,2.74341437856905
"36047019600",-0.412849306,-0.145916543,0.329,0.123784166,0.748982361,-0.515585778681321,-0.146085921092957,0.291923066709035,0.125560857384548,0.564735437848405,-1.20625085882426,-1.94993969982798,-1.03024663994406,-0.130146545326155
"36047019700",1.131777266,-0.311725082,0.373,1.433558364,1.135294118,0.761635982491849,-0.35914238843484,0.324255052682621,0.893455322853093,0.763276660928891,0.817162642187006,0.442690959729584,1.32608503914015,2.20920972888796
"36047019800",-0.425928816,-0.293079974,0.054,0.110693327,0.939189189,-0.537732413170984,-0.332790984352491,0.0620353909194527,0.11394753574385,0.667413485593832,-1.54879702553688,-1.83896088760827,-0.916854232710764,-0.0214524064982721
"36047019900",1.327841321,-0.007784664,0.6,1.328458365,1.315934066,0.849227991200014,0.00221288576127089,0.476234178996372,0.84949189387735,0.844121707177076,1.70916210322911,0.587969185805366,1.55507296122638,2.50296932199934
"36047020000",-0.402886665,-0.401999131,0.145,0.171345382,0.729907773,-0.49903979200709,-0.497578967740676,0.144100343973757,0.166653943232645,0.553832107798686,-1.86644629367732,-2.02985793759145,-1.14051498399883,-0.227900415042361
"36047020100",1.322201645,0.348789704,0.462,1.122055436,1.522670025,0.846812733446442,0.306594380001519,0.386622020306684,0.757086507841728,0.929274092103289,2.10711197401109,1.31890885982143,2.27446255371203,3.21829720602827
"36047020200",-0.283930197,-0.095972426,0.052,0.687516314,0.536009445,-0.320109121396284,-0.0898945394928936,0.0601539228197471,0.529166191008362,0.435677059460928,-0.981359192019402,-1.86478081101962,-0.895330144504443,0.0511071271475014
"36047020300",2.428978979,0.677046817,1.931,1.701444698,1.870738636,1.23517461889873,0.522979554808875,1.07874965957186,0.997481591737865,1.05804673209817,4.16971573355992,1.937270410426,2.88661369511874,3.86590496527664
"36047020400",-0.158610681,0.093636821,0.069,0.2447469,0.849035187,-0.160885770886415,0.0986109272480523,0.0760346862759976,0.226933878938178,0.620057636478412,-0.653915627364743,-1.73230376582292,-0.714203513644518,0.291789809193789
"36047020500",1.320514761,0.087454988,0.532,1.476493235,1.500628931,0.846089170644541,0.0929938519142795,0.433080275141138,0.91087337847722,0.920533291875765,2.07617646651933,0.870593765335163,1.86832300601683,2.84496584590243
"36047020600",-0.351723433,-0.172179671,0.178,0.53787244,0.768934531,-0.418130121374588,-0.176951606022598,0.172271220940453,0.436881368671438,0.57601460699472,-0.822470568268016,-1.61531803947976,-0.707403473873721,0.190473125696458
"36047020700",0.860037729,-0.257552169,0.327,0.815168595,0.9922049,0.625958606598793,-0.284423612337124,0.290428298119806,0.601672363589527,0.694249023308213,0.181583208746645,-0.382697698340073,0.679216532016639,1.76804938127742
"36047020800",-0.526954744,-0.228846109,0.123,-0.064773034,0.425301205,-0.727644931996354,-0.246983105019048,0.124868982045869,-0.0563302046645755,0.361374726140585,-2.45171867778546,-2.2881504904157,-1.3968793452861,-0.507167502915014
"36047021000",-0.437892857,-0.232401937,0.265,0.20498958,0.799721836,-0.558428992206154,-0.251545516836953,0.242946178610389,0.194735500624049,0.593173151699526,-1.26083052619683,-1.97664225988157,-1.05150184238031,-0.141717008126746
"36047021100",1.209192487,0.240034079,1.53,0.626583704,1.325095057,0.797143385118482,0.223170814142575,0.932164081030445,0.49261096183317,0.84805259992822,2.01028632958297,1.28656021292104,2.26055133748148,3.22066074665782
"36047021200",-0.525703036,-0.111709544,-0.165,0.003743749,0.959876543,-0.72505699843423,-0.107261815316386,-0.168418651624963,0.0136501602139246,0.677970872258224,-1.7202020290055,-2.08315374063982,-1.19105025009595,-0.257036956601298
"36047021300",8.835884486,0.329029692,1.823,0.530268272,1.031496063,2.28705354919325,0.291945241220461,1.04133622084838,0.43195660385143,0.713682903291676,2.47666885870863,1.24267320220113,2.23553623964675,3.21281504509379
"36047021400",-0.241972623,-0.081129303,0.647,0.496551724,1.057632399,-0.263929899334392,-0.0737857350007673,0.505008738444426,0.409823412885316,0.72640418407575,0.136720600045549,-1.50424244586429,-0.56452819869506,0.381789191992576
"36047021500",0.984437259,-0.051290074,0.637,0.747742923,0.752010724,0.690361934861774,-0.0421667253489458,0.498955451195503,0.564030555919209,0.566455613761074,0.457098256377165,0.292594324498052,1.31485529201827,2.34551378423633
"36047021600",0.016151484,0.051424654,0.049,0.374182116,0.806622517,0.0258153810742661,0.0596120189542195,0.0573250666192694,0.325109435243909,0.596979017142923,-0.549275673942304,-1.63268657538581,-0.68900460977644,0.233365780302304
"36047021700",4.283330226,-0.041973469,1.426,0.799836117,0.848673947,1.666447580123,-0.0324957840233027,0.890357349847651,0.593236298084538,0.619863301748009,1.56646014968613,1.17824478110806,2.13094055727235,3.09218049549707
"36047021800",-0.111640951,0.240049307,-0.091,-0.203626556,0.943089431,-0.107185458742839,0.223182996136253,-0.08446915662645,-0.215208313754907,0.669412442448801,-1.24617118895139,-1.74460130374573,-0.866240004412351,0.0481358970364663
"36047021900",28.91755977,0.553352013,1.381,1.132664668,1.012012012,3.3987797873012,0.446832242332767,0.871711688476188,0.762050226412695,0.704093061233453,3.50067702965946,2.03514892419821,2.87747939749575,3.74080090928914
"36047022000",0.023392548,-0.073953822,0.571,0.035331729,1.156509695,0.0328471256972788,-0.0660904682514138,0.458057558227335,0.0443342790612209,0.773117437147427,-0.262619952516635,-1.39630017064488,-0.491738605355616,0.434016516586875
"36047022100",8.274222041,0.635167237,3.246,0.925243687,1.041237113,2.22831640464925,0.497842042879705,1.44832975203934,0.660233254986527,0.718443080891764,3.64914467127304,2.32747345920805,3.23992413007534,4.16924858934736
"36047022200",0.040137966,0.088097299,0.289,-0.094783272,0.76298269,0.048921551728185,0.0935789539153818,0.261594737688462,-0.0885943805516157,0.572663263931044,-0.969054135724874,-1.66390548444028,-0.698357775966839,0.253846120296494
"36047022400",0.151962589,-0.263044547,0.527,0.013114286,1.174486804,0.150110462558598,-0.291749730165682,0.429832464556459,0.0228511972497028,0.78138092864952,-0.597400091467359,-1.35262504560172,-0.412439832127342,0.553633229786516
"36047022600",-0.281977261,-0.064182311,0.17,0.641182821,0.99543379,-0.31742299638314,-0.0557054462616975,0.165514438477573,0.501491892302342,0.69586039147207,-0.207693238654716,-0.980105849904585,-0.0180242527350415,0.942148739409615
"36047022700",4.433073179,0.4006252,2.382,1.095060674,1.449744463,1.69434382396944,0.344033010370779,1.22141971792966,0.744344290471917,0.900057467719432,3.48340217159615,2.22886262462264,3.10342494361081,3.98435158640241
"36047022800",0.25301481,0.219123831,0.167,0.371320402,1.02130898,0.233501569348694,0.206301583034643,0.16296882827814,0.323039854758767,0.708680402982057,0.161695173203315,-1.03038819456638,-0.00763893014533461,0.969235765396925
"36047022900",13.96653329,0.646247893,1.703,0.640473144,1.483231707,2.70648452874332,0.504554738600643,0.998055033676795,0.50106200074583,0.913579743262998,3.52509818190497,2.22725019984385,3.22790466228362,4.2348295159399
"36047023000",-0.007687007,0.231456693,0.803,0.287438875,0.807901907,0.00231032214933748,0.216285442554604,0.594982931772714,0.260392225121614,0.597683037753926,0.239707396839307,-1.10413286806828,-0.111835426018265,0.881739881336319
"36047023100",4.449367172,0.544896799,0.816,0.891376869,1.326656394,1.69733288047549,0.441409176226225,0.602127782172777,0.642578291622135,0.848721016077713,2.56672102965742,1.49185949525152,2.42968617819044,3.3943702472337
"36047023200",0.004740909,0.244002164,-0.149,0.306909248,0.591608392,0.0146333178398779,0.226340167887071,-0.149660774554406,0.275287512262345,0.471008369325331,-0.952639158676641,-1.63137709232603,-0.698102256338492,0.261067655908029
"36047023300",9.233576043,0.43670554,2.123,0.520670019,0.813043478,2.32665078159644,0.369288930050928,1.14199101197005,0.425705560459998,0.600507345110426,2.44810416412013,1.85270599823796,2.77591289587934,3.72353281344897
"36047023400",-0.005929985,0.198045046,0.153,0.225140713,0.834210526,0.00406175489386857,0.189003388552478,0.151002873536527,0.211184901241361,0.612051286730517,-0.398563124830012,-1.4738439166486,-0.497510840701296,0.439735618617935
"36047023500",7.704324769,-0.020881691,5.593,1.456279916,1.10989011,2.16496819679648,-0.0109413296402999,1.88752409121243,0.902710908438239,0.751364252434786,3.88666868017256,2.19726578278258,3.18473025179213,4.20425608763617
"36047023600",-0.035454334,0.29286825,0.919,0.185887513,0.890374332,-0.0257839001781262,0.264568180213885,0.657001733923592,0.178888598429624,0.642050883609231,0.35182363810904,-1.18310359830486,-0.202416739486389,0.732191044575398
"36047023800",0.0129898,0.153694004,0.466,0.118048745,0.90080429,0.0227295162452951,0.151599431587899,0.389335726178281,0.120489365794667,0.647524247664078,-0.210658287650076,-1.39773866418632,-0.478451307816612,0.422764437830099
"36047024000",0.031048805,0.026883636,-0.158,0.081776417,0.792963464,0.0402286713388626,0.036219710800702,-0.160168752152821,0.0878061100223241,0.589431680011425,-1.25474277003085,-1.88258543988948,-0.932716943313288,0.0222013159696158
"36047024100",34.56144232,0.700178201,3.284,1.299970747,2.184534271,3.57154313391534,0.536597576196079,1.45721869945659,0.837234860817154,1.16144130912918,5.6796616434112,3.14453570524326,4.06629607371242,5.00104020711278
"36047024200",0.041749281,-0.212114565,0.557,0.836763729,0.627020785,0.0504547598657257,-0.2257902570017,0.449162963373884,0.613434771540136,0.492877995315111,-0.258965120471448,-1.54507197294969,-0.578585976579402,0.389509748294172
"36047024300",12.10090324,0.534991999,3.099,1.118178893,1.063339731,2.57344419242749,0.435018731695523,1.41317968990127,0.755266634205427,0.729160703769536,3.84487464240113,2.70490700291872,3.61035657469617,4.51594642921495
"36047024400",-0.051716525,-0.137143,0.391,0.244294455,0.714462299,-0.0426116418591563,-0.135983539537944,0.33718626735487,0.226573227246246,0.544915291166799,-0.8102731341342,-1.71698654559717,-0.701589457737336,0.31627167419077
"36047024500",4.602770542,0.45031981,1.563,0.833851125,1.073170732,1.72504445538101,0.378655459677952,0.945072533299607,0.611856387059553,0.733891123394247,2.58199887159816,2.14440574908927,3.09634428200362,4.05463862071048
"36047024600",-0.075254943,-0.224845929,0.445,0.113920954,0.685788787,-0.0674814531838275,-0.241875311668119,0.375005900623456,0.116823423375761,0.528147993647483,-1.15208464914655,-1.72840065799251,-0.81580439417749,0.11111218566123
"36047024700",49.84427015,0.609846993,1.708,0.511359198,1.38619403,3.92896409438673,0.482331696018295,0.999896315728952,0.419604144501835,0.87388165777577,3.8018215059677,2.48842535734412,3.3146148372092,4.1841250945409
"36047024800",-0.409744864,0.140523841,-0.184,0.586432443,0.921779141,-0.510400487482562,0.140217352573234,-0.191160505461159,0.467771416586792,0.658441413003137,-0.591396951790626,-1.59801277715985,-0.6527395536795,0.306795631998799
"36047024900",12.79529188,0.749419381,1.726,0.783641821,1.345238095,2.62505198822271,0.564983857462931,1.0064969997603,0.584248089856968,0.856641824268755,3.58665078841482,2.55603079805303,3.47133525613522,4.39256655591624
"36047025000",-0.413977674,0.100815419,0.024,0.350006353,0.586705202,-0.517477152886842,0.105094357340844,0.0334347760862374,0.307489371060579,0.467942257327774,-1.09409034990714,-1.69254694759021,-0.760674482911136,0.124530165515922
"36047025100",102.5542758,0.664513265,3.083,0.723458992,0.95154185,4.64019244217315,0.515522534988437,1.40927819751027,0.550118829676224,0.673730822152332,4.39833218339527,3.06156584643867,3.93389192865674,4.81912761881177
"36047025200",-0.305500107,0.097881189,0.331,0.267402117,0.767605634,-0.35026709952418,0.102449352431125,0.293415604299541,0.244828419416563,0.57526730934015,-0.540825346573184,-1.49256427810692,-0.553114758653351,0.396179283653413
"36047025300",104.6371398,0.911474732,2.048,0.581004087,1.578856153,4.6601046712867,0.65309298079318,1.11776110750687,0.464365318176989,0.951216138391541,4.78660287145178,2.97488569964105,3.82640043898309,4.70320452260061
"36047025400",-0.406904765,-0.106171604,0.917,0.069462833,0.555862069,-0.505680159402039,-0.101115764043097,0.655964389432229,0.0764635405513805,0.448436515145407,-1.0455886333716,-1.63841893288712,-0.739290386691767,0.171642154593579
"36047025500",5.056266896,0.373884282,1.011,0.799726442,1.374429224,1.80274340697965,0.324894242428184,0.703592438421484,0.59317569683881,0.868959776621356,2.53459541254002,1.85672339557051,2.74994836859531,3.67556594449182
"36047025600",-0.623198279,0.030769593,0.472,0.249035006,0.895863053,-0.949843066085078,0.0399604327624889,0.393392526873895,0.2303455592825,0.644934952178449,-0.626531025868167,-1.46849560946106,-0.562144596229137,0.337245023841709
"36047025700",5.891992335,0.693680511,2.697,0.448735842,0.895172414,1.93181011412753,0.532790917283411,1.3102229241686,0.377570199001692,0.644572510519985,2.75673467445713,1.71549942907989,2.60633006562295,3.48100280700825
"36047025800",-0.420576013,0.029767846,0.301,0.202729375,0.772661871,-0.528609512187348,0.0389974632348726,0.270790204781563,0.19287350119585,0.578107680403421,-0.819901177377726,-1.72750434702561,-0.678333801643894,0.389531140857689
"36047025901",10.26622918,0.424853473,2.811,1.587235312,1.326599327,2.42269689762851,0.361062734590398,1.34051216846476,0.954447537740269,0.848696593275534,4.19510182593374,2.34206564112303,3.26428274632024,4.2069563673629
"36047025902",-0.04764454,0.195582934,0.334,0.437246113,0.346153846,-0.0383713955256271,0.186963212622791,0.295650242100958,0.369662518189988,0.304652638834799,-0.732031373643621,0.208681106346981,1.24015660351863,2.30516050592053
"36047026000",-0.480676521,0.056687899,0.507,0.32544066,0.772486772,-0.636155542515195,0.064558426251963,0.416734700366395,0.289261319784007,0.57800945224091,-0.490103090083659,-1.45859135875277,-0.502336046139186,0.444066715239468
"36047026100",42.56893923,0.713833691,5.472,2.213269886,1.689013035,3.77457398846759,0.544550700650912,1.86902910471936,1.17039633683915,0.992886163590711,6.42625378035529,3.58042108612178,4.51764654549113,5.47393703796305
"36047026200",-0.413947716,0.311321573,1.226,0.454054054,0.693502825,-0.517426890932171,0.278632427406845,0.804688555292853,0.381209336988662,0.532686616467964,0.403901687551212,-1.14435529264225,-0.180171043672781,0.769246337435186
"36047026300",74.59624665,0.734130438,1.763,0.772815884,1.010810811,4.32553890741751,0.556256115121166,1.01992976663364,0.578194071631009,0.70349882246122,3.95417958395403,2.87047135753304,3.79136854981224,4.77382770902218
"36047026400",-0.416919367,0.123163199,0.728,0.337042554,0.647552448,-0.522424914523243,0.12501301315568,0.5527350268432,0.297911488614447,0.505342085412852,-0.343930944879431,-1.29074025631808,-0.412848950279975,0.446803554087459
"36047026500",23.34403493,0.477995176,1.405,1.196340689,0.777950311,3.1926975413451,0.397429694470161,0.881699287104536,0.791335346350413,0.581069886096709,3.09623788805641,2.4073587997485,3.3529659999878,4.28857637609853
"36047026600",-0.35740129,-0.072466713,0.133,0.444403703,0.643478261,-0.426792871533421,-0.0645030156345656,0.133656384812674,0.374595990504943,0.502881106089904,-0.987160356908521,-1.69115245321797,-0.729521758902156,0.244173819066477
"36047026700",29.82580923,0.179012114,2.043,1.65485117,1.045608108,3.4286766519778,0.173122806050352,1.11612471375274,0.980148209904507,0.720571720475308,3.80687256937975,2.44492721670805,3.45887654796748,4.45645906895531
"36047026800",-0.401263351,-0.055587553,0.25,0.513493671,0.732467532,-0.496369536653359,-0.0466593665818803,0.231111720963387,0.421006165184916,0.55530223048038,-0.665923372168954,-1.64244407682009,-0.597892444409807,0.455973876401156
"36047026900",21.23900638,0.234564675,2.317,0.878025925,1.092257002,3.10229735053644,0.218785810137299,1.20207099703634,0.635531799090898,0.743011530442412,3.33046965233194,2.24609027212766,3.18294593378874,4.11297604980477
"36047027000",-0.148974483,0.550124161,0.31,0.462832432,0.87388724,-0.149631138524336,0.444765408478914,0.27763173659828,0.387187371335236,0.633337322982964,0.412177973065613,-1.00127955275586,-0.0837929275979203,0.817602726141679
"36047027100",12.45882071,0.329908409,3.813,0.784893645,1.235099338,2.60037743722063,0.292601260134213,1.57339614108683,0.584945769488472,0.808749768767618,3.76031308364509,2.06612541592414,2.87759475501378,3.70421201273959
"36047027200",-0.348215762,0.019617268,0.369,0.399585498,0.733425414,-0.412815700641352,0.0291871487209103,0.321358598811165,0.343295688121884,0.555851806751911,-0.529299147822697,-1.13308664924148,-0.318232523710201,0.499200371340728
"36047027300",24.17823834,-0.181550042,1.177,0.664951894,0.744525547,3.22637715302416,-0.188198844663917,0.782530741694631,0.515784444864603,0.56219847677867,1.61868814619794,1.30466421174215,2.3281867479183,3.31701262772954
"36047027400",-0.394840055,-0.106930247,0.313,0.469939836,0.588162762,-0.485872971818052,-0.101955482701282,0.279901885132819,0.392001435598384,0.468854695724319,-0.941436563133734,-1.63715444818206,-0.654167251085687,0.361964270319072
"36047027500",8.572234343,0.544814815,2.463,0.756375421,1.500813008,2.25991079474714,0.441356448507262,1.24501877376194,0.56892966226198,0.920606608266682,3.67022774000492,2.18426084016466,3.10740053802852,4.00957366006429
"36047027600",-0.492236731,0.300989668,0.271,0.537683459,0.768571429,-0.658237150835902,0.270782323743642,0.247641022914597,0.436759270407733,0.575810474096367,-0.167638868003962,-1.1229322663665,-0.21711223750279,0.702884754415041
"36047027700",11.22311258,0.155260402,1.041,0.829732993,1.312260536,2.50414642099799,0.152944583070603,0.718327479090244,0.609620448591057,0.842541080254424,2.5674611599406,2.02735316962341,2.96401423592725,3.8655041418188
"36047027800",-0.376587971,0.461613076,0.508,0.857981522,1.005943536,-0.456634153899102,0.386359129775736,0.417393678973438,0.624858447894771,0.701087341880385,0.917894890355493,-0.753714067219552,0.213108950129,1.16577660543578
"36047027900",86.60321666,0.378009153,2.859,1.141356828,0.863414634,4.472931861676,0.327870456443273,1.35299607571838,0.766098725881265,0.627762773228168,4.21548917958632,2.69866824703456,3.58049495663346,4.47491254709368
"36047028000",-0.392389825,0.116181442,0.279,0.358323217,0.775631501,-0.481897805342516,0.118832655279595,0.25386672395705,0.313586061029902,0.57977213473831,-0.50026560339258,-1.26873220057836,-0.259856573566074,0.751250333002335
"36047028100",23.79912085,0.134753389,2.069,1.058166821,0.868486352,3.21121136176752,0.135189233022404,1.12460486894236,0.726662621187682,0.630466320634187,3.03122774291408,2.26277057493909,3.16822008544098,4.08991373250678
"36047028200",-0.254494478,0.086172073,0.404,0.591894147,0.688172043,-0.280368188229211,0.0918241771148791,0.346422567474381,0.471186770932497,0.529552403722375,-0.201860207745865,-1.27762713550822,-0.206162395525495,0.881653854007807
"36047028300",7.831422018,0.446045778,0.929,1.512608664,1.020408163,2.17944772547739,0.375724390214304,0.662172376260515,0.925293550216711,0.708236838359975,2.87423556024704,1.80527181787564,2.76488781567107,3.72614433900375
"36047028400",-0.236949578,-0.206715047,-0.082,0.646234266,0.676880223,-0.257411003544025,-0.219045767460441,-0.0747235461959364,0.504546510933687,0.522880801043212,-1.14150315077938,-1.42895033311261,-0.49417716902994,0.440981488129296
"36047028501",3.248833333,0.569748027,7.027,1.208101358,2.127407407,1.44899525728032,0.457265357738855,2.08405587923058,0.796651585810117,1.14339679230928,5.29869837303147,2.40189158903699,3.36493563532188,4.34198962745106
"36047028502",-0.075865971,0.185921996,0.346,0.329623288,0.995412844,-0.0681353510484346,0.178917432665689,0.304539189518204,0.292388446080626,0.695849946794468,0.0832274164100823,0.798936748280113,1.73906251595364,2.67306576525303
"36047028600",-0.337400847,0.307778576,0.102,0.376644068,0.736187845,-0.396605738969059,0.275947421966735,0.106160195828391,0.326886488356878,0.557435037541114,-0.445478418626881,-1.29837162825072,-0.302976547938172,0.696229071498257
"36047028700",1.050925433,0.164842172,2.426,0.644761905,0.606714628,0.723155121244106,0.161133816872027,1.23430800412201,0.503657134431263,0.480396082645355,1.38179179900252,1.29446108653333,2.24753283975135,3.20327319331036
"36047028800",-0.235453693,0.54580145,0.651,1.002111498,0.708737864,-0.255477831370897,0.441990814786503,0.507419830631158,0.699184667203049,0.541590221462361,0.933233363667815,-0.759681076126169,0.194908949309875,1.1402696956368
"36047028900",6.146067416,0.562871411,1.409,1.190757214,0.84057971,1.96796058650763,0.452902873118602,0.88335423162789,0.788801489326924,0.615498946761016,2.72238510944391,1.95398826246076,2.86966285658582,3.77289703042893
"36047029000",-0.086525032,0.110272213,0.458,0.811404448,0.637333333,-0.0796115852868158,0.113571703097216,0.383900930192324,0.599607878226122,0.499157818695961,0.10101118568146,-1.07509569435652,-0.0991260000618051,0.85995648095056
"36047029100",8.879451991,0.428571126,2.018,1.14949654,1.006451613,2.29146873368485,0.363650347347429,1.1079023355752,0.769875111194599,0.701339339506567,3.19012332311284,2.1433509668369,3.06541693480807,4.02044904694187
"36047029200",-0.321072543,-0.02061123,0.2,0.704111024,0.76744186,-0.372619300884587,-0.0106679305662653,0.19062035960865,0.538894592873591,0.575175173299553,-0.367249578732041,-1.36500958559672,-0.331329937237565,0.680225924053101
"36047029300",2.780832602,0.271356897,1.732,0.284066024,1.237529691,1.33258567887237,0.24791959222922,1.00868758114012,0.257789217960996,0.80983169795491,1.90108669054404,1.72102008659342,2.67169523115759,3.57937500948507
"36047029400",-0.169591912,0.094634146,-0.097,0.358747656,0.672108844,-0.173867686069025,0.0995141905546957,-0.0910193983871685,0.313896202069792,0.52004827051535,-0.968635042828213,-1.81887213192173,-0.775545504387362,0.304412100032482
"36047029500",41.97611723,0.425315681,1.31,1.260003717,1.109567901,3.76087720844835,0.361384811777627,0.841567185678219,0.819781468936905,0.751212247626725,3.70437719627318,2.09876346755342,3.00995306503973,3.94784297008809
"36047029600",-0.23237128,-0.149807818,0.662,0.213149861,0.781546811,-0.251506092361578,-0.150599447257853,0.51402051466251,0.201429384766441,0.583079386921921,-0.651457293413263,-1.47005099495229,-0.591715321431844,0.299971833697837
"36047029700",1.448853195,0.286526703,0.78,0.760406488,1.19650655,0.899695060353867,0.259688922005077,0.582215619852664,0.571209174456528,0.791410518225212,1.6638507584133,1.27005368893457,2.16277828886075,3.07854691494255
"36047029800",-0.42618892,-0.257794233,0.483,0.172562395,0.731081081,-0.538177841639791,-0.284745366131367,0.400787518557053,0.167683605319606,0.554506231212259,-1.243380696051,-1.86938341383363,-0.839481527282238,0.169922354197249
"36047029900",0.323468291,0.331497421,1.153,0.300861878,1.261818182,0.287783285579559,0.293786468406852,0.771496146970922,0.270684843014578,0.820580472128522,1.26184313538176,1.0076868735502,1.90644259308012,2.7880375603376
"36047030000",-0.470173938,-0.114683677,0.241,0.188207979,0.606770833,-0.616508298718958,-0.110578189630643,0.223943231484774,0.180827089800915,0.480430846989085,-1.39805138307077,-1.93759713915652,-0.91118341910581,0.0810011565513513
"36047030100",8.692598245,-0.118417831,1.389,0.947125864,0.992248062,2.27239370995045,-0.114757676548824,0.875051983857558,0.671477001113334,0.694270580310086,2.00076150882772,1.13625780079246,2.01528136556205,2.87482265894048
"36047030200",-0.506263237,0.077533661,0.674,0.300948744,0.764705882,-0.685701442989566,0.083912436145357,0.521171915820135,0.270751107144644,0.573634708915881,-0.393854150202837,-1.57250381530753,-0.567016427774689,0.425350899544687
"36047030300",2.898868835,0.273681352,1.137,0.575460801,1.166666667,1.3632480316303,0.249732006244641,0.764071518896644,0.460875091259542,0.777794654773369,1.86595109922293,0.820959096888507,1.78005076304086,2.72862211880309
"36047030400",-0.275185429,-0.195872066,0.394,0.129618413,0.5,-0.308137095952093,-0.205637758252881,0.339325305603619,0.130693480934744,0.412109650826833,-1.50911501695279,-1.95111145984845,-0.947049123266322,0.0727580860832925
"36047030500",11.0487349,0.986587983,3.874,0.232273839,1.453194651,2.48978928529908,0.691439715170231,1.58596455624846,0.216943441495274,0.901459146060352,3.94711596998806,2.1063750412467,2.96600229090471,3.807405881366
"36047030600",-0.343059679,0.503213922,0.641,0.674461226,0.55227882,-0.405054710832648,0.414235814104491,0.501381164937991,0.521445765493287,0.446145537408537,0.295186669870636,-1.18580841953356,-0.269239118388272,0.65238702421717
"36047030700",21.80447255,0.352919152,3.871,1.163070175,1.409090909,3.12739509554978,0.309628834740886,1.58535011690501,0.776140994816357,0.883391812153647,4.52687644365694,1.7649634384969,2.63707286406916,3.49174929706169
"36047030800",-0.104658299,-0.145479934,0.814,0.385594968,0.573355818,-0.0994428363781431,-0.145580763023481,0.60103189165214,0.333320824706326,0.459546530119714,-0.555031657781429,-1.26288539247392,-0.346146614436039,0.551493990785805
"36047030900",2.65448505,0.134984833,4.607,0.146186294,1.748663102,1.298687820692,0.135391390630261,1.7257977135503,0.145126911245517,1.01474617904422,2.92836299315011,1.57775671229169,2.47763139186496,3.39862550840368
"36047031100",29.29355466,0.483559793,3.534,0.649820273,1.122040073,3.41126502114595,0.40116239335974,1.51380768141885,0.506709327229802,0.757079302093185,3.95043830056343,2.03289907007407,2.98839696092928,3.93852639602128
"36047031300",2.546607943,0.166914106,2.431,1.203799985,0.813067151,1.26880726563764,0.162895848554861,1.23576212681534,0.794710489193707,0.600520330454212,2.39489076985718,1.83377248381529,2.75603944251426,3.6793855958032
"36047031400",-0.07966554,-0.191177437,0.506,0.744708224,0.688380282,-0.0722111230791867,-0.199887869394892,0.41607528722018,0.562302588965025,0.529675021589162,-0.309158190206045,-1.39754599852532,-0.351539963579606,0.716048857925308
"36047031500",26.81667258,0.485215375,3.786,0.952355072,0.82942097,3.32599500604686,0.402270260011644,1.56778223716527,0.674145319285059,0.609450831878146,3.89471898297684,2.3836303118712,3.40078983908636,4.44406031146954
"36047031701",65.77544161,0.643584562,2.17,1.660829256,1.081395349,4.20148511682017,0.502945393347646,1.15688119679209,0.982389006962849,0.7378314743107,4.73477615899262,2.51329777010623,3.42397710757492,4.37489862101619
"36047031702",11.4551806,0.748137419,2.507,0.782218026,1.190977444,2.52293920543855,0.564254964012365,1.25760835349185,0.583453973446638,0.788901554422753,3.68675474923665,1.76276471298896,2.64333760674519,3.55679627184051
"36047031900",0.819815945,0.663143049,0.388,0.304081356,0.796825397,0.604215385292442,0.514703922832352,0.335042643811619,0.273137832909858,0.591571381042228,0.631127202944291,0.148306112453946,1.05461657178558,1.96918193628511
"36047032100",5.89675404,0.539652334,1.641,0.416403683,1.051482059,1.93249977922231,0.438030605126842,0.974936927306888,0.355156369588138,0.7234251702407,2.35410906187456,1.21406226187671,2.13860453106731,3.07732427499477
"36047032300",11.61700711,0.320522952,1.254,1.188656902,1.103448276,2.5358379415355,0.285572061944463,0.817133160340937,0.78784667484291,0.74832086757643,2.96307938542258,1.53717820044635,2.47826215765857,3.44083045299152
"36047032500",25.34985515,0.267164977,0.927,0.596058308,1.048154093,3.27184221455092,0.244642759778781,0.661140384424859,0.473782921216693,0.721809509730333,2.45370922638437,1.33262059979577,2.34655733195439,3.34600926047954
"36047032600",0.353482832,-0.003648361,0.867,0.74488568,0.763546798,0.310042332098458,0.00633155235156502,0.629674757604372,0.562403715195014,0.572981382253007,0.538271918225547,-0.638579656955086,0.304715826370076,1.27182448409399
"36047032700",4.575967334,-0.164274942,1.24,0.460280374,0.781055901,1.72025761967202,-0.16756096274052,0.810930216216329,0.385453113216119,0.582805334763456,0.860040862940032,0.754356410476085,1.6434196670741,2.51224253331586
"36047032800",1.050613956,-0.014605287,-0.07,0.97266303,1.468208092,0.723003975290521,-0.00461592400437882,-0.0618754037180875,0.684440905698123,0.907535755468107,0.858428835014895,-0.559955778909655,0.509772611622078,1.57779727288347
"36047032900",1.274206566,0.092756203,1.882,0.484565014,0.967340591,0.826018728159614,0.0978126850154299,1.06194830429652,0.401835203970304,0.681752806032398,1.44343715814466,0.51491332962282,1.40227530085657,2.29151933131101
"36047033000",0.232193391,0.171933478,0.442,0.300251147,0.198218263,0.216878680729621,0.167151638212356,0.372941916402604,0.270218834105212,0.189146764483115,-0.997548045444654,-1.40520815142933,-0.304276865218654,0.732090342353532
"36047033100",0.18472448,0.096243613,0.593,0.899548416,1.011532125,0.177915598130821,0.100970143764013,0.471876873627416,0.646866782690613,0.703855701637023,0.882209185019188,-0.248663402771745,0.678272480294348,1.60300014533951
"36047033300",0.151068833,0.33158749,0.248,0.136576056,0.652399481,0.149340988641341,0.293853606796446,0.229523158278249,0.136780158664647,0.508262029163547,-0.455624641535716,-0.733046449601785,0.301887573618888,1.28553364900429
"36047033500",0.704534211,0.29521848,0.506,0.664178526,0.723097113,0.539141446644188,0.266370444386411,0.41607528722018,0.515322612736999,0.549910046670639,0.627173457890217,-0.301153589295089,0.779222910124621,1.85387717967085
"36047033600",-0.06000423,-0.033733713,0.769,0.898562376,1.286858974,-0.0512977470290425,-0.0240198947407722,0.576051408683698,0.646350275928165,0.8315425260886,1.03596302462251,-0.466826242708215,0.556037178382893,1.57468547225742
"36047033700",0.431440731,-0.131510726,0.738,0.855442792,0.836158192,0.365643121052621,-0.129551580877444,0.558472277233344,0.623498446899554,0.613106826883638,0.469303786952554,0.0745740631005292,1.06133449565271,2.0610026933807
"36047033900",31.95006748,0.169752805,0.579,0.330730999,0.646774194,3.49529675236927,0.165304929243911,0.463104887554579,0.293214986861773,0.504872455169145,1.36227484468396,0.913054730468285,1.82420208274134,2.74250567545905
"36047034000",-0.007965558,0.509837035,1.713,1.068070953,0.719557196,0.00203237532541935,0.418603115294584,1.00173421369162,0.731440036944932,0.547865419677978,1.6954378838748,-0.143286766414097,0.908641051169178,1.99266675151303
"36047034100",3.558831122,0.312661374,1.115,0.553300134,1.148514851,1.51925740019963,0.279645899234414,0.75377180237638,0.446799057317251,0.769420416230635,1.92285460023111,1.5605278870317,2.45319381983888,3.3744906713046
"36047034200",0.871801541,-0.112004758,0.888,0.586911241,0.508591065,0.632229584486994,-0.107590509134954,0.640800700187736,0.468071289103482,0.417782974071008,-0.00908244174853318,-0.806637667653767,0.216731290315866,1.21121135528381
"36047034300",9.717543495,0.093978514,1.324,0.610015044,1.213592233,2.37281459240807,0.0989204857089955,0.847583533864364,0.482435435620927,0.799124011106727,2.27647802543558,1.29680416616945,2.20868182964265,3.12386360284089
"36047034500",4.911319233,0.340899656,1.608,-0.21972279,0.889908257,1.77855926748217,0.300770782348415,0.962410667487708,-0.235371496337455,0.641805599217125,0.902490444948724,0.638095844703419,1.48065152272638,2.33127907589708
"36047034700",0.964375228,0.077286338,2.031,1.521809564,0.890196078,0.680252008053788,0.0836849938731875,1.11218640869523,0.928934289763025,0.641957079795118,2.18451978405569,0.659430674099093,1.5698158384954,2.48737474145008
"36047034800",-0.117068393,-0.081779579,0.512,0.764180921,1.084353741,-0.113245288944577,-0.0744860517706599,0.420025259439494,0.573338863467452,0.739245028935689,0.394472529503788,-0.871491600883353,-0.00854456851209219,0.874373671907224
"36047034900",1.306036313,0.012289538,0.542,0.257663064,0.98381877,0.839857238776087,0.0220447569419062,0.439544421761027,0.237175098307106,0.690051779746124,0.312568552369893,-0.389943009361179,0.599485464688394,1.60635758058547
"36047035000",0.109142892,-0.250301807,0.944,0.50372529,0.846017699,0.112563117334611,-0.274834039046278,0.669878553620591,0.41457369205251,0.618433170417679,-0.0478872008506228,-1.20806964459021,-0.0723870370266359,1.02323434501557
"36047035100",-0.238814874,-0.360629228,-0.007,0.371705218,0.772046589,-0.259826822697521,-0.431751428025683,0.00299550897979859,0.323318401580557,0.577762472926841,-1.52464796070642,-1.0850939290673,-0.0418090073169975,0.963053319772288
"36047035200",-0.058948864,-0.243522178,0.265,0.184889034,0.222222222,-0.0501874471147296,-0.26594951520498,0.242946178610389,0.178053322494444,0.208819223845714,-2.02480943725848,-1.15308058149893,-0.356503437165409,0.427856948789606
"36047035300",0.768202087,0.285576933,1.879,0.636129736,1.022727273,0.575602790362969,0.258956104050337,1.0609104214841,0.49842691810387,0.709378375622696,1.79739189678466,0.40576943743293,1.27694385805655,2.15750273424298
"36047035400",0.010296041,0.139002425,0.663,0.902406273,0.517374517,0.0200928214602897,0.138894109395288,0.514618422004687,0.648362277935944,0.423550259425675,0.240396387019978,-0.809217022982243,-0.0108863241989975,0.803249556947933
"36047035500",0.515681113,0.011487239,1.419,0.552016203,0.930875576,0.422440941824635,0.0212596427843909,0.887479650020036,0.445977424603129,0.663139199092515,0.961174957793759,-0.312836493258979,0.513314080130556,1.31211909672767
"36047035601",0.019655293,0.514381329,0.6,0.35831493,0.687969925,0.0292240792377584,0.421588641844947,0.476234178996372,0.313580004693949,0.529433375718162,0.32971648094082,-0.750865668980237,0.284544666507549,1.35200590715837
"36047035602",0.004285195,0.288275698,0.603,0.723991356,1.223684211,0.0141841230199944,0.261036997884919,0.478095799143072,0.550425893340158,0.803652334791406,1.14273300772327,-0.455126881247189,0.469577314688103,1.38247521044538
"36047035700",0.49154334,-0.060461007,0.626,0.338300654,1.244813278,0.406493472493542,-0.0517786826957138,0.492254238180555,0.298845024713029,0.813067165978567,0.478839311843032,-0.292493731639448,0.576970359402096,1.46986908297367
"36047035900",-0.925444742,-0.032718142,1.264,0.672062172,0.951972556,-2.47035001751674,-0.0229801751985775,0.821540395328344,0.520020524006756,0.673950373277758,-0.311564773210101,-0.131812514195181,0.792405766092941,1.71518361862069
"36047036001",0.057494047,-0.256515836,0.193,0.550199504,0.633165829,0.0653138895242972,-0.283047277725689,0.184818436992542,0.444813700264065,0.496624764576708,-0.933313772987341,-1.42509090793671,-0.334007663375406,0.72613779462666
"36047036002",-0.047290081,-0.01256858,0.263,1.344211856,0.848958333,-0.0380031389376977,-0.00257188446133663,0.24137631957527,0.856206003089246,0.620016294824857,0.482925484601972,-0.821022314967623,0.183713016443238,1.19568395921522
"36047036100",-0.65980327,-0.138027177,0.633,0.546298609,1.368544601,-1.0492601966954,-0.13699702184324,0.496523839055131,0.442310315441883,0.866488788448674,0.0818337865170753,-0.537512397012499,0.524500401124338,1.58437222140062
"36047036200",0.220171275,-0.141744643,1.682,1.245292551,0.927852349,0.207153407657707,-0.141269417495041,0.990284411782481,0.813279698907937,0.661580323259673,1.34844424758472,-0.355064455434851,0.553368168746153,1.48657525785822
"36047036300",15.88271636,0.148357321,1.074,0.850226087,1.666666667,2.82688254441308,0.1470028989112,0.734289123891121,0.620698032488783,0.984572239415094,3.0853928563739,0.867288582536516,1.7147114211701,2.5780247347651
"36047036400",0.230237466,0.203825096,0.603,1.521810921,0.862914863,0.215302866120944,0.193776609770225,0.478095799143072,0.928934825743162,0.627495967543636,1.31885911397668,-0.338967410998132,0.698317531159034,1.6946110797033
"36047036501",1.516316171,-0.345112586,2.231,0.783490309,0.7731569,0.926762182762272,-0.408137554915167,1.17588192415941,0.584163614574431,0.578385332766018,0.92101708280108,0.404390560191139,1.35734172676183,2.30944834051084
"36047036502",0.025084459,0.098401163,0.635,0.359358008,0.589424572,0.0344830262865476,0.102918583266331,0.497740384217335,0.31434202271005,0.469643922058862,-0.260845137996857,-0.15780557464394,0.771048632690809,1.68043906736864
"36047036600",-0.090966478,-0.074977377,0.446,0.234732824,0.769014085,-0.0844326806866997,-0.0671845542642366,0.375692949774494,0.218920907690181,0.576059326021665,-0.614597471974653,-0.94007938325209,-0.119533788441622,0.707199116811448
"36047036700",5.892039609,0.055941358,2.866,0.781161022,1.058020478,1.93181696343072,0.0638583129734424,1.35480369402852,0.58286402523491,0.726591858918238,2.64907940277028,0.683472247560905,1.61080180692693,2.52802592126301
"36047036900",2.643118828,0.157629276,1.466,1.072789563,0.890365449,1.29558127616447,0.154975433338845,0.90664435482235,0.733708131251225,0.642046209256072,1.98663885510142,1.03918162014133,1.93029987506242,2.80289010033133
"36047037000",-0.218229941,-0.124172276,0.297,0.438352224,0.704453441,-0.233484258866947,-0.121232789721361,0.267734434642085,0.370426513002161,0.539094336529943,-0.738024947808505,-1.15775658216649,-0.293448569087514,0.595313382846642
"36047037100",107.8828125,0.088265229,1.352,1.067413006,1.109677419,4.69036402684248,0.0937318703835753,0.859508717775171,0.731123372502479,0.751263916257228,3.5919130757161,1.68853769485978,2.76501855391015,3.84336464128801
"36047037300",6.530991403,0.4447208,0.407,0.095890411,1.082024433,2.02035365918538,0.374813992175843,0.348541960708543,0.100650812295694,0.738132225388777,1.1384361499381,1.17565285208877,2.06286603003286,2.95966418027469
"36047037401",-0.02849629,0.207621951,0.348,0.418837281,0.774647887,-0.0186694853440846,0.196899736050822,0.306013029136504,0.35686102332489,0.579221133587985,-0.0459492365631886,-1.05181012757622,-0.113124931263858,0.843914188196311
"36047037402",-0.253404467,-0.022976492,0.447,0.140760478,0.582047686,-0.278926470845046,-0.0130614222031113,0.376379527213068,0.140423009039826,0.465021040491181,-1.01801055152495,-1.38944005297863,-0.448977910076993,0.49217488180407
"36047037500",16.13558142,0.582785649,3.28,0.598936247,1.370994941,2.84174049726756,0.465484463807622,1.45628673293993,0.475573244478196,0.867518442764963,3.94309075088181,2.07450074287551,3.01162256564274,3.95099904892008
"36047037700",10.5473197,0.105598306,0.908,0.045829171,1.036697248,2.44731897649899,0.109390858304644,0.651282976461247,0.0543264023115468,0.716227395398855,1.17864696265071,0.754322239425143,1.74711087785042,2.72649351033047
"36047037900",16.28722998,0.893363284,0.803,0.166097329,0.769115442,2.85054637192067,0.643622470777928,0.594982931772714,0.162201608806889,0.576116298090421,1.91589158648422,1.024384880355,1.98677342349896,2.95371032665498
"36047038100",5.080979147,0.219440801,1.318,0.347568729,0.617073171,1.80680884827272,0.206559432673925,0.845009529869192,0.30569540064195,0.486782800182009,1.13328353101694,0.818093741030535,1.74844804091902,2.68231628247768
"36047038200",-0.059613659,0.036471417,0.862,0.254211688,0.525679758,-0.0508867023204669,0.0454239495829904,0.6270073780554,0.234448756385891,0.428973122102818,-0.452833429681476,-1.45918634302657,-0.396594292047681,0.64281983516269
"36047038300",1.124164133,0.263140613,0.749,0.996195258,0.94965035,0.758075063230226,0.241486771448528,0.564745465755421,0.696240021791839,0.672766064471385,1.46710756705103,1.10483713339736,2.07522496179046,3.02749863276996
"36047038500",41.86112074,0.404725824,1.932,1.111100349,0.933656958,3.75819842302534,0.346935748362943,1.07908962217925,0.751934986580288,0.664571228532852,3.65515743531785,2.09561273310829,3.11564824780416,4.10679215535617
"36047038600",-0.406076536,-0.116492831,1.008,0.470578178,0.70441989,-0.504307804308163,-0.112600920911765,0.702106921931417,0.392432672298768,0.539074766836482,-0.26720914517014,-1.22027307470922,-0.262876485461175,0.717153811306908
"36047038700",8.195756496,0.101861923,2.728,0.31454392,1.284369115,2.21982899446952,0.106036018154634,1.31855070903337,0.281068188863116,0.830457910296999,2.55421064530919,1.80621428850186,2.75713572260559,3.72928220794077
"36047038800",-0.076115881,0.061422073,0.591,0.838065984,0.898079764,-0.0684029180437108,0.068986806268558,0.470628434014578,0.614139678209767,0.646097377183735,0.530164797979732,-0.77958638051115,0.11899919601115,1.04279030999993
"36047038900",9.305634702,0.205649432,4.354,1.204278505,1.339464883,2.33366067657397,0.195278445926048,1.67970996541943,0.794926619058136,0.854187592864652,4.08436283262488,2.27754044966665,3.11603716778326,3.98332023832015
"36047039000",0.001370516,0.020078176,0.214,0.330576339,0.863319386,0.0113063575678762,0.029634698390485,0.202124184090134,0.293099625226066,0.627711930014045,-0.397150580645874,-1.02191161836745,-0.135869999742695,0.732503420334406
"36047039100",12.30897828,0.773950214,4.296,0.8435824,1.020168067,2.5891899564645,0.578830126817739,1.66883825571555,0.617120199054266,0.708118581252274,4.10759733828119,2.64329765887986,3.60735146100536,4.59609064682255
"36047039200",-0.125346269,0.404219918,0.409,0.576026564,0.756986634,-0.122558974944877,0.346578084376757,0.349952398177906,0.461231872126617,0.569275629075787,0.332323573176348,-0.945542541511285,0.116220107227712,1.19091066156908
"36047039300",11.17183398,0.056341524,4.252,0.931386047,1.137123746,2.49994582401737,0.0642336534201309,1.6605111826181,0.663402175188674,0.764129153938089,3.50351895753864,2.22398180639936,3.12885492899973,4.03318203681515
"36047039400",-0.035675549,-0.044090967,1.704,0.717907352,0.751870324,-0.0260109188994052,-0.034685617940833,0.998423561412677,0.546911053203748,0.566375928891941,0.747336727891816,-0.740994019619119,0.15945294057579,1.03596026871579
"36047039500",1.912825296,0.438396399,1.352,0.626394919,1.271559633,1.07255071561213,0.370457012714599,0.859508717775171,0.49249560208173,0.824859258672491,2.20352094636552,1.83038693170582,2.67619316310782,3.51678703990661
"36047039600",-0.11775805,0.104410974,0.372,0.847276081,0.773351648,-0.114017938787619,0.108325990886517,0.323531725345478,0.619110941756402,0.578494542093612,0.228481148810032,-0.880367758307455,0.0513152970576069,0.972439798566642
"36047039700",41.33219412,0.277900895,2.078,0.717317647,1.09335443,3.74578408580948,0.253013679845977,1.12752363216253,0.54656971218781,0.743533417945646,3.4275378460907,2.07906707278552,3.06729508149238,4.06237958013701
"36047039800",-0.387026651,-0.007102378,1.357,0.562663573,0.783333333,-0.473251539600881,0.0028934319854734,0.861623330531847,0.452770725168343,0.58407608531971,0.325736696125219,-0.978891224992462,0.0203795283529961,1.00891624019973
"36047039900",26.86371578,0.553603028,3.196,1.077525008,0.98013245,3.32768415804635,0.446992791491452,1.43651207728051,0.735979157551355,0.688201194310474,4.09189516473136,2.24845865121753,3.17438304388335,4.10095804243115
"36047040000",-0.281225021,-0.276897981,0.382,0.41432218,0.786111111,-0.316390265404003,-0.310470406698279,0.330741561912228,0.353696037399113,0.585623833779315,-0.891665684901395,-1.34871400683334,-0.456494517888494,0.46165572779456
"36047040100",18.39772341,0.683815124,3.138,1.256796265,0.904552129,2.96567110076049,0.526983454500803,1.42262629036728,0.818367497614775,0.649483720083718,4.07460636902283,2.2253200317932,3.18289874930426,4.15631207768762
"36047040200",-0.327255151,0.017224392,0.464,0.246991404,0.760583942,-0.381634063145981,0.0268603997775443,0.387979793767145,0.228721091080352,0.571309402911621,-0.585424038239781,-1.37237937513041,-0.517610359506871,0.328164238531701
"36047040300",3.154801061,0.69477253,4.332,-0.013118802,1.114583333,1.42666851001226,0.533431688345373,1.67560011468777,-0.00312367559878874,0.753575704562225,2.63525594102291,1.477435996387,2.49884265486373,3.52661022451247
"36047040400",-0.339585596,0.023750016,0.302,0.404830772,0.619372442,-0.399859244364887,0.0331929828333938,0.271552690521897,0.34700992818334,0.488194935777277,-0.738860967217178,-1.60052854807386,-0.573327803340632,0.422535666357077
"36047040500",1.236556604,0.883261456,3.226,0.458452797,1.008823529,0.809398645738583,0.638300979964041,1.44361942773916,0.384209327455887,0.702514930359583,2.73897553616719,1.05656103148767,2.16211699625054,3.22218760159782
"36047040600",-0.49914283,-0.084027039,0.34,0.097251284,0.828696925,-0.671665238612056,-0.0769102445462969,0.300104592450338,0.101880623450211,0.609057127799037,-1.09202511117439,-1.63549444636953,-0.664189696515088,0.275678014872722
"36047040800",-0.477763297,0.435887023,0.433,0.490949259,0.667098446,-0.630666958141568,0.368722989978816,0.366724279791734,0.406097747283128,0.517065184755529,-0.0547655637391402,-1.18357452783962,-0.248175126276365,0.724791024045142
"36047040900",8.416606689,0.488046244,2.197,0.481184401,1.200626959,2.24353618978698,0.404161755112536,1.16533592071102,0.399570704191686,0.79327616715194,2.92074596004277,1.27130876870262,2.29463940651291,3.30772991783266
"36047041000",-0.274314785,0.022196287,0.367,0.07212756,0.918166939,-0.306952948752584,0.0316888495549291,0.319907219746518,0.0789290662666084,0.656569779058206,-0.666590776300319,-1.36601448115912,-0.409365927361861,0.57161568426805
"36047041100",3.451057631,0.367113851,2.361,1.294396961,0.78559464,1.49538587491496,0.319989896793455,1.21520943625192,0.83481902009376,0.585336242846558,2.73143463772141,1.56453962118632,2.64331449773989,3.69794469472287
"36047041200",-0.174435783,0.071467132,0.035,0.389622561,0.753665689,-0.179648073337773,0.0783185748257172,0.0440168854167743,0.336202600987078,0.567394420916177,-0.68246420046957,-1.42221466141362,-0.383477937778394,0.651297198379441
"36047041300",6.908328264,0.101264004,0.919,0.875947952,0.787204451,2.06918010576851,0.105498109791319,0.657001733923592,0.634430586799708,0.586232374841115,1.64360481522607,1.31625208455156,2.27593719673296,3.24551532044327
"36047041401",-0.078920378,0.223409243,0.787,0.466453957,1.112462006,-0.0714104822685133,0.209782077466424,0.586118607801422,0.389643237834814,0.75257673845422,0.775959291680572,-0.789389974818077,0.162203004218792,1.12904631772837
"36047041402",0.053435999,0.197472815,0.769,0.000634006,0.709537572,0.0615051742516156,0.188529592833602,0.576051408683698,0.0105778626267829,0.542055401189411,-0.343064910880974,-1.14715705782442,-0.182190706678041,0.750476172602774
"36047041500",11.69667447,0.33982175,0.633,1.10716,1.109467456,2.54212740423103,0.299972546695644,0.496523839055131,0.750075567945838,0.751164857127916,2.53314613180699,1.4542861472477,2.46051292995188,3.49509055209259
"36047041600",-0.123693329,0.059099526,-0.054,0.032927536,0.706422018,-0.120692258469315,0.0668167296736421,-0.0449973659307358,0.0420316970949639,0.540241902065073,-1.33132346439456,-1.58276633965227,-0.613466251853973,0.353532732789882
"36047041700",2.691279613,0.062258639,1.183,1.250087017,0.82832618,1.30867860121219,0.0697673012721141,0.785270469435751,0.815403315640314,0.608855472823983,1.76656903500787,1.29000256155657,2.25566144714246,3.20720295128968
"36047041800",-0.032321774,0.003314217,-0.035,0.461450957,0.8365243,-0.02257467535367,0.0132263617694464,-0.0253178079842899,0.386248959559698,0.613305115256382,-0.602908211283357,-1.30033159593898,-0.360034305454729,0.582599694622578
"36047041900",5.165886087,0.497851701,1.77,0.893584998,1.367424242,1.82065236808994,0.410685923237984,1.02245092770255,0.643738949376441,0.866017650366105,3.14294582073555,1.8756237128952,2.84374929449986,3.78446979575979
"36047042000",0.056300265,-0.073345444,0.627,0.195402299,0.758241758,0.0641949605648956,-0.065440734943409,0.492865298388998,0.186813369315693,0.569985695817486,-0.467942351807286,-1.19845332864074,-0.261578356365452,0.685747192988248
"36047042100",8.886398266,0.417398794,0.997,0.824933806,1.161666667,2.29217087942993,0.355853762661661,0.696641069814201,0.607008407831363,0.775494922062191,2.58159018719366,1.86250782987926,2.81739371471249,3.77254827606612
"36047042200",-0.113878327,0.056733457,0.524,0.811444633,0.917662683,-0.109679079467687,0.0646011351147752,0.427878702945064,0.59962994062789,0.656308223931394,0.453463869201166,-0.8415727151838,0.0281153472517454,0.915302898150442
"36047042300",6.510969499,0.725289699,0.739,1.2112979,1.223622047,2.01769505239129,0.551174372947333,0.559044196036465,0.798091664688655,0.803624504149666,2.96132137808284,2.3145158853741,3.26684641342277,4.230662073037
"36047042400",-0.020235521,0.136862124,0.327,0.809091377,0.741982507,-0.0102882641561954,0.137029625167802,0.290428298119806,0.598337133018628,0.560748007875312,0.198354457099866,-1.00431441186791,-0.129231845240518,0.75818726381847
"36047042500",18.87224398,0.52448058,8.4,1.600714405,1.418487395,2.98982707111593,0.428191939409432,2.24177295359729,0.959623902271362,0.887268592343414,5.76997293774731,3.39926048982898,4.44454259264917,5.49912642256415
"36047042600",-0.265262745,-0.021028971,0.59,0.38598916,0.706569343,-0.294723800660386,-0.0110902410139601,0.470003629245736,0.333603239267053,0.540327731002345,-0.405956106399235,-1.22977190239382,-0.360164467573973,0.532026714415007
"36047042700",10.72513114,0.507456906,6.523,0.580680132,1.268852459,2.46258700435772,0.417035845525221,2.01929336884356,0.464161680745477,0.823672008808496,4.27984510197608,2.7239066294684,3.72332500613724,4.73230965296236
"36047042800",-0.056868294,0.049047545,0.647,0.526846838,0.828571429,-0.0480021834078331,0.0573699617398915,0.505008738444426,0.429732809623602,0.608988872785822,0.17285360062713,-1.10417344080723,-0.183705587803128,0.717836204773203
"36047042900",3.587288113,0.306959879,4.464,1.546730209,1.087227414,1.52546658899546,0.275325958363928,1.70000961061849,0.938729179987608,0.740616193345474,3.83103178281195,2.15543600158948,3.07864570479137,3.978140916151
"36047043000",-0.327470442,0.139476003,0.437,0.285802962,0.764539007,-0.381949444435897,0.139306188970134,0.369492447649347,0.259130550877689,0.573540674829565,-0.385914700918856,-1.30259481612094,-0.449918415617419,0.404352323968548
"36047043100",2.659276811,0.521641472,6.192,0.858137072,1.161189358,1.29999458842531,0.426340017820356,1.97435876522668,0.624941716129532,0.775275108649462,3.87089968677012,1.92706159272745,2.84287932764475,3.77365117390834
"36047043200",-0.25624706,-0.032633593,0.26,0.551978434,0.786248132,-0.282690630450836,-0.0228936644932331,0.2390169004705,0.445953244664051,0.585700118466228,-0.41171535201439,-1.293636151442,-0.393219645053586,0.494488663759477
"36047043300",2.372107012,0.029949645,2.621,0.99635748,0.985790409,1.21849889160797,0.0391722937118484,1.2895080924322,0.696320879046899,0.691040166864786,2.3157540747057,1.28433134512945,2.24844334962088,3.20824067005787
"36047043400",-0.100070741,0.022503253,0.552,0.491309231,0.710791367,-0.0943884198555841,0.0319861964534145,0.445967051417494,0.406337548088371,0.542784282106172,-0.158831533735129,-1.20583880652286,-0.21429503642154,0.798404741801492
"36047043500",7.69988043,0.227850243,1.055,0.462538398,1.112426036,2.16445806287122,0.213376200063253,0.725130226412996,0.38698771294385,0.75255979101078,1.9332580495232,1.04555515502216,2.04948462307167,3.04429065859284
"36047043600",-0.144766945,0.003810915,0.429,0.836315504,0.692198582,-0.14475638059373,0.0137164134215122,0.363948427905231,0.613192033719514,0.531920699020781,0.000910800815875384,-1.20622269419358,-0.323253456546419,0.548646358421757
"36047043700",7.720090412,0.471429796,4.132,0.544974153,1.12652439,2.16677572626982,0.393007699801017,1.6374421088437,0.441458923628101,0.759180391903854,3.44366050924296,1.44292399619088,2.34769202971289,3.27420504280287
"36047043800",-0.196611614,0.4019224,0.018,0.310334969,0.908062235,-0.206546563948791,0.344952180053749,0.0276151670329734,0.277885468799481,0.651315423797183,-0.207661131932851,-1.08450118352142,-0.181156890306727,0.717778103166512
"36047043900",2.553447494,0.120262783,2.457,0.126017486,0.751668892,1.27072847346089,0.122450157015814,1.24328966670289,0.127528712786129,0.566261593851023,1.17154752957932,0.512822254979557,1.37991963701633,2.24382198197103
"36047044000",-0.032206214,-0.222934864,0.875,0.525907841,0.909090909,-0.0224564839406245,-0.239444269059447,0.633927820899974,0.429121633576489,0.651851589014488,0.00607363113854452,-1.21711145011793,-0.206687373667117,0.812085453470746
"36047044100",0.357253033,0.24705458,1.405,1.325877752,0.938345865,0.312803641563733,0.22877134950873,0.881699287104536,0.848387731404823,0.666980738228393,1.88158429466213,0.833705432620274,1.77608653574862,2.76294921026702
"36047044200",-0.045513633,0.121086707,0.616,0.979015725,0.75215783,-0.0361595815211129,0.123178858209595,0.486123011125619,0.687639905823489,0.566539097849778,0.57012704432453,-0.87081959564304,-0.00162353143326782,0.884242775839107
"36047044300",0.72728194,0.013127469,0.873,0.684382816,1.073637703,0.552321788422482,0.0228640823352193,0.632866249675015,0.527318554170519,0.734115261849009,1.00967276169219,0.617110812569983,1.58287279541071,2.52533450193476
"36047044400",-0.052850146,-0.151603499,0.078,0.554529187,0.635514019,-0.0437953125358582,-0.152689163862213,0.084341148433751,0.447584939753358,0.498052808963872,-0.904193033170121,-1.61642128590201,-0.678177307153367,0.270634468113681
"36047044500",1.120904665,0.087377281,1.132,0.308713289,1.054794521,0.756546614903165,0.0929230428587266,0.761739972025557,0.276656480129644,0.725030715892981,0.932865089917707,0.692718396319761,1.70471993511331,2.70153145005044
"36047044600",-0.138272324,-0.249101355,0.308,0.310335135,0.813390313,-0.137278202013522,-0.273255116587157,0.276115436080316,0.277885594525144,0.600697577551723,-0.912498477950638,-1.67855777730333,-0.730697470355037,0.226765545586999
"36047044700",1.88175139,0.189065946,3.826,0.889168766,1.26031746,1.06186233587105,0.181542875366915,1.57608793275255,0.641416298866086,0.819919671935445,3.04117089319198,1.74786508216797,2.71422605474954,3.67593371932662
"36047044800",-0.06693432,-0.080181859,0.125,0.078743825,0.613147914,-0.0586193487211096,-0.0727662592685318,0.126632650933366,0.0850245775267007,0.484367420547397,-1.36447077042286,-1.7935563851082,-0.86608166618689,0.0470418763549594
"36047044900",0.663771062,0.02391019,1.405,1.114273976,1.032171582,0.515079201663264,0.0333479154474237,0.881699287104536,0.753430085644927,0.714013742657112,1.63910015907681,1.52247372858742,2.32694509344633,3.15064450167445
"36047045000",0.075660321,-0.001945525,-0.017,0.544080458,1.143893591,0.0821883926595651,0.00802221084765517,-0.00702461493696447,0.440884025379963,0.767277176863991,-0.0765169851715072,-1.4364230802025,-0.424272926613297,0.567668190935367
"36047045200",-0.024189543,-0.04447324,0.086,0.31330638,0.874848117,-0.0142911771387979,-0.0350814612884369,0.0916671885258239,0.280133438065377,0.633847243117863,-0.648645240836953,-1.62342389536396,-0.686827984869782,0.228303645082404
"36047045300",2.171731179,0.358943458,1.824,0.711657143,1.845771144,1.15742544457434,0.314039243773315,1.04168914126849,0.54328728223282,1.04934190961396,3.01495966745902,2.05175714798317,3.01662927882767,3.96889189995812
"36047045400",-0.169365666,-0.092630416,0.126,0.54366541,0.495049505,-0.173598512610455,-0.0862448519359455,0.12751332029896,0.440616919882862,0.408825791347561,-1.03777859077081,-1.53810914159111,-0.668446594518168,0.20446258989345
"36047045600",-0.134965986,-0.089749587,0.249,-0.082526316,0.675324675,-0.133492520237206,-0.0831094579320179,0.23031775506221,-0.0752908579488915,0.521958230702807,-1.45364493294701,-1.76342963309646,-0.849227938579913,0.0766694291092948
"36047045800",0.005830981,0.21300426,-0.415,-0.004296388,0.638655462,0.0157069780339178,0.201310339936908,-0.519193873436507,0.00568740799013693,0.499960084209072,-1.81942444373442,-1.90703464222456,-0.999229361022203,-0.0802864039290914
"36047046000",-0.162273545,0.195605609,0.178,0.195213788,0.726896552,-0.165197271880217,0.186982020774535,0.172271220940453,0.186656968633394,0.55209992992991,-0.63598832577537,-1.05743446933719,-0.271856216019661,0.506989783834358
"36047046201",-0.069581155,-0.04264613,0.807,0.151875225,0.637083994,-0.0614299231720481,-0.0331909042453922,0.597186789414034,0.150035273146054,0.499006448073647,-0.578583115690555,-1.39169891184613,-0.504805813633208,0.398924615776777
"36047046202",0.017267589,0.094861981,0.617,-0.066820276,0.85315534,0.026902451049008,0.0997204230961547,0.486737828236901,-0.0584984270214228,0.622271469785908,-0.518783654636623,-1.47513391493848,-0.56327749809773,0.339759466620848
"36047046400",0.022006739,-0.201638515,0.807,0.575128717,0.896815287,0.0315051970768101,-0.212745938080978,0.597186789414034,0.460665613495656,0.645434461413103,0.0596580693704736,-1.24210486798068,-0.345226059771952,0.526275078480659
"36047046800",0.05675931,0.087717892,0.221,0.526580569,1.148241206,0.0646253704910568,0.0932333811136899,0.207826847202317,0.429559537920447,0.769293633527719,0.296835788231438,-1.20769315384968,-0.330439413238616,0.548590182668528
"36047047000",-0.052822663,-0.153050891,0.054,0.132421426,0.955266955,-0.0437665995758887,-0.154376744878036,0.0620353909194527,0.133150067679406,0.675628091055607,-1.01429752314454,-1.65694576058063,-0.723486335345642,0.188462035715733
"36047047200",0.039572809,-0.111309553,-0.298,0.870515546,0.753363229,0.0483832328126686,-0.106816634172904,-0.339677367570161,0.631545965844362,0.567222911122652,-0.854167024225151,-1.55187041908763,-0.586518277612655,0.362400596909043
"36047047400",0.02544016,0.01759282,0.025,0.541231899,0.788113695,0.0348266116757145,0.0272189990746463,0.0344014267173323,0.43904938881429,0.586738168199289,-0.461072986935247,-1.4772609006674,-0.478284567463648,0.526470378325438
"36047047600",-0.064469338,-0.019873315,-0.095,0.138552829,0.734992679,-0.056008962007014,-0.00992237939381376,-0.0888312137066157,0.138502740347727,0.556750360230117,-1.27397249404252,-1.68972681965523,-0.77827297752102,0.115580419228786
"36047047700",0.122972213,0.658532889,1.625,1.314285714,2.559270517,0.124844456590666,0.511944730732129,0.968883181993326,0.843412772052708,1.27236123793711,3.79999642351803,2.19652050840688,3.1491552589202,4.11220951640137
"36047047800",0.08070201,0.233835687,-0.33,-0.106174497,0.743658211,0.0868215348040757,0.21819990118793,-0.385662480811985,-0.101118964877063,0.561704012362036,-1.62025997215426,-1.69286665506724,-0.772822521605351,0.152781730546572
"36047048000",0.006054135,0.02904084,0.049,0.288851013,1.039694656,0.0159266302171443,0.0382980183705759,0.0573250666192694,0.261480037500178,0.717690833763735,-0.394475813218071,-1.26048744355273,-0.369410771011704,0.525428839600305
"36047048100",0.329376933,0.526781765,1.533,1.971698113,1.79047619,0.292204530455116,0.429690466837003,0.933344486439983,1.09249297479928,1.0297894705784,3.52106773624911,2.15694805602597,3.13861893209853,4.12120803739159
"36047048200",-0.167436476,0.324918012,0.466,0.297844636,0.89375,-0.171306220191484,0.288869875734072,0.389335726178281,0.268380466163612,0.643825625227235,0.141079155769492,-0.840488584856352,0.0561167529759128,0.962280504214156
"36047048400",0.117636402,0.11768058,0.321,0.538860772,1.16872428,0.120123762461115,0.120162939215742,0.285930539412975,0.437519674890215,0.778739512848393,0.494742666465551,-0.859443070586339,0.0963833837655426,1.05658176376284
"36047048500",2.439928038,1.146401212,3.955,1.271777631,2,1.238353372275,0.768440726643076,1.60241329749714,0.824954801906556,1.10194007876078,5.01472385032373,2.74772457904264,3.58795980450335,4.4659516522156
"36047048600",0.172872635,-0.235920926,0.447,0.280422271,0.781121751,0.167945916478309,-0.256081247819975,0.376379527213068,0.254969506669388,0.582842100109234,-0.70882150329614,-1.27674218893209,-0.322404695337599,0.639237788263206
"36047048800",-0.100266144,-0.176503789,0.423,0.208168869,0.665738162,-0.0946031881818092,-0.182126122692443,0.359770148846035,0.197348804176624,0.51625376193141,-0.991492330017981,-1.43182738274111,-0.389122541232423,0.655804678373318
"36047048900",4.35286285,0.3688035,1.202,0.409895768,0.944444444,1.67949794630067,0.321216094096574,0.793897083660088,0.350583466102149,0.670105981185845,1.70554783746429,1.36178833799006,2.37627415715911,3.39864126928188
"36047049000",-0.047685267,0.204515625,0.746,0.438474663,1.022346369,-0.0384137165426556,0.19434533475403,0.563038495212925,0.370511046186123,0.7091909723751,0.601499327138561,-0.725964560976142,0.233920859015383,1.1914658958569
"36047049100",1.405254977,0.33557074,0.151,0.514320134,1.237623762,0.881804862069606,0.296818265053629,0.149281702715754,0.421548496884379,0.809873552365887,0.972634481276616,0.959590695807172,1.85763561070749,2.73485015333903
"36047049200",0.269909704,0.213980602,0.074,0.348341979,0.744619799,0.246789531693198,0.202108335925337,0.0806579030174545,0.306264822912436,0.562252194701827,-0.326288401452267,-0.635536523028404,0.220480194637936,1.09339659572548
"36047049300",2.796904124,0.423734991,4.605,0.400505665,0.58254717,1.33681629294875,0.360282921054427,1.72544158819041,0.343948267758123,0.465334728119707,2.26263866753826,1.36849034914422,2.37064800931806,3.37153116000964
"36047049400",-0.100067171,0.042435743,0.699,0.848213473,0.851752022,-0.094384496481364,0.0511072329291909,0.535908404133454,0.619615527763853,0.621517991682958,0.522332750662731,-0.692643925232468,0.3485477152837,1.36905344552543
"36047049500",0.441476266,0.094559634,1.099,2.059414739,1.418740849,0.372581152988201,0.0994467342720439,0.746213901496638,1.12148690466301,0.887372953920634,2.53066604930104,1.68363738602648,2.64104343539087,3.58443904322844
"36047049600",-0.241558398,0.028363663,0.578,0.778864591,1.245125348,-0.263390708480952,0.0376460730965503,0.462475362824944,0.581581111891145,0.813205558105989,0.742538128432969,-0.498841732267829,0.383603527967836,1.29206200725261
"36047049700",-0.112955439,0.498206121,0.987,0.925477542,1.577777778,-0.108649740342304,0.410920945258482,0.691646054433678,0.660354087764941,0.950799506645904,2.11704551885617,1.55165045625996,2.55331022208063,3.55434438763555
"36047049800",-0.179439433,0.009055003,0.95,1.096033663,1.038135593,-0.185654424231519,0.0188757302127107,0.672944473242426,0.74480639791452,0.716929912505172,1.04238240295352,-0.367383620535876,0.756638951932516,1.89697035955213
"36047049900",-0.240192699,0.29055943,1.534,1.186870193,1.533532042,-0.261615053895835,0.262794502670991,0.933737645477876,0.787033707906391,0.933553682803063,2.29541496952991,1.76769648267018,2.71634386640661,3.69812603899363
"36047050000",-0.081167383,-0.237742338,0.914,1.282959897,1.222222222,-0.0738267318593274,-0.258437025575171,0.654406352243515,0.82984351440752,0.802997601391072,1.00430148758204,-0.166290464314196,0.838673785204479,1.84540542101968
"36047050100",-0.006274743,0.618459405,1.149,1.359058302,1.471780029,0.00371833541460574,0.487634417575735,0.76964515153267,0.862492535257946,0.908976056343976,2.60592136250824,1.87403782932591,2.78900510402214,3.69652995885582
"36047050202",0.098959795,-0.361268653,0.808,0.646000051,1.6265625,0.103422454329636,-0.432736597131191,0.597736995755287,0.504405086760169,0.969475985377809,0.627013029490813,-0.407835661494657,0.702857672481609,1.75253238717244
"36047050300",0.443720139,0.363454527,1.163,2.481355932,1.719653179,0.374125883969095,0.31732911861525,0.776108701274293,1.250290179958,1.00417456046718,3.38891066752213,1.80228132823356,2.77070706120162,3.72349401112915
"36047050400",0.091390989,-0.128245652,0.448,1.233312907,0.975576662,0.0965739164072923,-0.125841778775213,0.377065633586466,0.80795374959789,0.685909381773023,0.609581156769008,-0.243033082403219,0.660660308014214,1.5448975255653
"36047050500",1.468556507,0.505445445,1.702,-0.020090186,1.147982063,0.907676337088886,0.415709418847321,0.997686370078149,-0.0101414369727794,0.769173554938563,1.41370347878542,0.894382856427443,1.89625433699732,2.91677284094007
"36047050600",1.436393957,0.024120386,1.689,0.799443002,1.123741007,0.894615086029374,0.033551196775237,0.992881334035868,0.593019064216345,0.757876780472055,1.78995462704279,0.426390879247228,1.3412798654096,2.28824620003887
"36047050700",17.56208805,-0.480722717,1.324,0.8385308,1.901376147,2.92165981115441,-0.636242819988796,0.847583533864364,0.614391161414244,1.06862587214928,2.29601423977342,1.40746502252769,2.31477319407489,3.2263874765407
"36047050801",2.158713101,0.091400885,0.904,1.014147431,0.795744681,1.15332554363472,0.0965829013687105,0.649195293030763,0.705148590175575,0.590973072354006,1.34495454790647,0.545326479336955,1.49111209499973,2.42262400182755
"36047050803",6.359084399,0.507969441,2.155,1.100852155,0.723404255,1.99729346496938,0.417373547677261,1.15215305559614,0.747091730885396,0.550087252428375,2.78932831251882,1.31646171071072,2.30376168672827,3.33201914413099
"36047050804",4.64929497,0.281821123,1.903,1.168693638,0.672340426,1.73329932085216,0.256052946084965,1.0691834779773,0.778725448555926,0.520185934651012,2.30811516605175,1.00426988553264,2.04910826952594,3.09965012120304
"36047050900",0.632430034,-0.544525343,0.536,0.756645977,0.868460389,0.496176873209066,-0.764697626281973,0.43567095016523,0.569082820689315,0.630452499304373,-0.619282695396474,0.0351515268901799,0.973650423189899,1.90956586704622
"36047051001",3.002701353,0.440320123,2.455,0.714034013,0.837004405,1.38946466863011,0.371784306548142,1.24271263264187,0.544666901165214,0.613565086162824,2.39138649521871,0.493851339597975,1.51877211712405,2.53961722846533
"36047051002",4.692268507,0.125079236,2.31,1.004021756,0.81938326,1.74086407935021,0.126702459950404,1.1999647829284,0.700133596621342,0.6039788936571,2.35791537642876,0.757402842855302,1.6986238139353,2.65675646294353
"36047051100",2.494301628,0.55628979,2.25,-0.200430051,1.082802548,1.25399125041961,0.448709631534339,1.18172719537862,-0.211252099467878,0.738504099787647,1.44108406955535,0.878969811236318,1.80709854028066,2.70184373646832
"36047051200",2.531733804,0.17898286,1.693,0.226364926,0.816901408,1.26461638238623,0.173098202129552,0.994362267294311,0.212175563031327,0.602621312064562,1.16126733825844,0.140869935108478,1.13632798629239,2.12010412218783
"36047051300",0.886864295,0.56992658,2.077,0.269065139,1.873323398,0.640202151757215,0.457378377604758,1.12719974552002,0.246129450932361,1.05894358648939,2.64580595975938,1.64239355864031,2.55497865740531,3.47767798419951
"36047051400",0.853823318,-0.277780209,0.962,0.537656841,0.897902098,0.62262992529019,-0.311674549161155,0.679048256180444,0.436742071652559,0.646004260388869,0.236464197495398,-0.324326464186728,0.587414189243708,1.48452324671044
"36047051500",0.195037734,0.462048242,3.013,2.454013793,2.975806452,0.18651088097515,0.386654792867484,1.39202789296765,1.24242797250519,1.38273966366235,5.08881099452144,2.68749507509336,3.65565053377528,4.65412323039356
"36047051601",2.010171529,0.367434503,2.08,0.869118082,0.893118594,1.10531362745597,0.320222713183106,1.12817109090965,0.630802561458386,0.643493905867767,2.26068041768753,0.279889225983028,1.2827160624426,2.28043814780719
"36047051602",3.290722389,0.199815322,2.018,1.151598106,0.887262079,1.45878300603139,0.190467721513767,1.1079023355752,0.770847812020601,0.640411835864831,2.41868368963639,0.362329165284095,1.38053924292809,2.39844774051627
"36047051700",-0.060027651,0.37419993,0.518,1.675390104,1.932160804,-0.051322401126937,0.325122304854898,0.423959690744329,0.987826007537593,1.07914427874129,2.52919731848568,1.69786399190625,2.69992517153065,3.69812910998871
"36047051800",0.305424542,-0.124310312,0.34,0.616575995,0.855033557,0.274159459153669,-0.121388629002809,0.300104592450338,0.486477188864683,0.623279045963397,-0.079569137642001,-0.5847108287447,0.335509984883472,1.23462792660095
"36047051900",0.098955994,0.102864573,0.879,1.990832675,2.278975741,0.103419026787419,0.106937387441769,0.636047588519372,1.09888980848925,1.1905761913816,2.98986990297032,1.953822562482,2.86083291179564,3.78756694293155
"36047052000",0.132259039,-0.060021211,0.619,0.72248712,0.80055788,0.13300791475889,-0.051315622005231,0.487966329619908,0.549558017710852,0.593635018781877,0.227445899315538,-0.702418952122231,0.298584890403767,1.29222848854388
"36047052300",3.067100531,0.693992102,3.527,0.598927729,1.472505092,1.40538608161503,0.532973793419857,1.51226600068183,0.475567950283001,0.909268168093194,3.58378091917948,1.96926137362234,2.88765641968719,3.81972756090587
"36047052500",0.106899999,0.218274349,2.524,1.078971929,1.096354167,0.110556989669308,0.205610216010162,1.2624303738975,0.736672044954226,0.744958570038053,2.24046074913139,1.11656274351309,2.00208400149501,2.88243786650187
"36047052600",0.047761461,0.223693947,0.965,0.926278572,1.082981716,0.0561548458228697,0.210012877704061,0.680568398353085,0.660767868999009,0.738589707639752,1.35869175649848,-0.344418820677814,0.668899436421727,1.70031439589206
"36047052700",2.954961189,0.421096377,4.231,0.763271232,1.299227799,1.37749606664042,0.358440847712454,1.65651231982003,0.572825994523372,0.836913182500447,3.47325065956817,1.56850864506469,2.55344364489611,3.50024695581951
"36047052800",0.060437943,-0.183623749,0.377,0.579068574,0.786179922,0.0680678572598423,-0.190705099488972,0.327143141332695,0.463148042067085,0.585662144149703,-0.369776719870241,-1.21006485973545,-0.260510540535515,0.716164503507881
"36047052900",0.15239033,0.440659463,1.863,0.630310287,0.878623188,0.150478514244151,0.372018255110335,1.05535677999715,0.494885423330404,0.635848091649252,1.58665058990867,0.618287396936463,1.5262549719623,2.41194566955648
"36047053000",0.05004761,-0.038547785,0.345,0.426356375,0.907624633,0.0583138222096628,-0.028963198198852,0.303801454331664,0.362109611842025,0.651087249800212,-0.167335711978541,-1.26590027995594,-0.299652254382365,0.722727404003048
"36047053100",0.286212895,-0.090920488,2.742,0.279138462,1.562691131,0.25944685527244,-0.0843826402385239,1.32228903114398,0.253974136341741,0.944952483730946,1.64849575880367,0.854600441179533,1.73263732537374,2.6002232175993
"36047053200",-0.106766696,0.127641449,0.315,0.712328767,0.661784288,-0.101774393487251,0.128957214881283,0.281412459438185,0.543677309385117,0.513891491985375,-0.068846074028042,-1.04710429032902,-0.127775840050293,0.766898941770755
"36047053300",0.092219438,0.109723313,0.885,0.686836364,0.994671403,0.0973258179493073,0.113081612822825,0.63921883853439,0.528765554967504,0.695480158549244,0.859961775628536,0.132574000261532,1.03832994445503,1.96086795395472
"36047053400",0.07356676,0.315726189,0.352,-0.007955649,0.836611195,0.0802581552322751,0.281960376474039,0.308954207727321,0.00204226415816862,0.613352172831244,-0.368145092008982,-1.40401473128501,-0.404885364009596,0.59876199752357
"36047053500",0.100589323,0.333128566,-0.076,0.069926848,0.760904685,0.104890796056845,0.29500164341344,-0.0682788407532944,0.0768933055087891,0.571490537476579,-0.787838979061398,-0.541536143824006,0.395003710103727,1.33094898258506
"36047053700",0.00084281,-0.12571486,-0.43,0.760542437,1.210708117,0.0107844482270627,-0.122975711793591,-0.544727175441672,0.5712859612179,0.797826116645177,-0.685420163518738,-0.401068182074961,0.625400065210654,1.59444965756885
"36047053800",-0.069947663,0.206985547,0.293,0.012268217,0.854951185,-0.0618197276084563,0.196376938010466,0.264669298142708,0.0220239005978398,0.623234878490492,-0.556554166453752,-1.39520223044091,-0.409623864553196,0.582614846806375
"36047053900",0.171938581,0.416176686,1.633,0.261044755,0.932075472,0.167155955704905,0.35499721754254,0.971914635622152,0.239839204018531,0.663757232141792,1.11629837767713,-0.2956180163967,0.769504693899975,1.84687149402211
"36047054200",-0.059084553,0.128906801,0.358,0.557190476,0.979591837,-0.0503301299583117,0.130068855831836,0.313349819200359,0.449284510549585,0.687929510663901,0.266131711547464,-0.983781957718487,-0.0840065354770483,0.846193924610744
"36047054400",-0.003335078,-0.067062993,0.047,0.160415304,0.763948498,0.00664280960458386,-0.0587557992162086,0.0554347068881005,0.157358646509786,0.573207851898884,-1.068476533792,-1.40957682975439,-0.495682517453747,0.420078037102985
"36047054500",0.104832083,-0.154675764,-0.023,0.525153752,0.42394822,0.108703795364756,-0.156274658540581,-0.0130852395486555,0.428630540192446,0.36043163273888,-1.33093794559807,-1.48791204951078,-0.325061102997313,0.840383436274756
"36047054600",-0.091713603,0.106058269,0.303,0.453188467,0.738888889,-0.0852459577142376,0.109803074961693,0.272314595320659,0.38061793602409,0.55898066571657,-0.257633120003411,-1.23831822248424,-0.272081001060354,0.674862204956104
"36047054700",0.075381079,0.051446428,2.086,1.183998072,1.347471452,0.0819311502121941,0.0596325326822412,1.13011095572748,0.785725483092397,0.857589626014192,2.20069712611633,0.590295216256789,1.67526249662363,2.74965284414183
"36047054800",-0.059320139,-0.050466681,0.202,0.369098712,0.712550607,-0.050577907180115,-0.0413082387594934,0.192271887647123,0.321430178555293,0.543806103445066,-0.701018607981442,-1.25578801796041,-0.383450949111926,0.496673393289323
"36047054900",0.736527265,0.032419086,0.405,2.351947425,2.254794521,0.557629396365341,0.0415440563308707,0.347129531095201,1.21252039685106,1.18319682690418,2.89976068847711,1.49712001116263,2.55889620694161,3.61482392206973
"36047055000",-0.158220703,0.28868884,0.305,0.665141202,0.708160443,-0.160427826789569,0.261355170888393,0.273836665629728,0.515897461425502,0.541254208607831,0.114685986210502,-1.03310095829957,-0.11743833152634,0.793948396972915
"36047055100",0.578398693,0.019346926,1.408,1.881168807,1.215,0.462726397434027,0.0289245487181116,0.882940752192601,1.06166085185186,0.799756915618204,2.32384748981898,1.41584417332298,2.42228298990088,3.42759644913485
"36047055200",-0.104578429,0.80556305,0.244,0.257033871,0.708215297,-0.0993546194352806,0.596395639994094,0.226338442210729,0.236678634209773,0.541286134103851,0.125709594226417,-0.989588234520391,-0.126759503921179,0.758905133950623
"36047055300",0.128173574,0.022332855,1.012,1.978863835,2.258215962,0.129424849556614,0.031821148971218,0.70408712059828,1.09489332689443,1.18424425865764,2.9521392258509,1.66815071750481,2.6357883386449,3.5949013681149
"36047055400",-0.002549062,0.140908669,0.3,0.461125424,0.828016644,0.00742331687878112,0.140551777329915,0.27002713721306,0.386027702430449,0.608687079387598,-0.0436749820684819,-1.0879967037491,-0.209975329376299,0.675266897189905
"36047055500",-0.235962478,-0.214868906,0.195,2.242070708,1.100273473,-0.256134928531256,-0.229248279808797,0.186479566942618,1.17929193437662,0.746817547146449,0.818181244487147,0.386385882155247,1.53142371314377,2.67591152273827
"36047055600",-0.010499967,0.242358118,0.294,0.758860851,0.787837838,-0.000500092025174579,0.225028268518411,0.265436463504461,0.570335752389069,0.586584741770701,0.320031526020054,-0.94747167631251,-0.0937541733545686,0.810802856370592
"36047055700",-0.199397395,0.021437266,0.568,1.475469847,2.075780089,-0.209977351124205,0.0309532334537815,0.456158222423682,0.910461714915937,1.12680449054632,2.05123520782572,1.26789434004075,2.27732798384947,3.27664146964615
"36047055800",0.041579888,0.029868468,0.356,0.880835183,0.555555556,0.0502936885480615,0.0390942320779643,0.311886761148598,0.637018627231566,0.448240748858259,-0.105832044837468,-1.16660423289233,-0.267959432205009,0.656305695654476
"36047056000",-0.036557649,-0.031806904,0.221,0.261209174,0.857530529,-0.0269166742078948,-0.0220481887631651,0.207826847202317,0.239968553017349,0.624616985414643,-0.578202026913216,-1.3279183377897,-0.415845963356717,0.498352782089082
"36047056100",-0.07113106,0.59022923,1.403,1.068719776,1.405594406,-0.0630793835301429,0.470146887733748,0.880870786642895,0.731752211912385,0.881945387668169,2.40951474054365,1.6365421013415,2.6402257069613,3.59189758739302
"36047056200",-0.064328637,-0.237245193,0.212,0.430068368,3.021937843,-0.0558601666922886,-0.25779347734869,0.200488860749404,0.364690590238653,1.39424711472762,1.13206625896637,-0.75109900282892,0.184013199972369,1.16760199092329
"36047056300",0.450207622,0.312639215,1.578,0.371398016,1.679425837,0.378578632459125,0.279629145750827,0.950885376638654,0.323096041447584,0.989327727337019,2.00190060273373,1.27095762404728,2.42356444867691,3.56010164372973
"36047056400",-0.126852119,-0.39121253,0.523,0.791450457,1.288922156,-0.124262616749469,-0.479993409357015,0.427226599889677,0.58859214985644,0.83244038526868,0.0468464367404964,-1.07900480470467,-0.20099234968275,0.659878527030359
"36047056500",0.175207026,0.283096295,1.229,1.732441308,1.63876652,0.169917464813101,0.257039571107924,0.806029337616618,1.00884851202667,0.974094067485122,2.77876612479336,1.63696634175131,2.7578947072294,3.90595623953425
"36047056600",-0.350547749,0.233058457,0.29,0.49870801,0.713930348,-0.416345711265466,0.217574840384935,0.262364264467491,0.4112536620564,0.544606770033232,-0.240090584029402,-1.40483628129764,-0.337616732511511,0.719686001630804
"36047056800",-0.169969719,-0.276624022,0.304,0.113952497,0.929378531,-0.174317338984997,-0.310096778176409,0.273075920062419,0.116851488122901,0.662367576908505,-1.09984542539955,-1.60297815847154,-0.573832702512386,0.418559170238306
"36047056900",0.0535655,0.651287915,0.962,1.285714286,1.438829787,0.0616269428542432,0.507593153960193,0.679048256180444,0.831044030818563,0.895610272492107,2.46425509685205,1.787002596877,2.68412610679657,3.59284621383385
"36047057000",-0.135336371,0.048174376,0.234,0.334332168,0.927512356,-0.133915890534371,0.0565451364904989,0.218331994316988,0.295897360374246,0.661404859515353,-0.313851860738638,-1.27884559755236,-0.389181986160121,0.491146531233088
"36047057100",-0.039694546,0.484729385,2.097,0.949301481,1.721212121,-0.030144356024704,0.401945177079825,1.13365763041091,0.672588022476501,1.00474551102417,2.84058992086998,1.91783064694947,2.8397534368485,3.76677641528215
"36047057200",-0.447915208,0.231152824,1.239,0.260947368,0.147058824,-0.576102565024161,0.216040644490763,0.810485672977179,0.239762581436449,0.145881288751462,-0.883693778262743,-1.82443733001028,-0.747607008946677,0.310540783485658
"36047057300",-0.139174308,0.586868509,2.115,1.075596184,1.887142857,-0.138313446152521,0.468044529587581,1.13943428318836,0.735054753946183,1.06372502961836,3.1447950084322,1.93160829078352,2.92024713511192,3.87523676674777
"36047057400",-0.160765851,0.140844122,-0.011,0.422047534,0.460746461,-0.163420336819782,0.140495692245305,-0.00100050033358353,0.359105262121619,0.385770068504221,-1.04495266586583,-1.53162846197744,-0.585822986203802,0.369138736738922
"36047057500",0.160183693,0.710571614,2.05,1.593741992,2.13,0.157160739050155,0.542656569335673,1.11841491596429,0.956949638024225,1.14422279992016,3.91871926773624,2.2162322648286,3.22997112047814,4.27044665304364
"36047057600",-0.17338533,-0.244409419,0.113,0.274261763,0.776662484,-0.178391684866006,-0.267107741688142,0.116003675756306,0.250184049754868,0.580349345367085,-1.21582444634203,-1.70726555523576,-0.724912654274474,0.216964380632412
"36047057800",-0.232374274,-0.145875331,-0.082,0.1844477,0.64797914,-0.25150994253543,-0.146038227763216,-0.0747235461959364,0.177683902815133,0.505599475210555,-1.60614250209508,-1.8244824501932,-0.908924028582369,-0.00242025517130172
"36047057900",0.597749408,0.109481746,2.532,1.560014066,1.531623932,0.474835317816316,0.112865851430213,1.26469153936064,0.943911372043902,0.932803220044671,3.0624982669565,1.82951215104851,2.88303630140589,3.94416928237712
"36047058000",-0.297096766,-0.090346384,0.354,-0.008689824,0.817158931,-0.338409584468226,-0.0837581841824347,0.31042155942127,0.00130931846835443,0.602762263760229,-1.12246474541837,-1.55855514968341,-0.659986299692936,0.260910249449878
"36047058200",0.028818203,-0.161040927,0.152,0.479486896,1.014792899,0.0380837237565095,-0.163744299957595,0.150142658429719,0.398431695549419,0.705467423229589,-0.3763722261568,-1.22009256911561,-0.294560861126649,0.63604293214986
"36047058400",-0.058663024,0.281590167,0.876,0.519690347,0.719367589,-0.0498869406088826,0.255874146834912,0.634458184211266,0.425065327339514,0.547755786186662,0.47192527341931,-0.906791401242897,-0.0253794484150942,0.839248533823321
"36047058600",-0.104644994,-0.057911087,0.212,0.250812801,0.560052219,-0.0994281403774835,-0.0490968525435041,0.200488860749404,0.231756593147347,0.451108879316652,-1.09672501635153,-1.66378822038536,-0.672518682125217,0.278990309607085
"36047058800",-0.110483299,-0.092932926,0.386,0.971436349,0.616666667,-0.105897658782257,-0.0865746643624721,0.333611004340181,0.683822010498042,0.486532931401864,-0.164755400626042,-1.12041543656261,-0.122514047639004,0.876389872087516
"36047058900",-0.105111555,-0.0085605,1.533,0.637277135,1.573676681,-0.0999436080733594,0.00143846491309437,0.933344486439983,0.49912370358551,0.949213454639751,1.54458447752682,1.35188649462553,2.32021474949123,3.27243076775024
"36047059000",-0.254668154,0.506198616,0.857,0.349802074,0.68814433,-0.280598095172795,0.416206291831313,0.624332864559586,0.307339155333357,0.52953608427686,0.360024233359105,-0.95382446494088,-0.0225479233696738,0.925035506113266
"36047059100",-0.039438339,0.617495564,1.813,1.60048068,1.618439716,-0.0298803431002662,0.487042369444031,1.03780014927135,0.959534372960026,0.966390406260698,3.22305020103793,1.94469981571071,2.92546501639922,3.8900187486887
"36047059200",-0.125445147,-0.140712578,0.084,0.841065838,0.555858311,-0.122670751477048,-0.140081458114877,0.0898407039997895,0.615761601840488,0.448434115186571,-0.759764562418442,-1.45336549928447,-0.536056800724122,0.37813693306662
"36047059300",0.072891647,0.781802879,2.763,1.556781271,1.386018237,0.0796349140754899,0.583222307944198,1.32787044098217,0.942652690233661,0.873808291659962,3.52221055601398,1.95147709384596,3.07066284938936,4.17665274246838
"36047059401",-0.069029056,-0.042896935,0.734,0.391337143,0.779239766,-0.0608430176630717,-0.0334502069952933,0.556181325486788,0.337426882944232,0.581790817905248,-0.121561138989558,-1.36486930890505,-0.418060761741218,0.557249524913056
"36047059402",-0.140768297,0.362713828,0.334,0.634099653,0.573529412,-0.140145557496031,0.316789676802359,0.295650242100958,0.49719291097695,0.459656160868899,0.00354471153856573,-1.30193332395473,-0.369854932944458,0.582085620976759
"36047059600",-0.007040536,-0.317841249,0.47,0.409846743,0.467166979,0.00295509340736734,-0.367939940715141,0.392042087776024,0.350548938323793,0.390126049969005,-1.24314295846597,-1.76815532901955,-0.812719979052234,0.132276592545935
"36047059800",-0.168987382,0.012085144,0.222,0.470695664,0.662921348,-0.173148615554559,0.0218447994659301,0.208638865111328,0.392512020583547,0.514571408347261,-0.595728411582273,-1.41592316549944,-0.45883757083988,0.49764125657304
"36047060000",0.009618833,-0.139670534,0.553,0.459750413,0.753642384,0.0194288643182445,-0.138883442469225,0.44660705143934,0.385092599300358,0.567381206873333,-0.337237435828375,-1.15810602858847,-0.28591797309686,0.602250771396442
"36047060600",-0.093266026,0.235377886,0.476,0.570073531,0.840228245,-0.0869379535033817,0.219439006754483,0.396087946295567,0.457471384563583,0.615309007155756,0.322291325856057,-0.940516183922454,-0.0219879170662235,0.892884586941465
"36047060800",0.018175317,0.018461364,0.882,0.226335556,0.8,0.0277856943211627,0.0280638640187928,0.637634470629686,0.21215180762689,0.593326845277734,-0.0658664742297208,-0.995697625656552,-0.138659528603485,0.700693887197016
"36047061002",0.036067893,0.123679358,0.434,1.830965943,0.626143791,0.0450382708021201,0.12546841223695,0.367417040470634,1.0441441151198,0.492342126127587,0.862369653628766,-0.740804641869703,0.219982026825572,1.17337599704518
"36047061003",-0.591448101,0.395849668,-0.243,0.801166373,0.93993994,-0.870954384794022,0.340641865908065,-0.265268477614881,0.593971042710381,0.667798572101326,-0.314630312156206,-1.03119504967481,-0.0566773037759263,0.946641026311749
"36047061004",0.209881446,-0.047213077,0.41,0.491784038,0.487987988,0.198753678613493,-0.0379231554255347,0.350656871613169,0.406653760048124,0.404122866371289,-0.591001677218144,-1.12622148236144,-0.247157085024932,0.626934731493209
"36047061200",0.009166667,0.483679006,-0.166,0.495144444,0.74611399,0.0189853002381452,0.401242208204206,-0.16960278438618,0.408888869675164,0.563103407684653,-0.271803909693381,-1.37205233888821,-0.257640708549846,0.861481371044246
"36047061600",0.002187511,-0.308989536,0.09,0.445879482,0.556298774,0.0121138412510631,-0.355232464812167,0.0953101798043249,0.375610172996943,0.448715367365788,-1.40582210596457,-1.99304296959953,-0.849056195355664,0.287031946639411
"36047062000",-0.007050717,-0.006786706,0.053,0.560199542,0.737193764,0.00294494239724262,0.00320814240361395,0.0610950993598108,0.451202708099387,0.558010937422885,-0.527932650994708,-1.45774624436591,-0.412159275083924,0.63949073851924
"36047062200",-0.121531889,0.368618169,0.77,0.461147973,1.165172855,-0.118256522858759,0.321081670694914,0.576613364303994,0.386043030033944,0.777108134946009,0.963412962948812,-0.750459228522422,0.299150735743657,1.37630499238733
"36047062600",-0.314251689,-0.014595624,0.462,-0.046486584,0.467164179,-0.362767306175203,-0.00460621634472255,0.386622020306684,-0.0371688669900957,0.390124154446905,-1.50248252487929,-1.97558716797821,-0.961688054434826,0.0346840847542574
"36047062800",-0.093445529,-0.229907721,0.797,0.212385975,0.834850455,-0.0871337797532697,-0.248343059885895,0.591668011610091,0.200804666033148,0.612398220006879,-0.557515636860688,-1.35262168131918,-0.343205909021149,0.680700168444782
"36047063200",-0.118257941,0.953112399,0.674,0.68720319,1.215719064,-0.114578359744939,0.674531172442672,0.521171915820135,0.528981713910611,0.800080038239927,1.7122195998827,-0.465715452525585,0.600942050540995,1.68783780397126
"36047063600",-0.159722087,-0.078810854,0.519,0.229999525,0.931179775,-0.162192026465806,-0.0712928580007296,0.424613926946925,0.215110996552356,0.663295919681543,-0.387120001849095,-1.48853476180175,-0.424617043394168,0.645295358590751
"36047063800",-0.275696467,-0.269289929,0.234,0.340392569,0.844621514,-0.308832803151154,-0.300145997457513,0.218331994316988,0.300395342030434,0.617680639661793,-1.02175120008051,-1.52177571248121,-0.521295700043968,0.491591996130932
"36047064000",-0.115689591,0.619379791,0.443,0.924098617,0.443271768,-0.111702350426799,0.48819944609256,0.373630384588146,0.659641386941023,0.373817406327671,0.424286416139812,-0.950006048858606,-0.0602952915198132,0.844603235505545
"36047064200",-0.112799076,0.088477744,0.313,0.290196972,0.69210174,-0.108475446465905,0.0939253522822545,0.279901885132819,0.262515769913038,0.53186380509788,-0.541167181850379,-1.22189965593403,-0.306941378772132,0.595935230557068
"36047064400",-0.152049719,0.161857346,0.688,0.662786172,0.708496732,-0.153209128725647,0.158589965316497,0.529451087889156,0.514490602718397,0.54144991564752,0.281346931105687,-0.992555174796761,0.055643812650497,1.11051234377491
"36047064600",0.002653769,0.060758983,0.537,0.651171415,0.632786885,0.0125743790846663,0.0683677269248016,0.436317571590929,0.507523025186007,0.496394119747241,-0.0176552998387804,-1.13378559202156,-0.174324685057718,0.830259259518021
"36047064800",0.024415404,-0.059984438,0.161,0.016224169,0.909323116,0.0338364400893013,-0.0512769134690869,0.15785808461558,0.025886211187578,0.651972580131533,-0.940115110231802,-1.54488452091947,-0.612046072565893,0.340420349417433
"36047065000",-0.353556828,-0.318964071,0.582,0.389848326,1.726432532,-0.42091915105759,-0.369563460907729,0.464991087422191,0.336363892180737,1.00665507644681,0.141584835242967,-1.1219195843812,-0.2762333339034,0.625199810831021
"36047065200",-0.063879612,-0.316288989,1.154,0.340428326,0.132972973,-0.0553854579848478,-0.365699815861153,0.771958360984235,0.300421820646671,0.133632738863819,-1.50048225370783,-1.77130793268186,-0.884853362153005,0.00851928053541245
"36047065400",-0.163174603,0.162619048,0.369,0.265432024,1.34375,-0.166260748437585,0.159239749659603,0.321358598811165,0.243284963569225,0.856009800989225,0.342692232074954,-1.22782674272338,-0.246706733597799,0.708214155536874
"36047065600",-0.20294433,0.279342326,0.708,0.505427462,-0.04193038,-0.214362629200513,0.254132263562524,0.541160823562064,0.415697552298936,-0.032451272804183,-1.15162520441798,-1.6190686509275,-0.656784726804529,0.306759271952106
"36047065800",-0.094100478,-0.100573831,0.757,0.447637453,0.438118812,-0.0878486124643675,-0.0949414618891308,0.569283193337559,0.376816942171493,0.370265343083591,-0.661048548965467,-1.63301446099313,-0.560733347502363,0.517274376395211
"36047066000",-0.05372688,-0.340257947,0.46,0.403662985,0.962666667,-0.0447117163558915,-0.400862636249317,0.385262400790645,0.346184197482353,0.679386265478884,-0.622246746295001,-1.63507805306844,-0.578343024349924,0.483208215562855
"36047066200",-0.198255958,-0.086673024,0.483,0.760930074,0.703947368,-0.2085702077243,-0.0797718536911216,0.400787518557053,0.57150487411379,0.538799112586262,-0.17185255684145,-1.45980271440906,-0.435168169077411,0.555537323158449
"36047067000",-0.686987347,-0.237813524,0.36,0.511897833,0.835087719,-1.13006378315212,-0.25852920890288,0.314810739840034,0.419958130379556,0.612526820535744,-1.0179670032205,-1.73206927564108,-0.806950855381542,0.137112759532242
"36047067200",-0.695035685,-0.096911012,-0.046,0.270417559,0.511945392,-1.1552959322881,-0.0909219354478975,-0.0366639843715915,0.247186242702763,0.419989379689385,-1.96958526156227,-2.06944144739145,-1.10875585474806,-0.139378941591654
"36047067400",-0.591184573,-0.106858054,0.433,0.221515569,0.916864608,-0.870324964465529,-0.101875544120353,0.366724279791734,0.208245580804673,0.655894126455282,-0.845479085008517,-1.68060690466235,-0.688414870858446,0.309839446048044
"36047067600",-0.620810905,0.504269531,0.501,0.425216274,1.078886311,-0.943689948076188,0.414933164930129,0.412771683290603,0.361315551444283,0.736631058403178,0.396955613043348,-1.14464756314231,-0.17905378482521,0.756326363597586
"36047067800",-0.533018483,0.096535464,0.718,0.518744159,0.822711472,-0.740277537272208,0.101233930605389,0.546964670381864,0.424446587243344,0.605796548939061,-0.030343738543462,-1.2576810439198,-0.302600969623594,0.627284626745227
"36047068000",-0.686303208,0.358740329,0.406,-0.060916482,0.913580247,-1.12794802850992,0.313890848986936,0.347835995271528,-0.0522584779220937,0.654188161601751,-0.792330489319216,-1.51076398622027,-0.564902634952983,0.419743247459632
"36047068200",-0.703349149,0.391360602,0.625,0.581632653,0.963068182,-1.18204547176317,0.337443623243854,0.491642804349217,0.464760315193314,0.67958978396999,0.30455604323559,-1.28880060334328,-0.27221655244534,0.718281609240185
"36047068600",-0.483979179,0.044551238,0.329,0.299927391,0.892703863,-0.642414483377649,0.0531153096092544,0.291923066709035,0.269971708959386,0.643275960334927,-0.537494843894793,-1.77678665869148,-0.640490642745209,0.487975243660223
"36047068800",-0.480111098,-0.185613418,0.409,0.637991105,0.539869281,-0.635087913277,-0.193115706177863,0.349952398177906,0.499557034021257,0.438170592536063,-0.954912025940214,-1.69489393597038,-0.73146002726258,0.220388242250066
"36047069000",-0.697567281,-0.067178636,1.037,0.40898862,1.222070845,-1.16336613218588,-0.0588784480156766,0.716375306679152,0.349944378413542,0.80292978460674,0.115878728591805,-1.2543279058687,-0.349059315622647,0.571120682193036
"36047069200",-0.778435742,0.278413771,0.386,0.915448833,0.792265193,-1.46289787161772,0.253411826868577,0.333611004340181,0.655159100562179,0.589044314285052,-0.0512353636897253,-1.31486584704792,-0.313964872016466,0.68581295008132
"36047069601",-0.517270288,-0.064168391,0.319,0.300071311,0.642222222,-0.707794506805564,-0.0556907289459509,0.284426779731108,0.270081571609344,0.502121183001345,-1.08230278840652,-1.70849971724671,-0.792511634998378,0.11709768901361
"36047069602",-0.362519322,-0.160631698,0.374,0.509842618,0.51,-0.434666326780335,-0.163262379906203,0.324977857195478,0.418606788707994,0.418710334858185,-1.03314563006924,-1.69644926650665,-0.785970478186711,0.149187501903387
"36047069800",-0.112939753,-0.055127225,0.383,0.381667569,0.546286877,-0.108632254184382,-0.0461771672712532,0.331459694797669,0.330502718017732,0.44230277701439,-0.793495709771146,-1.66315523152351,-0.741327537970519,0.160037459172588
"36047070000",-0.058460796,0.142266911,0.624,0.258214489,0.764004768,-0.0496743907825861,0.141731229013277,0.491030996437811,0.237609997072655,0.573239571595162,-0.120663728819542,-1.47381850264967,-0.262868461249825,0.979062508835895
"36047070201",-0.095646646,-0.241782593,-0.002,0.292872777,0.422222222,-0.0895381804886418,-0.263682503863373,0.00796816964917688,0.264571654849279,0.359227239459718,-1.82281500326376,-2.44053972624681,-1.28755697625474,-0.162236206932156
"36047070600",-0.055088852,-0.388647802,0.306,0.387968342,1.833333333,-0.0461369815732347,-0.475857211277631,0.274596832903125,0.335019998347773,1.04497707271824,0.00219099199218431,-1.47899437306106,-0.335358861694058,0.833621514734888
"36047072000",-0.716852864,-0.173424022,1.246,0.525005714,0.720510096,-1.22708062536209,-0.17843793422803,0.813593333635813,0.428534103507802,0.548416218228223,-0.462465276573105,-1.45177592086528,-0.588610860659232,0.275004129057556
"36047072200",-0.616445485,0.14454865,0.24,0.277039505,0.702842377,-0.932535681965521,0.14370948837888,0.22314355131421,0.25234462355859,0.538154199346451,-0.901286107682449,-1.76536144547974,-0.899897608782108,-0.0347404094909642
"36047072400",-0.441152263,-0.095888439,0.317,0.774155053,0.687131051,-0.564142478205959,-0.0898026569895861,0.28292075535007,0.578944943497684,0.528939208373508,-0.501920474096928,-1.73798591481189,-0.768808238891419,0.229106277651594
"36047072600",-0.627019662,-0.039778517,0.305,0.31639586,0.384782609,-0.959771627933892,-0.0302309005590275,0.273836665629728,0.282465384163624,0.332738567287369,-1.56183014319646,-1.78711922750437,-0.922470511769632,-0.0842424291311788
"36047072800",-0.686237271,0.197682912,0.245,0.474462979,0.42183908,-1.12774434936678,0.188703574989851,0.227135572583747,0.395053076547626,0.358959687922313,-1.11969784382732,-1.79765409781839,-0.839326652999095,0.10269564036735
"36047073000",-0.711627604,0.148964888,0.192,0.371841155,1.329496403,-1.20941292163395,0.147527268816742,0.183986836113016,0.323416780244608,0.849935693814937,-0.188554337989719,-1.31609562166367,-0.425313911343613,0.483156377428119
"36047073200",-0.814345908,0.346553935,0.1,0.248109838,0.484355444,-1.63140701564537,0.304947612739252,0.104360015324243,0.229610466072536,0.401694972737463,-1.48671162647067,-1.9578999081584,-0.96970797203075,0.0280894169909541
"36047073400",-0.211187362,-0.066756879,1.163,0.538746132,0.951515152,-0.224628856333783,-0.0584312130347053,0.776108701274293,0.437445656460114,0.673717211338119,0.431050411306635,-1.21055242133642,-0.19922406498191,0.811434127194205
"36047073600",-0.437860302,-0.200469736,0.946,0.698553672,0.528610354,-0.558372090148237,-0.211301120522522,0.670901571612626,0.535647206771028,0.4308796415144,-0.507303758938333,-1.41021538149596,-0.448669885036202,0.503008945676041
"36047073800",-0.176240759,0.282953968,0.539,0.268954366,0.6375,-0.181810598155556,0.256929498227918,0.437609561434732,0.246042842523119,0.499258987394525,-0.240569136848436,-1.29878134102904,-0.27067647001505,0.717831832165943
"36047074000",-0.275637166,0.187421672,0.417,0.412099711,0.592032967,-0.308752048254924,0.180170638560292,0.355574338494699,0.352134449175904,0.471273427086115,-0.408059587222061,-1.32939651614503,-0.375889582845317,0.569759208109
"36047074200",0.568895711,-0.121845499,0.478,0.549339089,0.60106383,0.456725685593856,-0.118609563511444,0.3974329364109,0.444262070594376,0.476894724763129,-0.300373376832445,-1.36385150146769,-0.396569190369643,0.538644313273322
"36047074400",-0.02747567,-0.094756971,0.813,0.40721793,0.75648415,-0.017630172186549,-0.0885656435090217,0.600483495696526,0.34869574563674,0.56899121523223,-0.142358596039564,-1.23137962829126,-0.236718805354648,0.782468834866381
"36047074600",0.21953893,-0.040786099,0.151,0.489821641,1.34375,0.206639245450594,-0.0312699473857098,0.149281702715754,0.405346195038286,0.856009800989225,0.27306249241718,-0.976642375082673,-0.122336150949881,0.705830072156203
"36047074800",0.051126456,-0.072016461,0.298,0.3054725,0.911111111,0.0593310382036905,-0.0640228791704103,0.268499253035007,0.274195916680694,0.652903722301143,-0.402255308516489,-1.32943960733199,-0.362036987651686,0.57911995569585
"36047075000",-0.031863827,0.124776985,-0.148,0.095419639,0.667529107,-0.0221063824434602,0.126436142640092,-0.148500008318444,0.1002250266786,0.517321941128963,-1.28901435646531,-1.62070365406694,-0.641095461795521,0.316137138551774
"36047075200",-0.029157667,0.137331036,0.335,0.924001924,0.768867925,-0.0193435530268988,0.137438406795003,0.296394013053802,0.659591391859977,0.575977164780976,0.339648374189374,-0.964817050541766,0.01750806570331,1.02336020720235
"36047075400",-0.000656834,-0.163544566,-0.062,0.252692039,1.894392523,0.00929978860336747,-0.166697726166398,-0.0534007767271153,0.23324598069882,1.06622425415072,-0.0356666612179153,-1.17712418647824,-0.230189860809373,0.7372749233496
"36047075600",-0.080439737,-0.190818981,0.249,0.67753203,0.518055556,-0.0730436401406541,-0.199450195131342,0.23031775506221,0.523267124325157,0.423996048722113,-0.862153180935974,-1.46279724376764,-0.491063528929077,0.470183329474774
"36047075800",-0.017901,0.641407943,0.122,0.769133127,0.591508053,-0.00793237828969516,0.501628222847926,0.123985979780991,0.57612623837405,0.470945718465298,0.279750404647929,-1.03828113994085,-0.125091443725426,0.790688596445305
"36047076000",-0.066285655,-0.022099048,0.206,0.340422481,0.597457627,-0.05793175926504,-0.0121728372718835,0.195566783543975,0.300417492380938,0.474653817217677,-0.859945325200123,-1.32423822937254,-0.392166852081456,0.54814183958424
"36047076200",-0.203015439,0.265474161,0.227,0.873241113,0.846953938,-0.214450742245876,0.243318000456471,0.212689093410351,0.632994288742667,0.618937477539507,0.368847441772298,-0.839618913867669,0.0776532751901714,1.02499524833438
"36047076400",0.231648548,0.115180032,0.498,1.12016043,0.777456647,0.216439970842181,0.117943051297642,0.410784269585764,0.756197296133808,0.580793741865333,0.726319565807812,-0.504998025274503,0.346069192582352,1.17695058368651
"36047076600",0.000298141,-0.050378985,0.577,0.582855654,0.870619946,0.010245476402346,-0.0412168485064978,0.461845441544272,0.465528414141857,0.631601480994108,0.111468395940393,-0.963514646613378,0.163590487780027,1.27696636624398
"36047076800",-0.001197718,0.117018095,0.445,0.560501552,0.761904762,0.00876376775959074,0.119575290829366,0.375005900623456,0.451395028216388,0.572055104688857,0.0737244133559225,-0.996427528575358,-0.160844325135941,0.680443184417746
"36047077000",-0.08399567,0.196853714,1.091,0.287797269,1.089153046,-0.0768763683209723,0.188016736758723,0.742413421862863,0.260668418872312,0.741533951948878,0.698226161123737,-0.502051273246435,0.315602411349624,1.16251904837021
"36047077200",0.199821821,0.336090921,0.421,0.174192045,0.916542474,0.190473093393612,0.297204777975378,0.358373500574314,0.169060723477708,0.655726932076959,0.140867653629949,-0.880267927866401,0.0260203887216208,0.944290396710532
"36047077400",-0.481504287,0.042058368,-0.003,0.624739139,0.751696065,-0.637720585341452,0.0507485956661333,0.00697561373642536,0.491483243607846,0.5662770183105,-0.720245154577918,-1.42701440814852,-0.468129766501122,0.496775334149677
"36047077600",-0.670865379,-0.044199628,0.343,0.365824428,0.633289987,-1.08135813833543,-0.034798120369856,0.302324349188651,0.319053135439866,0.4967003219595,-1.12639348547403,-1.56562914683207,-0.678410008310167,0.212183161342926
"36047078000",-0.469896408,0.146632401,0.427,0.488277084,0.611494253,-0.615994320785151,0.145512680356167,0.362557607096888,0.404315837282707,0.483348102509803,-0.471392893005291,-1.49598046626197,-0.499323429020048,0.488249101165778
"36047078200",-0.809889675,-0.06756162,0.33,0.95992594,0.788069074,-1.60888643952324,-0.0592847411076363,0.29266961396282,0.677995948134599,0.586713352441654,-0.600809457657417,-1.23048802670661,-0.341566369030643,0.537267435015932
"36047078400",-0.172873504,0.035314798,0.801,0.446239614,0.89893617,-0.177780089684683,0.0443180821577446,0.593879178901276,0.375857506289273,0.646546107830491,0.210797068594794,-1.15677069536615,-0.153615463200143,0.850522710792683
"36047078600",0.182201976,-0.272427924,0.113,0.373236364,0.676470588,0.175801997242342,-0.304391465373953,0.116003675756306,0.324425944804243,0.522637935699544,-1.13534650037509,-1.54333790573016,-0.583928795586088,0.387782721484221
"36047078800",-0.660565189,-0.301658168,1.165,0.513173986,0.753968254,-1.05143825544935,-0.344828488246059,0.777028664540647,0.420796306390217,0.567565960824019,-0.644605911707157,-1.00047208319431,-0.0742858308268077,0.830588765863504
"36047079000",6.495000149,-0.244507734,0.344,0.268892398,0.844544096,2.01556948493886,-0.267236167135959,0.303063174490083,0.245994389268699,0.617638895502512,0.0659704915292661,-0.459316910349208,0.44966728012383,1.3711167066892
"36047079200",2.273846154,-0.038119843,0.265,0.208511844,0.598265896,1.18901534335518,-0.028522777390674,0.242946178610389,0.197630314183606,0.475156515295568,-0.443627074808587,-0.507326500600721,0.37864730287607,1.25916545792864
"36047079400",-0.705882353,-0.180851064,1.309,0.330123077,0.738700565,-1.1903406557293,-0.187355482564727,0.841136058273395,0.292761458252467,0.558872977834582,-0.621486057200849,-0.293920836640486,0.566269843764521,1.3870654729686
"36047079601",11.88180009,0.407495489,3.293,1.325623879,0.82748538,2.5565914573173,0.348891574251391,1.45931245385646,0.848279041300311,0.608397995610617,3.62354353283934,1.52101692887421,2.51365020065376,3.51428641972834
"36047079602",3.858166682,0.037027706,2.156,0.52595009,0.75,1.5827174148842,0.0459553938114414,1.15246896145882,0.429149140707972,0.56531380905006,1.57187750350296,0.65705627928017,1.63120562698186,2.58007029037074
"36047079801",6.295151148,0.305186922,1.994,1.542848,0.855474453,1.98857973602215,0.273978801535546,1.09994473390189,0.937209598688234,0.623515419133416,2.99660494909775,1.24889331877763,2.25534944601898,3.27923163098209
"36047079802",3.915434787,0.356138483,1.015,1.026368,0.880291971,1.59441255235182,0.311988134487454,0.705569700558502,0.711167828917471,0.636731299151016,2.05172449952762,1.07979480918564,2.1124690790315,3.08962241904819
"36047080000",2.671585366,-0.141951031,0.864,0.649096819,0.971514243,1.30334346538885,-0.141507150014486,0.628075183816231,0.506273369360772,0.683861321611416,0.931881212842858,0.203337439292786,1.17559022203515,2.16608620551171
"36047080200",2.890308955,0.157921941,0.72,0.340163594,0.735632184,1.36105576922869,0.155226050837106,0.548121408509688,0.300225765849286,0.557116773140272,0.653769155869673,0.13883236435138,1.11468561588931,2.08739422079512
"36047080400",2.870919152,0.15477316,0.403,0.071537207,0.731534091,1.35607202042539,0.152526355612382,0.34571510370239,0.0783833689629836,0.554766386285491,0.0273485254850115,-0.376644054583228,0.518439729244055,1.3740952992098
"36047080600",26.09621549,0.277855478,1.544,0.142035072,1.097859327,3.29976305546261,0.2529784148648,0.937660757610348,0.141530006254721,0.745672895530174,2.33855895161474,0.37896601574865,1.3700986879644,2.39804503392534
"36047081000",10.80760626,-0.030327274,1.053,0.101324984,0.970219436,2.46959047539435,-0.0205367161534853,0.724161234089115,0.10555298273485,0.683207664828294,1.08862877803427,-0.277490079885197,0.861123085447459,1.98866575308498
"36047081400",-0.51830093,-0.026271348,0.095,0.408108108,0.744340879,-0.709888395963225,-0.0164051801213102,0.0998453349697161,0.349323664978162,0.562093218853317,-0.978741648258651,-1.98899482180813,-0.840713938015448,0.270423235464325
"36047081600",0.393995823,-0.131340506,0.147,-0.092515684,0.934848485,0.339322330527969,-0.129357835187116,0.14583044821154,-0.0861197934774497,0.665184074293137,-1.08778595877855,-1.55525995664855,-0.555399556573041,0.448713090582549
"36047081800",0.416504726,-0.026880044,0.619,0.462495211,0.709401709,0.355227204669785,-0.0170241357612686,0.487966329619908,0.386958384246296,0.541976386709091,-0.0154645255931691,-0.925075619284125,0.0749130367591103,1.06862246911058
"36047082000",3.585969926,0.126907835,0.352,0.441893027,0.708039492,1.525179816449,0.128312151676367,0.308954207727321,0.372868240823612,0.541183810492274,0.467595475191109,-0.354280557557424,0.596873219135676,1.5526984794299
"36047082200",2.382991074,0.143608424,2.32,0.713061409,0.839694656,1.22171185508835,0.142894789879722,1.20297230399235,0.544102597653567,0.615020574657039,1.92965767078017,0.467210953003936,1.4399180885376,2.41645803832745
"36047082400",0.385116677,0.033183375,0.374,0.329787234,0.911764706,0.33297805120227,0.0422769755218523,0.324977857195478,0.292510820758832,0.653243881617981,-0.0224180075270292,-0.588148044623142,0.321454413877996,1.24364369107554
"36047082600",6.212853658,0.107920227,0.504,0.525471821,0.747734139,1.97725011830691,0.111470018877658,0.414755155015257,0.428837709053368,0.564025558588921,0.920282540016848,-0.339983583305156,0.535447757114525,1.41135524287282
"36047082800",0.683124138,0.05417815,1.565,1.250770925,0.622406639,0.526575424739337,0.062202811114436,0.945849534115699,0.815705872373568,0.490055391559131,1.3217825609772,-0.177764756680121,0.846306357744358,1.85959800707041
"36047083000",99.57451134,0.045837812,1.461,0.855469526,0.922360248,4.61099828298908,0.054334586367148,0.904622927006473,0.623512777978777,0.658742182176235,3.15278687502775,0.199662191127874,1.19082803221225,2.18255221904438
"36047083200",-0.284443169,-0.123702141,0.331,0.216163583,0.840053763,-0.320815876162748,-0.120702200901314,0.293415604299541,0.203890256835126,0.61521469974905,-0.829705893118262,-1.5352469210806,-0.487623262728175,0.591061655949486
"36047083400",0.392176784,-0.128131711,1.186,0.035564235,0.566312997,0.338025874814412,-0.125712566326055,0.786637523647284,0.0445566775018527,0.45508857387425,-0.584323120563319,-1.58490620879061,-0.627905111738052,0.319106441561764
"36047083600",0.791641265,-0.243850683,0.115,0.642070269,0.92022792,0.588698063341247,-0.266378197428688,0.117783035656383,0.502029209908454,0.657638089208582,-0.275145424601472,-1.45855187143415,-0.528836070540107,0.376791613709395
"36047083800",1.005206743,-0.305203278,0.19,0.186975801,0.742155525,0.700721792120534,-0.349845855335796,0.182321556793955,0.179798209997213,0.560846758551547,-1.03252912696201,-1.79266667688313,-0.840785232881912,0.135716989416268
"36047084000",-0.098271371,0.015407345,-0.159,0.462886854,0.61369863,-0.0924128891074052,0.0250899434001274,-0.161343150408763,0.387224321224022,0.484706651858651,-1.09789657349439,-1.81426181460833,-0.869021081677724,0.0976764273686057
"36047084600",0.181497175,-0.244111864,0.271,0.290165837,0.52184466,0.175210646592876,-0.266719156459446,0.247641022914597,0.2624918232546,0.426472669310549,-1.25149614648136,-1.90596404759786,-0.958592610344196,0.000609166502146953
"36047084800",-0.515492958,0.290956264,0.308,0.272395294,0.832579186,-0.704193887373649,0.263099581747772,0.276115436080316,0.248729652624626,0.611166321634104,-0.384552279360207,-1.46275401243099,-0.577413994963987,0.326082293917724
"36047085000",-0.526852792,-0.180602178,0.007,0.243865578,0.920560748,-0.727433893297178,-0.187055357167999,0.0168571170664228,0.226231241887627,0.65781050372253,-1.3113961950574,-1.7756782043724,-0.900576120538844,-0.0126794655306145
"36047085400",-0.911344075,0.033615503,0.109,-0.059574468,0.826807229,-2.31611698749601,0.0426911294786447,0.112435429329788,-0.0508454662564857,0.60802886278432,-2.12262025148937,-1.78859453372505,-0.854543740019433,0.0522173122254367
"36047085600",-0.076040624,-0.126608125,0.669,0.698952669,0.806354009,-0.0683223363458949,-0.12398637728107,0.518198378095404,0.535880708606578,0.59683120005764,0.0537572019900131,-1.02016375031559,-0.0690779039183403,0.882195612970054
"36047085800",0.371865204,0.144762425,0.247,0.263255579,0.910606061,0.323434183685406,0.143894630175432,0.22872792960811,0.24157706847335,0.652640793001406,-0.0797497284765829,-1.43187445256651,-0.424748205179763,0.584358665431697
"36047086000",-0.982153497,-0.167494057,0.202,0.529369012,0.631799163,-3.58104788602248,-0.171374562774565,0.192271887647123,0.431372599994722,0.495792691125589,-2.3849484046313,-2.04299577328361,-1.12220084049185,-0.189652193207612
"36047086200",7.325555556,0.210719755,1.108,0.810503676,0.614084507,2.12053016737084,0.199440647900097,0.750472247179215,0.5991132078568,0.484944276715693,1.61755711243184,-0.727039010420299,0.209532312469399,1.13655249122461
"36047086400",-0.40565572,-0.216413226,0.682,0.561662165,0.400479616,-0.503611243435617,-0.231192388976963,0.525911261184032,0.452133763150219,0.343929799742585,-1.04225541977958,-1.39799739462345,-0.474470706041833,0.466306447111088
"36047086600",-0.410937348,-0.148279792,0.793,0.326969163,0.690677966,-0.51238909201242,-0.14882464569423,0.58945194422118,0.290405233530709,0.531026975090591,-0.651373587291225,-1.21571760903456,-0.301652835052956,0.634873296191248
"36047086800",5.850287074,0.009106348,0.51,0.730814703,0.753803596,1.92574928838408,0.0189261138587214,0.418710334858185,0.554353223760546,0.567472611249772,0.978062873094956,-0.872136559857779,0.132473235978864,1.16322447833388
"36047087000",-0.350285015,-0.157701034,0.575,0.592261905,0.816058394,-0.415947378140895,-0.159817914642466,0.460584407329244,0.47141632155091,0.602159760850938,-0.316536530953626,-1.61083608342951,-0.46852511119431,0.679276299666958
"36047087200",-0.161500449,-0.098763488,0.157,-0.070529781,0.857142857,-0.164285723477118,-0.0929527974149051,0.154436353304419,-0.0624391594069785,0.624409378504306,-1.30517074485319,-2.05186287564276,-0.994273332323945,0.0597207488934345
"36047087401",0.594672227,-0.075039892,0.443,-0.205333333,0.610248447,0.472919515788554,-0.067251415844279,0.373630384588146,-0.21732716557852,0.482579499831169,-1.31297440739966,-1.25430172005396,-0.23694914294955,0.772097751658254
"36047087600",-0.425267834,0.141247535,-0.025,0.848603626,0.248677249,-0.536601372486571,0.140846167434164,-0.0151136378100482,0.619825467070007,0.230061367153954,-1.18060938131061,-1.48660068017717,-0.474397346558764,0.532308989542998
"36047087800",-0.897291196,0.139511861,-0.139,0.207126378,0.850699844,-2.18294774208779,0.139337383567169,-0.138113302129634,0.196492652492377,0.62095267717204,-1.79666808467771,-1.99933252340076,-0.921666470873051,0.161195641828143
"36047088000",4.207232267,0.218686084,0.654,0.192710491,0.895008606,1.65196704422997,0.205945374035764,0.509224342399017,0.184577752169924,0.644486526153762,0.833329891015406,-0.730562492500591,0.259003931755405,1.26780495975749
"36047088200",1.33968254,0.056299364,0.855,0.625484262,0.782234957,0.854280229668976,0.0641941155867875,0.623261053095779,0.491938945204665,0.583463420355319,0.766337007398098,-0.537692062804744,0.369206908659502,1.28255593798526
"36047088400",19.61255419,-0.231761234,0.63,0.626972634,0.684913218,3.02638534046175,-0.250721904714813,0.494696241836107,0.492848581083718,0.52763154070165,0.957106120939516,-0.534522949028757,0.54763974923031,1.60934565066778
"36047088600",0.417596488,0.015609021,0.355,0.523506473,0.71988389,0.355992252557993,0.0252866029724185,0.311154428636923,0.427556925626189,0.548054290650398,-0.0912017081343187,-0.966987651190235,-0.0056715599692474,0.952391890665673
"36047088800",7.775649832,-0.096700306,1.045,0.671090107,0.750724638,2.17311968953513,-0.0906912003332843,0.720275847948198,0.519442456202251,0.565725450450476,1.23789400852334,-0.76374152592516,0.152095490114054,1.06240659083664
"36047089000",-0.519395941,-0.074931999,0.524,0.417816449,0.830482115,-0.712117873649373,-0.0671360239957817,0.427878702945064,0.356146318540944,0.610027556321645,-0.518436175222997,-0.925909199093375,-0.0540770634952654,0.821969102702761
"36047089200",0.81969718,-0.087151369,-0.351,0.319066623,0.655976676,0.604150477750927,-0.0802900546779514,-0.41703174447963,0.284476908647696,0.51041154364665,-1.37220695506288,-1.23679232225291,-0.26065780352139,0.718261902348557
"36047089400",5.779792655,0.192796707,1.249,0.48470555,0.812239221,1.9154204042855,0.184649434349972,0.814922237485866,0.401929230922428,0.600066086047983,1.54475830368535,-0.19284036064475,0.771022439815183,1.74367411031912
"36047089600",0.564857857,0.187754219,0.342,0.454531057,0.710682493,0.454165018681054,0.180448319212795,0.301584977620772,0.381535093615934,0.542721010377567,0.0830783110113496,-0.734673490472519,0.271636032517274,1.26460603388892
"36047089800",1.738663484,-0.203605978,1.545,0.031226526,0.819559229,1.01111478772119,-0.215182794886955,0.938052223655668,0.0403993701871712,0.604075079372325,0.124044435400732,-0.579178259053302,0.383500285169257,1.35349129991333
"36047090000",1.474670492,-0.173161276,3.153,0.352655328,1.2109375,0.910140051963839,-0.178123910451562,1.42623596821284,0.30943524325934,0.797929404039077,1.65590563693099,-0.0214488622254438,0.889831273894477,1.80600411539792
"36047090200",1.004459086,-0.076662174,-0.061,1.387383956,0.484507042,0.700350715688738,-0.068988057927108,-0.0523464803722091,0.874378124518532,0.401796414674548,-0.160610814933198,-0.502914238979862,0.437160199901045,1.39923125669111
"36047090600",3.722785305,0.246057839,1.779,0.830310263,0.7421875,1.55451388860221,0.227978117144966,1.02568310864535,0.609934178601591,0.560865007335855,1.95716123696465,0.456441384842534,1.41882432780228,2.38480387473434
"36047090800",1.654381196,0.402618416,0.462,0.324564654,0.540145985,0.979971834033109,0.345445014860841,0.386622020306684,0.288605136796776,0.438349110367101,0.259410343236065,-0.291736708447973,0.669524797600081,1.62954861521579
"36047091000",5.508748318,0.036756343,1.249,0.360678925,1.020512821,1.87468238174198,0.0456961856073776,0.814922237485866,0.315306182781339,0.708288382332604,1.44263079432141,0.147152165000333,1.08299453320817,2.0086510756079
"36047091200",-0.415849879,0.233250044,5.369,1.14347413,1.113360324,-0.520623262593846,0.217728954003822,1.85301134525982,0.767082412437782,0.752999892295141,2.78603875732541,0.602159587792265,1.59630757186042,2.5551840450718
"36047091600",-0.197820414,0.282373199,-0.047,0.626801662,0.477635783,-0.208033798249207,0.256480217365378,-0.0377018671840115,0.492744131610604,0.397188136960712,-0.691310625444277,-0.653778109101375,0.241260646674542,1.10514417136829
"36047091800",1.9845182,0.148646807,0.75,0.248567563,1.3,1.09678335051323,0.147252778484575,0.56531380905006,0.229974219491917,0.837247524533702,1.11656324537978,0.00195811535791866,0.942108107389052,1.89734705539533
"36047092000",1.517187984,0.266874216,0.487,0.245411093,2.277108434,0.927107215825236,0.24441507259054,0.403463105437491,0.227463083089752,1.1900082828815,1.84259525795578,0.0466374527332358,1.05521355384375,2.08280857048198
"36047092200",40.90615332,0.115069588,0.145,0.338418006,0.917975567,3.73567127339778,0.11784488974338,0.144100343973757,0.298932057892882,0.656470523390212,1.37942842988047,-0.321475659509215,0.639684499827119,1.58553404031228
"36047092400",-0.534469152,0.257640858,1.909,0.291157253,0.515555556,-0.743323524232416,0.237157580880649,1.07124109187198,0.263254063094636,0.422358642734993,0.112733194108793,-0.255861366930753,0.669286852663254,1.57710319905174
"36047092800",-0.227605337,-0.33279222,0.373,0.328016482,0.731125828,-0.245395981603813,-0.389777140307164,0.324255052682621,0.291188280015816,0.554531931580544,-1.16473697009914,-1.51408775841742,-0.515411315870845,0.467800002302936
"36047093000",-0.921845706,0.125797187,0.425,0.571240406,0.485958486,-2.42866665890266,0.127334771789701,0.361164849211584,0.458209606123508,0.402767129167247,-1.40606531528457,-1.99958505382866,-0.871854201823481,0.240357874323368
"36047093200",-0.610191083,0.137504683,0.812,0.751400706,0.618644068,-0.916768553512734,0.137589743989987,0.599934798837767,0.566109348206673,0.48774780850834,-0.0447452619648316,-1.43421795602023,-0.551831688207346,0.385611635250958
"36047093400",-0.285356939,0.216299478,1.146,0.825739168,0.413157895,-0.322076075016672,0.204001080115036,0.768254653046751,0.607447216746583,0.352878272193234,0.263513849753748,-1.2602129756187,-0.238346336827338,0.77685590822356
"36047093600",-0.941807963,-0.201436988,0.422,0.516406069,0.775766017,-2.68542748048044,-0.212496666081677,0.359072068538454,0.422915997725993,0.579847464353334,-1.65312673915207,-1.92756323306042,-0.92235490956698,0.104623372783434
"36047093800",4.279481641,0.413297531,0.143,0.090969405,0.603448276,1.66572025260022,0.352976384391891,0.142367241286922,0.0961910689802337,0.478373674977139,0.0513826919346924,-1.2433054976509,-0.291509690154186,0.68246104058036
"36047094401",-0.182167734,0.080066935,-0.083,0.705642289,0.612440191,-0.188944722413115,0.0862391026125233,-0.0758017134162818,0.539787523042031,0.483931306667064,-0.695382637244219,-1.81323195282221,-0.838721322715217,0.118964334295644
"36047094402",-0.903904675,0.432973493,-0.016,-0.030805087,0.279761905,-2.24341729653843,0.366705910253646,-0.00601807232556302,-0.0210245622947593,0.254457631571043,-2.57024113812968,-2.75129413092534,-1.67327372071086,-0.59189592264531
"36047094600",0.27282403,-0.169135749,-0.116,0.113962292,0.549222798,0.249063921121656,-0.173325045830901,-0.112049503808623,0.116860202866047,0.44418749070514,-1.72252618123482,-1.86779176511077,-0.935683569183565,-0.0124614234928151
"36047095000",-0.352213453,0.06326696,0.22,0.586011823,0.723507917,-0.418874796941332,0.070707230466811,0.207014169384326,0.467507906894916,0.550147053193372,-0.423615559500716,-1.63760501042126,-0.769862690684817,0.111629967492007
"36047095400",-0.919151621,-0.152417054,0.583,0.765319549,0.635241302,-2.39856332689683,-0.153637374590935,0.465619030927911,0.573980434329988,0.497887061605578,-1.26000714286636,-2.22598967848044,-1.09798303794461,0.0301384991987914
"36047095600",-0.742553746,0.310115382,0.37,0.263,0.839266451,-1.3188366524593,0.277719143384256,0.322083499169113,0.24137631957527,0.614789047485205,-0.578925957759058,-1.69502040072242,-0.806716640232688,0.0751069765384312
"36047095800",-0.809458282,0.146337588,-0.06,0.227002092,0.639400922,-1.6067329840536,0.14525775875926,-0.0512932943875506,0.21269078459728,0.50041214440811,-1.69427062208514,-2.1798134958418,-1.14304980692752,-0.132150721302351
"36047096200",-0.805774943,0.380876213,1.578,0.852423595,0.685622318,-1.58853267265031,0.329933917608226,0.950885376638654,0.621878647611327,0.528049822712152,0.573234261792988,-1.05766016304919,0.0188786877152366,1.07682061842716
"36047096400",-0.845395699,0.185305513,0.456,0.250520539,0.471982759,-1.8042108610684,0.178401812122401,0.38253760346446,0.231524761840734,0.393380893202985,-1.42189756222159,-1.82283634523917,-0.843399135242192,0.100563422286062
"36047096600",-0.787477445,0.639876772,0.182,0.15877093,0.527192009,-1.502726811727,0.500700601487164,0.175632568643158,0.155952709481803,0.429957381282342,-1.10089416022128,-1.74296073738182,-0.882676475559861,-0.0441640600225974
"36047096800",-0.291875476,-0.14335134,2.893,0.770819898,0.392822502,-0.331112293216586,-0.143121620779593,1.36174548819848,0.577073875106548,0.338486279930826,0.396879924335514,-1.07437915048027,-0.144941843959444,0.748317113335344
"36047097000",-0.515682068,0.087589074,0.766,1.234176556,0.774484536,-0.704576381763006,0.0931160234938738,0.574363644569978,0.808338663709793,0.579129598177832,0.569219840421273,-0.953529506564393,0.0553620599434114,1.07025583902313
"36047097400",-0.690082713,-0.086327714,-0.062,0.123414093,1.255485893,-1.13969279472459,-0.0793979390814869,-0.0534007767271153,0.125234398944649,0.817789258224186,-1.1939801064691,-1.63899777604244,-0.710375383523976,0.182524496528106
"36047098200",-0.515485838,-0.174183063,1.277,0.644188371,0.837370242,-0.704179489300137,-0.179345664756318,0.827240915040644,0.503310478266676,0.6137631370029,0.0648367285069995,-1.30178773357234,-0.414512999473909,0.487267173405281
"36047098400",0.037514671,-0.280380844,1.098,0.24521305,0.845005741,0.0464203784440001,-0.315232585084228,0.745739630679116,0.227305319132162,0.617887790933316,-0.349837116026932,-1.73132636674265,-0.720514905073517,0.300305278623699
"36047098600",-0.596826458,0.142108182,0.054,0.279610782,0.553287982,-0.883887575732575,0.141593465850732,0.0620353909194527,0.254340453467286,0.446791283987635,-1.30364428299341,-1.95040971470612,-1.04398463956526,-0.138989098381933
"36047098800",-0.450734256,-0.206048819,0.359,0.578124674,0.671319797,-0.581130527018887,-0.218216731795967,0.314080546306312,0.462553869818756,0.519579078450529,-0.874880797384841,-1.73950574636526,-0.83155371301121,0.0844834418791203
"36047099000",-0.774028272,0.036305384,1.671,1.113167568,0.646153846,-1.44404327774288,0.0452652771433217,0.986189859253822,0.752909109422623,0.504497953821841,0.413010075788853,-1.38420835488817,-0.438359341498658,0.513683874928702
"36047099200",-0.664066973,-0.090510731,0.105,0.11868018,0.782267116,-1.06151008624408,-0.0839369054789449,0.108854404912082,0.121048967800457,0.583481363712218,-1.54333838492154,-2.0371654834746,-1.1005720597281,-0.150966055559248
"36047099400",-0.546887643,-0.312779591,0.334,0.458330968,0.757111597,-0.769785582629655,-0.360653692959204,0.295650242100958,0.384126359822027,0.569346347540235,-1.19958770491141,-1.94469122845967,-1.01003739020644,-0.110490007097183
"36047099600",-0.734280816,0.289074361,0.105,0.687418182,0.603815937,-1.28837238049322,0.261651980853736,0.108854404912082,0.529108380172752,0.478601521832757,-0.717827162562469,-1.81651212426371,-0.807162961184232,0.197654945074041
"36047099800",-0.747583707,0.248319113,0.05,0.384300294,0.680446927,-1.33782313161424,0.22977679304187,0.0582689081239758,0.332392708077311,0.524992947819381,-1.05805436182192,-1.67613011356961,-0.823594782124713,0.00192418908933654
"36047100400",-0.775563918,0.109193595,0.32,0.271939541,0.823529412,-1.45057229967872,0.112608421515018,0.285178942233662,0.248374197480019,0.606242749851358,-0.938319982983741,-1.91724362335855,-0.921331160227473,0.0632537448493195
"36047100600",-0.898130271,0.326272001,0.251,0.616114425,0.895953757,-2.19042021858087,0.289883647954971,0.231905056982783,0.486193380728341,0.644982543132861,-0.58281741000062,-1.78183895197342,-0.826173436047713,0.123083228869695
"36047100800",-0.672045651,0.160394265,0.386,0.066699272,0.447252747,-1.08484445475101,0.157340670677596,0.333611004340181,0.073900131699248,0.376552982999217,-1.49644980261585,-1.95167115239823,-1.04876265193816,-0.136184641282655
"36047101000",-0.837152546,0.003993423,1.217,0.419178082,0.746463547,-1.75534584225726,0.0138964189546622,0.800655388275231,0.357099511197297,0.563302439306003,-0.504558830814866,-1.69273153781266,-0.73670626288337,0.224827370058778
"36047101200",-0.822547272,0.079288742,0.01,0.021893036,0.715394567,-1.67422858269192,0.0855249529752826,0.0198026272961797,0.0313950144007981,0.545455758820331,-1.91046248922624,-2.15376518059468,-1.25024121324577,-0.346640927590743
"36047101400",-0.569542277,-0.058645323,0.226,0.190783291,0.694070081,-0.819940813240178,-0.0498683343360558,0.211880359035499,0.182974086350229,0.533019554908836,-1.28011210005311,-1.98173517574625,-1.12658756668875,-0.236981427160395
"36047101600",-0.626313143,0.261073676,-0.197,0.287858754,0.334821429,-0.957928535638797,0.239861957482451,-0.207024169434327,0.260715794178952,0.296261237696794,-1.8822024277151,-2.41204158946422,-1.37725201371792,-0.347740314098762
"36047101800",-0.888372057,-0.173927133,0.478,0.579919028,0.75226978,-2.10678854144087,-0.179039508212523,0.3974329364109,0.463683089149215,0.566602625895989,-1.26681375866838,-1.95884436139269,-1.04221002326057,-0.117906342795387
"36047102000",-0.47282553,-0.106406602,-0.185,0.623071657,0.791713326,-0.621432339661918,-0.101375800745215,-0.192371892647456,0.490462693613478,0.588738059960058,-1.13493478664873,-2.05509736813667,-1.10420180523206,-0.136286676085968
"36047102200",-0.752465239,-0.272050284,0.653,0.343162791,0.650632911,-1.35660057381448,-0.303879592204348,0.508623200210791,0.302444660502322,0.507198801389619,-1.39287905767281,-1.92682705711664,-0.977225823457703,-0.0794463035713743
"36047102400",-0.82453072,0.414804118,0.275,0.768738466,0.932919255,-1.68486601711792,0.354034343219346,0.250758718347183,0.575904386072019,0.664191612660974,-0.0480042047628899,-1.40626200374872,-0.46341877843771,0.489321386901198
"36047102600",-0.811955338,0.004592446,0.151,0.336082645,0.580498866,-1.61926270806714,0.0144870008240963,0.149281702715754,0.297198629783371,0.464047719223469,-1.59557731108189,-1.97196930040486,-1.00390343368805,-0.0691342362117129
"36047102800",-0.886575522,0.275559164,1.296,1.098444933,1.630742049,-2.0921258241352,0.25119377077986,0.835514421846867,0.745950677192812,0.971059956829543,1.37537204408204,-0.890264992831347,0.149381162680974,1.17401406710604
"36047103400",-0.690884194,0.152304051,0.973,0.48847208,0.283625731,-1.14220121386292,0.150404285992261,0.684610849537659,0.404445975635705,0.257448920084792,-0.845791969828345,-1.76523880136752,-0.743337357989431,0.249554879919796
"36047105801",-0.216825792,0.111567919,0.37,0.164375877,0.884514436,-0.231712399254474,0.114727634000388,0.322083499169113,0.160736837965516,0.638962571399981,-0.416449422223666,-1.57417419253599,-0.423314709835698,0.700423654324638
"36047105804",-0.425271552,0.026403501,0.06,0.190973805,0.566929134,-0.536607730973476,0.0357565477394794,0.0676586484738149,0.183132731869142,0.45547936974862,-1.39672760106306,-2.02351670166638,-0.939083678236501,0.11559840572216
"36047107800",1.722009889,0.017228507,0.209,0.817153369,0.61548913,1.00503756139453,0.0268644057102207,0.198030850499135,0.602759219685425,0.485808773566286,0.189718255834394,-1.0500262340355,-0.0994909666804537,0.860864833036841
"36047109800",-0.887399834,0.392296941,1.612,0.050578512,1.246355685,-2.09882690148421,0.338111564331844,0.963937385341508,0.0588145252855928,0.813750982999279,0.155518804694553,-0.787567910682932,0.0610323341181487,0.895476895905133
"36047110400",-0.190175296,-0.005852707,-0.127,0.940479291,0.678756477,-0.198664737186857,0.00413871668453765,-0.124430078378177,0.668075132630589,0.523992445666116,-0.575223053662347,-0.964323795248487,-0.220763502313244,0.537194760471768
"36047110600",-0.001633987,0.171400944,1.272,0.089778259,0.038647343,0.0083312118762927,0.166700974942651,0.825052251439884,0.0951085767565233,0.0475010889069087,-1.15861858025103,-1.93362741719904,-0.81500131627135,0.301389088588433
"36047111000",0.86631016,0.157996068,0.466,-0.041889667,0.161073826,0.629307167408859,0.155289517962013,0.389335726178281,-0.0324092178289282,0.157921127888773,-1.38395971638929,-1.86675383924828,-0.788499029989607,0.289401418049711
"36047111600",0.547848137,-0.063831875,-0.029,0.368427052,1.758436945,0.443305469655389,-0.0553350037336253,-0.019182819416774,0.320943031691933,1.0182828811501,0.389883961847082,-0.656346242996403,0.234436191042341,1.10731225341886
"36047111800",3.021901693,0.029669163,0.213,0.484366667,0.888399413,1.3942381487754,0.038902550044767,0.201306856705035,0.401702482970656,0.641011116931615,0.433583188389621,-0.521037278279636,0.491412374654661,1.48076335678043
"36047112000",1.790322581,0.211302826,0.051,0.061105468,0.929848693,1.02973461804528,0.199918179120011,0.059211859631846,0.0686912628076262,0.662609976734632,-0.154881985364349,-0.750763180320588,0.169782907457798,1.06629554624459
"36047112200",4.986167979,-0.114519891,1.226,0.340953649,0.874818049,1.79112059502472,-0.110395269900036,0.804688555292853,0.300810749729255,0.633831290511623,0.955003403702415,-0.457121257364535,0.523414020337973,1.45929676153152
"36047112400",-0.873762946,0.093528481,2.235,0.284635189,0.690179806,-1.9933588664669,0.0985127560780101,1.17711535015605,0.258228948128629,0.530734013704399,-0.255141650949219,-0.774250219415934,0.139374977260123,1.06911190126625
"36047112600",3.132087492,-0.027634738,0.539,1.280328367,0.947107438,1.42119988587923,-0.0177920825564702,0.437609561434732,0.828695198989597,0.671467586242744,1.42707857472096,-0.177349019571556,0.802941555620605,1.76482588998388
"36047112800",4.361843078,0.039394133,0.298,0.403288574,0.807580175,1.68117106713977,0.0482129814410474,0.268499253035007,0.34591931073465,0.597506042244894,0.459973936384979,-0.632581445753909,0.366027799150474,1.36980376794277
"36047113000",-0.780921599,-0.121182642,0.62,1.333478387,1.016042781,-1.47369097157513,-0.117863511144449,0.488580014818671,0.851636315807693,0.706084521595655,0.190547879597391,-0.686692896867266,0.276021251215235,1.23022913657709
"36047113200",-1,0.320848125,0.932,2.267802085,1.162903226,-4.60517018598809,0.28581642696701,0.663718369869133,1.18717310174477,0.776064165537999,0.352255639425536,-0.476167960152382,0.436946888778168,1.34740487730183
"36047113400",-0.780611176,-0.038090551,-0.132,1.433684211,0.817241379,-1.47233679386946,-0.0284926383263311,-0.13010868534702,0.89350682305923,0.602807386348353,-0.630307896859837,-0.863470237341572,0.10859790617747,1.07196972143743
"36047114201",32.43548387,0.00966618,-0.055,-0.002814012,0.755162242,3.50991676609914,0.0194752992203859,-0.0460439385014068,0.0071602918164404,0.56824260797374,0.204686925288657,-0.532569646726137,0.427417028458155,1.39769339098731
"36047114202",-0.71587786,0.072032851,0.039,0.165777778,0.621169916,-1.22376015573879,0.07884154133123,0.0478373294141601,0.161929867334721,0.489297497243888,-1.61139570206496,-2.07231839356312,-0.895264395700881,0.244416681254897
"36047114400",-0.064782993,0.310233603,0.111,1.093424006,0.804270463,-0.0563407408139059,0.277808692910285,0.114221144090023,0.743566495989125,0.595683438153428,0.490883152028478,-0.25872786814118,0.586403389966104,1.42914205416283
"36047114600",-0.087707332,0.034412297,0.559,0.423937785,0.836415363,-0.0808926784630528,0.0434543319979562,0.450438473750896,0.360424355601656,0.613246117812626,-0.0331243296603896,-1.13760941996296,-0.119419190143028,0.912430073809879
"36047115000",1.971030043,0.324330107,1.596,1.194124622,1.268206039,1.09226889280684,0.288429373402856,0.957816478702653,0.79033043324931,0.82338830825709,2.69524840135575,0.227808016771435,1.13423318874925,2.07602910438691
"36047115200",-0.557590885,0.174532285,0.426,1.410509306,1.342799189,-0.793168386844114,0.169348000471515,0.361861470626032,0.883977975050416,0.855605763561907,1.17792787484336,-0.284740310471851,0.730764879230601,1.72658854416424
"36047115600",-0.29390593,0.16604878,0.861,0.733317156,0.841726619,-0.333943737969876,0.162160328208017,0.626473047291953,0.555789709824558,0.616118511397094,0.577886674893237,-0.479850609902024,0.525691368047687,1.53266431539722
"36047115800",5.691288456,0.076812954,-0.033,1.141026828,0.918196995,1.902299814774,0.0832495178954133,-0.0232686269393543,0.765945322546261,0.656585366798635,1.07620024325667,-0.335255594599235,0.654979457294296,1.59697560833042
"36047116000",-1,0.062392582,0.167,0.736833347,0.805555556,-4.60517018598809,0.0698922101606668,0.16296882827814,0.557804632783666,0.596391512340436,-2.06005069734634,-1.55791855504408,-0.537103341996916,0.501099718149014
"36047116200",-0.377329326,0.541563319,0.586,0.153858065,1.279029463,-0.457805254464606,0.439263015546301,0.467500499027617,0.151740404589067,0.828127912447225,0.596244323683058,-0.505426959772334,0.471037834336995,1.41888192292952
"36047116400",9.972452705,0.307057385,0.171,0.336898396,0.934232715,2.39629879046199,0.275399994325177,0.166361537215225,0.297804464739155,0.664867408235793,1.07167796877561,-0.167406999436777,0.788339392710202,1.76062057922723
"36047116600",-0.342458851,0.094253942,1.333,0.762327456,0.935628743,-0.404154244165849,0.0991699413319122,0.851432159525659,0.572293629692866,0.66558518601529,0.881173818117508,-0.236205163858845,0.668468566088208,1.59557765401004
"36047116800",0.063966973,-0.152286476,2.02,0.426476749,0.672106825,0.0713592442171911,-0.153485123359109,1.10856261952128,0.362193413437784,0.520047070235583,0.335500281096083,-0.727025432866438,0.23587664320759,1.20305905883258
"36047117000",0.520433726,0.006977701,-0.478,0.617237339,0.995652174,0.425551176276936,0.0168351905723518,-0.631111789640493,0.48688369282863,0.695969281683935,-0.788934281521215,-1.09571697884308,-0.14949634006756,0.811508983885716
"36047117201",-0.452926316,-0.022052174,-0.127,0.583333333,0.891061453,-0.585057760550898,-0.0121253903209522,-0.124430078378177,0.46582825762605,0.64241238965397,-0.810434813079571,-1.33552063628759,-0.381300996192361,0.57524457251986
"36047117202",0.470167795,-0.314187178,1.378,0.579511814,0.947521866,0.392155456349564,-0.362674588724972,0.870456195530356,0.463426933867051,0.671679319190803,0.40386923683421,-0.946626831606743,0.191470287633321,1.2860430959882
"36047117400",-0.749214524,0.24225509,0.247,0.661609999,0.880246914,-1.34405714066444,0.224945997930898,0.22872792960811,0.513787233267918,0.636707462866628,-0.286534695516709,-1.11259860496687,-0.0823870486618214,0.915043075812671
"36047117601",-0.207016814,-0.107412754,0.345,0.86539096,0.960352423,-0.219421504233428,-0.102489921979342,0.303801454331664,0.628817149686768,0.678212421673966,0.10280039791541,-1.25634953299278,-0.109715335147136,1.01416802105404
"36047117602",-0.470417259,-0.134167897,0.741,0.346622692,0.549525102,-0.616959139963619,-0.132580869657501,0.560187053303715,0.304998296501843,0.444381353120853,-0.897397501856902,-1.52962324776513,-0.493823964147241,0.584713561231626
"36047117800",-0.582499358,-0.266112154,0.022,0.239435825,0.737532808,-0.849799488852064,-0.295865000135814,0.031498667059371,0.222692109429654,0.558204969198521,-1.75816644175867,-1.60327856698117,-0.653932994644757,0.257413136193658
"36047118201",-0.44187103,0.249357556,2.743,0.903131147,0.421118012,-0.565406826176019,0.230601714741844,1.32255552015288,0.648741243780003,0.358455965378052,0.967774549008792,-0.695177098695243,0.437882104102427,1.57230151480512
"36047118202",-0.039791259,0.028840702,0.514,0.317576745,0.85447263,-0.0302440337290251,0.0381053817870428,0.421338457264455,0.283355284139009,0.622978240990243,-0.157174467521858,-1.20108475488869,-0.184396151794539,0.828009013167703
"36047118400",-0.533509255,0.14980603,0.623,0.796855895,0.903663501,-0.741306978951638,0.148252775618959,0.490418813988328,0.591588260228596,0.6490194682746,0.347364069966592,-0.94286502816591,-0.0524708759632734,0.826698490258425
"36047118600",-0.157906344,0.100113745,0.501,0.193236286,0.855714286,-0.160058833311489,0.104462483047219,0.412771683290603,0.185014831670932,0.623643974946111,-0.285023622060344,-1.05066781705654,-0.190439150441153,0.682801449484818
"36047118800",-0.682861206,0.157502255,0.964,1.047250543,0.663474692,-1.11737075165363,0.154866642036566,0.68006194101129,0.721370403448237,0.514902118758359,0.312505878845791,-0.943017086355266,0.00416969819826549,0.952434368413027
"36047119000",-0.86407767,0.188338493,1.209,0.556163248,0.792477302,-1.92468078513009,0.180936008197995,0.797056643950457,0.448628837346185,0.589161997587278,-0.121936717673792,-1.08885388528965,-0.181515301216206,0.734310102781278
"36047119200",0.329804108,-0.041831288,3.947,0.63498223,1.070967742,0.292523415216603,-0.0323489176359696,1.60080071903844,0.497729581727378,0.732833046090007,1.96756397760153,-0.152548112164273,0.747930482404404,1.68446866411664
"36047119400",-0.133380315,0.172606642,1.941,0.38911585,0.810344828,-0.131682035169252,0.167721020827177,1.0821440959608,0.335840501404248,0.599025949076367,0.841828193165944,-0.268203091581718,0.676245114283371,1.64440115298913
"36047119600",0.899969438,-0.221995171,0.734,0.198652867,0.623357664,0.6470872408834,-0.238251060970446,0.556181325486788,0.189506406335169,0.490637812664053,-0.579680760202086,-1.08308339363341,-0.116662491054814,0.84649544009368
"36047119800",-0.3608351,-0.062207192,-0.108,0.334140323,1.170914543,-0.432068511346787,-0.0536193575761939,-0.103140758919513,0.295754643644975,0.77974430396674,-0.720813384224136,-0.796008637310492,0.089194132828799,0.981972949187124
"36047120000",-0.7,-0.15896488,0.39,0.04507759,0.68220339,-1.17118298150294,-0.161301882165126,0.336472236621213,0.0536143092474238,0.526031460815558,-1.67373186065705,-1.98078646149601,-0.917006719542088,0.193525696738831
"36047120200",0.418927763,-0.161797985,0.481,0.497795918,0.688967136,0.356924346935219,-0.164636446325511,0.399447035782601,0.410648927536196,0.530020499359689,-0.335478215069905,-1.31794834736807,-0.360874166367498,0.584049365037433
"36047120800",-0.475442445,0.131318372,0.26,0.379817575,0.874587459,-0.626315874239284,0.132184060880607,0.2390169004705,0.329172497522552,0.633708942305892,-0.40518084415471,-1.0558349530471,-0.141506885858773,0.783401409964334
"36047121000",-0.158890732,0.180995353,2.012,0.568983957,1.5625,-0.161214759121312,0.174789388602327,1.10591886385055,0.456781574993897,0.944878188726068,1.91122405991826,-0.0517697822297304,0.883214833613755,1.86113383336491
"36047121400",-0.036458333,0.111529568,0.521,1.322650875,1.253393665,-0.0268146538531637,0.114693439320731,0.425921116675547,0.847005335463102,0.816865308659156,1.35826063842035,-0.283717460468717,0.940864410079228,2.11924125640727
"36047122000",-0.867842754,0.142255945,0.929,1.246567863,0.977671451,-1.95082146786138,0.141721712075772,0.662172376260515,0.813845014284276,0.686963828479857,0.47542337423716,-0.64647489795044,0.298160428349795,1.25084815883567
"36047123700",16.19394856,-0.211768233,1.103,0.384574749,1.409020218,2.8451389249147,-0.225356288863268,0.74810873863392,0.332589529373823,0.883362589592136,1.83802382021866,1.42146518838396,2.30063433625677,3.18730784284045
"36047150200",-0.039994171,0.062002872,0.875,0.829931647,1.427055703,-0.0304531982244137,0.0695287417494992,0.633927820899974,0.609728422561311,0.890790631583324,1.34153585333204,0.203349223138707,1.13301425270935,2.04906053771577
"36047152200",0.205902512,-0.109358662,0.331,0.517676413,1.015789474,0.195486609277473,-0.104648171657291,0.293415604299541,0.423747896720699,0.705959488285099,0.00194275944919045,-0.472037054707152,0.454823781018264,1.3600535245895
"36061000201",1.197563529,0.142696629,-0.063,-0.137107069,0.505995204,0.791889431790826,0.142104092182278,-0.0544561857960587,-0.135942375566671,0.416072123626785,-1.42357585993101,-1.93125094857043,-0.783331630336585,0.36268388374467
"36061000202",-0.468354499,0.032900846,0.45,0.395664304,1,-0.613143548726783,0.0420061053442408,0.378436435720245,0.340510005279155,0.698134722070984,-0.184211382908464,-1.00966838475531,0.0531348879118968,1.145598179011
"36061000600",-0.213401524,-0.15448594,0.969,0.15187804,0.445676275,-0.227404521367229,-0.156052750951509,0.682591666620429,0.150037695950611,0.375470586454703,-1.02997542242367,-1.51719578513386,-0.465669438649207,0.593411351885549
"36061000700",0.107311639,-0.211225106,0.166,0.167351463,0.523834197,0.11092547759378,-0.224676107578865,0.162118849476435,0.163267392879164,0.427770611705764,-1.48253511412066,-2.02402229747549,-1.00258980972434,0.0228176140718745
"36061000800",-0.150133034,-0.124658705,1.198,0.3468044,0.826168224,-0.150977592398098,-0.121782064247972,0.792087128414849,0.305132228974772,0.607680913273291,0.01155894440257,-1.06830190756882,0.0209324917893752,1.08877917366756
"36061000900",-0.000112713,0.135970204,0.05,0.526671173,0.749125437,0.00983872759605325,0.136251617954542,0.0582689081239758,0.429618500874109,0.564816774753522,-0.348789397212342,-1.59384073235791,-0.517912876348548,0.531136662576412
"36061001001",0.075977487,-0.090415687,0.775,1.169867113,1.230630631,0.0824804910942919,-0.0838335447423058,0.579418415231602,0.779263917603574,0.806757357940766,1.16638237243693,-0.250755128054808,0.877753514263192,2.0033079930858
"36061001002",0.569467669,0.244609247,1.755,0.730172141,0.433691756,0.457087871914705,0.22682416712999,1.0170406349743,0.553984039942224,0.367203552309697,0.897746442790694,-0.192061295996203,0.830082553895654,1.82881815648151
"36061001200",-0.057777085,-0.22461341,0.413,1.122622675,1.290726817,-0.0489561171888726,-0.24157921108636,0.352767319107715,0.75735252510661,0.833225080406589,0.620012127457436,-0.298408807100707,0.634455969545092,1.61730839077644
"36061001300",-0.177411652,-0.002092656,0.289,0.626475827,0.425787106,-0.183215939034538,0.0078762447892957,0.261594737688462,0.492545043692044,0.36171320476054,-0.764969610259784,-1.3934046363263,-0.491088753614043,0.392643019725766
"36061001401",-0.141855397,-0.041879935,0.752,1.162599673,0.633986928,-0.14139698487894,-0.0323991653062428,0.566449527513988,0.775924456506593,0.497124345264177,0.366726890490275,-0.535784401956468,0.384527549913427,1.31489346791952
"36061001402",0.880938822,0.157673585,1.36,0.317666964,1.209150327,0.637073436958371,0.155013380451184,0.86288995514704,0.283423239483168,0.797124387036644,1.28600506354583,0.0637433993272204,1.08435661626238,2.0947593163514
"36061001501",0.01395125,0.163287166,0.624,0.568922961,3.987421384,0.0236689180621719,0.159809353008685,0.491030996437811,0.456742944342905,1.60892205620315,2.82596725610726,0.02936714288593,1.01794199619079,2.00862386410448
"36061001502",-0.101192341,-0.149879874,0.153,0.303443163,0.583756345,-0.0956218034539311,-0.150683218093773,0.151002873536527,0.272652057794966,0.466093711093145,-1.20469675735525,-1.79328098162934,-0.717483838455884,0.325707487140472
"36061001600",1.535003001,-0.238882498,1.587,0.632871645,0.885714286,0.934131829176644,-0.259914514955597,0.954356932680611,0.496445713666234,0.639595699439519,0.875403840712742,-0.188506626642658,0.72021322721229,1.66426745847224
"36061001800",1.913438216,0.273473198,2.915,0.457922125,1.379061372,1.0727603948375,0.249569839147645,1.36736635123437,0.383847880420087,0.8709005574235,2.59117282660513,0.656461065002188,1.58012761299752,2.50724233544396
"36061002000",-0.231991525,-0.060626402,0.899,0.493200054,0.624489796,-0.251017861546882,-0.0519528823942172,0.646579544743611,0.407596205040481,0.491330704274908,-0.226479367009471,-0.471314358274689,0.493846958143876,1.45321731264699
"36061002100",0.000916336,-0.215360055,0.089,0.563047066,0.914660832,0.0108571829048584,-0.229866166288771,0.0944006754214843,0.453014544798251,0.654749761047429,-0.591052781831189,-1.15889443222335,-0.198433981874362,0.743635111756132
"36061002201",0.192438243,0.421512991,0.764,0.328843616,0.987525988,0.184351364506397,0.358731920610907,0.573236883887388,0.291806268252812,0.691909408836489,0.786378612745443,-0.11773424055362,0.805100111332289,1.71794381316685
"36061002202",-0.035821355,-0.032051044,0.498,1.899749564,1.300947867,-0.0261605784001485,-0.0222978025384204,0.410784269585764,1.06806701699889,0.837657772405167,1.54736141041553,0.120989912993924,1.01063342585284,1.92161847293113
"36061002400",5.709239882,0.307054311,4.519,0.412590064,0.839160839,1.9049750353397,0.275397660331517,1.7100069673558,0.352479198898117,0.614731935641847,2.74556237179779,0.426680953602868,1.47826673319562,2.51143770800893
"36061002500",-0.935535226,0.157538912,0.678,0.343988754,0.407142857,-2.59742909763179,0.154898039341694,0.523544396173765,0.303054868694881,0.348642772140662,-1.62249127689052,-1.59841105912032,-0.527736426445294,0.570545205005873
"36061002601",0.305680243,0.005166317,0.975,0.748764415,0.935010482,0.274353826935798,0.015052458183613,0.685618914139154,0.56461152557492,0.665267366258973,0.834276665112059,-0.142770785722205,0.806936319462654,1.79155092213049
"36061002602",0.095565857,0.023661194,0.338,3.792403194,0.429723502,0.100357291680318,0.0331070570150322,0.298622012490115,1.5691164580394,0.364451082651149,1.20835801907941,-0.119596013232898,0.872494831700845,1.87074251328342
"36061002700",-0.205914086,-0.584415584,1.495,1.88703287,0.88440367,-0.218049157303147,-0.854291958166458,0.918288734536828,1.06368706494307,0.638904102994524,0.362813864101507,-0.759691081224985,0.303237048118135,1.36083752296518
"36061002800",-0.086781946,-0.063085825,0.507,-0.109273073,0.489197531,-0.0798898275269682,-0.0545468182029458,0.416734700366395,-0.104553145002579,0.40492998562233,-1.48889238729406,-1.18619304050241,-0.170808635418628,0.853710312760177
"36061002900",0.216828545,0.152674059,1.493,0.779659498,0.893145161,0.204432420838588,0.150722575443273,0.917490012449637,0.582025377176668,0.643507865488912,1.26986767802314,-0.11438985642834,0.797033066403952,1.73571662007796
"36061003001",0.536333561,0.423175202,0.82,0.397139188,1.605830165,0.435886684331493,0.3598924037592,0.60431596685333,0.341558698612594,0.961581509851366,1.67733339306887,0.278177717185481,1.19477452052573,2.12508840979908
"36061003002",-0.105808169,-0.062646301,0.245,0.962295447,0.770328103,-0.100713738668084,-0.0540827613354664,0.227135572583747,0.679198065952314,0.576797674845852,-0.0337929747050877,-0.367558127000012,0.484296251093584,1.34037247559067
"36061003100",0.192711284,-0.028264116,0.31,1.339970533,0.730557257,0.184578411513752,-0.0184329640332961,0.27763173659828,0.854402788928516,0.554205324596982,0.438646313762374,-0.530094600024603,0.354134473113079,1.24767530541385
"36061003200",0.047057905,0.069729682,0.375,0.389917926,1.24173028,0.0554894877906269,0.0767107153628016,0.325700139639302,0.336413610617028,0.811698934010415,0.366492340397693,-0.377759527275233,0.469979705033218,1.32345045927457
"36061003300",-0.121958725,-0.2724301,0.015,0.593391885,0.557721139,-0.118737056214313,-0.304394415598453,0.0246926125903714,0.472121313493787,0.449623061086404,-1.31574032729164,-1.40471979656954,-0.440982769412152,0.519255664880563
"36061003400",0.043409237,0.07046112,0.252,1.701886179,1.520935961,0.0520317967775201,0.0773879129763419,0.232697764119021,0.997644399802129,0.928589179385916,1.61551276738596,-0.193131006957278,0.761937981767944,1.72040503962241
"36061003601",0.294533407,0.002778255,0.849,0.825119559,1.983451537,0.265845434312351,0.0126973019956124,0.620038708739307,0.607109634152446,1.09642708184183,1.86780024988686,0.188836467835746,1.13824299685329,2.09999286115658
"36061003602",0.039645096,-0.008422817,0.218,0.722943065,0.918886199,0.0484521032237455,0.0015759405530981,0.205386829724951,0.549821156760431,0.656942737367363,0.0720974654554823,-0.515697161566581,0.377476973855562,1.29439694149052
"36061003700",0.022718633,-0.33717553,0.125,0.829238252,1.037135279,0.0321947745265415,-0.396270800592395,0.126632650933366,0.609351492423674,0.71644139096354,-0.383490316654563,-1.02589255228841,-0.091500768898098,0.790746853875223
"36061003800",0.000767035,0.093659743,0.219,0.402312388,1,0.0107094832181389,0.0986316965460022,0.206200830583898,0.345228352561882,0.698134722070984,-0.0323790215247154,-0.711432559444552,0.146575391489964,1.01265462079784
"36061003900",-0.025336486,0.182335185,0.258,1.579792997,1.305867665,-0.0154553063243723,0.175913724584921,0.237440856015034,0.951577948579134,0.839784418613633,1.44643781544715,-0.542977905510357,0.522039931538266,1.56980561018957
"36061004000",0.041360389,-0.162106679,0.226,1.204033786,1.193580742,0.0500849341643086,-0.165000451811354,0.211880359035499,0.794816094332612,0.790083647242603,0.557976126212301,-0.511943831726177,0.408034145991238,1.30693353076566
"36061004100",0.821230364,0.467953294,2.317,1.840236686,1.545289855,0.604988070995376,0.390658221214786,1.20207099703634,1.04740203855159,0.938165663405089,3.63779486354485,0.879699533343097,1.85549930225165,2.84221912425087
"36061004200",0.073353682,-0.140698608,0.212,1.989475469,1.132751092,0.0800614908817463,-0.140065387610008,0.200488860749404,1.09843742971451,0.762090560422207,1.02161783196557,-0.632973268418653,0.288307138275694,1.2041875327716
"36061004300",0.033065047,0.056973688,0.411,0.919389908,1.721046077,0.0421635393664271,0.0648263122217442,0.351360849114964,0.657203843098986,1.00468471419106,1.37014559008307,-0.0885721122533362,0.794175023411755,1.68018215821393
"36061004400",-0.036275341,1.096143338,0.25,0.323052353,0.82083739,-0.0266267062693171,0.744858473124084,0.231111720963387,0.287471314993988,0.604773452354812,0.622889270148418,-0.345200393836084,0.569616547272869,1.49846796137101
"36061004500",-0.00071878,0.010180901,0.091,1.020257624,0.393757503,0.00923841413424975,0.0199799654924009,0.0962188577405429,0.708162693375894,0.339152572025065,-0.571297284354376,-0.784368762838374,0.114764722813501,1.03603736098476
"36061004700",0.00308111,-0.031868098,0.235,0.679883604,1.030160226,0.0129962911628652,-0.0221107489206875,0.219135529916671,0.524659653190321,0.713028346928714,0.134228571084875,-0.953671944435264,0.0395849963650851,1.0377936830094
"36061004800",-0.095110772,-0.164758654,0.025,1.062840095,0.630769231,-0.0889522833303288,-0.168133075837563,0.0344014267173323,0.728919693478914,0.49516517516237,-0.556864743011698,-0.944673272774006,-0.00322581089313958,0.964162235413481
"36061004900",-0.021945798,0.151657873,0.112,0.379348179,1.046184739,-0.0120177224151551,0.149848185644851,0.115112807100505,0.32883470118652,0.720852197155548,-0.050816348068721,-0.905298163014577,-0.0133774204179363,0.88748790659032
"36061005000",-0.035016066,-0.00300439,0.161,0.714950513,1.229045643,-0.0253342860687707,0.0069712542433079,0.15785808461558,0.545198361955869,0.806049722848766,0.345111437448482,-0.845286096042537,0.000847547168082657,0.857341631329977
"36061005200",-0.052315289,-0.264831752,0.082,0.368180098,0.646039604,-0.0432366668714375,-0.294145249858132,0.0880108773227134,0.320763859262042,0.504428971136035,-1.3017198722835,-1.41920892151823,-0.524384494389188,0.340669524637885
"36061005400",-0.048146406,0.150028489,-0.028,0.79973148,1.225614928,-0.0388930290875695,0.148444564299453,-0.0181639706276712,0.593178480681092,0.804516325793152,0.405297027288214,-0.865115164089493,-0.00308042512122866,0.850603981256158
"36061005501",-0.017909342,-0.201786674,0.105,0.415205268,0.805674979,-0.00794078676009164,-0.21292923798075,0.108854404912082,0.354315851066036,0.596457287839342,-0.859638172782482,-1.33648887501462,-0.389595239250856,0.562481813645647
"36061005502",-0.107333498,-0.245244498,0.077,0.271038332,0.475502513,-0.10240211604055,-0.268199101468995,0.0834216081390724,0.247670945964166,0.395753107605395,-1.67959207523366,-1.38155190166308,-0.455816592386217,0.481330355379686
"36061005600",-0.092114849,-0.238421558,-0.074,0.24999375,-0.100738397,-0.0856830040314228,-0.259316937687686,-0.0661398025045449,0.231106760633624,-0.095122434129647,-3.07130014709103,-1.93245442652415,-1.01563638522334,-0.122865539151348
"36061005700",-0.169328676,0.012849555,0.099,0.169838426,0.749125437,-0.173554511093147,0.0225924135936359,0.10345870836823,0.165377501983555,0.564816774753522,-0.974056316974075,-1.46166863578607,-0.507868156281132,0.467728211039961
"36061005800",-0.170244988,-0.065337484,0.135,0.025829871,2.031714569,-0.174645082064557,-0.0569275411989703,0.135404637006203,0.0352029131707065,1.11242135938876,0.0716396588822443,-0.811162126823041,0.0535680121903882,0.936524965720316
"36061005900",-0.01057169,-0.202983901,0.074,0.659961472,0.762066046,-0.000571853477036491,-0.214411661716623,0.0806579030174545,0.512800555503849,0.572146123497334,-0.694280147702744,-1.43774549820499,-0.435013840487351,0.55503993535382
"36061006000",-0.168529666,1.873748474,0.174,0.443083242,1.611814346,-0.17260451968631,1.0590910013336,0.168898536461814,0.373687672692505,0.96386657657986,1.96732140614337,0.111928113903522,1.254382218826,2.3881177414053
"36061006100",-0.009222233,-0.297125433,0.051,0.591917146,0.917261056,0.000777464695984743,-0.338449796905233,0.059211859631846,0.471201128207565,0.656099853012203,-0.768135178370406,-1.30108195557981,-0.387221267892932,0.526716206881401
"36061006200",-0.160657718,0.000310381,0.258,1.167467047,1.132983377,-0.163293014906947,0.0102575915645527,0.237440856015034,0.778162296220136,0.762198959578481,0.661859275086073,-0.634895544450299,0.35305120618411,1.34315316282485
"36061006300",-0.081541834,-0.026531421,0.133,1.128728468,0.897631134,-0.0742299546702097,-0.0166695898077585,0.133656384812674,0.760211478610759,0.645862228340409,0.218140432169332,-0.982323897931703,-0.0519618874365115,0.890336702987419
"36061006400",-0.095523385,0.036018662,0.146,0.467136033,1.083848191,-0.089403382828634,0.0449912067837683,0.144965770250186,0.39010510018838,0.73900361268563,-0.0595121118172318,-0.791634613036496,0.130783463292718,1.06203486175642
"36061006500",-0.014207642,0.020896917,0.162,1.122701309,0.987676056,-0.00421651903527523,0.0304292165249842,0.158711691154821,0.757389396397186,0.691984532947068,0.458367385479408,-0.804086598224214,0.0935248828626618,1.00168913575913
"36061006600",-0.027522392,-0.064794923,0.162,0.420333812,0.655462185,-0.0176777263381305,-0.0563533623338311,0.158711691154821,0.357907851995149,0.510102673500412,-0.773525149826033,-1.36639612751929,-0.365262740079841,0.639385058784752
"36061006700",0.025549973,0.08101224,0.135,1.377760873,1.208490566,0.0349326604669212,0.0871059258530784,0.135404637006203,0.870356053581645,0.796827039404977,0.971566859604354,-0.606863334265351,0.393088799136776,1.41078810132223
"36061006800",-0.062144614,0.134746999,0.055,0.949335146,0.836025848,-0.0535533347770049,0.135183651018546,0.0629747991613884,0.672605204472795,0.613035138149478,0.142214595931025,-1.09821840763156,-0.176196157845329,0.721960467488089
"36061006900",-0.048252274,0.048835586,0.074,0.653254998,0.738630685,-0.0390031017923511,0.0571698005528976,0.0806579030174545,0.508776524595513,0.558833015935057,-0.345557182498043,-1.23017803490901,-0.177085876696761,0.895571376702334
"36061007000",-0.183513678,0.154357354,0.138,1.024374442,0.8903177,-0.190571911162295,0.152169307347446,0.138021297897375,0.710188372129045,0.642021082720589,0.332946546891887,-0.942263747203444,0.0441821996318832,1.09058664733888
"36061007100",-0.092028942,-0.00711719,0.036,0.554295378,0.767111853,-0.0855894160917557,0.00287866267197921,0.0449733656427312,0.447435484905009,0.574989492042443,-0.55212183536498,-1.06907037077015,-0.140431216117554,0.788949852094223
"36061007200",-0.194674264,-0.008990615,0.026,0.300345476,0.341714286,-0.204167569516861,0.00100887591350818,0.0353671438372913,0.270290824581895,0.301373628365015,-1.5766048309465,-1.59729116010359,-0.693517269392121,0.184861243046174
"36061007300",-0.025520681,0.041927987,0.17,0.828019186,0.993103448,-0.0156423877259348,0.0506246585504225,0.165514438477573,0.608688462399145,0.69469770188025,0.255686417051761,-0.917733329762844,0.0943668776587259,1.12158826620432
"36061007400",-0.056643956,-0.051433078,0.092,0.588408082,1.001410437,-0.0477668417424745,-0.0423158994240558,0.0971267107307228,0.469008185205675,0.698836185937919,-0.200150318988115,-0.954917131168611,-0.0917646863093024,0.790361158619248
"36061007500",-0.005865368,-0.223690035,0.121,0.571483255,1.012155592,0.00412610789705366,-0.240404206785053,0.123102197133983,0.458363175658192,0.704164067192711,-0.444534497914434,-1.37329410420052,-0.315523562753043,0.717378333645264
"36061007600",0.011573298,0.256569654,0.409,3.673213354,1.360888889,0.0213438879631239,0.236312186183779,0.349952398177906,1.5439844884205,0.863264943479915,2.71764086742166,0.230713083190478,1.10949950771957,2.02640094962829
"36061007700",-0.037839772,0.237251506,0.137,0.595290822,1.116920152,-0.0282346444855156,0.220942335214685,0.137149838147234,0.473304937675482,0.754674995315988,0.394004319842298,-0.94449956370527,0.0181025625581571,1.00573468730983
"36061007800",-0.219483156,0.094948668,0.116,0.389891563,0.729634831,-0.235068314526733,0.0997988795920393,0.118671529717499,0.336394778621419,0.553675223959847,-0.615011907604057,-1.27947445248466,-0.319538818872152,0.64274136570409
"36061007900",0.029023237,-0.339261767,0.042,0.40309936,0.48699187,0.0382810766408236,-0.399376332879111,0.0506931143155182,0.3457854197015,0.403457674561021,-1.67493003710163,-1.73146626315743,-0.667012508283365,0.40907111350186
"36061008000",-0.031503106,0.054268006,0.16,0.672669984,0.9,-0.0217376663973393,0.0622872445400128,0.157003748809665,0.52038180804271,0.647103242058539,-0.000681655569908707,-1.08534441398289,-0.142173155629879,0.808993599196818
"36061008100",0.0275961,-0.035254025,0.196,0.850861188,0.836538462,0.0369065953391705,-0.0255783803918696,0.187309098304994,0.621039384872767,0.613312784771315,0.0137832578704139,-0.876120178042287,0.0108065097590094,0.950358566642167
"36061008200",-0.216803081,-0.102369975,0.081,0.555599176,1.095518001,-0.231683766610303,-0.0969184448695629,0.0870947068509337,0.448268610783801,0.744561518096478,-0.297078592795366,-0.912316370371035,-0.0105554109658316,0.881436621871571
"36061008300",0.084573405,0.17725102,0.324,-0.237293306,0.520259319,0.0903647028858311,0.171640567574963,0.288181947493432,-0.257855740950837,0.425437210585098,-1.43739985941168,-1.32792416259907,-0.35743709886355,0.605347527307176
"36061008400",0.029906551,-0.013666418,0.126,2.710960694,0.889541716,0.039130854308404,-0.0036731557845401,0.12751332029896,1.31398188601926,0.641612654973225,1.17372174714816,-0.31970948554987,0.5914233095579,1.49252795073263
"36061008601",-0.049386421,0.802452026,0.137,0.293103448,0.933295325,-0.040183053894631,0.594680638982605,0.137149838147234,0.264748687163227,0.664385153183985,0.384561672469622,-0.937122737148203,0.132212049964635,1.22190373357997
"36061008603",0.095079573,-0.599380132,0.058,0.511010241,0.370892019,0.0999173441416994,-0.890087387842672,0.0657877405380032,0.419374746324837,0.322729680928414,-2.43726550485083,-2.58258336057704,-1.48940521701148,-0.410996758433901
"36061008700",-0.035032043,0.055617229,0.098,1.51695322,1.369433198,-0.0253506731397277,0.0635541890291371,0.102556588325092,0.927014316165059,0.866862307219828,1.13262766044327,-0.447821296525651,0.467045765235613,1.36688892619698
"36061008800",-0.106423408,-0.13024771,0.155,0.399247879,0.725,-0.101394399991654,-0.128114899771611,0.152721087017664,0.343056142922534,0.551007413398822,-0.849087561243718,-1.4608546644013,-0.464720177715137,0.531033192863317
"36061008900",0.024530392,-0.089187128,0.066,1.043983828,0.978603604,0.0339475962156152,-0.0824984425236051,0.0732504617395927,0.719781238057649,0.687432685892477,0.127857979276858,-0.656191564445911,0.308101670791879,1.27862182049536
"36061009000",-0.112251352,-0.060241246,0.088,0.52642979,0.514792899,-0.107865151864269,-0.0515472697944687,0.093490343087339,0.429461406783545,0.421858596902759,-0.985942132439279,-1.65776050813122,-0.672268892517364,0.340614174431192
"36061009100",-0.100050295,-0.06562527,0.131,1.199053094,0.760217984,-0.0943659502294107,-0.0572322318585491,0.131905070879939,0.792563959459232,0.571102693805068,0.0169019807829006,-0.747227723321718,0.234539004280858,1.15939819246037
"36061009200",0.088581607,0.051207932,0.291,1.094630493,1.144270404,0.094019899568863,0.0594078178106184,0.263133199530368,0.744139913958567,0.767452106602691,0.8375202515545,-0.81423147621451,0.0993944247376607,1.0181689342445
"36061009300",-0.206865273,-0.029991921,0.239,0.534590983,1.220338983,-0.219232799532207,-0.020194463473949,0.222343231143441,0.434759139378638,0.802153584233532,0.109823991440214,-0.56867878813841,0.422164165806418,1.38683713761903
"36061009500",-0.09874052,-0.331976359,0.151,0.737639175,0.931601732,-0.0929275924212019,-0.388573122918078,0.149281702715754,0.558265834300754,0.663513267477652,-0.611524326465497,-0.635784575252768,0.28200105669366,1.19079872262859
"36061009600",0.088235294,-0.144987572,0.178,1.188720212,1.335960591,0.0937046133902914,-0.145011404523413,0.172271220940453,0.787875469280305,0.852694951709968,0.699185621134571,-0.754068594125526,0.147739297786875,1.03383810279098
"36061009700",-0.035211845,-0.074674152,0.48,0.712113916,0.8,-0.0255351085154171,-0.066860309870897,0.398776119957368,0.54355255712761,0.593326845277734,0.0128933509266506,-0.359842669306584,0.573702452491591,1.55660715583932
"36061009800",-0.091533767,-0.163535513,-0.053,0.874984109,0.855686275,-0.0850501382036108,-0.166687031035592,-0.0439518875291828,0.633919390625713,0.623628961280576,-0.491997669794033,-1.46202343595412,-0.505720110274359,0.457538585820627
"36061009900",0.408729687,0.302401669,1.316,2.312930612,2.096842105,0.349761884612039,0.271858793819941,0.844150054096473,1.20084710802294,1.13360681000145,3.6305819683516,0.969873929344323,1.8310172260516,2.70661369726066
"36061010000",-0.083897884,0.015715817,0.19,1.831020013,0.981620718,-0.0767707739580759,0.0253907269006411,0.182321556793955,1.04416314719782,0.688948738423086,0.909304532920877,-0.746897819371746,0.163991522618476,1.09758869594139
"36061010100",-0.238751051,0.944853688,0.271,1.178125932,1.304147465,-0.25974406648632,0.670315350738986,0.247641022914597,0.783045438662149,0.839041354053,1.81142704382276,0.460887408783115,1.41574350227832,2.37976930321125
"36061010200",-0.236734694,-0.304545455,-0.002,-0.164169179,1.416260163,-0.25713307323847,-0.348912939247573,0.00796816964917688,-0.16743591455092,0.886351044260986,-1.44160776417445,-1.43747571468653,-0.510644354802374,0.401559917601922
"36061010300",0.210952759,0.019984011,0.33,3.4552,1.039611964,0.199631503962384,0.0295432788200859,0.29266961396282,1.49631400615844,0.71765048937983,1.98304257121563,0.606600411933962,1.54965747880373,2.51963328240118
"36061010400",-0.204159375,-0.12346975,0.109,0.064740045,1.114870882,-0.215869291759806,-0.120440031094607,0.112435429329788,0.0720788137321418,0.753711039118566,-0.885641179107258,-1.30667327719952,-0.38740214994804,0.523345288887847
"36061010601",-0.030885817,-0.117887257,0.158,0.45078081,0.808053691,-0.0211070109748075,-0.114162760891355,0.155292884406035,0.378971094134822,0.597766528322497,-0.616928773364478,-1.70435225503306,-0.705896633642136,0.305329423040606
"36061010602",-0.017887051,-0.220338278,0.057,0.486651452,0.874546773,-0.00791831829977602,-0.236150625224869,0.0648509723196163,0.403230247332823,0.633687353263159,-0.778236106916163,-1.66384445702623,-0.661175407664618,0.343714843166919
"36061010800",-0.069172405,-0.012699708,0.197,0.654207526,0.668893838,-0.0609953708478642,-0.00270335878382318,0.188137942115395,0.509349049766961,0.518135146793191,-0.409016415154876,-1.38978472727065,-0.508866590219519,0.370707339995427
"36061010900",-0.112244898,0.431572629,0.063,1.817626564,1.658450704,-0.107857962795463,0.365734621148959,0.0704584636485614,1.03943768981007,0.981498043321622,1.97026176466323,0.635336476915881,1.56353151577158,2.4997379805843
"36061011000",-0.068062316,-0.128797956,0.089,0.838735876,0.535150646,-0.0598161594602134,-0.126468344492409,0.0944006754214843,0.614502095257097,0.435121411097974,-0.740731607688115,-1.5133917509753,-0.634738992713824,0.242376704868839
"36061011100",-0.004136876,0.242374465,0.441,1.585945872,1.798349057,0.00584600277844756,0.225041321408857,0.372252973902051,0.953950948085177,1.03259678648639,2.17176631566083,1.06504580175438,1.99634122011836,2.95461465251866
"36061011201",-0.031817896,-0.278622087,0.119,1.093597265,0.443346891,-0.0220594258714663,-0.312824971972764,0.121332285167525,0.743648862580087,0.373869097319046,-0.906970586241171,-1.62535355534601,-0.609618045677035,0.406963253881797
"36061011202",0.314439335,0.421167315,0.426,0.001559992,2.748987854,0.28098922649153,0.358490415472555,0.361861470626032,0.0114936858026374,1.32414973339832,1.65157001160673,-0.639150352796515,0.312393734431483,1.24277275181811
"36061011203",-0.128233791,0.982622538,0.463,0.834498852,0.807417046,-0.125828327273383,0.689451629414797,0.387301137480493,0.612207615663508,0.597416287568237,1.20366398442161,-0.759388791128624,0.160757362781756,1.1049726315488
"36061011300",-0.649122807,0.436065574,2.059,-0.008178711,2.884180791,-1.01921756412107,0.368846471256076,1.1213517756376,0.00181963246423784,1.35948333396676,2.1119650575896,0.264360803870574,1.18434218935994,2.12541648419812
"36061011401",0.03129315,0.195197527,0.129,0.362620592,0.066966517,0.0404633542165089,0.186643476330317,0.130150684465045,0.316721753565499,0.0741483085544841,-1.55347105729751,-1.87760877657306,-0.919735510803761,0.0453187463894285
"36061011402",0.047553374,-0.329524151,0.172,0.377410468,0.755610973,0.0559581025322465,-0.384962947601227,0.167207918983906,0.327439036988892,0.568496790825536,-1.12739299122492,-1.6628119399858,-0.76034607381909,0.163627736181017
"36061011500",-0.195491624,0.019313609,0.693,1.984126984,1.507291667,-0.205170567383337,0.0288921810698892,0.532391401680551,1.09665269792369,0.923183588263743,1.95200510086042,0.695290081459699,1.57319784128945,2.44846223040759
"36061011600",-0.079624488,-0.049699195,0.172,1.685487188,0.768691589,-0.0721669979864808,-0.0405087050588571,0.167207918983906,0.99157896279126,0.575878031653645,0.432253372095723,-1.25191706178888,-0.253625152278392,0.771231845882511
"36061011700",3.180678871,1.137381254,1.466,5.267538644,5.473563218,1.43286274252832,0.764249078353269,0.90664435482235,1.83697796798446,1.86927023855694,7.75414849905683,3.07012580911944,4.22937874405317,5.42803737271068
"36061011800",0.011624825,-0.101664099,0.102,0.347242177,0.759566787,0.0213943255584122,-0.0961410337679068,0.106160195828391,0.305454829926064,0.570734763521463,-0.81868148996068,-1.68835290063627,-0.771436676324028,0.189179587998769
"36061011900",-0.475648788,-0.900252171,-0.246,-0.463691945,0.21040724,-0.626701955837515,-2.20957000854369,-0.269187489815617,-0.604572259043367,0.199184606323934,-7.11439729030789,-3.17944777466128,-2.06616320739037,-0.980501929715483
"36061012000",-0.025342897,0.154120019,0.172,0.002774986,0.331733653,-0.0154618171991833,0.151965453100397,0.167207918983906,0.0126940742354787,0.293962548657934,-1.54322494291052,-2.06599730122257,-1.17245475839564,-0.312042691890059
"36061012100",0.047647117,0.496751942,0.307,1.101205657,1,0.0560467399928183,0.409956302246952,0.275356422761144,0.747259185722145,0.698134722070984,1.19422966352601,0.127807992371762,1.03569590258031,1.94673303620833
"36061012200",-0.003716991,-0.192661898,0.136,0.24999375,1.005063291,0.00626335318775284,-0.201702436190284,0.136277618292548,0.231106760633624,0.700650604830923,-0.749236694577797,-1.99015966003159,-0.986134003119918,0.0210875101230468
"36061012400",-0.100555591,-0.254464589,0.101,0.799304465,0.816924329,-0.0949214054868543,-0.280328627421358,0.105260510657493,0.592942497945097,0.602633858366247,-0.597997089801295,-1.73166563924131,-0.736542129313573,0.264360148921502
"36061012500",-0.053741632,0.105214234,0.201,1.25741272,0.705647176,-0.0447271430300068,0.10904652457251,0.191446464570955,0.818639410535348,0.539790371533859,0.326802039949454,-0.805122112387277,0.0909135220747941,1.03565316672945
"36061012600",-0.15445963,-0.14966933,0.041,0.693042587,0.451761103,-0.156021997984752,-0.150438463635766,0.049742091894814,0.532416408414269,0.379641943734893,-1.14395402902678,-1.91484564661576,-1.01243847498563,-0.124099282386726
"36061012700",0.047198316,-0.05317143,0.499,0.304091425,1.071428571,0.0556223108598575,-0.0441310362817364,0.411447179785712,0.273145495267579,0.733054470945898,-0.0021121382421746,-0.705233333587787,0.226147738518146,1.14847856800005
"36061012800",-0.044825148,-0.506758844,0.078,0.24999375,0.478707783,-0.0354460002743785,-0.686685788387149,0.084341148433751,0.231106760633624,0.397908483938528,-2.29442008356201,-2.51056518625238,-1.57976106946995,-0.676635897604775
"36061012900",0.07329127,0.114614768,0.518,2.001833683,0.860662048,0.0800038792274143,0.117440548569932,0.423959690744329,1.10254909028558,0.626292404574046,1.35876921499676,0.448640928892301,1.41623925154655,2.36399537737346
"36061013000",-0.025702735,-0.087824083,0.091,0.24999375,0.309200603,-0.0158273289752349,-0.0810192742761833,0.0962188577405429,0.231106760633624,0.277025949358357,-1.66367885694401,-2.44137888911592,-1.42737825380388,-0.441565929379476
"36061013100",-0.127825681,0.220313833,0.252,0.314376727,1.342198582,-0.125365601914105,0.2072692856199,0.232697764119021,0.280941954050902,0.855350457594723,0.381683111730267,-0.804005413653937,0.154720898072373,1.10175053109176
"36061013200",-0.105823202,-0.079132748,0.075,0.52395383,0.644444444,-0.100730364703019,-0.071638598337652,0.0815799869924228,0.427848604708545,0.503465269091062,-0.830900040431989,-1.9098907421253,-0.894021088776954,0.105249892199288
"36061013300",-0.104978581,0.032608036,0.343,1.30623155,1.381838074,-0.0997966681589646,0.0417253009761068,0.302324349188651,0.839941533124294,0.872062138980934,1.18673159440353,-0.255893481326511,0.652692643173246,1.56197842446796
"36061013400",-0.102711266,-0.435498386,0.081,0.444506135,0.619377163,-0.0972945399452576,-0.554252372297795,0.0870947068509337,0.374666416888534,0.488197833207625,-1.66585291696062,-2.16497192390904,-1.24621128392384,-0.300730071447865
"36061013500",0.480678218,0.421619289,1.86,0.960933552,1.5463138,0.39923119626021,0.358806173554644,1.05431202977153,0.678507314766169,0.938566298932726,2.71428715708266,0.142638474825911,1.08591760027941,2.0396237315755
"36061013600",-0.064729549,0.005441785,0.083,0.317548289,0.828215768,-0.056284200898988,0.0153237739549018,0.0889262091944015,0.283333849366909,0.608795409861778,-0.651371158030294,-1.77645319615382,-0.812179755303989,0.160527425687755
"36061013700",-0.117481482,-0.021446832,0.121,0.309524275,0.712567649,-0.113708017084205,-0.0115128512726392,0.123102197133983,0.277271273912138,0.543815996864527,-0.8426437072806,-1.37366819787251,-0.410734110089448,0.548630183917249
"36061013800",-0.101157521,-0.140168422,0.067,0.448541846,0.769167354,-0.0955834902502223,-0.139455674579928,0.0741793981742515,0.377437201035072,0.576145476209744,-0.843732873264021,-1.85300857669243,-0.953754519501003,-0.0382044169992676
"36061013900",-0.105174935,-0.328091333,0.06,0.804477423,0.890925756,-0.100013652309285,-0.382859549461511,0.0676586484738149,0.595797505047423,0.642341007509529,-0.698228330021561,-1.08999332597475,-0.121647980701623,0.825132386490015
"36061014000",-0.109504227,-0.160493795,-0.052,0.383003441,0.746478873,-0.104809808436,-0.163100033600182,-0.0429075010112765,0.331462165002802,0.563311164755024,-1.13532404363465,-2.12059128292758,-1.224935698181,-0.34695943021844
"36061014200",-0.012124884,-0.168079965,0.02,0.24999375,0.715721464,-0.00212714476915593,-0.172070239558564,0.0295588022415444,0.231106760633624,0.545645203045353,-1.22030614871721,-2.33334838163544,-1.30960278269892,-0.314654439879441
"36061014401",-0.021227198,-0.185853779,-0.014,0.263763502,0.821052632,-0.0112906987249707,-0.193407312145625,-0.00400802139753882,0.241975905694887,0.604891010227361,-1.13549612141245,-1.92745898476837,-0.935723098852121,0.0680737241228993
"36061014402",0.001465522,-0.153182765,0.076,0.983745892,0.775493421,0.0114002910338468,-0.154530644504694,0.0825012215117438,0.690015227110023,0.579694803363416,-0.289626642248685,-1.48652496641392,-0.530282474460058,0.404004866205091
"36061014500",-0.042355729,-0.292116264,-0.017,0.552505744,0.697651174,-0.03289074788242,-0.3314476506222,-0.00702461493696447,0.446290778781663,0.535118843829296,-1.19119081672437,-1.47712382922085,-0.505516273722346,0.45921368416892
"36061014601",-0.081966725,-0.134121943,0.129,0.393567516,0.71016692,-0.0746876901577374,-0.132528402073468,0.130150684465045,0.339017221113429,0.542421332628282,-0.899606641487794,-1.78198826358289,-0.899844869719986,-0.0112121421382483
"36061014602",-0.045596761,-0.22366885,0.175,1.049318431,0.625,-0.0362457741158502,-0.240377264846681,0.169742774587095,0.722375069317798,0.491642804349217,-0.492029119473095,-1.57945843245517,-0.664523966536303,0.24439166681915
"36061014700",-0.078644291,-0.230668436,0.034,1.675056889,1.800681431,-0.0711140027103489,-0.24931869593732,0.043059489460447,0.987701915445869,1.033426956082,1.0780730201541,-0.580916386276976,0.478199751306031,1.54163323177962
"36061014801",-0.125529055,-0.157846185,0.078,0.419083839,0.705752212,-0.122765614989109,-0.159988234409571,0.084341148433751,0.357033566925821,0.53985159203789,-0.995590203696306,-2.01645426899578,-1.13406526186911,-0.236768507054758
"36061014802",-0.134895008,0.019143257,0.025,0.155601129,0.867313916,-0.133411408965707,0.0287266667924686,0.0344014267173323,0.153236944498252,0.629841987094369,-0.894305251939977,-1.93348187903599,-1.03285543539297,-0.148996961302425
"36061014900",-0.11038,-0.41089701,0.03,0.651374935,0.948785292,-0.105782827040949,-0.512321759085149,0.0392207131532813,0.50764553363514,0.672324532139052,-0.999852388751197,-1.82824809335243,-0.755175913008982,0.341975180006279
"36061015001",-0.09155216,-0.454353408,0.062,0.100619497,0.624617737,-0.0850701641811684,-0.58762281272662,0.0695260626486103,0.104917965046749,0.491408977013736,-2.16479504105955,-2.70486897426664,-1.66850752948537,-0.642743191644505
"36061015002",-0.128394357,-0.594188862,0.018,0.011269944,0.611111111,-0.126010439741903,-0.877524117000201,0.0276151670329734,0.0210468960099548,0.483111785129935,-2.82426044643535,-2.89733949896911,-1.87468246050531,-0.855538451924902
"36061015100",-0.039241014,-0.344078148,0.077,0.952682628,0.13003096,-0.029677053652967,-0.406582954665886,0.0834216081390724,0.674312225198223,0.131055419932372,-1.8035560687092,-1.74563527106338,-0.752917081656191,0.224065920392289
"36061015200",-0.116256592,-0.22823693,0.121,1.576616431,0.406962785,-0.112336560665456,-0.246203563884042,0.123102197133983,0.950350624333273,0.348515697131478,-0.569527262583078,-1.1088210003468,-0.137706900022454,0.817002354693691
"36061015300",-0.065409559,-0.519917597,0.024,0.24999375,0.889050036,-0.0570038411986796,-0.713181732628596,0.0334347760862374,0.231106760633624,0.641353780087559,-1.81221014511033,-2.02026750313263,-1.00373850041042,0.0158910125206943
"36061015400",-0.09086951,-0.142796315,0.12,0.511211049,0.840077071,-0.084327175411374,-0.142481398997665,0.122217632724249,0.419506760390318,0.61522729822248,-0.619285335426089,-1.5057307352322,-0.561651366126009,0.394907962717367
"36061015500",0.066526351,-0.09208003,0.199,1.078670321,1.961290323,0.073739515924919,-0.0856450708111633,0.189793571632656,0.736527653461381,1.08899631065613,1.29398862320452,-0.818108118981379,0.201960157873453,1.20570357166228
"36061015601",-0.034818479,-0.195915623,0.037,0.950732485,0.536796537,-0.0251316499281607,-0.205691261103481,0.0459289318883997,0.673318120264417,0.43618604193288,-0.805267887967879,-1.10712567116783,-0.146243205402681,0.797474384765681
"36061015602",0.846691451,0.119052097,3.321,2.900382371,1.102620087,0.618796114015022,0.12137842847846,1.46579846223249,1.36363516231047,0.747928924550684,3.62296674838476,0.757071311390263,1.68429261190348,2.64100510996873
"36061015700",-0.051987191,-0.249751391,0.227,0.883378675,0.907918969,-0.0428941305369874,-0.274109782087632,0.212689093410351,0.63836289184158,0.651240727914983,-0.239120266024849,-1.40667026776963,-0.391932938185311,0.646947040127856
"36061015801",-0.087858994,-0.221288014,0.127,0.167761653,0.790022338,-0.0810571321948184,-0.237354061533784,0.128393214768399,0.163615732839025,0.587799074825116,-1.23643675068083,-1.47391234785841,-0.615509095995949,0.267901305393423
"36061015802",0.047619048,0.130959239,0.539,0.134235298,0.990840966,0.0560202005431112,0.131869346315444,0.437609561434732,0.134736551878291,0.693567575181742,-0.0295569949041329,-0.746085228947016,0.188117473301152,1.08849830664821
"36061015900",0.008341081,-0.059093364,0.095,0.658719467,1.11988012,0.0181749121098129,-0.0503393958092856,0.0998453349697161,0.512056546070193,0.756065696447319,0.0303584720302007,-1.30285727619826,-0.27893172876445,0.74568897274101
"36061016001",-0.103640258,-0.703292496,0.085,0.24999375,0.93877551,-0.0983189855239246,-1.18186074125547,0.0907543632684641,0.231106760633624,0.667201231746761,-2.39426125396049,-2.36541023060996,-1.32389600114645,-0.318678269987722
"36061016002",0.063935181,0.421355262,0.389,1.246570122,1.107594937,0.0713296413789582,0.358621731118258,0.335757695683344,0.813846015361579,0.750280981013654,1.43580959347013,-0.379303392766218,0.634504795243184,1.6445200724134
"36061016100",-0.049718443,-0.168841468,0.069,0.376007998,0.998269896,-0.0405287489792652,-0.172975132612154,0.0760346862759976,0.326427671313832,0.697273603155785,-0.654626575202884,-1.70123077361851,-0.706046583709731,0.310336916623337
"36061016200",0.875283835,0.261896938,1.159,0.286798007,0.713043478,0.634078385161424,0.240509438050437,0.774266231844737,0.259898154578185,0.544092191121794,0.645257256523697,0.116371273569987,1.03595591207891,1.94394657845944
"36061016300",-0.059395454,-0.014867145,0.051,0.377476062,0.891621129,-0.0506571325708689,-0.0048790281238296,0.059211859631846,0.327486313877012,0.64270674817166,-0.561087652189536,-1.70668425850307,-0.671177659062303,0.336430539805481
"36061016400",3.561162886,0.155006489,3.216,1.025512843,2.326996198,1.51976763336796,0.152726656959233,1.44125591919386,0.710747798447256,1.20507106042187,4.08552797351862,1.57226263775183,2.68614174273535,3.76777853070816
"36061016500",-0.097203415,-0.406363868,-0.055,0.543743449,0.630008525,-0.0912422216770277,-0.504783693045041,-0.0460439385014068,0.44066714758289,0.494701439993328,-1.63166416458237,-2.29240826500062,-1.27594711599347,-0.248461169680263
"36061016600",2.516614167,0.101991648,1.792,0.36347376,1.050485437,1.26033825116731,0.106152685008818,1.03033344791482,0.317343121893087,0.722941604069745,1.5700651238206,0.447567777406464,1.35625247876344,2.26571751002204
"36061016700",-0.052549974,-0.298419763,0.038,0.670252141,0.57898604,-0.0434817514564963,-0.340267096201194,0.0468835858988505,0.518943866082273,0.463096102116365,-1.19908547102933,-2.11569378464879,-1.11312244530395,-0.0864202360630377
"36061016800",0.667648515,-0.025667334,0.662,0.536055799,0.770308123,0.51739311947688,-0.0157913638611763,0.51402051466251,0.435707042010678,0.57678645213242,0.254772622696243,-0.42988604007572,0.569566470030859,1.57288204795542
"36061016900",0.059154611,-0.381999966,0.125,-0.031914809,0.790393013,0.0668682530160353,-0.465215058373812,0.126632650933366,-0.0221585053789825,0.588004981624844,-1.81604067762776,-2.46110415206637,-1.42012114735492,-0.402130519110919
"36061017000",0.543925139,0.032057858,0.876,0.528936824,0.979515829,0.440784077683421,0.041197467701377,0.634458184211266,0.431091803981678,0.687891307123615,0.719879565177231,0.283746445752618,1.28734057818899,2.30997083747521
"36061017100",-0.041743126,-0.046967184,0.009,0.160011491,0.702226345,-0.032257861206331,-0.0376677909214156,0.0188217542405877,0.157013570128957,0.53779447984495,-1.18682662266262,-2.19441842622167,-1.17938485282032,-0.202364206300439
"36061017200",1.764979408,-0.032989875,2.722,0.651277637,1.229957806,1.02064332663032,-0.0232582636358375,1.3169442829851,0.507586967174807,0.806457029082395,2.14356195606816,0.815510859665502,1.68059719161727,2.57391785766922
"36061017300",-0.053418507,-0.296423621,0.074,0.417336497,0.563055062,-0.0443892945674547,-0.337465799441323,0.0806579030174545,0.355810117984548,0.453019627913595,-1.4442694152894,-2.19793511918519,-1.19841390210345,-0.183334693740754
"36061017401",0.755830904,-0.334928864,0.989,-0.1415831,0.770186335,0.568621346747986,-0.392937206995725,0.692647055518263,-0.14108338008952,0.576718041409424,-1.00435124883607,-0.862038774615791,0.246404359985904,1.34899779510076
"36061017402",1.521074816,0.82821119,1.162,0.570982618,0.988811189,0.928644040983867,0.608792919400223,0.775648402071689,0.458046563859497,0.69255259833096,2.01152865833959,0.760552949437396,1.77459851447875,2.7746733328321
"36061017500",0.012677974,-0.207798216,0.14,0.422630712,0.905591201,0.0224246514902471,-0.220395101764339,0.139761942375159,0.359512412913419,0.650026296136866,-0.679582543542222,-1.90349303022145,-0.901035152167129,0.120010146679291
"36061017700",-0.07868305,0.00153429,0.109,0.50695571,0.733652313,-0.0711556192550685,0.0114682771993606,0.112435429329788,0.416705504159043,0.555981943799654,-0.545541492260362,-1.64224811033936,-0.624735682131446,0.388627346153213
"36061017800",0.239075156,0.140879916,2.187,0.695529773,0.910958904,0.222403402271473,0.14052679414928,1.1622128700777,0.533875779774909,0.652824490533119,1.51157257941417,0.527886673361796,1.55606927966678,2.56200273734749
"36061017900",-0.044865432,-0.090908575,0.042,0.380021166,0.566153846,-0.0354877386605547,-0.0843696784407277,0.0506931143155182,0.329318974364795,0.454987604691663,-1.1389807306813,-1.85714215394828,-0.862355841216247,0.135864707042921
"36061018000",1.308649637,0.172240331,2.65,1.350847351,1.095115681,0.840984963202361,0.167411224035154,1.29746314741327,0.859020601629455,0.744370420968773,2.74673843403337,1.02118372791592,1.97277060257599,2.94626796514539
"36061018100",0.042434167,-0.288062214,0.115,1.058914357,0.570659489,0.0511057354494725,-0.325816312777139,0.117783035656383,0.727024004479898,0.457842158053786,-0.720634925712083,-1.58577575626202,-0.522434056741436,0.53788352119901
"36061018200",3.233586532,0.233876335,2.232,0.133509263,0.429292929,1.44540879187752,0.218232580211582,1.17619042331348,0.13410183501632,0.364151971469585,0.824599064721511,0.837123661029862,1.71409833107851,2.60125283207824
"36061018300",0.139864003,-0.361771409,0.277,1.473732694,1.076923077,0.13964367712123,-0.433511880947525,0.25231392861399,0.90976254716963,0.735690769246163,0.302471278791352,-1.08412673242513,-0.0634507854991672,0.965067498037518
"36061018400",7.197410559,0.150468242,4.14,0.938332368,1.232394366,2.10503747286241,0.148823580567297,1.63899671467564,0.666973810789589,0.807544208378664,3.54099590401994,1.84343374878916,2.71565168304001,3.60443802763938
"36061018500",-0.001008144,0.169047706,0.138,0.469304604,1.537878788,0.00895166998111831,0.16470708384095,0.138021297897375,0.391572115194046,0.935261165149789,0.635221548905094,-0.836132025949359,0.217983595899892,1.29596799478028
"36061018600",0.484317947,0.334726931,0.176,1.209685002,0.798107256,0.401669879998916,0.29619096716257,0.170586300575534,0.797365294825718,0.592280583219294,0.869440850703446,0.7155614129937,1.67711565160469,2.63131811170111
"36061018700",0.230102468,-0.242721639,0.216,1.446944761,0.844142259,0.215194011686693,-0.264905621681916,0.20375683751402,0.898918610990829,0.617422195052214,0.219885040048859,-0.939610802053532,0.110749797857345,1.16139455517782
"36061018800",1.608980266,-0.092657838,2.008,0.668302498,0.938814532,0.962785030560188,-0.0862747443700697,1.10459436034566,0.517782864741781,0.66722125540219,1.4362475133841,0.711059138640801,1.67401093918491,2.64081157842149
"36061018900",0.058889906,-0.076505499,0.515,0.170896447,0.649048626,0.0666206389001947,-0.0688202067515078,0.421994410059375,0.166273850898412,0.506244321206734,-0.74943040368242,-1.18538041072016,-0.16681700500426,0.855026874490845
"36061019000",18.51738779,-0.116321787,5.417,4.194439774,0.722707424,2.97181798223052,-0.112409509318715,1.86050786638915,1.64951206399751,0.54968517016795,4.78365511452019,2.46993397756649,3.4452247195618,4.42844777857814
"36061019100",-0.053022144,-0.121297418,0.104,0.930403455,0.834983498,-0.0439750267728596,-0.117992652874538,0.107957141505092,0.662895917948048,0.612470333279049,-0.192053018564878,-1.07280851166599,0.0343443052332776,1.11666632924004
"36061019200",-0.582083333,0.339122807,0.886,0.401801802,1.095,-0.848826805628511,0.299454608664044,0.63974640383283,0.344866762363177,0.744315467134345,0.541254396555757,0.140595832628791,1.17450994860269,2.22144424558201
"36061019300",0.759723807,-0.053497692,0.348,0.545266717,1.068912711,0.570823493167099,-0.0444720771408097,0.306013029136504,0.441647053109444,0.731845021943451,0.36480661033365,-0.374756430989042,0.586423567291249,1.57064317675101
"36061019400",1.174347971,0.262183008,3.952,0.497664179,1.215547703,0.781317372572352,0.240734328782865,1.60180888526961,0.410561551815181,0.800003043977819,2.61239287660948,1.10553828199094,2.06782526755029,3.02560281232161
"36061019500",0.188999507,-0.052059304,0.187,0.948887225,1.450285714,0.181487464869313,-0.0429694068940032,0.179818426575836,0.672376569668774,0.90027748710253,0.826836676518383,-0.627172144268464,0.461834726422739,1.49441405468065
"36061019600",15.18490251,0.424478535,2.566,1.142559263,0.780185759,2.78469653284599,0.360801392925447,1.27424485731127,0.766657489112639,0.582319390445963,3.3140369245282,1.56781821742746,2.49207972122705,3.43656079860657
"36061019702",1.562080439,0.371026831,0.762,0.768552167,1.046666667,0.944715080769683,0.322827302913294,0.572108852182889,0.575799643997564,0.721086549411261,1.6008812095101,0.786276716103362,1.85725732413271,2.90075209821915
"36061019800",3.645311615,0.072749449,1.048,3.118221414,1.031152648,1.53800885048637,0.0795035922230676,0.721734637411858,1.41784666385325,0.713514671819845,3.04227572972621,1.77817276496599,2.65799629349384,3.52683137798901
"36061019900",-0.031423729,-0.01135737,0.121,0.886041575,0.833869239,-0.0216565483262697,-0.00135829206113834,0.123102197133983,0.639768331335037,0.611866211014849,-0.0288101427451215,-1.0697738855459,-0.0480227708727371,0.949524751601779
"36061020000",3.892986,0.558565658,2.468,1.608601779,1.728,1.58984440727036,0.45016160814863,1.24645741593209,0.962640503181941,1.00722772686626,4.24506511055729,2.32327383650536,3.21160491527244,4.10816197296919
"36061020101",-0.087893914,0.02440706,0.114,0.432949026,1.114253394,-0.0810950013069951,0.0338283736649026,0.116893751471499,0.366688954150466,0.753420396640616,-0.11049681945434,-1.38093137289533,-0.229088270432816,0.893786899588979
"36061020102",5.790244436,0.106064975,1.54,1.676594453,1.34622824,1.91695855800659,0.109809083590488,0.936093359170335,0.988274388953213,0.857062137158278,3.17015361278512,1.80326342772717,2.81664702131316,3.83163122905642
"36061020300",-0.185702491,-0.116364061,-0.053,0.085562343,0.552380952,-0.193223759625546,-0.112456813817435,-0.0439518875291828,0.0912677866952386,0.446210909005759,-1.77831805504827,-1.84414809255976,-0.790186958554375,0.224556876025738
"36061020500",0.017047042,-0.119780465,0.02,0.556058726,0.897782064,0.0266877351554255,-0.116287178134308,0.0295588022415444,0.44856209750405,0.645941344280018,-0.524402864951879,-1.43970739936864,-0.33620137865897,0.802279242658031
"36061020600",1.090658007,-0.010767371,0.504,0.441435978,1.141025641,0.742250632316363,-0.000767665579836827,0.414755155015257,0.372553396034759,0.765944770716636,0.611229283186624,0.866576733384387,1.78234326645003,2.67407059577491
"36061020701",-0.144796602,-0.066063145,0.065,0.499687834,0.966267682,-0.144790657495319,-0.0576960059637622,0.0723206615796261,0.411902897004403,0.681210056750095,-0.432948624385673,-1.44631564108243,-0.288358376989538,0.838896891014905
"36061020800",7.95401796,0.154308746,1.708,1.557190816,1.041044776,2.19321855950651,0.152127559842291,0.999896315728952,0.942812233368657,0.718349310153748,3.02113690606479,1.85351215789679,2.72613539702561,3.59001115905626
"36061020901",2.749391505,0.095250821,0.211,0.851849798,1.211538462,1.32425711052871,0.100072296542307,0.199670195128568,0.621570508576411,0.798199956770845,1.23492848765454,0.639226957024468,1.67390770022331,2.66852048590754
"36061021000",9.512859296,0.181728256,1.042,0.092142347,0.684210526,2.35354996657739,0.175404569498966,0.718814927308523,0.0972558738951542,0.527216865957883,0.928390896009016,0.711620106206978,1.67807782527673,2.65181149467072
"36061021100",0.006272026,0.153527065,0.29,1.803216896,0.80483871,0.0161410554457479,0.151455965200017,0.262364264467491,1.03432863140554,0.595996598754311,0.99465031794141,-0.41240258333927,0.579340236946447,1.60206882648722
"36061021200",4.636836914,0.478044705,0.96,0.595918367,1.636842105,1.73109555016033,0.397462979642393,0.678033542749897,0.473695784220228,0.97336727091801,2.63926610891993,1.55107495616168,2.46062190139467,3.37979797219307
"36061021303",5.751332334,0.238531241,1.909,0.493461426,1.285185185,1.91121996146343,0.221967853252018,1.07124109187198,0.407770066981639,0.830813530889003,2.49096608856334,1.30892703225839,2.32433935985441,3.34823526787456
"36061021400",227.4285714,0.634271234,1.261,0.669673529,1.078571429,5.43126734005622,0.497297267210509,0.820220263123421,0.518599446554849,0.736480305471517,4.08694820963586,1.87805258914396,2.89354183149043,3.91155258406808
"36061021500",17.49255087,0.262240369,3.622,0.451092205,1.035250464,2.9179086074439,0.240779416405096,1.53298874027069,0.379184241660111,0.715520258278776,3.20862311148466,1.93737464154629,2.79453776988368,3.68500799467329
"36061021600",4.966682514,0.072557921,1.385,1.577270259,1.143897996,1.78786565047916,0.0793266861605352,0.873383230862879,0.950603365857259,0.767279221995428,2.70903055910799,1.25439509419912,2.27141033789753,3.30641031089061
"36061021800",8.782252314,0.483477239,1.515,0.453832784,1.568329718,2.28159149279911,0.401107118517723,0.926241062727323,0.381058190436446,0.947141793158135,2.98062954781066,1.81160033558929,2.71113112744396,3.60474846603071
"36061021900",0.418340983,0.317729646,1.616,0.296575573,0.216589862,0.356513619026568,0.283470450509781,0.965461775880605,0.267409648163274,0.204237849052485,0.00762629902136869,0.0783600161655884,1.11709652910308,2.13352629335194
"36061022000",2.472624962,0.044696523,0.919,0.918949002,1.377828054,1.24778630887084,0.0532530696229581,0.657001733923592,0.656975296041714,0.870384188750325,1.93540661512654,1.65878383143949,2.63206393946831,3.56736582221272
"36061022102",7.856487148,0.228168124,0.84,0.365211427,1.054982818,2.18227868044842,0.21363296794994,0.615185639090233,0.318607484388804,0.725121905797266,1.62581572953741,1.31968466565397,2.27563910991237,3.22123927616026
"36061022200",6.692876741,-0.095042156,1.498,1.832808474,1.469907407,2.04159386181479,-0.0888772868991165,0.919485622770674,1.0447924628301,0.908221223592792,3.12544051229347,2.04507095883284,2.98798431894786,3.95682670373489
"36061022301",5.892934551,0.338787187,2.4,0.472364237,0.751361162,1.93194661843635,0.299205808665173,1.22671229129543,0.393638270630541,0.566086897640053,2.13921668823656,1.04547627948979,2.10754865516656,3.1723534756804
"36061022302",46.50709282,0.733644103,3.017,0.217025999,1.247484909,3.86108949515263,0.555977235281065,1.39302168186932,0.204593354583344,0.81425132145831,3.87469116348467,1.84985313738375,3.0881404520836,4.31769664038378
"36061022400",5.128511367,0.137864634,1.699,1.079701633,1.247222222,1.81458226439236,0.137903376310751,0.996579563102958,0.737021296455493,0.814134952005021,2.72717345226492,1.91907657618257,2.88581307531312,3.84936999943699
"36061022500",2.987991427,0.071091994,1.094,0.635124977,0.963414634,1.38579209175375,0.0779716358687634,0.743840294875463,0.49781635519165,0.679765359041284,1.41560680139082,0.721859603835438,1.85989674373264,3.01704166537754
"36061022600",4.246126249,0.288993135,2.744,1.80559325,1.021912351,1.659394300871,0.26158945284001,1.32282193816432,1.03517298539139,0.708977394435529,3.47978165701072,1.99763407902525,2.93608171804151,3.90253829711805
"36061022700",5.658013337,0.385713869,1.331,1.399303095,1.390990991,1.89732196503652,0.333406018432292,0.850578188508774,0.879337533485051,0.875881565045488,3.25623940369493,1.75239281081037,2.76008754242756,3.77092941862884
"36061022800",7.613742926,0.280583662,1.251,0.763923131,1.120654397,2.15451920458505,0.255094567211208,0.815807193295833,0.573193552057935,0.756429161174777,2.41757857086633,1.44443015454626,2.47608684513593,3.50151201493346
"36061022900",4.367746108,0.18108725,2.045,0.993434259,1.05,1.68226934736076,0.174866545456527,1.11677959262356,0.694862837478586,0.72270598280149,2.58166368239707,1.37771296353986,2.42065438145404,3.46391841734012
"36061023000",2.914464274,0.426111346,0.385,0.777942631,0.830588235,1.36722985121803,0.361939006617254,0.332894415273329,0.5810655906661,0.610085213464779,1.28442434860853,1.14166717352441,2.08246136201602,3.04984929440823
"36061023100",4.242746915,0.414834886,1.147,0.611836442,1.248713551,1.65875116167544,0.354055937533544,0.768718367407019,0.483559113370827,0.814795425992773,2.28455753602822,1.44232664029546,2.36531521147069,3.25865987708999
"36061023200",5.682391984,0.346583158,2.203,0.675194932,0.842342342,1.90097135642407,0.304969154592096,1.16720508013372,0.521881243760025,0.61645096903336,2.39250237606688,1.41370130482852,2.41762958325855,3.4302436957517
"36061023300",4.286179901,0.225695406,1.198,0.946546338,1.099678457,1.66698578727982,0.211633893390256,0.792087128414849,0.671180846517689,0.746535545828039,2.2447539455765,1.13902716735797,2.19252250900524,3.25212546597346
"36061023400",5.770094717,0.303998923,3.069,0.862020619,1.145251397,1.91399107191372,0.27307510042738,1.40585186033542,0.627018392417819,0.767907374292353,3.18963232954706,1.67874318598644,2.74627682303363,3.81439165978032
"36061023501",5.15767064,0.243560847,1.242,0.485842369,0.796733212,1.81932123665112,0.225988179121388,0.811818710277444,0.402689505685147,0.591520359315451,1.54060823631163,1.04211038671152,1.93442609399706,2.8359467424415
"36061023502",4.016639272,0.325481925,3.658,0.503905882,1.24952741,1.61475162402948,0.289292219219457,1.54073071442431,0.41469298795743,0.815155680798051,3.01888958978984,1.52358470848971,2.48397987134772,3.42890158008513
"36061023600",-0.681092901,0.310746176,0.463,0.341100457,0.674329502,-1.11197994195195,0.278196861733471,0.387301137480493,0.300919413726632,0.521367562950771,-0.536937455799307,0.366720702089321,1.33777141528868,2.28027354640066
"36061023700",2.386182002,0.374455504,1.299,0.657275439,1.010221465,1.22265186006369,0.325306924434198,0.836814530372358,0.511190820473555,0.703207141542125,1.90737540057282,0.972982404582473,1.96285132799095,2.95313949233248
"36061023801",-0.03875876,0.628893673,0.51,0.811932598,0.704974271,-0.0291803966459733,0.494021424563993,0.418710334858185,0.599897804739662,0.539398078173006,0.83225363093253,-0.527523876727944,0.783350867423656,2.12518488499987
"36061023802",-0.062284116,-0.256459534,-0.085,1.83184231,1.414236707,-0.0537005220682028,-0.282972558309821,-0.0779615414697118,1.04445254256199,0.88551671484212,0.616236031696496,-0.686180568627855,0.656413753971286,1.98876547212796
"36061023900",3.769196199,0.409704026,1.775,0.931066261,1.064695009,1.564272373158,0.350448417493753,1.02424787337925,0.66323744116216,0.729814159265054,2.64186500204268,1.16779722896415,2.18135616914385,3.18224038111954
"36061024100",0.645245335,0.395216109,0.409,0.657001192,0.948419301,0.503949236513455,0.340191105192388,0.349952398177906,0.51102631882539,0.672137668781586,0.930843038559564,0.377780993892209,1.38031800678097,2.37903648470782
"36061024200",4.58050953,0.414081283,1.903,0.604516203,0.320334262,1.72107043328141,0.353526892119166,1.0691834779773,0.479035347090268,0.285430235468903,1.38517952257789,0.785977363626853,1.74447911327924,2.69379903979919
"36061024301",20.27073622,0.445298192,1.592,0.69473867,0.894991922,3.0578022606795,0.375210822580844,0.956280380090314,0.533411826260743,0.644477768149726,2.83036156675403,1.29929637953829,2.39186104747924,3.4593604340738
"36061024302",-0.590508426,0.266376846,1.357,0.823594354,0.824427481,-0.868711839093047,0.244025475175939,0.861623330531847,0.606278168345061,0.606732433369537,0.817221450746272,0.196739572652637,1.31579197199756,2.4336125261344
"36061024500",0.936436632,0.181121827,1.626,0.749548843,0.78130217,0.666000332696429,0.174895574814475,0.969262616640261,0.565057436985005,0.582942824648893,1.39771001768268,0.522062546953604,1.48818209968469,2.43606361142504
"36061024700",1.318598943,0.286870225,0.649,0.484980589,0.833075734,0.845266774699865,0.259953842502437,0.506215011208307,0.402113222811869,0.611435770626906,0.829896456525026,-0.00865085429525623,1.05233327875359,2.11872537060347
"36061024900",1.063971323,0.781044709,2.603,1.458,0.917004049,0.729465282807211,0.582799085916079,1.2845384521655,0.903408106043141,0.655966490623587,3.15718322551844,1.42705802618678,2.59077046217792,3.73187694103402
"36061025100",1.072300581,0.156060512,1.787,0.925860218,0.705061082,0.733473331049865,0.153630983665742,1.02854741421982,0.660551784801454,0.539448696310188,1.51927573960861,0.61087560830989,1.5940527724023,2.5569630454097
"36061025300",1.609776545,0.410105114,2.254,0.754991243,0.850722311,0.963089025967824,0.350730892817194,1.18295343710186,0.568145728899864,0.620964751588252,2.15449944936612,0.657239471528455,1.6621651411776,2.6487613819944
"36061025500",0.153478959,0.067968419,0.443,0.297656803,0.993252362,0.151414619368067,0.0750781761393043,0.373630384588146,0.268236835579035,0.694772040759336,0.0690235158581095,-0.228510912787296,0.705605854452792,1.64514531420847
"36061025700",5.529179732,-0.049033193,2.885,3.195309278,2.007407407,1.87781173436136,-0.0398154106708012,1.35969367932271,1.43634784077969,1.1043979881832,4.79357009506928,2.41294834823138,3.3084938556367,4.20581521228428
"36061025900",4.010724142,0.03355864,11.223,2.637104926,1.088180113,1.61357417469483,0.0426366414521379,2.50413721806478,1.29393368190898,0.741070356146224,5.10602840220362,2.23671799848552,3.10479313668508,3.96985272588967
"36061026100",0.455957739,0.315840486,1.445,0.549232336,0.877622378,0.382508775627386,0.282046587393152,0.898126761246484,0.444193607836598,0.635318036065769,1.27464031210045,-0.00443538097327173,1.07755020213549,2.11957444138633
"36061026300",0.316519563,-0.005439802,1.34,-0.105729216,0.799709724,0.282558642319551,0.00454983179977047,0.854415328156068,-0.100626423620048,0.59316645893587,-0.230023802694218,-0.477854224253386,0.492097907039564,1.47230119172537
"36061026500",0.596180736,0.399015554,0.89,1.080228593,0.884779516,0.473859147175212,0.34289127189039,0.641853886172395,0.737273434636898,0.639102481369379,1.57410347671428,-0.0408862799954685,0.969022718648406,1.99014994048181
"36061026700",0.791765992,0.361684771,1.302,1.056262355,0.838427948,0.588767290598203,0.316039744158753,0.838112950810131,0.725741349566557,0.61433552000354,1.74979239777288,0.0439126182669407,1.25981035664071,2.47091347324542
"36061026900",-0.532294152,0.017186213,1.425,0.528563606,0.918228279,-0.738760116668271,0.0268232319398089,0.889946756534553,0.430849257791795,0.656601591150348,0.421270444336939,-0.367528114574891,0.599157158613395,1.54600570315579
"36061027100",0.286784557,0.184871796,0.858,0.525961035,0.989552239,0.259887782824314,0.17803889594616,0.624868339806651,0.42915626656517,0.692923274994965,0.841439727855366,-0.194569620243276,0.757086718665382,1.68553982685106
"36061027300",0.055725306,0.030002457,0.444,0.548736593,0.972087379,0.0636556058575613,0.0392230756504905,0.374318379111328,0.443875616852425,0.684150521212513,0.238766338749918,-0.544431080596946,0.480663152830319,1.50089369986768
"36061027500",-0.138809969,-0.280835086,0.071,0.86337164,0.967058824,-0.137895150266322,-0.315855353078509,0.0778865386570712,0.627739823427001,0.681610297918823,-0.454215064506778,-0.933621430839387,0.131751282812672,1.21526742808866
"36061027700",0.226120496,-0.236091919,0.98,0.158164129,0.686614173,0.211977842956926,-0.25630217084268,0.688134638736401,0.155433395937937,0.528634602122961,-0.596358103137935,-0.945552260177682,0.118206972646468,1.1739889257469
"36061027900",0.239473042,0.153714038,0.265,0.605953225,1.038402458,0.222721896030114,0.151616647305675,0.242946178610389,0.479925014754249,0.717060200566483,0.45178718208466,-0.364670546285879,0.562461623880534,1.46658625134702
"36061028100",0.05338435,-0.118956573,0.25,1.804367439,1.167082294,0.0614566050341597,-0.115362113080658,0.231111720963387,1.03473752550558,0.777985583099732,1.02318947850172,-0.289995480537946,0.809633178281599,1.87087315152715
"36061028300",0.17752815,0.297289677,1.133,0.688040003,0.797169811,0.171873961908852,0.267956045126748,0.76220671649144,0.529474646504464,0.591761981184851,1.02459006451764,-0.315552521174767,0.750573344042537,1.83615748487414
"36061028500",0.72680749,0.237387486,1.512,0.602548656,0.850420168,0.552048652101435,0.221051352992865,0.925052237542728,0.477815943496122,0.620802358988469,1.3112959533342,-0.243986354059473,0.775038404200746,1.81049434070334
"36061028700",0.55625,0.011443211,0.651,0.742782152,0.978448276,0.448684227228141,0.0212165399954469,0.507419830631158,0.561204326682238,0.687354573760794,0.746497045770108,-0.268386414980108,0.599385521704455,1.48689563375793
"36061029100",0.689600321,0.048347892,0.753,0.511720478,0.845140033,0.530393118126471,0.0567090998024018,0.567016903415733,0.419841588170857,0.617960182698081,0.509204300077315,-0.603174484214361,0.401266378355806,1.41221441992542
"36061029300",0.123208267,0.240228749,0.814,0.66125301,0.938511327,0.125052784217646,0.223326533771899,0.60103189165214,0.513573650479514,0.667065658969363,0.894655815426513,-0.651491736595342,0.42082003502743,1.47630820304338
"36061029500",0.032834912,-0.003999024,0.363,0.821874772,0.915848527,0.0419428816115422,0.00598304185600322,0.316998126785834,0.605339908020371,0.655366663865697,0.301671122223074,-0.776775623136976,0.283178790639089,1.33324135308704
"36061029900",-0.31682325,-0.095566438,0.723,0.04952593,0.437636761,-0.366470261807034,-0.0894504633255871,0.549854010733469,0.0578215722351381,0.369932406830996,-1.32137058921278,-1.50042965702641,-0.483111006884301,0.522852813991395
"36061030300",-0.027385403,-0.220186208,0.296,0.332281638,0.919354839,-0.0175383038724841,-0.235958067633286,0.266969030854239,0.294370880912561,0.657185666721796,-0.650771856349278,-1.4312035257918,-0.328131612486844,0.73544793442167
"36061030700",0.062497638,-0.225126829,0.181,0.669631817,0.903722721,0.0699901694866075,-0.242233139857953,0.174793290373163,0.518574612849243,0.649050413675232,-0.390176167047919,-1.60768682409841,-0.394095003635167,0.812856642114184
"36061030900",0.531258099,-0.126180639,0.655,0.248634087,0.693602694,0.432599030308239,-0.123502579985501,0.509825123432407,0.230027075011073,0.532745240422797,-0.391726505113341,-1.53500087007684,-0.488589923059777,0.564642782953586
"36061031703",-0.007778981,-0.310726817,0.132,0.837824255,0.529746508,0.00221855618326856,-0.357713793355981,0.132781111233818,0.614008868588965,0.431617797681811,-1.01960332394378,-1.70510756201569,-0.666756656440315,0.377729817538224
"36061031704",-0.170496911,-0.389210769,0.171,0.580653985,0.514743921,-0.174945122900138,-0.476763657235238,0.166361537215225,0.464145242987581,0.421826475303385,-1.50174415871616,-2.41470157199304,-1.17994009544842,0.0626455329895279
"36081000100",0.193343955,0.943500447,0.58,0.565754039,1.699547511,0.185104310507529,0.669622864333029,0.46373401623214,0.454733912631659,0.996781650839848,2.12428942667585,0.58635233297455,1.60583126998403,2.61892673255352
"36081000200",-0.490375991,0.017224985,-0.283,0.829510416,1.066666667,-0.65464978855573,0.0268609770611772,-0.318828801448618,0.609499457954924,0.730764044291766,-0.574691536101435,-1.6701949388532,-0.528773360624116,0.576791658972868
"36081000400",-0.365001899,0.057245132,0.162,0.089721583,0.782716049,-0.438507906376745,0.0650806853899685,0.158711691154821,0.0950570414038669,0.583731815656723,-1.02705597432744,-1.5172834744107,-0.588459401723568,0.350919799577004
"36081000600",-0.592866506,0.211050865,0.442,0.645377778,0.750307503,-0.874348978917447,0.199711852737536,0.372941916402604,0.504029247433182,0.565488511402352,-0.127821154506181,-1.11788015070683,-0.213473468148256,0.710912176783667
"36081000700",0.216300558,-0.145588675,0.895,2.276509726,1.405095541,0.204001960813058,-0.145706552861885,0.644482008578664,1.18982612809639,0.881738847812684,2.06232335953097,0.937514871665377,2.14717032450978,3.37291427902686
"36081000800",-0.569022974,0.039483377,0.611,0.362929212,0.764845606,-0.81876250013039,0.0482980211821743,0.483043242753539,0.316946568282646,0.573713436608968,-0.477299014763465,-1.39101914492439,-0.386204825242346,0.597229828580593
"36081001000",-0.560207288,0.189901143,0.396,0.423091961,0.817307692,-0.798968442344969,0.182239172567134,0.340748793388473,0.359834320548327,0.602843677008962,-0.305077572833352,-1.34848816606653,-0.397348911065107,0.557489202118249
"36081001200",-0.480814907,0.019558675,-0.116,0.3363,0.927248677,-0.636417016072329,0.0291302395478842,-0.112049503808623,0.297360089003052,0.66126875873486,-0.985197194012953,-1.69435513673549,-0.692457939150005,0.314016363372765
"36081001400",-0.646338987,0.077052016,0.048,0.186128868,1.016908213,-1.01153312822583,0.0834694598000511,0.0563803334361077,0.179090398887795,0.706511584254164,-0.941985729415565,-1.47076023842566,-0.528630691601965,0.377035774781419
"36081001600",-0.689922481,0.390293225,0.964,0.206117586,0.859437751,-1.1391920656504,0.336681661118943,0.68006194101129,0.195663477882085,0.625637717742397,-0.0142553985331183,-1.25427685925964,-0.299828956189244,0.646095187186189
"36081001800",-0.659434283,-0.24143262,0.497,0.205834481,0.652281134,-1.04820709507535,-0.263227042553487,0.410120919644358,0.19543065668045,0.508190836159614,-1.49175827556492,-1.80963804393621,-0.87316207873183,0.0675160493946332
"36081001900",0.136876179,0.787053848,1.322,2.672665993,3.384126984,0.137041880271169,0.586148572850518,0.846726268488246,1.30363694450983,1.48026887295312,5.02317280621812,1.91946807872123,3.04548865970628,4.16862300627111
"36081002000",-0.548609395,-0.222186787,1.14,0.276104178,1.022756005,-0.773510295391707,-0.238494256562624,0.765467842139571,0.251617631865609,0.70939251022763,-0.30824005173062,-1.60546774630494,-0.584378278047938,0.427636017871831
"36081002200",-0.463941698,-0.168648649,-0.056,0.359634783,0.782781457,-0.605029528718054,-0.172745928608311,-0.0470916075338506,0.314544122548977,0.583768300412269,-1.35252906504028,-1.69325602363063,-0.766174400653748,0.163722439848415
"36081002400",-0.535286418,0.093137327,-0.142,0.234796722,0.844760673,-0.745043642079381,0.0981582356946527,-0.141563564321787,0.218972241083767,0.617755670485283,-1.20116259544184,-1.76691122501758,-0.739819205745674,0.256500351446183
"36081002500",-0.532522729,0.047345117,-0.22,0.308037979,0.298850575,-0.739238720194268,0.0557611597460472,-0.23572233352107,0.276144251294895,0.269149328387479,-2.13716162047192,-1.30670510298667,-0.200112050312283,0.86842575993913
"36081002600",-0.581795413,-0.000968034,0.562,0.688826171,0.551315789,-0.848154190599951,0.00899142174179432,0.452348694007015,0.529937524918724,0.445528920240778,-0.552265944168739,-1.78433296582615,-0.715014312459607,0.345024939344872
"36081002800",-0.53421002,0.090075718,0.358,0.566471744,0.751642576,-0.742778740603629,0.0953790119807908,0.313349819200359,0.455189276594655,0.566246655631544,-0.377597033942458,-1.6165641099271,-0.727220298843696,0.138782132755306
"36081003000",-0.506227322,-0.179555204,0.556,-0.224546435,0.667865707,-0.685630148372257,-0.185793822938792,0.448524597568611,-0.241493938247074,0.517522573257096,-1.85987377948461,-2.19380345690807,-1.1995769564848,-0.176800155767772
"36081003100",0.001957882,-0.112320633,0.478,0.623511689,1.001369863,0.0118869514221216,-0.107942326776831,0.3974329364109,0.490732107833814,0.698816013819645,0.1378376920107,-0.745962480406387,0.379143131439312,1.49088005186372
"36081003200",-0.624115596,-0.054607149,0.49,0.328067806,0.882860666,-0.952217425870442,-0.045632660784018,0.405465108108164,0.291226637552039,0.638089264658205,-0.657376353938252,-1.50411234556686,-0.636243690413432,0.239938341965143
"36081003300",1.142024937,0.463612943,0.986,0.508110254,1.38317757,0.766409230057679,0.387717169732233,0.691145177889272,0.417466307429472,0.872622010101385,1.87899965109294,0.285869475066927,1.16378318809347,2.04635835738001
"36081003400",-0.342965081,-0.011243775,0.802,0.870901689,0.875159236,-0.40491288211301,-0.0012445491300876,0.594431207620788,0.631751283668593,0.634012292663699,0.431019293408782,-0.966962852474813,-0.069987524974664,0.785208015064076
"36081003600",-0.406489346,0.10060039,3.522,0.613493105,0.554641598,-0.504991584913548,0.104900760986843,1.51116334316576,0.484580065554517,0.447656786902505,0.991752199429433,-0.743709508780748,0.21519922358629,1.17114682333637
"36081003800",-0.627238799,-0.148472597,0.724,0.387058742,0.763852243,-0.960343980339557,-0.149048415046439,0.55043087835835,0.334369128066538,0.573153590114161,-0.722600323180495,-1.33465378464721,-0.466241014012354,0.412907040868075
"36081003900",0.660954881,0.021460634,2.594,0.138575742,0.912128713,0.51339524805183,0.0309758889618424,1.28204433974609,0.138522689601147,0.653433276568054,0.981368922989287,-0.231905280799625,0.945897094423166,2.15146983192112
"36081004001",-0.520003865,0.137630008,2.248,0.328535756,0.836734694,-0.713357775663675,0.137698953266999,1.18111351017985,0.291576297106716,0.613419049318721,0.627479301080617,-0.967853453901407,-0.032750357212048,0.87057896076109
"36081004002",-0.775979371,0.280067877,1.197,1.034358757,0.844295302,-1.45234600939048,0.254694834818769,0.791634127274599,0.715084174063417,0.617504732777371,0.693305374971612,-0.958690992786166,0.00474610902732576,0.968294734331848
"36081004200",-0.656290329,-0.189820923,0.804,0.380211139,0.860742706,-1.03927884076395,-0.198232575981351,0.595534351692945,0.329455634168333,0.626335520999729,-0.652545235986798,-1.16012710425848,-0.27583593840575,0.597669965479232
"36081004300",-0.398773376,0.25048061,3.819,0.56465,1.079584775,-0.492287481869121,0.231493084742912,1.5746394068914,0.454033025360358,0.73696537398997,1.92178620154831,0.290358621687453,1.34607563253901,2.41834745129158
"36081004401",-0.618146337,0.177696569,0.954,0.313643815,0.502358491,-0.936866817562173,0.172015775017258,0.674983209932274,0.28038839941861,0.413670346876459,-0.556343008010303,-1.36718655660722,-0.391195906287474,0.547754542302679
"36081004500",-0.110430998,0.181536223,0.46,0.525287955,1.826923077,-0.105839517027334,0.175243418269543,0.385262400790645,0.428717956279701,1.04272004125397,1.23158674703952,0.232885944306652,1.09946761258065,1.99392179449066
"36081004700",0.060096789,0.321253749,0.758,0.069989792,0.45106383,0.067749101392172,0.286121166621868,0.569848964215452,0.0769515892396075,0.37916482106815,-0.492061801910319,-0.705746292257506,0.308152230533176,1.32711072035555
"36081005100",-0.277463309,0.0348786,0.699,0.090725635,0.847347995,-0.311241849242993,0.0439007064194522,0.535908404133454,0.0959696305007283,0.619149661152248,-0.444747505046451,-0.788621615068589,0.210712891589285,1.16319991940329
"36081005200",-0.460630593,0.30912479,0.919,0.806913948,0.700356718,-0.59898419125436,0.276968478812668,0.657001733923592,0.597139428908944,0.536701955776694,0.544028004699383,-0.908455971074815,0.099224539941577,1.07748208019578
"36081005300",-0.0958829,0.012900834,1.058,0.968574932,0.807881773,-0.0897965975724922,0.022642545809459,0.726581956646183,0.682376854262387,0.597671962287522,0.763733011065249,0.00217988748201627,0.813677914206925,1.62185122586702
"36081005400",-0.466176138,-0.042782438,1.243,0.333666138,1.140602582,-0.609129867643491,-0.0333318222781626,0.812262661450107,0.295401802016085,0.765748073568751,0.337219972957081,-0.960918600317042,-0.0309290437898113,0.89017671219969
"36081005500",0.338456359,-0.179826646,2.087,0.75745,0.687032419,0.298960500448828,-0.186120739758793,1.13043390099107,0.569537829845322,0.52888108978205,0.774397943259417,-0.391061182512722,0.633979061272052,1.62554425232825
"36081005700",0.068807877,0.22731601,0.873,0.182516167,0.995983936,0.0758566138882234,0.212944525619043,0.632866249675015,0.176065500921165,0.696134681531608,0.417002820770838,-0.397281303502139,0.560676196587107,1.50768073997775
"36081005800",-0.54986944,-0.165477742,1.119,0.434366414,0.598591549,-0.776245003683044,-0.168984186657687,0.755652385911342,0.367670757589203,0.475358981837328,-0.600158386801835,-1.44844819777421,-0.49807878568134,0.425606028407331
"36081005900",0.174142721,0.199794237,0.725,0.561107938,1.197704082,0.16901907058242,0.190450293082042,0.551007413398822,0.45178106346963,0.791953098599921,1.00678385612622,-0.0885559824091556,0.85772596270924,1.82616148550358
"36081006100",0.035608923,0.009159872,0.635,0.713042762,1.031969309,0.0445994171476212,0.0189786330041471,0.497740384217335,0.544091775577927,0.71391468975685,0.590345258880557,-0.222201763980203,0.749209353286773,1.71931283774022
"36081006201",-0.236274247,-0.300333945,0.473,0.454264689,0.370152761,-0.256537792469499,-0.342960764664137,0.394067063155795,0.381353197694309,0.322194189419533,-1.43310744844721,-2.09875682359681,-0.959788506479797,0.163829141460411
"36081006202",-0.308642076,-0.19539743,0.162,0.060567847,0.745283019,-0.354736931669687,-0.20505492885014,0.158711691154821,0.0681892058342051,0.56263010830359,-1.48819456424279,-1.52524120518192,-0.662316934954966,0.190932241856958
"36081006300",0.121658134,0.402240475,1.014,0.759665593,0.828850856,0.12368393240249,0.345177432643931,0.705075751425219,0.570790598227646,0.609140841735202,1.15722323127991,-0.00193038592453582,0.948834272359377,1.86251095844922
"36081006501",0.346945842,0.330579536,1.183,0.471972594,1.007772021,0.305236469960503,0.293102010018409,0.785270469435751,0.393374034125308,0.701993942804224,1.19639300235729,-0.0191790573989403,0.948008549162957,1.95267461203205
"36081006502",-0.123722071,0.142295965,0.837,0.461155823,1.098445596,-0.120724687951104,0.141756443339433,0.613562701217103,0.386048365988722,0.745950991642522,0.665039972658534,-0.275968489604622,0.639379307591276,1.5506248352429
"36081006900",0.196975275,0.041441288,0.904,0.575433155,1.041343669,0.188117457232838,0.0501618781775502,0.649195293030763,0.46085765390567,0.718495026730584,0.763856698280998,-0.238076627009366,0.731531753496036,1.67690627025529
"36081007100",0.089430894,0.254794286,1.296,1.165686505,1.049822064,0.0947926768318482,0.23490948919261,0.835514421846867,0.777344249221322,0.722619602371779,1.75719857785192,0.149566418669288,1.07583627508996,1.99877505670769
"36081007300",-0.055202187,0.041020147,0.441,0.011642671,1.076448829,-0.0462556750521339,0.0497612610735961,0.372252973902051,0.0214117936579492,0.735463495946432,-0.361059358918653,-0.456340492224121,0.490883998942896,1.45540964455848
"36081007500",-0.097137441,0.046744199,0.843,2.118046168,1.227467811,-0.0911699475066323,0.0551926709772559,0.616805947303223,1.14040858216494,0.80534478491814,1.93014005256383,0.377510091633369,1.23098702535303,2.11452409913022
"36081007700",0.298643961,0.551126126,1.686,0.854777398,1.456410256,0.268991456806402,0.445407436475574,0.991769193050061,0.623141688331338,0.90276375586854,2.53028973208039,0.592204911662676,1.56031982630411,2.54059300511668
"36081007900",0.034762924,-0.113757791,0.884,0.28645004,1.057142857,0.043789992692921,-0.10954457999312,0.638690994763887,0.259629790738104,0.726167391518971,0.139413939082005,-0.261744368461247,0.698373928858454,1.65901106536247
"36081008100",0.462422667,0.170781733,1.242,1.519595276,0.951923077,0.386909116998094,0.166176704724084,0.811818710277444,0.928059319982396,0.673925153952561,1.88091145380967,0.382583046468323,1.38696192856123,2.40369784898211
"36081008300",0.160927277,0.104730426,1.034,0.253005639,0.748370274,0.157795979356602,0.108612605277319,0.714908672341458,0.233494308124816,0.564387399383289,0.17177691079161,-0.341880635124585,0.61763060791727,1.56984714762795
"36081008500",0.267697758,0.083234215,1.822,0.089398935,0.873837981,0.245059831898096,0.0891404726061523,1.04098317583147,0.0947636077337481,0.633311175110115,0.529126638203152,-0.2866652667381,0.719901615637114,1.71356339217567
"36081008600",-0.539282889,-0.154081857,0.827,0.520194352,0.739354839,-0.753497978994424,-0.155580534749429,0.608133806232989,0.425394754788021,0.559247056533783,-0.454800163339607,-1.36646839245295,-0.404893704889461,0.539728476827189
"36081008700",0.355978683,0.22896512,1.905,0.605686554,0.865384615,0.311871155609556,0.214276450515468,1.06986981980246,0.479759977176522,0.628813766386503,1.39874809925791,-0.00020576137422957,1.11095310973368,2.25941548283471
"36081008800",-0.532296637,-0.208162169,0.911,0.68675783,0.851315789,-0.738765318627748,-0.220848897297619,0.65284588378642,0.528719271295665,0.621283651067024,-0.169616938694994,-1.39077771665707,-0.444437481511923,0.49156445803824
"36081009100",0.02404193,-0.04237413,0.187,0.252321843,1.209331652,0.0334753265213109,-0.0329097643490215,0.179818426575836,0.232952757754351,0.797206092899576,-0.192650734399708,-0.771555923562481,0.329726699460795,1.40688330971695
"36081009400",-0.59158608,-0.213635239,1.111,0.23761221,0.878378378,-0.871284097186374,-0.227697955636456,0.751887675582545,0.221231492494259,0.635718459719763,-0.581629928141101,-1.49675783955868,-0.612851377605806,0.301498453435073
"36081009500",0.075795022,-0.005760478,1.13,0.864460996,1.056939502,0.0823124578406494,0.00423056054586562,0.76080582903376,0.628321149295298,0.726069011766221,1.07992648088063,-0.142207366390271,0.850688591178001,1.84360029059332
"36081009600",-0.595866524,-0.019619692,1.182,1.295365079,0.93637455,-0.881566951321302,-0.00966626012507822,0.784814369085769,0.835239049590221,0.665968436980401,0.856439337039594,-1.13842313654099,-0.0933192015322894,0.979492540241945
"36081009700",-0.012197098,0.174625225,0.825,0.593146608,1.047897196,-0.0021995151609528,0.169426458741727,0.607044481506534,0.471968327960625,0.721684682811378,0.831323755621344,-0.319320066046371,0.733664865325476,1.81402338615672
"36081009800",-0.743495077,-0.297913355,0.293,-0.026699134,0.716232962,-1.32236256275136,-0.339555682558352,0.264669298142708,-0.0168401364885937,0.545941555743344,-2.1617286300571,-2.13298661284299,-1.24218989025624,-0.368720043662543
"36081010000",-0.923277531,-0.173793854,0.773,-0.102726285,0.694587629,-2.44504227075513,-0.178880110170395,0.578297338881003,-0.0973110937982359,0.533323221658629,-2.1874678552236,-2.34779503568638,-1.35337614120555,-0.34783483274799
"36081010100",-0.060579021,0.171889607,0.506,0.051115134,0.835472579,-0.0519029759950903,0.167114519529251,0.41607528722018,0.0593203683534214,0.612735385073548,-0.371910100990379,-0.830994031225376,0.226171812908257,1.30373890486921
"36081010200",-0.667843459,0.240303713,0.226,0.178343949,0.85924933,-1.07248692442017,0.223386492201683,0.211880359035499,0.17256069839808,0.625536922465297,-0.774998061854227,-1.75214032343289,-0.780296672139178,0.147858965207918
"36081010300",0.058960602,0.32976081,0.822,0.459881222,0.956117021,0.0666867763590685,0.292491098029799,0.605408266251938,0.385181596165495,0.676060542334056,0.789795813069948,-0.292232791746422,0.734517348020892,1.76436174412435
"36081010400",-0.533744935,-0.044602049,0.268,0.756484373,0.759408602,-0.741801717427176,-0.0352148781942927,0.245296355955343,0.568991341471679,0.570645367590315,-0.459958181919078,-1.8015970057432,-0.721449854271068,0.329081655408091
"36081010500",0.213758482,-0.212070819,0.904,0.888191769,1.008185539,0.201926845992802,-0.225735431084488,0.649195293030763,0.640901732491599,0.702198859726812,0.613028120576757,-0.577217719583236,0.668012011273085,1.87747426872864
"36081010600",-0.624725172,0.060382653,1.128,0.319781812,0.594202899,-0.953798360395161,0.068016204169326,0.759870812602853,0.285014877647985,0.472626997080335,-0.46146197079246,-1.40338939992506,-0.570383986887573,0.246584274451897
"36081010800",-0.737946023,-0.100311797,0.168,-0.026030369,0.753488372,-1.30175478752077,-0.0946533722496386,0.163818085229395,-0.0161602452110278,0.567293876966532,-1.86009453886713,-2.26907831576261,-1.25551787468543,-0.251085116983602
"36081011000",-0.412459925,-0.369699966,0.546,0.263069677,0.703571429,-0.514933926295932,-0.445818409357273,0.4421184257562,0.24143105256286,0.538579747486449,-1.34015706430077,-1.97579210930553,-1.00586881085184,-0.054574563485501
"36081011100",-0.211684667,0.219571904,0.978,0.771713122,0.978384528,-0.225251605449824,0.206666063273969,0.687129108234382,0.577575329556908,0.68732251407755,0.977056965251216,-0.271650773604124,0.797544361722049,1.87983831028558
"36081011200",-0.160020255,-0.229656453,0.673,0.05476087,0.624516129,-0.162542759193465,-0.248021011394076,0.520577915208669,0.0627502387383162,0.491346814982937,-1.19988179279636,-1.69984888710708,-0.839338110467683,0.043487005725517
"36081011300",-0.053893827,0.2392597,0.633,0.593170732,1.012195122,-0.0448863124739682,0.222551135870828,0.496523839055131,0.471983375753742,0.704183615447942,0.711312230915269,-0.313443483378855,0.566164806172738,1.472921024189
"36081011400",-0.552029423,-0.309839817,-0.48,0.350158389,0.670731707,-0.780950339289659,-0.356446137259834,-0.63487827243597,0.30760115546673,0.519229238476157,-2.60487268194217,-2.23682649614229,-1.32672258858331,-0.403439459984296
"36081011500",-0.133441031,0.579309585,1.224,1.824528302,0.936010038,-0.131751299074429,0.463299698659476,0.803793700647009,1.04187553956215,0.665781142023891,2.25161393614608,0.227081289230691,1.16338556666957,2.08915926062751
"36081011600",-0.522109909,-0.192324691,2.859,0.455753027,0.518728717,-0.717665121856236,-0.201289953940888,1.35299607571838,0.382369122014413,0.424436486090774,0.021265462635964,-1.47554754829198,-0.589074765073601,0.339523838937445
"36081011700",-0.072388225,0.29157094,0.468,0.768361692,0.757094211,-0.0644193015778386,0.263571950305906,0.39068982252601,0.575692542725094,0.569336508837598,0.472026159850254,-0.485963172961087,0.435314887888408,1.37806036679799
"36081011800",-0.197831868,0.22582622,0.627,0.389612077,1.049056604,-0.208047901140938,0.211739750445073,0.492865298388998,0.336195110368137,0.722247918682837,0.441254466502903,-1.33248305499603,-0.394118817098913,0.516904963271051
"36081011900",-0.092494932,0.334479918,0.393,0.208795313,1.049479167,-0.0860971753629453,0.296007260207647,0.338612801120324,0.197862922536201,0.722453119280806,0.202865142695973,-0.788610867636517,0.24911811593404,1.29775234275993
"36081012000",-0.729717175,0.208203973,0.592,-0.223398067,0.86039886,-1.27195609632409,0.197377620784162,0.471252848646167,-0.240032961575802,0.626151702240186,-1.25067016889878,-1.5433070465797,-0.714956037272461,0.106499563100856
"36081012100",-0.156202807,0.300537263,0.226,-0.083373067,0.779976717,-0.158061592318868,0.270437177562506,0.211880359035499,-0.0762042399424082,0.582202612505499,-0.81491420960404,-1.0815528345594,-0.130372122644347,0.845983712719551
"36081012200",-0.66462257,-0.117187602,0.545,0.557773137,0.623559539,-1.06311745993269,-0.113378800802764,0.441475545631198,0.449656228424902,0.490761400124471,-0.863326106887959,-1.66724585781102,-0.703077418692011,0.244004102116678
"36081012301",-0.168447386,0.310967092,0.83,0.93874546,1.008196721,-0.172506743241653,0.278364113799159,0.609765571620894,0.667185811688611,0.702204400331879,1.19341014206185,-0.408521370043468,0.581431592500053,1.60334075100216
"36081012400",-0.756767778,-0.173748981,0.351,0.310529816,0.72972973,-1.37344833772514,-0.178826449005314,0.308219723669329,0.278033031826154,0.553729773575652,-1.38981860784056,-1.78853024910259,-0.887783772819462,0.0337614267582474
"36081012500",-0.168854749,0.173992496,0.447,0.094846977,0.848809524,-0.172990921674907,0.168892198603892,0.376379527213068,0.0997068430272086,0.619936241951303,-0.388412878144097,-0.344316355763436,0.440445885421504,1.24627588325172
"36081012601",-0.696363746,0.149663293,0.164,0.285189189,0.601366743,-1.15952139132038,0.148129698328162,0.160416721405905,0.258656776373012,0.477082727572828,-1.21150591353231,-1.8397480477182,-0.888123213623971,0.0568596040447819
"36081012602",-0.51786045,-0.427186045,0.039,0.244180837,0.914518318,-0.70899296449616,-0.539887260198273,0.0478373294141601,0.226482639947707,0.654675712012811,-1.7977266545989,-2.16975704556081,-1.20727824946149,-0.246730997694855
"36081012800",-0.313614049,-0.063118338,0.686,0.026008511,0.751898734,-0.361851245042314,-0.0545811545335765,0.528272537369711,0.0353753590545115,0.566392053671706,-0.851087486992281,-1.80015165164372,-0.806828019840187,0.204917162964976
"36081013000",-0.311228169,-0.031569665,0.708,0.797138849,0.967302452,-0.358431012067068,-0.0218056903882567,0.541160823562064,0.591744848171092,0.681733517818727,0.405670602390482,-1.25822719177635,-0.238247424031711,0.75766571550775
"36081013200",-0.291736876,0.194641122,0.099,0.455775585,0.823759791,-0.330919309100323,0.186181698517833,0.10345870836823,0.382384511937546,0.60636838979277,-0.343576485961827,-1.47416382254583,-0.53603707572749,0.421469837854607
"36081013400",-0.166606298,-0.105809052,0.08,0.407313785,0.793650794,-0.170321405091441,-0.100714715231243,0.0861776962410524,0.348763379383457,0.589812829731996,-0.817364756919512,-1.58896562612791,-0.625747332128671,0.345986221352235
"36081013500",-0.059662241,-0.09219368,0.069,0.530434783,0.699760766,-0.050937821785949,-0.0857688910132974,0.0760346862759976,0.432064703202253,0.536353457803265,-0.749758929976058,-1.404429200903,-0.311794038916986,0.748598272617634
"36081013600",0.08348036,-0.381735255,0.314,0.735816385,0.730478589,0.0893656002966645,-0.464793632877623,0.280657457514817,0.55722228865713,0.55416012655623,-0.750071524582905,-1.66650926912185,-0.602851177695728,0.474530291754901
"36081013700",-0.222909786,0.001770879,0.988,0.204313909,1.326196474,-0.239412406892855,0.0117021410817875,0.692146680226362,0.194179233347867,0.848524168449732,0.454116799401212,-0.603333625568577,0.27653584548367,1.16365639082388
"36081013800",-0.237827632,-0.185716847,0.312,0.322466547,0.633819951,-0.258547479268028,-0.193241175819162,0.279145741429495,0.287031771301815,0.497022771779913,-1.08108946660934,-1.59049982862615,-0.62048906609965,0.328182721878795
"36081014000",-0.08407781,-0.055649363,0.108,0.925642034,0.822829964,-0.0769650759442682,-0.0467241310364527,0.111541374732908,0.660439071964923,0.605861200779511,-0.116044457200342,-1.25696439961118,-0.387143225580116,0.447302629395981
"36081014100",-0.198092106,0.415559505,1.319,1.043670417,0.826923077,-0.208368376288728,0.354564371747348,0.845438990902204,0.71962863952724,0.608091931104741,1.440585549268,-0.262596169050745,0.75054373841198,1.75958500662057
"36081014201",-0.438731191,0.210170665,0.278,0.662621286,0.768261965,-0.559895411276385,0.198990738305826,0.253090627682162,0.514392028178702,0.575636463134087,-0.098228813015343,-1.3190608983418,-0.320156773080831,0.690333656161791
"36081014202",-0.384035677,0.279776837,0.447,0.89814414,0.943765281,-0.468461901518924,0.25446920883465,0.376379527213068,0.646131115246085,0.669758424092124,0.623280254752868,-0.830837769643121,-0.0208497521592563,0.817929089618843
"36081014300",-0.028856048,0.130319502,0.711,0.670392911,0.879021879,-0.0190360901208815,0.131308488051811,0.542905517229402,0.519027641665772,0.636059170770985,0.554935616537819,-0.465300380306194,0.467415410189964,1.43371284915756
"36081014400",-0.936663023,-0.026241352,-0.04,0.134498394,0.593296089,-2.61269033616858,-0.0163746884378292,-0.0304592074847086,0.134966457176647,0.472061565865826,-2.54769192959005,-2.07533251014517,-1.13855776232118,-0.220986786359013
"36081014500",0.026703588,0.121412608,0.986,-0.016359748,1.078104994,0.0360460523229021,0.123466947580578,0.691145177889272,-0.00638005735134039,0.736256953238929,0.138793611181511,-0.808959746360904,0.217434038313285,1.2656134677156
"36081014700",-0.117173795,-0.138422818,0.793,0.504676855,0.801197605,-0.113363336307342,-0.13745085569447,0.58945194422118,0.415202119180583,0.593988286698114,-0.101376254577697,-0.64135122412264,0.216003281402482,1.0813266668416
"36081014800",-0.336716206,-0.102658738,1.733,0.715902583,0.870098039,-0.395588353228969,-0.0972366460493885,1.00905221195547,0.545750150164565,0.631323923886432,0.661590516234247,-0.909740491658652,0.0555480677541413,1.00935246302732
"36081014900",0.10673883,0.302806808,0.979,0.797096944,0.760770975,0.110412678961429,0.272167446642577,0.687631999871835,0.591721659313252,0.571415030844747,0.962899004384733,-0.281194610351495,0.735226742049247,1.75529526939735
"36081015000",-0.601767975,0.044203316,1.454,1.013762194,0.762315271,-0.895919577494639,0.0527853309472076,0.901786045671273,0.704958251439362,0.572286754528886,0.647338363141098,-0.835563800634379,0.244509584093066,1.32286248892473
"36081015100",0.279985728,0.53579373,0.848,0.670337032,0.85106383,0.254631154746488,0.435537519530253,0.619500640391647,0.518994387580527,0.62114827583603,1.18758150147296,-0.364193468954512,0.624938692835769,1.62942984851448
"36081015200",0.017962746,0.409739433,2.822,0.319059198,1.350724638,0.0275789270767032,0.350473356888048,1.34338686010861,0.2844713220047,0.858968621907315,2.06064440498244,-0.463226203524281,0.374507919643654,1.23668159928942
"36081015300",-0.142481266,0.299744162,1.374,0.390473474,1.041558442,-0.142118172005251,0.269831821957071,0.868779749203104,0.336810375160219,0.718599719942553,1.01722520143494,-0.365783800998176,0.60113016963376,1.56733072910777
"36081015400",-0.452381392,-0.082925096,0.698,0.478781609,0.798948752,-0.584080048500103,-0.0757209140916384,0.535323095366378,0.397958073367941,0.592745876548079,-0.314997633927381,-1.24903934173355,-0.233093088592625,0.780746944968803
"36081015500",0.167876689,0.414392827,1.325,0.267224242,0.902912621,0.163713401481991,0.353745636604257,0.848011891120861,0.244689162260885,0.648627012990452,0.929527006944746,-0.116245149698735,0.691539539458517,1.51402330685264
"36081015600",-0.436451709,-0.025587328,0.549,0.485969388,0.836477987,-0.555913141947208,-0.0157100877321617,0.44404459007564,0.402774416776079,0.613280033766362,-0.268881270047517,-1.19607799943306,-0.267867537083123,0.690029991923097
"36081015700",0.742321147,-0.086223357,1.275,0.523656904,0.792525773,0.560941278798434,-0.0792849649164391,0.826366024346168,0.42765501691226,0.589188888549086,0.585567723287432,-0.402076242202641,0.59091299018908,1.575381892621
"36081015801",-0.871773595,-0.053148072,0.242,0.616514616,0.993188011,-1.97886232222307,-0.0441066246832219,0.224742272677907,0.486439453057509,0.694739916981611,-0.874497503391964,-1.45848669062838,-0.575274851960532,0.279602977454542
"36081015802",0.216730981,0.071380678,1.076,0.804075927,0.998637602,0.20435289230136,0.0782386302270761,0.735248356578581,0.595576206936076,0.697456682303717,1.08867497945575,-0.800338389551578,0.197106557765047,1.17241420297819
"36081015900",-0.052271421,-0.021657355,1.161,0.091752101,0.81656051,-0.0431908616133904,-0.0117258346776435,0.775187890896155,0.0969017317043312,0.602434695639571,-0.150982577122184,-0.88928893672157,0.177628982941908,1.22020554086684
"36081016100",0.002768749,-0.113246321,1.028,0.211168255,0.904761905,0.0126879158890631,-0.108974059985465,0.711968934800533,0.199807986617685,0.649593283310107,-0.0668458782428318,-1.07472945320209,0.0390711771690615,1.19480665466901
"36081016300",-0.177458243,0.344268095,0.141,0.033195612,0.520547945,-0.183271899826878,0.303261157105889,0.140631129739746,0.0422887058930615,0.425625805276603,-1.05475393816036,-1.19495118639076,-0.268015498360317,0.643996312375589
"36081016400",-0.578583881,0.069836026,0.074,0.377899757,0.892169448,-0.84068218133012,0.0768092018313467,0.0806579030174545,0.327791638294981,0.642995049534576,-0.758819538462694,-1.54183606589219,-0.543277538538525,0.471901869575281
"36081016600",-0.643149036,0.243061712,0.232,0.617480753,0.582920792,-1.00279960604857,0.225589926097769,0.216722983511287,0.487033268916987,0.46556930715561,-0.612158882115705,-1.47707448521329,-0.542527618283275,0.411643038727575
"36081016800",-0.732826667,0.1852317,-0.028,0.749065717,0.850208044,-1.28311221759273,0.178340057802391,-0.0181639706276712,0.564782825489601,0.620688333083088,-0.592609477735669,-1.30447389158111,-0.449541000801745,0.409803800004965
"36081016900",-0.152819321,-0.255601398,0.356,0.37158661,0.922789539,-0.154106555300759,-0.28183440079292,0.311886761148598,0.323232556141526,0.658964316388579,-0.67174827633252,-1.47467167644743,-0.468768917535634,0.551415236213116
"36081017000",0.263015754,0.086483277,0.681,0.170904066,0.809182209,0.24138869498966,0.0921080375055142,0.525320069916443,0.166280302755762,0.598387064392875,-0.0789832478923094,-1.36741821991154,-0.410424153140401,0.538869794118599
"36081017200",0.312802928,-0.03194574,0.698,0.66617876,0.420595533,0.279752915609595,-0.0221901299137127,0.535323095366378,0.516516655083473,0.358090814221173,-0.234885683574986,-1.36022048862711,-0.349475645372084,0.648282056417551
"36081017400",-0.223814786,-0.019098025,0.603,0.252397106,0.852209945,-0.240562873090588,-0.00913966478171798,0.478095799143072,0.233012378648036,0.621763924915556,-0.334534141357994,-1.2178378214565,-0.246428874640515,0.707621232842335
"36081017600",-0.351750994,0.169643805,0.716,0.486949829,1.078666667,-0.418171990671424,0.16521253273913,0.545806592661236,0.403429590513815,0.736525904021482,0.490158244631551,-0.770006396585393,0.187236461712104,1.12806272253945
"36081017800",-0.301942186,0.047230295,-0.072,-0.029022463,2.311212815,-0.345229530430176,0.0556525592208909,-0.0640053299759123,-0.0192057177421394,1.2003300219434,0.0418217103923211,-1.00665064427971,-0.118896636840477,0.7449890208991
"36081017900",0.052301997,0.084689458,1.005,0.587719298,0.980225989,0.0604382486853359,0.0904707230463793,0.700619195398646,0.468577173591449,0.688248194600248,0.77057914708735,-0.446676692249567,0.645202111642907,1.72359726586267
"36081018000",2.851951548,-0.274165846,0.179,-0.025257642,0.963181149,1.35117263809645,-0.306750519883965,0.173112617708645,-0.0153752375064987,0.679647036814681,-0.722362086429599,-1.32367886147922,-0.384714107266639,0.525193137468349
"36081018101",-0.15773468,-0.203901975,0.305,0.018988129,0.811748999,-0.159857392179665,-0.215549924763813,0.273836665629728,0.0285759203422186,0.599797028096442,-1.24863782432115,-1.4592179294914,-0.373139681259448,0.702570961207149
"36081018102",0.367028289,-0.043689986,0.798,0.82223826,0.94259012,0.319927763471587,-0.0342705707893428,0.592221261969985,0.605538312380727,0.669156757876526,0.74079928324136,-0.761006522113946,0.354010259984783,1.50609776788824
"36081018200",4.119139124,0.181068599,0.108,0.711750869,0.812738854,1.63493783301488,0.174850886531433,0.111541374732908,0.543341720161579,0.600340234749484,0.762166638586182,-0.601758062098479,0.305215882550333,1.23698347028003
"36081018300",0.024897644,-0.220763384,0.486,0.305168443,0.860759494,0.0343025271409401,-0.236689109559219,0.402794879552285,0.273964750962573,0.626344494935385,-0.568506526914171,-1.29073251798924,-0.285768210557669,0.720099572633683
"36081018401",-0.959590768,0.171867722,0.827,1.2139,1.835526316,-2.98758094607606,0.16709600239999,0.608133806232989,0.799262411348647,1.04574804730504,0.842520199136487,-0.570577151048863,0.377355833887606,1.33449326670203
"36081018402",2.069754098,-0.098894563,0.628,0.196746028,1.146505376,1.12484975548655,-0.0930966507683309,0.493475985430878,0.187927504067654,0.76848903003101,0.444634690123078,-0.714532054413811,0.215589135979959,1.11318542750381
"36081018501",-0.094685467,-0.191714393,0.773,0.734685297,0.751889169,-0.0884875208631998,-0.200543850507313,0.578297338881003,0.556574193831435,0.566386624854613,-0.0348856631051529,-0.990368553308983,0.0638559634392475,1.12494158751991
"36081018502",0.155393516,0.043406175,0.759,0.765945344,0.996221662,0.153058811956425,0.0520288900207321,0.570414415177648,0.574332869321651,0.696253182936619,0.78407769776567,-0.66855626383179,0.290192864674913,1.23725226510369
"36081018600",2.176309875,0.931815851,0.009,0.253804433,0.741468459,1.15886346821464,0.663623540965188,0.0188217542405877,0.234126563026331,0.56045455550011,0.563269495940513,-0.659006657899926,0.266161960067406,1.19879675810963
"36081018700",-0.311394158,0.408658542,0.541,0.806385855,0.745271122,-0.358668584205206,0.34971173638115,0.438899884194402,0.596848732829703,0.562623330456263,0.549222081782677,-0.748399802224775,0.252557107168038,1.27173979583469
"36081018800",2.841929002,0.293198324,0.848,0.704544102,0.897327707,1.34857406230184,0.264821492239801,0.619500640391647,0.539147215541306,0.645703156112746,1.50708745770538,-0.369713918258001,0.551318634046071,1.49679772834597
"36081018900",0.054688704,0.16118742,0.46,0.713541806,1.110335196,0.0626824597207628,0.158018123047005,0.385262400790645,0.544381363135488,0.751574187506398,0.757819458739771,-0.553971992544273,0.435844215161888,1.40930203373227
"36081019000",-0.061140747,0.303382485,-0.309,1.042103862,1.025531915,-0.0524948022248814,0.272605859068334,-0.355247391947547,0.718865541037373,0.71075716803228,0.140669188153392,-0.933045992646474,-0.0459073394209606,0.830703676752993
"36081019200",0.424792862,0.469700373,0.376,0.411234213,0.698296837,0.361020491754221,0.391839616604444,0.326421900767712,0.3515256581933,0.535496872420838,0.321423298478578,-0.937188428984956,-0.0234000494223764,0.903945630540567
"36081019400",-0.980650438,0.373547815,0.336,0.231687942,0.390243902,-3.5284776561584,0.324651080543907,0.297137231222536,0.216471697513264,0.336646437161703,-2.23168449845748,-1.98938076188246,-1.03923938631216,-0.124464458032473
"36081019600",-0.299270073,0.015122797,0.026,0.575653053,0.768076398,-0.34146277084773,0.0248124073659104,0.0353671438372913,0.460996343292163,0.57553210467253,-0.620442023365541,-1.3265080241969,-0.478747490694421,0.348832878918767
"36081019800",-0.810263905,-0.123307812,0.308,0.385860527,0.734722222,-1.6107583087738,-0.120257382830091,0.276115436080316,0.333511090323154,0.556595357882811,-1.34927924080757,-1.96191624088998,-0.896875930225477,0.16858855283001
"36081019900",-0.337974931,-0.196963461,0.434,3.033621174,0.527272727,-0.39745963409528,-0.206979227024817,0.367417040470634,1.39714062070704,0.430009889934709,0.596647498228426,-0.504033757666025,0.536288815339063,1.54336307162424
"36081020200",-0.639262511,-0.029382583,1.261,0.073099175,0.352811466,-0.992261043644736,-0.0195728883481928,0.820220263123421,0.0798265381567438,0.309549820329598,-1.26712373984118,-1.65196341189381,-0.773518647326909,0.0995954348733322
"36081020400",1.290275972,0.301747954,0.205,0.412883024,0.938211382,0.833029103563228,0.27136056383504,0.194744076792512,0.352685111933998,0.666911711653636,0.508250880368149,-1.1935059148345,-0.185229191948601,0.816473301974103
"36081020500",-0.677515834,-0.010172876,0.308,0.366511452,0.740694789,-1.10116304107278,-0.000172890944778152,0.276115436080316,0.319552365217206,0.560012731428643,-0.960704746599524,-1.5980340272907,-0.469280051984838,0.679892956014254
"36081020600",-0.25355498,-0.196751155,-0.352,0.469397401,0.535980149,-0.279125425195871,-0.206718133857167,-0.41855034765682,0.391634843376792,0.435658109849935,-1.95846039488716,-2.04195849427533,-1.04036578214422,-0.0514584475757344
"36081020800",-0.566258726,-0.051516934,-0.136,0.539663048,0.866131191,-0.812513602611207,-0.0424033838408196,-0.134674903326602,0.438037518911778,0.629211779375632,-1.04596145544199,-1.40610346238832,-0.465938152303864,0.49296284126759
"36081021200",-0.026678876,0.091211504,4.481,0.531296437,0.703328509,-0.0168195346646502,0.0964109410170731,1.70311038829674,0.432623904482924,0.538437975036245,1.56975700815223,-0.488377286182513,0.530891295950903,1.54661362122771
"36081021400",-0.538277285,0.022949002,0.652,0.251085208,0.861182519,-0.751363934243988,0.0324178200901664,0.508021696433256,0.231972626468351,0.626570594110804,-0.449887204479921,-1.10876352520174,-0.245883122332939,0.624338642886301
"36081021600",-0.217181783,-0.301517116,0.584,0.420626303,0.966122961,-0.232161318177878,-0.344629378223665,0.466246580368023,0.358112322515018,0.681136824616363,-0.49622505213742,-1.14432177486432,-0.352203811160629,0.466815051804051
"36081022001",-0.359082502,0.222798042,0.349,0.392097392,0.797157623,-0.429372375987438,0.209286416768127,0.306749135169007,0.337969252676177,0.591755236914875,-0.207404806407095,-1.3912862473122,-0.328031092976123,0.724668200803957
"36081022002",-0.248878984,0.067227612,0.039,0.50474592,0.945725916,-0.272962911424135,0.0743907147496951,0.0478373294141601,0.415247715325553,0.67076143704986,-0.343031148608898,-1.36825820600423,-0.425399181577192,0.470784527451754
"36081023000",-0.228875098,-0.392851098,0.67,1.000903707,1.382978723,-0.247020216192973,-0.482644951939857,0.518793793415168,0.698584226501366,0.872538917536938,0.380564877827572,-1.12688685378183,-0.0980626911166459,0.903737187963755
"36081023200",-0.429980757,-0.024745309,0.255,0.58483172,0.832070707,-0.544693998405829,-0.0148551016902439,0.235072122179484,0.466768225968601,0.610890323089877,-0.424337751025954,-1.33997069936577,-0.334262061910101,0.679684568237481
"36081023500",-0.398384856,-0.046954669,0.242,0.135085393,1.024495677,-0.491652043951902,-0.0376547956023838,0.224742272677907,0.135479213264626,0.71024796361095,-0.746238263806599,-1.25797349851782,-0.34200062530332,0.579264751405951
"36081023600",-0.397559889,0.150383172,0.147,0.155927725,1.049518569,-0.490304119303015,0.14875027126406,0.14583044821154,0.153517100586885,0.722472251119436,-0.506858909163909,-1.37028590383886,-0.450527251501787,0.463499434191681
"36081023800",-0.106577139,-0.240612807,1.995,0.36305924,0.761506276,-0.101564550569304,-0.262160934240483,1.10027756798717,0.317041272249811,0.571830188077487,0.139928185844725,-1.1497459491265,-0.093275152989448,0.979058388027032
"36081024000",-0.118046628,-0.200562833,1.432,0.181082353,0.885154062,-0.114341421311038,-0.211416128395219,0.892817375688513,0.1748624340784,0.639300134438231,-0.115938777223023,-1.1791820432234,-0.250744910865011,0.675956433164215
"36081024300",-0.269700164,-0.176234602,0.122,0.494135539,1.016229713,-0.30069999106492,-0.181803213557025,0.123985979780991,0.408218340483131,0.706176781926326,-0.567121404479289,-1.43482797978307,-0.508401323684124,0.38920806491658
"36081024500",-0.324623319,-0.10206998,0.247,0.448569828,1.095988539,-0.377786692589037,-0.0965879738355077,0.22872792960811,0.377456385765125,0.7447849716267,-0.299483966071375,-1.53527670626095,-0.543041034289144,0.471227545430188
"36081024700",-0.402388572,-0.274069149,-0.295,0.741085714,0.84464752,-0.498219700010799,-0.30661911711272,-0.335472736288129,0.560236003561942,0.617694661831532,-1.38021035011739,-1.85610355006878,-0.957854449324004,-0.0601832025095829
"36081024900",-0.243206457,0.00068276,0.159,0.215402053,0.87,-0.265537688555544,0.0106261024680877,0.156148682489931,0.203268996679321,0.631271776841858,-0.742499499667028,-1.71922127019196,-0.770621921209077,0.190464282881935
"36081025100",-0.117710755,-0.256274041,0.531,0.331304285,0.788804071,-0.113964933269818,-0.282726426640117,0.432431556337979,0.2936424875827,0.587122039087305,-0.729044786945497,-1.53560093723887,-0.608648428159394,0.310638665409211
"36081025301",0.394946126,-0.062180815,0.38,0.666507123,0.933598938,0.339998957566555,-0.0535915280413534,0.3293037471426,0.516712535647599,0.664541377140736,0.236947743368998,-1.18082460687271,-0.121496754662043,0.92923721600389
"36081025302",-0.243868494,-0.161615777,-0.119,0.397516752,0.869853918,-0.266401445125498,-0.164421652645567,-0.115410851511328,0.3418269829147,0.631194070631319,-1.11594738788255,-1.82272855538502,-0.745717819238994,0.324915434975876
"36081025400",-0.973265975,0.1627695,0.189,0.478981107,1.111638955,-3.30405184170761,0.15936804567293,0.181487876045377,0.39809206523991,0.752188881983377,-1.21184164699491,-1.33165287080318,-0.447868662127814,0.422796696985392
"36081025500",-0.110954,0.319430292,0.624,1.136567179,0.824019025,-0.106421077855148,0.28475049858509,0.491030996437811,0.763869905187846,0.606509747281014,1.00824110889507,-0.819304341729407,0.139806657986133,1.08761180753632
"36081025700",-0.147725929,-0.246754365,-0.019,0.81352398,0.705144291,-0.148182111057309,-0.270175366348456,-0.00904074465214907,0.600770881714816,0.539497211772656,-0.890104104415517,-1.52193790107317,-0.599958291194103,0.31678329261337
"36081025800",-0.318503119,0.13428803,1.32,0.83865778,1.161981258,-0.368896638371951,0.134782635743256,0.845868267577609,0.614459851445765,0.775639773121016,1.28047821140373,-0.341960054183479,0.635752354063284,1.58271515214419
"36081025900",-0.272069968,-0.058059563,0.19,0.202449877,0.848020434,-0.303906266464264,-0.0492528123245872,0.182321556793955,0.192643004418339,0.619511638178318,-0.862072663315862,-1.80693511191259,-0.784894384036858,0.203108899370543
"36081026000",-0.774707904,0.426631,0.003,1.310593939,1.761487965,-1.44692757497324,0.362300789153298,0.0129162252665462,0.841823161103369,1.01938434745444,1.07444857444686,-0.55677696350593,0.464729405010773,1.472788956105
"36081026100",-0.464861631,-0.351320809,0.218,0.202676452,0.840277778,-0.606715628469621,-0.417518674847097,0.205386829724951,0.192829860664093,0.61533577808908,-1.52516912109367,-2.09231781564059,-1.1024866423141,-0.107738953389086
"36081026200",-0.979434447,-0.071015424,0.908,0.354914625,0.977433004,-3.48788162307555,-0.0629562258938727,0.651282976461247,0.311091880893308,0.686843858298954,-1.34039089460909,-1.39247331802109,-0.44097509030743,0.511036870436775
"36081026300",-0.411710325,-0.218257816,0.14,0.493715558,0.851804124,-0.513680235963874,-0.233519465415082,0.139761942375159,0.407939083971299,0.621545976758493,-0.925344091439407,-1.80181613905478,-0.852874614749769,0.0877828235013014
"36081026400",4.765796443,0.063414483,1.138,0.425945877,1.956989247,1.75367615910664,0.0708446733097753,0.764537176646618,0.361823779804322,1.08754771710259,2.36640630339271,-0.123927261372428,0.725046561592951,1.58698126450691
"36081026500",0.173832695,-0.209985491,0.487,0.515065425,0.881074169,0.168757221578687,-0.223125415228669,0.403463105437491,0.42203731077847,0.63714501101186,-0.220133411660156,-1.55387497200098,-0.645143918170987,0.257163335309061
"36081026600",-0.814263241,-0.077743081,0.228,1.302146485,0.532432432,-1.6309845888001,-0.07014683812184,0.213497174262404,0.838176307367076,0.433360671624035,-0.83829516716061,-1.32653372691722,-0.330374830855545,0.680388619287694
"36081026700",-0.53047965,0.002796896,-0.27,0.23439105,0.794630872,-0.734968945517487,0.0127157076321462,-0.301105092783922,0.21864629379433,0.590356067824154,-1.59027037616504,-1.94507620995654,-1.08375618666495,-0.248787713540869
"36081026901",-0.565346088,-0.137059229,-0.09,0.390147561,0.965116279,-0.810459025244233,-0.13588757080496,-0.083381608939051,0.336577631781234,0.680627272063032,-1.16058955740979,-1.92907151202983,-1.06133296298823,-0.198433899678179
"36081026902",-0.335892734,-0.025744045,0.126,0.337753576,0.589147287,-0.394366032364635,-0.0158692988844926,0.12751332029896,0.298439188657195,0.469470541554738,-1.11406030754463,-2.16098907369786,-1.1165801896398,-0.058364544013427
"36081027000",-0.474924962,0.122341614,0.389,-0.086857296,0.738589212,-0.625348283977431,0.124287713406765,0.335757695683344,-0.079971447545933,0.558809298238588,-1.14713836319166,-1.45087151441659,-0.566800352395151,0.337496758211272
"36081027100",-0.369565275,-0.210613337,0.144,0.723266162,0.774496644,-0.445608075407093,-0.223910516606912,0.143234168085908,0.550007583476059,0.579136383307475,-0.748326785047795,-1.91439995585656,-1.04601103363912,-0.181200067677872
"36081027200",-0.706795302,-0.064490696,0.477,0.361357767,0.60724234,-1.19334713061101,-0.0560315506359007,0.396760667478018,0.315801319856528,0.480722439495434,-1.1339640836098,-1.6269907071181,-0.619834179261036,0.394804550765245
"36081027300",-0.305155945,-0.033261484,-0.122,0.103317837,0.666666667,-0.349778699219443,-0.0235363024746625,-0.118783535989967,0.107344599361356,0.516807695642345,-1.60919179062738,-2.39011997849908,-1.46860081570504,-0.576120849058237
"36081027400",-0.95888055,0.014279758,1.386,0.521385631,0.569174757,-2.97359022796917,0.0239896904765467,0.873800680253203,0.426172966735274,0.456902404893539,-1.08113384103395,-1.63892261853468,-0.616419373923196,0.379560755388894
"36081027500",-0.423409431,0.001972077,-0.281,0.008792868,0.691823899,-0.533428199963188,0.0119009785873772,-0.316081546973479,0.0186184637060433,0.531700557700561,-1.99146213675712,-2.50782674700557,-1.55602369647818,-0.624830575946853
"36081027600",-0.212687813,0.019633816,0.246,0.864120701,0.676746611,-0.226508974252491,0.0292032205832772,0.227932068046007,0.628139589959826,0.52280159133411,-0.179269570334864,-1.08685664566488,-0.17366561929153,0.745818970270609
"36081027700",-0.350909453,-0.328608162,0.066,0.132086391,0.689881735,-0.416894353311248,-0.383617752107023,0.0732504617395927,0.132856757234234,0.530558680995171,-1.86080649685584,-2.41908764119761,-1.44968089122859,-0.474422144454832
"36081027800",-0.038429054,0.284468844,1.183,0.861666945,0.403361345,-0.028840985553598,0.258100451939902,0.785270469435751,0.626829448231101,0.345970799954823,0.509053665891213,-0.939481828114119,0.0780573518311913,1.05822473797604
"36081027900",-0.186974691,0.020511975,-0.035,0.07736768,0.811688312,-0.194768326651537,0.030055741853396,-0.0253178079842899,0.0837598030146553,0.599763715048995,-1.18063412309447,-2.05839867088566,-1.12015862081301,-0.139451777336432
"36081028000",-0.910020768,0.095009102,0.386,0.945640597,0.573349633,-2.30279279456252,0.0998535720398637,0.333611004340181,0.670717810864623,0.459542623851768,-0.940265606500745,-1.24922969154682,-0.338564832036391,0.591107756287629
"36081028100",-0.251549514,-0.015274282,0.52,0.091259335,0.653246753,-0.276477761164122,-0.00528824012633654,0.425267735404344,0.0964543749633124,0.50877156743594,-0.909396386620103,-1.88423066156113,-0.883428202329334,0.124315596208657
"36081028200",1.959979685,0.159362358,1.121,0.478434549,0.849875931,1.08855511272387,0.156458607084519,0.75659135311648,0.397724929395079,0.620509781736874,1.10956188676043,-0.630487938350146,0.399276501663591,1.38920949115419
"36081028300",-0.198321466,0.100954764,0.765,0.718398065,0.779724656,-0.208650911295883,0.105219793356908,0.573800422927379,0.547195005542499,0.582061784556934,0.385289847556312,-1.4157608757375,-0.443271977926594,0.527425196544431
"36081028400",0.212248607,0.287477611,0.115,0.5557394,0.753926702,0.200692282774598,0.2604220804177,0.117783035656383,0.4483581724819,0.56754240456709,0.0315749943016572,-0.994279876047704,-0.0780778768598152,0.837960675908666
"36081028500",-0.219121309,-0.293556662,0.381,0.322558017,0.882673943,-0.234610684543207,-0.333456116487924,0.330022912941306,0.287100416072502,0.637990613862775,-0.871715460117727,-1.83098274672971,-0.869929855144691,0.0783713609137374
"36081028700",-0.088476304,-0.082880003,0.226,0.692564844,0.674603175,-0.0817267876071059,-0.0756722751918286,0.211880359035499,0.532135845834575,0.521530031617759,-0.451785388059553,-1.81206515852949,-0.733058357082342,0.300331648149664
"36081028800",-0.233107452,0.283394325,0.435,0.388121135,0.766503667,-0.252453229039843,0.2572700223603,0.368109321564396,0.335129288841807,0.574647200647937,-0.0280861635799271,-0.993673299611423,-0.145722414225837,0.691410692752149
"36081028900",-0.321759344,-0.174683406,-0.033,0.32682021,0.721291866,-0.373616711513623,-0.179944471501164,-0.0232686269393543,0.290293816377467,0.548867873188195,-1.3566682715903,-2.06034690310806,-1.10137000588751,-0.157999380298005
"36081029100",-0.225180131,-0.220344781,0.321,0.414786207,0.728791774,-0.242301053773173,-0.236158860430649,0.285930539412975,0.354021772289523,0.553190489272448,-0.882858444746223,-1.77396976569728,-0.829890828867799,0.122782998238609
"36081029300",-0.447293231,-0.003067661,-0.111,1.030885025,1.003921569,-0.574996623114636,0.00690842081368878,-0.106472244510517,0.713383549560904,0.700083850638374,-0.210117951451452,-1.47267781679371,-0.605021796268319,0.252946524564688
"36081029400",-0.851362216,-0.113229362,0.215,0.472108457,0.723489933,-1.8411317636024,-0.108955148616559,0.20294084399669,0.393465707057159,0.55013667879986,-1.44275509521434,-1.51614542736102,-0.593123118771099,0.321064438507448
"36081029500",-0.161580457,-0.226626445,0.332,0.632434071,0.934097421,-0.164380021431973,-0.244145615021734,0.29416103854949,0.496179331149407,0.664797818465726,-0.345485864536764,-1.38574105399047,-0.300437716285637,0.784630034162095
"36081029700",0.082334905,-0.199228445,0.332,0.428574651,0.901373283,0.088317519863523,-0.209768947654137,0.29416103854949,0.36365279769251,0.647821980039582,-0.44104369324726,-1.05915478995438,-0.249532350650804,0.535453383380541
"36081030600",-0.201617952,-0.208429544,0.096,0.437940489,0.420198377,-0.212720500527549,-0.221182405618172,0.100749903100143,0.370142194362042,0.357813159825194,-1.52909731991687,-1.60733562638154,-0.693447328924194,0.220844480890423
"36081030902",-0.294752803,-0.28775772,-0.073,-0.200520553,0.858895706,-0.335127065969068,-0.325394628512579,-0.0650719967437148,-0.21136389593353,0.625347724883262,-2.24106850327823,-2.30850637310319,-1.35306386136609,-0.414212599638763
"36081030903",-0.510364427,-0.090989886,0.228,0.088864816,0.807242991,-0.693876300303155,-0.084458151246313,0.213497174262404,0.0942776614861537,0.597320512448495,-1.26201828054171,-1.95075020009665,-1.02312835739829,-0.106717716347687
"36081030904",-0.093511844,-0.171150061,0.225,0.477569658,0.623543124,-0.0872061348628041,-0.175723445484333,0.211070970079941,0.397143686248772,0.490751351465647,-0.899937953052725,-1.83424573050612,-0.900528129848812,0.0361396073923208
"36081031700",-0.113333625,-0.035898162,0.324,0.158013423,0.89503386,-0.109071420333225,-0.026239424337076,0.288181947493432,0.15530437663452,0.644499782698919,-0.610174064942423,-1.3668845307246,-0.379346951289185,0.611913998145751
"36081032000",1.349410726,0.297888752,0.213,0.541081453,0.908396947,0.858411895486307,0.268414197430114,0.201306856705035,0.438952399256468,0.651489913859488,0.626419967674085,-1.14713037053742,-0.226366495134616,0.664496785606641
"36081032700",-0.403521245,-0.162741282,0.186,0.585061696,0.668653159,-0.500085580065638,-0.165749178786924,0.17898265552844,0.466912416366465,0.517991780817597,-0.926122139384972,-1.80082922110407,-0.893216859963354,0.0276538224646139
"36081032800",-0.718071819,-0.125133941,-0.108,0.039345462,0.91809291,-1.23124746244532,-0.122318991190845,-0.103140758919513,0.0481666002700581,0.656531384861286,-1.87988747331224,-2.13978781054191,-1.21698792755477,-0.296756588962471
"36081032900",-0.504793472,0.342530018,-0.026,0.094506544,0.468875502,-0.682787966974083,0.30197692594692,-0.0161293819298836,0.0993986687133575,0.391282003038847,-1.46221620727779,-2.09243846627278,-1.14490357617722,-0.19262687024519
"36081033000",0.040658804,0.013310306,0.081,0.45386064,0.857961054,0.0494173997969834,0.0230427703976856,0.0870947068509337,0.381077219751314,0.624847490552904,-0.396834627531829,-1.37353398465912,-0.488909839609303,0.38495043113131
"36081033401",0.307709497,0.408442784,0.413,0.660248346,0.429054054,0.275894999798163,0.34955963888753,0.352767319107715,0.512972325552042,0.36398599078556,0.0985783172582654,-0.895671734605248,-0.0038645975109241,0.893563731216533
"36081033402",-0.236319947,0.126741062,0.389,0.214849286,0.877408056,-0.256596859069658,0.128165450925412,0.335757695683344,0.202817804590918,0.635204488901592,-0.330784488382366,-1.28700284435811,-0.291060200751861,0.710832751587115
"36081033700",-0.800456094,0.100985734,0.396,1.145675889,0.531521739,-1.56282198639876,0.105247669890982,0.340748793388473,0.768104311968732,0.432770070742196,-0.5043016444455,-1.81001340606037,-0.810765892081751,0.176834294807495
"36081033900",-0.442470956,-0.251021053,0.37,0.54747204,0.407017544,-0.566463352081547,-0.275781239784119,0.322083499169113,0.443064019672428,0.348554341718702,-1.39378625432892,-2.24180833839403,-1.24300034631864,-0.243553993682101
"36081034700",-0.051330141,0.009100239,0.688,0.192270627,0.671590909,-0.0422085188426702,0.0189201193731388,0.529451087889156,0.184211958025752,0.519740314965137,-0.470404471429435,-1.57861959016395,-0.662927343989117,0.243802029923845
"36081035100",-0.44040067,-0.250396454,0.472,0.191202376,0.825439783,-0.562822095149108,-0.274958631808457,0.393392526873895,0.18332303514706,0.60728411655198,-1.09439867872912,-2.10430908511305,-1.17937408306497,-0.274132629743135
"36081035200",15.04265566,0.032819509,0.517,0.532135561,0.619402985,2.77587429757099,0.0419281111875974,0.423305026236495,0.433168183728427,0.488213680855412,1.00037673718948,-1.04893294431246,-0.0973707314386843,0.81336673675597
"36081035300",-0.843779904,0.147369573,-0.16,0.535258583,1.035573123,-1.7944424893096,0.146149820715787,-0.162518929497775,0.435191263982849,0.715678005976181,-1.0248974163125,-2.08199266801036,-1.13292429238591,-0.191687796871288
"36081035700",1.018100329,0.131288225,0.766,0.286003728,0.540880503,0.707099556398734,0.132157646342034,0.574363644569978,0.259285474469156,0.4388228360941,0.00874829980289149,-1.03768169454021,0.0436168161645072,1.10519120696283
"36081035800",-0.384087213,0.057397149,0.22,0.519988391,0.42886812,-0.468544235479051,0.0652231139379365,0.207014169384326,0.425260147793859,0.363856776728323,-0.977622962490545,-1.80143618129152,-0.839340605605998,0.0996972127311594
"36081036100",-0.660035183,0.224046615,0.398,0.283447804,0.836601307,-1.04992265240858,0.210298700296461,0.342170257735851,0.257311369297871,0.613346818143425,-0.513624442981102,-1.61233447354745,-0.664855398294411,0.258016935751472
"36081036300",0.126762661,0.084829817,0.374,-0.027835616,0.696642686,0.128184451554073,0.0905989329249539,0.324977857195478,-0.0179965874883342,0.534528099112713,-0.837522406836077,-1.77883493007396,-0.707093670517443,0.355991377183441
"36081036500",-0.023693776,0.187559467,0.028,0.457187055,0.636585366,-0.0137884005888911,0.180285708360139,0.0372957847436969,0.383346999553115,0.498703668438347,-0.556731997360494,-1.56112652098772,-0.541688744156372,0.47474933995114
"36081036600",-0.352210275,0.033635372,0.138,0.460886619,1.430583501,-0.418869965598494,0.0427101679183824,0.138021297897375,0.385865361150377,0.892237150469856,0.150901403328506,-1.09167470948471,-0.212518790829442,0.663731420134466
"36081036700",2.83864086,0.486095865,-0.005,0.165505059,0.871275328,1.34772006259565,0.402858958381546,0.00498754151103919,0.161697892689279,0.631949912813123,0.29681963744227,-0.838476615551884,0.143832519235269,1.11681222235691
"36081036800",1.42468882,0.528416773,0.605,0.364927521,0.572591588,0.889818953706929,0.430753818119112,0.47933495667462,0.318401017729208,0.459063748874899,0.561653756457871,-0.791640252311041,0.337988887921341,1.47411983304444
"36081037100",2.271682941,0.992163375,0.968,0.800692375,1.115532734,1.18835638257777,0.694228283457555,0.68208623320052,0.593709299757005,0.75402246930974,2.508176882161,0.32532228111576,1.50379739004683,2.6465627213925
"36081037300",0.548457519,0.359246147,1.075,0.772189349,1.020860495,0.443696562234253,0.314260330728492,0.734768855250765,0.577842579857224,0.708459592400627,1.5429502265874,-0.474232100203598,0.556322852487904,1.60863529005801
"36081037500",-0.696891823,-0.246964348,-0.298,0.13820379,0.920984456,-1.16120653473401,-0.270450522708051,-0.339677367570161,0.138198799564624,0.658029953698805,-2.21381622664394,-2.50988276281974,-1.63138820262007,-0.757199482563285
"36081037600",-0.987005107,0.007236631,0.096,0.422654516,0.807197943,-3.77248313118655,0.0170897655178973,0.100749903100143,0.359529028362219,0.597295722941211,-2.17171569247574,-2.08991614159103,-1.20500439279482,-0.319498360580451
"36081037700",-0.983727084,-0.054362784,-0.032,0.850976863,0.991814461,-3.63921668030287,-0.0453769191234847,-0.0222456089473197,0.621101545019691,0.69405399977509,-1.69591811474864,-2.24348014601493,-1.32471605123611,-0.423040302338473
"36081037900",-0.97606174,0.223974968,-0.171,0.564184215,1.057428215,-3.38321228743191,0.210240640026232,-0.175544572514931,0.453737179360477,0.726305426635786,-1.58797371966077,-2.16565002788113,-1.24648736279385,-0.308450880569534
"36081038100",-0.079311757,0.085216428,-0.021,0.362218865,0.920050761,-0.0718309202974674,0.0909519948796033,-0.0110609473594249,0.31642903917607,0.657546303607197,-0.496951634322549,-1.70641853277331,-0.702203135088067,0.305257510544333
"36081038400",0.676137904,-0.203308702,-0.3,0.142320346,0.577546296,0.522440649829056,-0.214814214254946,-0.342490308946776,0.141777601742144,0.462189614194128,-1.86656840566107,-2.16754040252462,-1.23059299501256,-0.328847144584978
"36081039400",3.305592766,-0.089985125,0.106,0.122102009,0.732515337,1.46223468844932,-0.0833654405914986,0.109750863959119,0.12407608967857,0.555329665335471,-0.49546217611881,-1.67088908790836,-0.616419029669573,0.43104582881123
"36081039800",-0.458286039,-0.071053245,1.101,0.142342315,0.744911805,-0.594725553604317,-0.0629965053219654,0.747161768866183,0.141796666571346,0.562418602093823,-0.529232470652036,-1.29764093820828,-0.379826674102298,0.521384297736601
"36081039900",-0.639497611,-0.148097919,0.242,0.360177146,0.866317169,-0.992895386223599,-0.148613609898469,0.224742272677907,0.314940035130672,0.629310902925011,-1.03658328045843,-2.15644127986923,-1.05421067271996,0.0869685845666902
"36081040000",-0.494226328,0.147508009,0.526,0.548745408,0.555691554,-0.662087229877571,0.146269426176777,0.42918163472548,0.443881272057489,0.448327613928506,-0.428449351054589,-1.39621135777305,-0.343271328027967,0.705590038784823
"36081040100",-0.84360427,0.128837025,0.304,0.190096215,1.045685279,-1.79338641198197,0.130007588186875,0.273075920062419,0.182401732746444,0.720609261459492,-0.906623838028881,-2.11107009125372,-1.04019150519687,0.0180634448259825
"36081040200",-0.975124456,0.354036368,0.86,1.092407498,0.717665615,-3.35596944039595,0.310448221822424,0.625938430866495,0.743083115702099,0.546771141818457,-0.3941165947238,-1.2502073633898,-0.338801142633158,0.591310021957506
"36081040300",-0.634196687,-0.184655765,-0.069,0.38699519,0.853179191,-0.978689376182132,-0.191954725128472,-0.0608121393967574,0.334323637176557,0.622284271105704,-1.43617495800428,-2.44603122711183,-1.46998067727692,-0.516134433149864
"36081040400",-0.031270903,0.208703812,0.208,0.612523625,0.810055866,-0.0215003887378794,0.197787844765625,0.197210169287705,0.483982730352966,0.598867196221999,0.074176700555126,-1.07334629628043,-0.131267960915164,0.835380887404401
"36081040500",-0.967375138,0.038130916,-0.676,0.061539838,0.712177122,-3.15531758092035,0.0470084979443443,-1.09661428600544,0.0690967148950382,0.543589259020284,-3.95294055901598,-3.75215524059035,-2.67713062883406,-1.56539773254378
"36081040700",-0.238137807,0.031940104,0.502,0.180278677,0.840821566,-0.258949251368222,0.0410844599132003,0.413433277757341,0.174187462059972,0.615629630241303,-0.459385652933598,-2.20530303098883,-1.24622762019451,-0.313001765257117
"36081040900",-0.756130881,-0.231730018,-0.245,0.29168,0.909814324,-1.37093642429328,-0.250681794435903,-0.267879445155601,0.263655737848926,0.652228475113339,-1.99640859337232,-2.7471083098515,-1.74631937691328,-0.756898712196224
"36081041100",-0.859357415,-0.196157017,0.124,0.259178744,0.657407407,-1.89284523466364,-0.205987827163737,0.12575120530556,0.238370033029145,0.511269969229921,-2.05448113039334,-2.51568417674056,-1.65581481180345,-0.808330250933715
"36081041300",-0.9074457,-0.110096926,-0.254,0.194162437,1.004914005,-2.27736286457734,-0.105468217012965,-0.279713902802604,0.18578425223832,0.700576517068584,-2.20241388079963,-2.75486977954031,-1.89579912744242,-1.06260724092038
"36081041400",4.445179485,0.189255644,0.234,0.226314234,0.798648649,1.69656552158518,0.181701067663717,0.218331994316988,0.212134561351184,0.592579963668661,0.372643180380933,-0.646829188649038,0.243517381826177,1.1522485862658
"36081041500",0.110242177,0.013254151,-0.242,0.068082238,0.73518285,0.113544891397068,0.0229878930642872,-0.263965545834465,0.07518375714663,0.556859335265102,-1.47170310652677,-2.49203642602603,-1.48313774664994,-0.456810800465289
"36081042400",0.490985577,0.754968186,0.078,0.093840541,1.156156156,0.406121943677777,0.568132665293631,0.084341148433751,0.0987954999228034,0.772954240162964,0.469596943519404,-0.794103498975056,0.0646230582197892,0.946003492202051
"36081042700",-0.762790506,-0.126686997,-0.098,-0.083082857,0.884711779,-1.39751914798723,-0.124075664406537,-0.0921152889078056,-0.0758910992881025,0.639066731452182,-2.18714426999834,-2.96834281908453,-1.90213270727272,-0.833661717171811
"36081043200",-0.9740418,-0.092213851,0.301,0.334586466,1.100271003,-3.32539812624889,-0.0857908686584898,0.270790204781563,0.296086505555169,0.746816376681352,-1.65502317573469,-1.66392224727539,-0.667971814472316,0.342358490133081
"36081043400",0.433663366,0.20548271,1.246,1.030162928,1.314666667,0.367183887253754,0.19514129007394,0.813593333635813,0.713029671333619,0.843576659728739,1.98079054801309,-0.172757149764038,0.72956886221275,1.65815048136979
"36081043701",-0.3413106,-0.212992701,-0.143,0.710612353,0.708385482,-0.402435601700303,-0.226891442141009,-0.142716302201595,0.542680246651616,0.541385176739922,-1.19419579408624,-2.22692055303574,-1.21772860324757,-0.209127018793254
"36081043702",-0.828301913,-0.050740543,0.431,0.42994558,0.773299748,-1.70540883197886,-0.0415936911598621,0.365337317017385,0.36460532120712,0.578465439165268,-1.0583227170854,-2.00501414815654,-1.12825326064846,-0.265767516789852
"36081043900",-0.643425717,-0.073013246,-0.452,0.163079493,0.628008753,-1.00355409606444,-0.0650861334498276,-0.583396316600826,0.159632336343582,0.493481329128444,-2.50897898753316,-3.01855073462601,-1.99976996181067,-0.987692110605535
"36081044000",-0.777400333,0.03690559,0.977,0.441002548,0.887287025,-1.4584364705409,0.045838755902897,0.68662596356968,0.372254729930833,0.640424984199095,-0.255346812824898,-1.32514971243679,-0.216023304470407,0.911289020327307
"36081044301",-0.353282975,0.037595095,0.247,-0.150116882,-0.032786885,-0.420502061041314,0.0464971515098743,0.22872792960811,-0.150958808273415,-0.0230505186898405,-2.84340065909011,-2.93479588161449,-1.98439952125209,-1.03141969002364
"36081044302",-0.573967324,0.110814506,0.618,0.403445472,0.793190416,-0.830038093487207,0.114055658497948,0.487352267580349,0.346030320824462,0.589557549293687,-0.292700576481747,-1.7874336533622,-0.903145271205925,-0.0333300589005275
"36081044400",0.572727406,-0.074049162,0.336,-0.021449378,1.576446281,0.459149565186204,-0.0661923273882261,0.297137231222536,-0.0115154267570552,0.950284841252907,0.0657060348916086,-1.0269409951149,-0.286591786909938,0.451233008772613
"36081044601",-0.655278103,-0.116627194,0.321,0.286023318,0.704245974,-1.03642118524842,-0.112751309300613,0.285930539412975,0.259300590052174,0.538973318630651,-1.23756125361857,-1.83094446383038,-0.828187991076578,0.193827769601617
"36081044602",-0.483684317,-0.118224471,0.943,0.273119074,0.605858855,-0.641854088472415,-0.114540827174215,0.669366651894542,0.249293890368316,0.479866614081381,-0.749749141332465,-1.62791204285147,-0.731492922181243,0.186531799985834
"36081044800",-0.740357045,0.033516608,0.928,0.427034393,0.795366795,-1.31065658400043,0.0425963630768891,0.661656513468575,0.362581540700526,0.590763781666698,-0.363396033178244,-1.4835849563666,-0.531744538009587,0.404949284300961
"36081045000",-0.651527201,-0.026201255,0.321,0.664838232,0.821200511,-1.02590249629806,-0.016333930287497,0.285930539412975,0.515716582702635,0.604971768708169,-0.509289614252124,-1.54494261695402,-0.601001718404224,0.341669324473053
"36081045200",-0.42728804,-0.433114114,0.226,0.154656242,0.887159533,-0.540062279902164,-0.550110803263849,0.211880359035499,0.152425972230943,0.640357784939283,-1.6902317622362,-2.13069418108796,-1.15265051674339,-0.191717709532569
"36081045400",-0.585198229,-0.025573427,0.162,0.312647421,1.071794872,-0.856132640042383,-0.0156959667214845,0.158711691154821,0.279635349993413,0.733230440843243,-0.664479622897109,-1.76654314383897,-0.809059175908062,0.126507459347356
"36081045500",-0.216717852,-0.22271297,0.044,0.306086238,0.950268817,-0.231576322393919,-0.239162382952563,0.0525924501191706,0.27466236115124,0.673081615368627,-1.01009728201265,-2.07521268192992,-1.05387217123598,-0.0620929579660206
"36081045600",-0.83369883,0.484334142,-0.181,0.445014433,0.524752475,-1.73556155318513,0.401680717660523,-0.187535123846842,0.375015820161886,0.428369113964663,-1.44938340512001,-2.17037554992021,-1.21877716656941,-0.255207241177949
"36081045700",-0.694277581,0.142612778,0.663,0.231059732,0.512082854,-1.15289187231901,0.142031346198783,0.514618422004687,0.215965637215646,0.420079695539951,-0.98535743617321,-1.95871467798288,-0.916952204782249,0.1233240336833
"36081045800",-0.628843173,0.176548858,0.363,0.407124682,0.630769231,-0.964544369124899,0.171048974301253,0.316998126785834,0.348629946957612,0.49516517516237,-0.705441307301962,-1.84866420064968,-0.878634983941004,0.0990840828869522
"36081045900",-0.784663046,-0.159693403,-0.132,0.325077184,0.835928144,-1.49015842368904,-0.162158292182288,-0.13010868534702,0.288989105911285,0.612982210079283,-1.79976033874142,-2.30687564793723,-1.3532236930953,-0.378839713653608
"36081046000",-0.649262041,-0.266902901,1.002,0.05318466,0.706293706,-1.01960345957058,-0.296928557742361,0.699129252237493,0.0612688001713523,0.540167143762681,-1.31036324813835,-1.90096747570616,-0.927733638311736,0.0217989510621632
"36081046100",0.478834348,-0.14096114,0.017,0.188322148,1.029262087,0.397993497009382,-0.140367436649825,0.0266419309464211,0.180922368386233,0.712588020360097,-0.674975528571507,-2.04172290940824,-1.0399671442414,-0.0329008923095708
"36081046200",-0.515138646,0.09901907,0.736,0.169689611,0.807291667,-0.70347764857609,0.103475903892162,0.55732745741741,0.16525136235066,0.597347297720659,-0.441857254631212,-1.66115346097197,-0.63435131432432,0.379679900983308
"36081046300",-0.800964799,-0.287483111,0.012,0.203314826,0.85335019,-1.56525261536204,-0.325014483490212,0.0217614917815127,0.193356139567504,0.622376044969607,-2.01950774961467,-2.60156661614059,-1.62862240364795,-0.678433438117122
"36081046400",-0.313471503,0.261984433,-0.116,0.270089899,0.569060773,-0.361646572026391,0.240578226635496,-0.112049503808623,0.246930309059012,0.456830222816574,-1.13096105938751,-2.08625400340443,-1.13083789777168,-0.174502019649345
"36081046500",-0.502831292,-0.053592655,0.947,0.08059542,0.633016627,-0.678911573345968,-0.0445713635863865,0.671412688413939,0.086723803977808,0.496533958906542,-0.884022405437699,-2.28483717901424,-1.2386116406867,-0.174267389697901
"36081046600",-0.605823043,-0.055674623,0.196,-0.026039412,0.714442013,-0.905902484544168,-0.0467505996459142,0.187309098304994,-0.0161694355775488,0.544903527430746,-1.6400849180674,-2.14761019322655,-1.18400940390802,-0.225974574897381
"36081046700",-0.364627761,-0.169154025,-0.104,-0.033337371,0.721220527,-0.437928013924343,-0.173346780847693,-0.0987159729391577,-0.0236139997773721,0.548826666693076,-1.98187277596652,-2.63893336990989,-1.63777498044152,-0.618963706257981
"36081046800",0.110060263,-0.200899271,0.843,0.316425879,0.933895921,0.113382490109499,-0.211831859167637,0.616805947303223,0.282488015914232,0.66469416602476,-0.122489494199248,-1.53445139406605,-0.529520197723886,0.453483763766993
"36081046900",-0.397653568,-0.263115639,0.111,0.174101189,0.632653061,-0.490457091264894,-0.291844910384321,0.114221144090023,0.168983996492434,0.496312654858353,-1.72999271488032,-2.3240580193048,-1.40529042776909,-0.510983940973393
"36081047000",-0.346774854,-0.248766395,-0.005,0.268371634,0.888412017,-0.410640759715798,-0.272814997135766,0.00498754151103919,0.245587107110359,0.641017756186807,-1.32408759267259,-2.01290322003199,-1.02234404545382,-0.0437307144358957
"36081047100",-0.435464048,0.019507361,-0.125,0.515576868,0.779026217,-0.554192604016886,0.0290803975329964,-0.122167633974208,0.422372612630126,0.581671458974823,-0.951964308089276,-2.00714089363857,-1.10606697590395,-0.198969275715384
"36081047200",0.049578373,-0.158160243,-0.039,0.241309197,0.590464548,0.0578710676752034,-0.160356848480324,-0.0294288106908122,0.224190360817907,0.470293929604509,-1.4452905015283,-1.95235509087627,-1.08543623737822,-0.197441348809471
"36081047300",-0.152351602,0.165153481,0.219,0.275775336,0.819428571,-0.153561056022876,0.161398761193455,0.206200830583898,0.251361910709153,0.604003661807032,-0.394281809774155,-1.61918702829282,-0.710228912289679,0.216052946217222
"36081047500",-0.492663731,0.018674432,0.058,0.448609714,0.889447236,-0.659062192309781,0.028271014175021,0.0657877405380032,0.377483731356597,0.641562915423459,-0.692158083057516,-1.72189418598035,-0.812289713172264,0.106913299729309
"36081047600",-0.45370168,-0.020621674,-0.04,-0.075388336,2.252788104,-0.586450581858712,-0.0106784866342546,-0.0304592074847086,-0.0676241685882529,1.18258207648938,-0.243723602833469,-1.63783122021929,-0.597174900401141,0.462215099190087
"36081047800",-0.283990258,-0.008217696,0.205,0.748524867,0.696315121,-0.320191845514589,0.00178071758093347,0.194744076792512,0.564475313861203,0.53433614537667,-0.3784762698742,-1.52924306782118,-0.590290512557052,0.370759979832681
"36081047900",-0.494671852,-0.216802624,0.126,0.458393113,0.687137891,-0.662951400649234,-0.23168319046098,0.12751332029896,0.384168682490617,0.528943238696453,-1.2684983266162,-1.88206175059789,-0.938581641931641,0.0234889783769115
"36081048000",-0.204231193,-0.106762483,0.019,0.220892545,0.821039903,-0.215958417572328,-0.10176972914399,0.0285874568519125,0.20773955257178,0.604884058464194,-1.1042560556753,-1.80738542563629,-0.839335018616404,0.112565104863488
"36081048100",0.131969037,-0.432061257,0.256,0.025856982,0.695970696,0.132753997906536,-0.548287396894997,0.235862323721984,0.0352290860452047,0.534134271899686,-1.81263537699946,-2.26178156102239,-1.30093471833378,-0.38623881510031
"36081048200",-0.649698183,0.345886379,0.049,0.643974194,0.759427828,-1.0208132182211,0.304455394709582,0.0573250666192694,0.503180994303243,0.570656233308683,-0.418096839177013,-1.57815724112526,-0.517103643177706,0.539417282122035
"36081048300",-0.456346916,-0.103631902,0.16,0.586726905,0.919047619,-0.591216990547384,-0.0983097662690363,0.157003748809665,0.467955849600459,0.657026419466491,-0.551793783312042,-1.54982166579069,-0.70716293848608,0.150482234990542
"36081048400",-0.433146035,0.19978859,0.577,0.42213012,0.603960396,-0.550166138095146,0.190445625335241,0.461845441544272,0.359162930332184,0.478691031752401,-0.336911609507899,-1.52546892987875,-0.570165519877732,0.385971918432041
"36081048500",-0.560125719,0.158383838,0.651,0.559109839,1.053179191,-0.798787110805948,0.155621458844199,0.507419830631158,0.450508477036746,0.72424808974507,0.307582186421812,-1.43980449790327,-0.557093469805112,0.3287044874799
"36081048900",-0.734754979,0.399469987,0.065,0.429771026,1.058007566,-1.29009359255295,0.343213737978881,0.0723206615796261,0.364484091222301,0.72658561524684,-0.305735646936656,-1.42417562691292,-0.541108615402025,0.337278955462688
"36081049200",-0.438341393,-0.095831097,0.142,0.636456526,0.756834532,-0.559213306691866,-0.0897399291957406,0.141499562273699,0.49862541859866,0.569189545489239,-0.708710881281027,-1.54239878149208,-0.654873224520576,0.219435101296189
"36081049301",-0.390129843,-0.014005163,0.547,0.285468174,0.981481481,-0.478245247068857,-0.00401320514591416,0.442760892851861,0.258872154141653,0.688878824575487,-0.269271759443722,-1.37318178218344,-0.401621288023017,0.569534481308114
"36081049302",-0.347287374,-0.010243609,0.64,0.256371922,0.815189873,-0.411413827707899,-0.000243638677492319,0.500775287912489,0.236156057829082,0.601684021622669,-0.412057474038722,-1.38819468478,-0.490202272817036,0.397257954304485
"36081049500",-0.353919161,-0.114503185,0.56,0.361896734,0.879310345,-0.421471267447336,-0.110376614159946,0.451075619360217,0.31619425970716,0.636211865655108,-0.427468921310811,-1.42522313555139,-0.50082912120469,0.440759841329834
"36081049600",-0.30027615,-0.115759422,-0.125,0.252351464,0.754452926,-0.342879328266952,-0.111780437102039,-0.122167633974208,0.232976222968578,0.567840685398169,-1.41205405872081,-1.93008139154466,-1.01881260911935,-0.111139586852512
"36081049700",-0.431018055,0.066055369,0.799,0.284393484,0.645855759,-0.54648398496961,0.0733019185941048,0.592774206413158,0.258042233316836,0.504317950116324,-0.449303075039026,-1.58129534492646,-0.584752719471673,0.435930675284261
"36081049900",-0.690351311,-0.186681305,0.052,0.136505278,0.648899189,-1.14053273313868,-0.194411917538505,0.0601539228197471,0.136718426881327,0.506154243237801,-1.96666013987916,-1.94804653855447,-1.11890195587618,-0.254465368288286
"36081050000",-0.215301939,-0.011144359,0.757,0.115823899,0.796561605,-0.229793033953413,-0.0011450142787242,0.569283193337559,0.118515122282231,0.591425372878517,-0.465375262129371,-1.33280783616565,-0.519812253478487,0.299998807514501
"36081050201",-0.510754414,0.804147604,0.302,0.641928934,0.551282051,-0.694657147987189,0.595615717732143,0.271552690521897,0.501943656013672,0.445507311310183,0.118405091357921,-1.10865742079978,-0.117698642754379,0.870778070324146
"36081050202",1.566987417,0.892669049,0.759,-0.130651652,0.189655172,0.946621048848839,0.643257663048009,0.570414415177648,-0.128574159461903,0.18203415883245,-0.389834817357288,-1.37449015245694,-0.344142819896585,0.640288916100461
"36081050400",1.229326697,-0.052269232,0.719,0.289378838,0.688888889,0.806175238986787,-0.0431885759997558,0.547543206701154,0.261886333353532,0.529974442670154,-0.0155231538275783,-1.21963383979065,-0.21053089598927,0.784375488521644
"36081050500",-0.233265167,-0.143620046,0.098,0.400702408,0.492708333,-0.252656257130711,-0.143431720682137,0.102556588325092,0.344087742050857,0.407269035385869,-1.35030284861515,-2.0043920125014,-1.05142353877705,-0.0962169975802535
"36081050600",0.49909201,0.089758294,0.223,0.580161281,0.560606061,0.411508152081933,0.0950904229322793,0.209450224182207,0.463835445679195,0.451461570985955,-0.266143301575108,-1.30473650112334,-0.378471875901489,0.53369263197859
"36081050700",-0.299685571,-0.333086305,0.058,0.31001405,0.752832132,-0.342047549232847,-0.390211495732513,0.0657877405380032,0.277642380481027,0.566921681638948,-1.52174593475944,-1.94166624417678,-1.00701280381428,-0.095972627765925
"36081050800",54.01083424,-0.052160743,-0.103,0.550136312,0.641196013,4.00771191786785,-0.0430753052775163,-0.0976128288670004,0.44477319693126,0.501499881694633,0.817798429053548,-0.911879340818839,0.0408213795445653,1.03184368830063
"36081051000",-0.405967604,0.106209933,1.248,0.308873852,0.243735763,-0.504127446724079,0.109938958275443,0.81447946572747,0.276778230040919,0.226127704696134,-0.74873489998348,-1.52073871082535,-0.596176313428141,0.320909702507113
"36081051100",-0.131738629,-0.401136469,0.672,0.825989531,0.697782964,-0.12981104058156,-0.496161123411404,0.519983561550756,0.607583590112325,0.535196017034658,-0.559104957092868,-1.32991254194788,-0.36879167733569,0.593157437793826
"36081051200",-0.732697782,-0.058448753,0.324,0.427617292,0.534562212,-1.28264732783487,-0.0496617345265538,0.288181947493432,0.362987084795506,0.434740512267463,-1.3342509384116,-1.82113384613056,-0.975329040917645,-0.147462625706182
"36081051300",-0.366064392,-0.203882276,0.494,0.572222222,0.776456599,-0.440156545454514,-0.215525487587817,0.408128225527648,0.458830328507161,0.58023410431553,-0.549653654513781,-1.37692639229342,-0.413837136763285,0.538945035573657
"36081051500",-0.144542327,0.031817139,1.059,0.527923017,1.20722135,-0.144496810241122,0.0409664375278616,0.727065398763406,0.430432815864521,0.796254767779284,0.841142542602429,-0.845599625922158,0.279937817121198,1.41861017843732
"36081051600",0.904638619,-0.10393032,-0.049,0.007258383,0.56888361,0.649528894119543,-0.0986390664042674,-0.0397808700118446,0.0171111487111232,0.456718021347074,-1.47740938652295,-2.12725299283336,-1.10209762793523,-0.10947688346183
"36081051700",-0.354171507,0.071446562,0.547,0.698486887,1.229385307,-0.421855967817944,0.0782995541869763,0.442760892851861,0.535608117390112,0.806201411689989,0.616691557832231,-0.807847710381238,0.161179700122762,1.09629419672863
"36081051800",-0.887122592,0.337690829,0.636,0.46499115,0.787939698,-2.09656810355525,0.29839263084291,0.498348102254878,0.388651989773783,0.586641397111031,-0.498726706584915,-1.45842643496313,-0.451070746065487,0.596460175501271
"36081052000",0.865880039,-0.282616268,0.466,0.458635914,0.565645514,0.629077903443509,-0.318301111265537,0.389335726178281,0.38433402031896,0.454665038470692,-0.684421673337256,-1.59167602767077,-0.57705193191327,0.430831842946265
"36081052100",-0.107428361,-0.021264064,1.553,0.539644878,0.545899633,-0.102507213532047,-0.0113279840216633,0.941178447381934,0.438025793713486,0.442053920462411,0.195718214280557,-0.840955848915659,0.225037381249191,1.306118076198
"36081052200",-0.918120428,-0.139746266,0.386,0.384141028,0.503521127,-2.38727655942198,-0.138970461578737,0.333611004340181,0.332278475083476,0.414438808417558,-1.99619912165805,-2.02941215286891,-1.08802918394327,-0.120490301963663
"36081052400",-0.961819028,-0.123325224,1.116,0.630100036,0.395348837,-3.03279110765271,-0.120277020051664,0.754242279919756,0.494757237536807,0.340285554530972,-1.64391420582236,-1.77650706123032,-0.826031795215114,0.131854465050962
"36081052500",-0.173206622,0.171767983,0.657,0.560907551,0.937420179,-0.178178099182714,0.167011607837962,0.511025603768657,0.451653510310855,0.66650551152999,0.462776390455526,-0.592123008090998,0.420261589841194,1.41401721817114
"36081052600",21.89364364,0.013270094,0.866,0.810330535,0.945979899,3.13129600882043,0.0230034736273216,0.629141850584033,0.599018097236488,0.670891294974954,2.10192625539001,-0.563102029260579,0.475501600697883,1.48249033510486
"36081052800",-0.962804798,0.08064084,-0.46,0.298328228,1.168405365,-3.05346304409997,0.0867654500854208,-0.59783700075562,0.268750160393043,0.778593125191126,-2.32748379238443,-2.07734226449094,-1.15118113028874,-0.222162230053692
"36081053000",-0.025115111,0.054235985,0.468,0.619712935,0.611995104,-0.0152305085985636,0.0622571567411288,0.39068982252601,0.488403885811936,0.483656937192981,-0.158165039755458,-1.50682694697558,-0.604916514478021,0.313664292409837
"36081053100",-0.229193933,0.27048112,1.289,0.633322721,0.867521368,-0.247428473677787,0.247235882308215,0.832474245781044,0.496720241556307,0.629952485683266,0.936663759565335,-0.413148148166844,0.659247129952719,1.72776469121146
"36081053200",3.25798825,0.301604208,0.22,0.42608737,0.78372093,1.45114258038979,0.271250974278421,0.207014169384326,0.36192231139358,0.584292194122694,0.608461198510684,-1.17024661235888,-0.302386035414884,0.585643683690682
"36081053401",3.384458078,-0.139093388,0.877,0.106927589,0.160550459,1.48034421932522,-0.138220527166208,0.634988266386413,0.110581691665246,0.157474115947474,-0.908663110252849,-1.82469170426696,-0.986884928789645,-0.1383813028873
"36081053500",-0.495561758,-0.030276485,1.286,0.50325741,1.182222222,-0.664679765898231,-0.0204848746740044,0.83116847845732,0.414264552523086,0.784915742596936,0.596429645896303,-0.196106969343035,0.829086435734057,1.86051843499682
"36081053601",-0.948248824,0.234807134,-0.158,0.772618035,0.492890995,-2.78464225912098,0.218980605466699,-0.160168752152821,0.578083089907775,0.407390583190676,-1.86843810638798,-2.40013684261102,-1.38732726452145,-0.384854801576271
"36081053800",-0.499626093,0.240010997,0.215,0.188936782,0.420779221,-0.672611670907267,0.223152348875511,0.20294084399669,0.181435149050663,0.358219205652597,-1.24905948826276,-2.20378664231364,-1.14277546031828,-0.0799453977792897
"36081053900",0.126748679,0.137775549,0.72,0.521009811,0.939691445,0.128172151637417,0.1378257639735,0.548121408509688,0.425927524884929,0.667671126722107,0.561036109157124,0.405908436109883,1.26809533743537,2.0979340785739
"36081054000",-0.057331863,0.160765253,0.207,0.117272711,0.802564103,-0.0484886657746412,0.157657597397243,0.19638881400539,0.119801185377137,0.594742474293703,-0.603359535278262,-1.72497040965676,-0.860233917452156,0.0362289969809591
"36081054200",0.174589295,-0.102059468,-0.189,0.453980187,0.525296017,0.169396128014223,-0.0965763959177001,-0.197232169529709,0.381158881977596,0.428723207398103,-1.35543380453057,-1.95467716288933,-1.10601969719093,-0.243271650517749
"36081054500",-0.139657105,0.082656149,1.003,0.830462514,0.913916786,-0.138868012799287,0.0886115659208069,0.699626146657654,0.610016906338026,0.654363100788434,0.827167663051353,0.0589310098692946,1.08137869018753,2.09849984248256
"36081054700",0.26853501,0.196097547,1.795,1.119112553,0.915730337,0.245714899026897,0.187389979776951,1.03140353897466,0.755705251117992,0.655305291631499,1.79703879425284,0.327021010391371,1.2827262872619,2.23680621366228
"36081054800",-0.332473629,-0.153458635,0.511,0.05338413,0.651741294,-0.38930680300056,-0.154852666995939,0.419368013277156,0.0614563981475126,0.507866024870617,-1.24860825781851,-2.00839192541267,-1.0216937589163,-0.0349901218137494
"36081054900",-0.097606835,0.16026382,0.873,0.446438642,0.964985994,-0.0916842798318793,0.157229210570739,0.632866249675015,0.375994169513163,0.68056130668237,0.54878685040995,-0.276568690432536,0.728695184942274,1.75611078419482
"36081055100",0.021604643,-0.024255769,0.504,0.899091049,0.935389134,0.0311154957904187,-0.0143583586381782,0.414755155015257,0.646627238210764,0.665462025953899,0.480470249508182,-0.471071631605486,0.479952226815066,1.43176293015268
"36081055200",-0.461495183,0.271726223,0.396,0.256725906,0.738125802,-0.600559217172325,0.248207781090263,0.340748793388473,0.236435544865383,0.558544243751243,-0.429256689478052,-1.43840335525814,-0.478800323271827,0.488950917970762
"36081055300",1.25833305,0.297914969,1.193,0.267326117,1.135514019,0.819045222527156,0.268434242512083,0.789820067820206,0.244768921894274,0.763379159569321,1.29845987940604,-0.0584990812190574,0.961431417863262,1.95781724845212
"36081055400",-0.498142428,0.05708945,-0.319,0.144584278,1.319277108,-0.669708872329275,0.0649348019829441,-0.369615455214467,0.143740346714986,0.845557965361603,-1.06813546790495,-1.82079499761619,-0.880754309261724,0.0781410336927403
"36081055500",0.269365064,-0.165680952,-0.197,0.500014545,0.819694868,0.246363911111124,-0.169224836859999,-0.207024169434327,0.412119283230772,0.604149214153057,-0.963023915999594,-0.439662511269391,0.51810048039445,1.49472106007934
"36081055600",-0.664220108,-0.081023454,0.455,0.222895397,0.936061381,-1.06195285664288,-0.0736717869886114,0.381855242469031,0.209365384411477,0.665807525404089,-0.842819432559475,-1.86284240455964,-0.92391868337127,0.0315862898900878
"36081055700",0.371475473,0.084871332,0.623,0.296784273,0.774456522,0.323152111333034,0.0906368513413771,0.490418813988328,0.267569365931007,0.579113899403576,0.0296456134394186,-0.477354546553445,0.380950683314297,1.21078473773787
"36081055800",-0.116993326,-0.308608666,-0.223,0.122455098,0.773950484,-0.113161224449355,-0.354689296641808,-0.239527030564734,0.124387929023906,0.578830278167243,-1.96973524213016,-2.44560228265839,-1.44833350603834,-0.428449133965165
"36081055900",-0.207281607,0.192014851,2.238,0.805537125,0.919491525,-0.219751320191591,0.183999191277955,1.17803942229943,0.596381360575323,0.657256509656271,1.51455783560458,0.29753344343262,1.33403305975861,2.34262155941874
"36081056000",-0.238081927,0.039278995,-0.141,0.450644487,0.955523673,-0.258876857645806,0.0481032568740538,-0.140412153716745,0.378877767770982,0.675758710070792,-0.657726555295043,-1.88545304863762,-0.948376926558244,-0.0269936733328802
"36081056200",0.238728571,0.216647506,-0.45,0.279215013,0.660692951,0.222125890473025,0.204284843282039,-0.579818495252942,0.25403351609767,0.513238481083133,-1.3617313524414,-2.32915141204695,-1.20375442841629,-0.0923389034047209
"36081056400",-0.546438547,-0.380435729,0.263,-0.175792829,0.959839357,-0.76881631808303,-0.462727332218566,0.24137631957527,-0.18127350099635,0.677951994754899,-2.07701984305777,-2.43347078369541,-1.45143387806281,-0.4411798160294
"36081056500",-0.034627354,-0.155609289,0.601,1.052330961,0.920469361,-0.0249356799788558,-0.157366682792236,0.476855104194837,0.723836877564903,0.657763165578337,0.427370638957089,-0.634037814736582,0.505682568530062,1.63865073287891
"36081056600",-0.657737797,0.087918578,-0.152,0.164796167,0.713720317,-1.04337948579418,0.0934161855107757,-0.153151179494175,0.161094657653996,0.544484929962605,-1.62732805065543,-2.34238248699344,-1.35984717771266,-0.334525292987961
"36081056700",-0.339705541,0.098564571,0.655,0.359527714,0.862467866,-0.400038172100252,0.103065999167073,0.509825123432407,0.314465946098933,0.627257275247299,-0.0514759124514129,-0.878980918399136,0.153428811848362,1.18026361466609
"36081056800",-0.264103313,0.162015052,0.441,0.428334884,0.607407407,-0.293168177645041,0.158724534075763,0.372252973902051,0.363486113966353,0.480824501241251,-0.370520866868681,-1.72457386006001,-0.781525327667261,0.186813732733587
"36081057700",-0.273780485,0.047640676,1.437,0.393338568,0.677777778,-0.306226950646079,0.0560406500413506,0.894862784460535,0.338854089185494,0.523412739403128,0.185579551664497,-0.781657218143107,0.14532830720375,1.06075382703156
"36081057900",-0.076333068,-0.234364051,2.467,0.31789154,0.79972752,-0.0686355082059587,-0.254072006765124,1.24616985302572,0.283592376032181,0.593176292508771,0.345723744442263,-0.895419011156679,0.171120299746288,1.20039611519503
"36081058000",-0.42739774,0.213970621,0.456,0.532480402,0.824133504,-0.540250555301951,0.202100181351091,0.38253760346446,0.433391771368232,0.606572165078056,0.0195797512007162,-1.56609825204041,-0.492364900803299,0.567296609312266
"36081058100",-0.201366131,0.202968828,0.53,0.557240173,0.917142857,-0.212409036676899,0.193070931362952,0.431782416425538,0.449316220933747,0.656038521090222,0.358454392424686,-0.694416852558859,0.235346169098658,1.1618858814087
"36081058200",-0.597095672,0.015574719,-0.091,0.541271841,0.869565217,-0.884539364188138,0.0252531569194548,-0.08446915662645,0.439075137050778,0.631040482542202,-0.908102749789025,-1.86302466534672,-0.940645576357313,-0.0274770883725318
"36081058300",-0.161034972,0.141511301,0.456,0.717926605,0.866216216,-0.16373728550978,0.141075254385894,0.38253760346446,0.546922195521486,0.629257097674175,0.335018365874763,-0.741963447830917,0.316669658496003,1.3473120309955
"36081058500",-0.274924942,-0.12939872,0.704,0.984737369,0.849802372,-0.307782665255274,-0.127150332107145,0.538829820175588,0.690512397064386,0.620470230467104,0.279727170605257,-0.732777154447898,0.201749185179797,1.16464173040299
"36081058700",0.049311296,-0.387765605,0.887,0.2975,0.868005739,0.0576189762092609,-0.474438416393619,0.640273690952877,0.268116916956941,0.630210436691945,-0.616802133694613,-1.31326576503033,-0.258543359648459,0.796379595676323
"36081058900",-0.061949482,0.066738355,0.71,0.297394942,0.909612626,-0.0533474891173892,0.0739364299411979,0.542324290825362,0.268036563441877,0.652123408392283,0.0829535505727109,-0.60639320068175,0.291796970417273,1.21514152311736
"36081059000",-0.688238852,-0.03267142,0.824,0.208224745,0.739622642,-1.13394578508748,-0.0229323682298838,0.606499373834273,0.197394671970472,0.559400131540397,-0.79844081128792,-2.02001651145499,-1.0580790442975,-0.105651151250649
"36081059100",0.102785855,-0.204773422,1.479,0.420398689,0.643631436,0.106866650367301,-0.216631577812915,0.911881023385455,0.357953208909847,0.502973739848166,-0.036639989940052,-0.540156754704659,0.427313872581309,1.37264861979966
"36081059200",-0.614514153,0.168413786,-0.307,0.847251037,0.295336788,-0.927640277496904,0.164169285011633,-0.352398387171472,0.619097457402025,0.266461082574793,-1.65027637307715,-2.36081827603284,-1.37245046691361,-0.367177704554673
"36081059300",-0.088639581,-0.01564097,0.712,0.476316364,0.836065574,-0.0819039848590636,-0.00565694035846351,0.543486406005539,0.396300820002435,0.613056657659946,0.067295069925375,-0.926600942946543,-0.0235982681878874,0.884972562040138
"36081059400",-0.798481308,-0.038498583,0.133,0.245655766,0.002483444,-1.55344190615034,-0.0289125515964831,0.133656384812674,0.227657958825456,0.0124061682599298,-2.86744004398933,-2.95050788974021,-1.93657863682498,-0.925096028115838
"36081059500",-0.077713806,-0.059186471,1.088,0.887526882,0.790697674,-0.0701154363271608,-0.0504373145270738,0.740984509974105,0.64055139724922,0.588174186472602,0.589921112837828,-0.549007171372415,0.391205334167313,1.3065026987451
"36081059600",-0.745817844,-0.298563527,0.323,0.470452916,0.340482574,-1.33111642891744,-0.340469151453924,0.287432041196572,0.392348065284455,0.300461990798161,-2.06986935866904,-2.46093380165765,-1.50159045744383,-0.526299847112931
"36081059800",-0.521767986,0.129932108,0.302,0.681904345,0.960159363,-0.716964547589485,0.130968706247006,0.271552690521897,0.525854725897999,0.678114434401937,0.0233535938024154,-1.690193397256,-0.693531217534365,0.31544731263533
"36081059900",-0.132740829,-0.231202533,0.371,0.503541125,0.885714286,-0.130952810312985,-0.250004257929032,0.322807874427155,0.414452021228089,0.639595699439519,-0.498857866666074,-1.25965594740452,-0.222322757164308,0.85496989965052
"36081060000",-0.501296386,0.112109058,0.29,0.345588235,1.097428958,-0.675889722794931,0.115210002020419,0.262364264467491,0.304235481899289,0.745468701191663,-0.190950712994255,-1.89935314787775,-0.81596957891497,0.240320331675143
"36081060100",-0.28771469,-0.472860792,0.504,0.210241331,0.676575505,-0.325335051941926,-0.621497985293608,0.414755155015257,0.199048651477975,0.522700144751624,-1.66067657962503,-1.92812497103597,-0.847259801207168,0.219855544873344
"36081060300",-0.349145495,-0.369806735,0.704,0.721757498,0.87804878,-0.414221576823422,-0.445985171651665,0.538829820175588,0.549136787635471,0.63554390425395,-0.436275845471693,-1.50045641078542,-0.387254313579685,0.746778098944301
"36081060600",-0.376522989,0.092700436,0.477,0.507570638,0.617619494,-0.45653156875075,0.0977621131755437,0.396760667478018,0.417110791797308,0.487118514217934,-0.399717167743019,-1.88430779874578,-0.945936955114236,0.0267957352325786
"36081060800",-0.879242615,-0.046169514,-0.128,0.28577027,0.811594203,-2.03441169579658,-0.0368398442323706,-0.125563222975346,0.259105321415061,0.599712053395179,-1.92787982440275,-2.31124244928936,-1.41356104106733,-0.516255030133626
"36081061000",-0.76578881,0.315779333,1.098,0.017869528,0.52574103,-1.40972189525956,0.282000462379624,0.745739630679116,0.0274882406902283,0.429013020250442,-0.887770936905916,-2.1090260057747,-1.09148455900996,-0.0853902730612919
"36081061200",-0.961714588,-0.128676822,0.21,0.573960472,0.655172414,-3.03062579292906,-0.126330889437946,0.198850858745165,0.45992833853541,0.509928670023226,-1.98643875526407,-2.4701460454038,-1.49880149278518,-0.53862796793558
"36081061301",-0.307291384,-0.056861771,0.482,0.512927749,0.721019108,-0.352812959581226,-0.0479953396761241,0.400117501781569,0.420634632866508,0.548710314839096,-0.410948631466966,-0.975464478970769,-0.144555300475871,0.711419843860334
"36081061400",-0.629487293,-0.258974587,0.092,0.563212786,0.969872538,-0.96623570670582,-0.286315788909033,0.0971267107307228,0.453119888926167,0.683032467886826,-1.03216758264792,-2.18783551972113,-1.14231338339301,-0.0724472529381956
"36081061601",-0.95793249,-0.039658849,-0.068,0.521964718,1.485623003,-2.95521413319274,-0.0301075672555257,-0.059750004405774,0.426551041027095,0.914538398634678,-1.19834330726013,-2.15687751952271,-1.14363124121375,-0.145622250840768
"36081061602",-0.602492436,0.344922546,0.158,0.493348697,0.4,-0.897695784510301,0.30374429107426,0.155292884406035,0.407695084528181,0.343589704390077,-0.953504929005774,-1.95938201009248,-0.96596705839628,0.0456631793398831
"36081061800",-0.716955029,0.154588797,0.46,0.263250883,0.632707775,-1.22742919710099,0.15236806076273,0.385262400790645,0.24157338028322,0.496345962615239,-0.935786425211206,-1.94871949260096,-0.927950235282809,0.084194074658951
"36081061900",-0.176028753,0.164246329,0.736,0.914204767,0.649859944,-0.181556353236887,0.160626519669282,0.55732745741741,0.654512774335161,0.506733227724674,0.45053320717,-0.956178697142185,-0.0493538541232409,0.882422121902184
"36081062000",-0.697686928,-0.414511381,0.819,0.416798292,0.814300961,-1.16374915838049,-0.518373002040277,0.603769369408729,0.355432977417498,0.601196878589292,-1.19306260971839,-2.08489053474271,-1.02459266044962,0.0265817862819319
"36081062100",-0.164612028,-0.004208144,0.516,0.340502641,0.743801653,-0.167959618535236,0.00577514768576191,0.422649932862265,0.300476849820631,0.561785804887477,-0.385768817309795,-1.32582650975163,-0.354991866744824,0.593720877995024
"36081062200",-0.784531034,-0.177062812,0.443,0.38161366,0.552736983,-1.48957275257019,-0.182797044220186,0.373630384588146,0.330463980286565,0.446438760247821,-1.54172770324353,-2.36971912872383,-1.39461406279958,-0.420348629309726
"36081062300",-0.28721114,-0.244052088,0.103,0.478896453,0.734455959,-0.32463813266839,-0.266641111553651,0.107059072293408,0.398035209980876,0.556442735696896,-1.10750263199215,-1.58830487771552,-0.494965005341395,0.58596219471189
"36081062500",-0.187687059,0.178187204,0.506,0.621711818,0.725827815,-0.195634249563756,0.172428787650746,0.41607528722018,0.489629658841616,0.551484426411176,0.12597632287748,-0.999116927387537,-0.0184114541986727,0.975062645193443
"36081062600",3.223023229,-0.262267932,0.185,0.385787365,0.320276498,1.44291644912118,-0.2907105630368,0.178146185383474,0.333458675403474,0.285386813859941,-1.04508788030928,-1.91081060928117,-0.854066920266888,0.217960180936451
"36081062700",-0.351327863,0.099633965,-0.191,0.423549296,0.924242424,-0.417529384214978,0.104030199679781,-0.199671195129068,0.360153394309484,0.659715737676153,-0.78773492712766,-1.26648806816124,-0.27354491791577,0.717263164915721
"36081062900",-0.14550079,-0.006197896,2.016,0.576623923,0.812244898,-0.145604887682229,0.00379489427156633,1.10724161536616,0.461608439926636,0.600069201440897,0.830639026098454,-0.720433466239609,0.306295636311071,1.32453970996438
"36081063000",-0.63346856,0.108551589,0.264,0.893175845,1.041306436,-0.976753729252523,0.112034624263923,0.242161557149972,0.643523988143808,0.718476876023579,0.135045107993897,-1.46585177474523,-0.461889015809703,0.553907773348482
"36081063200",-0.388181584,-0.169569766,0.414,0.459164659,0.640677966,-0.475107164555795,-0.173841334932558,0.353469812989784,0.384693980086528,0.50118609200578,-0.885142948949053,-1.84407654408627,-0.874445486268863,0.0853605378442306
"36081063301",-0.132308619,0.020865294,0.795,0.826264721,0.826147427,-0.130460249416331,0.030398540824524,0.590560591784844,0.607733465356048,0.607669586904876,0.490467094245961,-0.969956190991446,0.0968142147753682,1.17983118780224
"36081063302",-0.166528905,-0.15551199,0.226,0.809556218,0.963008631,-0.170229645514512,-0.157252808122361,0.211880359035499,0.598592635092073,0.679559601587423,-0.117764245930807,-1.22157640618738,-0.21830058881446,0.796501361312902
"36081063500",-0.242685532,-0.206395898,0.3,0.337483585,0.657309942,-0.264858564248407,-0.218648541524769,0.27002713721306,0.298238841908634,0.511211514500583,-1.08012878281689,-1.87979805509585,-0.745714042816871,0.36384454399004
"36081063700",-0.114960377,0.037362982,0.361,0.836920869,0.73038674,-0.110887290178856,0.0462755594851957,0.315540400580177,0.613519857310686,0.554107352897189,0.0587400902019887,-1.34998074477773,-0.431129707879957,0.48713800113396
"36081063800",-0.688946149,0.136328362,0.485,0.696132682,0.739027284,-1.13614640979767,0.136564106046823,0.40212620684265,0.534229219785009,0.559059795686088,-0.267061133330712,-1.62718829092777,-0.727363752314006,0.149705866125196
"36081063900",-0.186742192,0.000486107,0.392,0.686222319,0.708751793,-0.194485873409874,0.0104315091277377,0.337899788612398,0.528403613094951,0.5415983256322,-0.173139684178005,-1.49341696435379,-0.28993461448412,0.923304393515461
"36081064101",-0.218508698,0.667462327,0.952,0.770424081,3.029761905,-0.23383638898235,0.517282131787376,0.673964361143171,0.576851583680314,1.39618575583042,3.14991211160591,0.281797002123411,1.45835724664438,2.62352620106204
"36081064500",-0.15320326,-0.248255234,0.635,0.683894118,0.744588745,-0.154554564711112,-0.2721437321606,0.497740384217335,0.527030090144167,0.56223449612415,-0.329384290970337,-1.52956347492791,-0.606541143743142,0.297100538012382
"36081064600",-0.662859029,-0.199043747,0.053,0.269837838,0.845549738,-1.05802432505095,-0.209541168368504,0.0610950993598108,0.246733380843289,0.618181006871995,-1.49846510587771,-2.09642159910425,-1.08275551308071,-0.0764109392452609
"36081065000",-0.125767283,0.134987377,0.417,0.355475602,0.652962515,-0.123034996464999,0.135393612491285,0.355574338494699,0.311502794324177,0.508600659367451,-0.368314000965675,-1.82922707592176,-0.888124531554027,0.0558458011089531
"36081065400",-0.822299021,-0.110996959,0.243,0.585105553,0.554579674,-1.67290511963343,-0.106468861868852,0.225540675913931,0.466939911476645,0.447617209004603,-1.46732235310238,-1.88214246503027,-0.964113172298728,-0.0277765253057992
"36081065600",-0.814925323,0.237776799,0.526,0.295145056,0.702891326,-1.6343728347541,0.221363406997084,0.42918163472548,0.266314188620495,0.538182776582307,-0.814604523694146,-1.87398551421978,-0.809419067008721,0.287967223054937
"36081065702",-0.183587557,-0.173813991,0.241,0.375180633,0.725513906,-0.190661304416877,-0.178904191842796,0.223943231484774,0.325830552073859,0.551303568964065,-0.902705100514899,-1.77292184477446,-0.657951006920458,0.47784768400665
"36081065703",-0.091012989,-0.33879549,0.553,0.400123857,0.633084577,-0.0844832905674653,-0.398681404543014,0.44660705143934,0.34367754237618,0.496575314906124,-1.01065350417455,-1.6649892417146,-0.649224054112253,0.37157568936127
"36081065900",-0.08860816,-0.237770592,1.093,0.374707791,0.950248756,-0.0818698826080968,-0.258473612479072,0.743364896720563,0.325489136152195,0.673071381515761,-0.0294928270037173,-1.26337520568828,-0.311885067078423,0.671492114514437
"36081066000",-0.610055422,0.059396977,0.122,0.418883319,0.676715177,-0.916429296473786,0.0670949167097218,0.123985979780991,0.356893243409669,0.522782955284867,-0.998703443000262,-2.03221447268983,-0.89295057110038,0.255408280071019
"36081066100",-0.170732951,0.039079948,0.534,0.191021426,0.493697479,-0.175226328761753,0.0479135400467576,0.434376451602584,0.183172383071936,0.407927061013509,-0.87892449651407,-1.67002271846649,-0.613448533719948,0.463482996822221
"36081066300",-0.1075121,-0.189400084,0.701,0.503080816,1.055487053,-0.102599996067194,-0.19771960133818,0.537077994910056,0.41414784778818,0.725366059619108,0.067452773421295,-1.24332014122345,-0.288800998450955,0.66271650886713
"36081066400",-0.577259985,0.283264991,0.281,0.446666238,0.635814889,-0.837618158560008,0.257170021560575,0.255417111864505,0.37615042616017,0.498235634812791,-0.545566318599594,-1.59328493673345,-0.594150937084946,0.444861038179955
"36081066501",-0.064690605,-0.114410706,0.87,0.701458509,0.730473047,-0.0562430029563697,-0.110273348326307,0.631271776841858,0.53734593621689,0.554156942369502,0.118536568885924,-1.21162021150398,-0.259394679416413,0.696006057293783
"36081066701",-0.184640517,-0.080663565,0.708,0.520368281,0.646370023,-0.191936250583544,-0.0732844582574678,0.541160823562064,0.425508412975121,0.504628474843791,-0.301888027270693,-1.35332010933535,-0.303641407524039,0.764645646116371
"36081066900",0.007757934,-0.188419163,0.441,0.635394192,0.528748591,0.0176021039981754,-0.196524944641745,0.372252973902051,0.497979985905695,0.430969482837797,-0.665377925619519,-1.60921526628527,-0.605650076988393,0.405932127601524
"36081067100",-0.145949399,-0.413722973,0.673,0.442464092,0.746733668,-0.146123945920779,-0.517049909504996,0.520577915208669,0.373261487923718,0.563456214334276,-0.91033032239512,-1.67780108680543,-0.737141220004543,0.215089062055794
"36081067700",-0.112238753,0.096607246,0.192,0.30646338,0.672768879,-0.107851117967786,0.101298799445253,0.183986836113016,0.274948883388087,0.520440578981095,-0.656991427685376,-1.56377922684535,-0.562183690983445,0.440596992034117
"36081067900",-0.142092472,-0.103396067,0.156,0.68849063,0.904984424,-0.141670104559208,-0.0980496022981667,0.153579087928301,0.529739991970962,0.649709488918069,-0.274968247462749,-1.47209261985194,-0.605054649548489,0.254306258943117
"36081068000",-0.908807194,0.229148047,-0.117,0.30283274,0.743326489,-2.29072761161209,0.214424084612867,-0.113168698105638,0.272187199544319,0.561514834461722,-1.72263970407583,-2.05946165685005,-1.17213345439922,-0.308086893331664
"36081068200",-0.846843357,-0.345648063,-0.108,0.328061538,0.232219366,-1.81304453964025,-0.40894324431725,-0.103140758919513,0.291221953174571,0.216899591103654,-3.23964756344143,-3.40698989299392,-2.29264573089569,-1.14413284867835
"36081068300",-0.402290218,0.143379421,0.447,0.697602184,0.940656566,-0.49805784321211,0.142696260007752,0.376379527213068,0.535090154888905,0.668166016417579,0.25846506658167,-1.39251356542264,-0.485238262135934,0.433809149378634
"36081068700",-0.253108568,-0.256029044,0.165,0.487862357,0.669451074,-0.278535454588398,-0.28240143160999,0.161268147596122,0.404038996360704,0.518466998356812,-1.12612961193477,-1.75013001327833,-0.922210762716623,-0.0900285592159479
"36081069000",-0.605865689,0.099550171,0.847,0.345833108,0.719170984,-0.906008003300934,0.103954681836371,0.618962282370569,0.304416105247481,0.547642093656674,-0.347534682644955,-1.56890369652283,-0.502373179095118,0.581393938093125
"36081069300",-0.355328158,-0.314362615,0.248,0.136240104,0.708381171,-0.423621173471767,-0.362926752977846,0.229523158278249,0.136487111181586,0.54138266798653,-1.60587920837693,-2.08842420593985,-1.07865024930004,-0.0560524227037044
"36081069400",-0.208452362,0.327513369,0.541,0.522061557,0.723251029,-0.22121087264139,0.290812195252088,0.438899884194402,0.426614251320572,0.549998852522675,0.213036406487684,-1.26722142244684,-0.193621177428754,0.86339868203534
"36081069500",-0.164784819,-0.101427115,-0.041,0.257334194,0.7509113,-0.168164031972292,-0.0958801687171459,-0.0314906670913708,0.236915634514152,0.565831459137042,-1.19704250394549,-1.85542101803144,-0.893970503612548,0.0993944871377
"36081069701",-0.354471302,0.170101059,0.634,1.700953986,0.769512195,-0.422313196416347,0.165600078030741,0.497132296633988,0.997300597299817,0.576339278993238,1.00692593605037,-1.02369612869342,-0.0707103528487189,0.876969128992127
"36081069702",0.01513445,0.059921621,0.237,0.506415385,0.647607935,0.0248237747199505,0.0675853943889307,0.220740666697899,0.416349250348485,0.505375560113075,-0.408968317693865,-1.57067612113364,-0.62013407812137,0.344051709578669
"36081070300",-0.287255015,-0.276985743,-0.092,0.110701107,0.858490566,-0.324698836885265,-0.31059012708,-0.0855578883616465,0.113954477850855,0.625130920960894,-1.70917288915567,-2.10387419693762,-1.15812539189255,-0.210895834046013
"36081070700",-0.091846896,-0.543724175,0.12,0.577232701,0.138604651,-0.0853911223114503,-0.762977920818065,0.122217632724249,0.461992060284822,0.138547858717242,-2.63927512468733,-2.46432999400353,-1.49323523486658,-0.527633036541816
"36081070900",-0.163478331,-0.307694909,0.156,0.498551821,1.014201183,-0.166619479390448,-0.353387366804564,0.153579087928301,0.411150131695153,0.705175145200909,-0.724649510059163,-1.87549177035652,-0.882304955500082,0.120721004914316
"36081071100",-0.232761509,-0.185566655,0.021,0.18244471,0.695249131,-0.252008037486451,-0.193058983185562,0.0305292050348228,0.176005577925605,0.533711217949864,-1.47938746060908,-1.68054359231095,-0.864016922054357,-0.0491085092783297
"36081071303",-0.243333454,0.039292203,0.352,1.024207041,1.014051522,-0.265703323124322,0.0481158444860563,0.308954207727321,0.710106082514941,0.705101206634829,0.511733083540679,-1.19068032682674,-0.214705081398884,0.730841253871551
"36081071304",-0.279737694,-0.029022831,0.037,0.32524652,0.567915691,-0.314351486093181,-0.0192060928782207,0.0459289318883997,0.289115933980836,0.456104793239715,-1.23335902290438,-1.84915458813569,-0.871677092395472,0.0829486347801594
"36081071305",-0.232468784,-0.131488588,0.272,0.629542161,1.005476451,-0.251631486538564,-0.129526381114942,0.248421358498478,0.494417032738923,0.700855619557433,-0.184839423300553,-1.45395293556061,-0.400603457597038,0.678215440743831
"36081071306",-0.29410448,-0.028788106,0.015,0.50478593,0.682365827,-0.334221044456821,-0.018966844779711,0.0246926125903714,0.415274128647467,0.526127447624934,-0.891134283280485,-1.60586768874045,-0.649180553853566,0.283825746664786
"36081071701",0.125441222,0.09599617,0.164,0.537202114,0.780839895,0.12702131724305,0.100746440164672,0.160416721405905,0.436448212055153,0.582684724889488,-0.168120862753728,-1.41469496109391,-0.543276470403853,0.330991845059369
"36081071702",-0.244576616,-0.1053991,0.233,0.178243095,0.61023622,-0.267326155111516,-0.10026142702401,0.217527812528574,0.172475825428403,0.482571953429161,-1.24553960182917,-1.79360139246166,-0.958614359081773,-0.0916885933703684
"36081071900",0.015608557,0.168386903,0.099,0.688782904,0.888739946,0.0252861505581988,0.164146471881845,0.10345870836823,0.529912055832053,0.641190479851286,0.106201746501971,-1.44298123339221,-0.537470541642756,0.385457147997542
"36081072100",-0.165687971,0.090226342,0.09,0.554124164,0.566063978,-0.169233150102715,0.0955159240920627,0.0953101798043249,0.447326027718803,0.45493058578939,-0.681554987938785,-1.65317919742249,-0.71229344357661,0.250013319219369
"36081072300",-0.157392619,-0.298360536,0.074,0.471137838,0.863843648,-0.159456117639473,-0.340183866605661,0.0806579030174545,0.392810601852876,0.627991748105045,-1.01113470539587,-1.85277365820041,-0.942155398655714,-0.0180599403054011
"36081072900",-0.15135987,-0.016458959,0.486,0.630542429,0.674132139,-0.152405385406662,-0.00647990833165307,0.402794879552285,0.495026936540829,0.521250380081402,-0.203198540852852,-1.60282929326127,-0.558775069629132,0.49415012205841
"36081073100",-0.026063299,-0.170004467,0.056,0.669850863,1.076502732,-0.0161937122510669,-0.174358705016061,0.0639133257436529,0.518705017450889,0.735489330418371,-0.253729176970955,-1.58430799818786,-0.577940862599995,0.407756246780239
"36081073700",-0.134945047,-0.109321114,0.192,0.572098882,0.938534279,-0.133468591168004,-0.104606482234717,0.183986836113016,0.458752371816921,0.667077438148937,-0.316765819283833,-1.55037103028246,-0.655539925631518,0.268023339896653
"36081073900",-0.332191891,-0.265297006,0.27,0.675737651,0.843850267,-0.388891056174643,-0.294769805862715,0.246860077931526,0.522203243082958,0.617264701746304,-0.652167973422414,-1.5664372305054,-0.6337497174312,0.314891074359954
"36081074100",-0.20009014,-0.132170263,0.161,0.413409651,0.965789474,-0.210832321458788,-0.130302625564509,0.15785808461558,0.353055156104533,0.680968052151752,-0.560322108219866,-1.6065556316253,-0.715812584061774,0.195916764921163
"36081074300",-0.058647781,-0.214519915,0.037,0.310778779,0.610303831,-0.0498709180235435,-0.228809466087119,0.0459289318883997,0.278221546716999,0.48261368165899,-1.38246057844791,-1.98259773009947,-1.01563622510727,-0.0651599478093257
"36081074500",-0.058849394,-0.241375247,0.489,0.843621177,0.785932722,-0.0500828630447076,-0.26315239606162,0.404798219120461,0.61714111886576,0.585524509267455,-0.181785915177839,-1.63175747150719,-0.666687485273146,0.303459259849561
"36081074700",0.096169582,-0.310596897,-0.021,0.387572985,0.487632509,0.10090322046036,-0.357528017702709,-0.0110609473594249,0.334737150085923,0.403885533904093,-1.67896454519654,-2.29576288081973,-1.23651653160104,-0.167532408266364
"36081074900",-0.019062681,-0.148919236,0.251,0.605597145,0.032524522,-0.00910399690480101,-0.149566976398422,0.231905056982783,0.479704637560226,0.0416451967163326,-1.76272686190245,-2.21340162407766,-1.17488471611076,-0.15609257241711
"36081075701",-0.265718583,-0.33669088,0.364,0.446783596,0.91367713,-0.29533606701112,-0.395550738297626,0.317726193800158,0.376230989071323,0.654238526311219,-0.821020431054165,-1.78933676180758,-0.729425938798538,0.350073057050833
"36081075702",-0.193824116,-0.310588097,0.11,0.751682516,0.608744395,-0.203125403126679,-0.357515435624361,0.113328685307003,0.56626932739697,0.481650783911454,-1.08959971936586,-1.82677411084329,-0.885392475962387,0.0867620886177485
"36081076901",-0.186760836,-0.202879167,0.511,0.712101123,0.735263702,-0.194508520278126,-0.214281890817921,0.419368013277156,0.543545128439299,0.556905662861763,-0.34440741015031,-1.60167968859827,-0.631700533149335,0.312501373262106
"36081076902",-0.152376947,-0.193784356,0.304,0.745261229,0.953828829,-0.153590608196659,-0.203076689323249,0.273075920062419,0.562617694274049,0.674896051857134,-0.172639867523719,-1.49803824159997,-0.405726259398159,0.657012485549243
"36081077300",-0.315490901,-0.36771152,0.229,0.458321132,0.504739336,-0.364550015361684,-0.442717730423372,0.214304602647005,0.384119661037381,0.415243368712552,-1.62142665034003,-1.80636899044289,-0.924376512094137,-0.0426249875898197
"36081077500",0.039124037,0.095190529,-0.042,1.310764586,0.799222798,0.0479555655126529,0.100017744540721,-0.0325231917055601,0.841896694315319,0.592897359691837,0.242769754216275,-1.23451103333717,-0.261811877771827,0.687733977998033
"36081077902",0.027426561,-0.139430187,0.234,0.424104265,0.610995851,0.0367431860390565,-0.138607324253282,0.218331994316988,0.360540448739263,0.48304068321911,-0.859691594598456,-1.57418389015506,-0.563505801422511,0.456952584317081
"36081077903",0.233898744,-0.224025609,0.593,0.707867311,0.570379437,0.218250595505802,-0.240831068508653,0.471876873627416,0.541083586004233,0.45766496820748,-0.383466034556781,-1.44096160458739,-0.397910034871054,0.66820586646458
"36081077904",0.13801601,0.170128002,-0.158,0.240100285,0.977855478,0.138035243793162,0.165622908865635,-0.160168752152821,0.223223776096116,0.687056408408715,-0.559300536349426,-1.50133502487588,-0.581911461656447,0.382688842045004
"36081077905",-0.149542433,0.047550493,0.061,0.430763639,0.679104478,-0.150290976574312,0.05595537831615,0.0685927914656117,0.365173277887089,0.524198493816627,-0.730452313039554,-1.5841447491176,-0.706932739411768,0.169825383580768
"36081077906",0.004038495,0.104589544,0.457,0.758817029,1.277091907,0.0139408679592438,0.108486215165461,0.383219499160845,0.570310977945783,0.827281100940657,0.887284514505829,-0.946211183680996,0.0726601953694743,1.06422551357442
"36081077907",0.323267311,0.534785781,0.731,0.402436095,0.957475995,0.287632554475786,0.434885247662049,0.554459660786052,0.345315940537111,0.676751500472603,0.972251676957461,-0.83205653551955,0.19746996849429,1.21534044753944
"36081077908",-0.438322953,0.228602332,-0.015,0.178550836,0.949245542,-0.559181050197569,0.213983592290921,-0.00501254182354429,0.172734780146947,0.672559471587779,-0.718377777180152,-1.54226710729403,-0.525819853699727,0.450537630388935
"36081078800",3.284751571,-0.016646797,0.125,0.582640776,1.40052356,1.4573937123198,-0.00666898533072016,0.126632650933366,0.465393503929244,0.879843968721604,0.987758785477425,-0.628291935124507,0.39343137953138,1.3780105107809
"36081079000",4.587709896,0.201866938,0.809,0.324063422,0.564042303,1.72235756695656,0.192162094491362,0.598286899535985,0.288229489091948,0.453647025745872,0.657869246643724,-0.625702459145352,0.317475341642383,1.27948354954976
"36081079200",1.748218527,0.196023936,0.485,0.480795675,0.889884763,1.01458501009739,0.187328945537555,0.40212620684265,0.399309987491846,0.641793233280414,0.736014867360292,-0.77727035084518,0.196983101208271,1.19941525115544
"36081079701",-0.560812137,-0.304120742,0.041,0.519801859,0.552132701,-0.800314075628019,-0.348311078777828,0.049742091894814,0.425138223096419,0.446052003634817,-1.73512906130599,-3.07118857258933,-2.10272910529418,-1.15591517784748
"36081079702",-0.549758931,-0.051072914,-0.501,-0.164856885,0.627962085,-0.776004863728597,-0.0419402382718094,-0.675307262431614,-0.168249299102006,0.493452838032331,-3.02448975727313,-3.53536736721248,-2.59229968523747,-1.62584691273652
"36081079900",-0.584423271,-0.321043652,-0.097,-0.277909817,0.390756303,-0.854310020551108,-0.372577365563337,-0.0910193983871685,-0.311851571789751,0.337012307185419,-3.44034300363481,-4.04917746066554,-2.89910380488415,-1.76380399923739
"36081080301",-0.53214699,0.221434763,-0.466,0.113411633,0.778834721,-0.738452104241969,0.208179963565885,-0.608806032126194,0.116370156234381,0.581564414009408,-1.8723654319194,-3.08286692163523,-1.99977121234653,-0.918140170574865
"36081080302",-0.5305663,0.120387045,0.113,0.20774638,1.420157068,-0.735149663248928,0.122560091777568,0.116003675756306,0.197001921004551,0.887955892300611,-0.215510760959924,-1.90846786527513,-0.901172226889286,0.0700079872473599
"36081080900",-0.301883717,-0.251216177,0.105,0.588206645,0.450724638,-0.345146957249156,-0.276038360336727,0.108854404912082,0.46888215375211,0.378932639987803,-1.44613498275061,-2.05005151482336,-0.980846622215654,0.0941906796412834
"36081081400",0.544365681,0.324704594,0.539,0.032147348,0.767012687,0.441067540221814,0.288709989464024,0.437609561434732,0.0412833421630639,0.574933688708086,-0.0689008456319325,-1.14777839706153,-0.22248735637076,0.692302876054478
"36081081800",-0.222589168,-0.256314443,-0.159,0.150971687,0.46049896,-0.239005143899609,-0.28278003111319,-0.161343150408763,0.14925731568282,0.385601771769228,-2.25183642441098,-2.10515439720833,-1.17730415169013,-0.262713556605936
"36081083700",-0.704970254,0.048066572,-0.25,-0.065158214,0.503496503,-1.18734597926141,0.0564432539518446,-0.27443684570176,-0.0567377877272812,0.41442253893848,-2.57025015526946,-2.99815212053547,-2.13716028264982,-1.30921923736203
"36081083800",-0.593918906,-0.00246235,0.199,0.277568978,0.896039604,-0.876875100218719,0.00750938386751724,0.189793571632656,0.252755927266288,0.645027583610052,-0.859623792958974,-1.95606263317433,-0.882218852226559,0.160770039278298
"36081084000",-0.620972782,-0.010184735,0.529,0.256089003,0.35259434,-0.944105968659747,-0.000184752065611825,0.431132854856742,0.235932623778524,0.309390485525231,-1.44722748611337,-1.78701619916556,-0.89751467142104,-0.0234108621444535
"36081084500",-0.726573874,-0.009521636,-0.423,-0.330679157,0.315231788,-1.26080376825405,0.000478249620417135,-0.532730459154041,-0.386661740199509,0.281587378478581,-3.87099286743621,-3.96131669551173,-2.93824398740745,-1.93480612098042
"36081084601",-0.357972726,-0.108437702,0.35,0.230211284,0.88681592,-0.427668886642045,-0.103626133901102,0.307484699747961,0.215281755424744,0.640176648816924,-0.754144877213254,-1.87640623122589,-0.815958167117518,0.243888168522846
"36081084602",-0.771043947,-0.355889294,1.182,0.247354565,0.732851986,-1.43147562261947,-0.424478666621016,0.784814369085769,0.229009962227762,0.555522843827061,-1.26334152043848,-1.70022298973928,-0.802002540163753,0.0696589314059725
"36081084900",-0.821821822,-0.293481932,-0.39,-0.205163911,0.917771883,-1.67036600966954,-0.333351815004639,-0.478035800943,-0.217116638445224,0.656364871242175,-3.28816009308981,-3.86914453419008,-2.74976424077858,-1.59561575373273
"36081085300",-0.681427127,-0.032950787,-0.28,0.150219024,0.692033294,-1.11299663004292,-0.0232182566624104,-0.3147107448397,0.148608801088296,0.531823591651982,-2.08433579050852,-3.00021483908615,-2.07498936346654,-1.14561129138734
"36081085500",-0.571549217,-0.327656447,-0.028,0.045540954,0.667098446,-0.824507712921898,-0.382222004573029,-0.0181639706276712,0.0540533881219667,0.517065184755529,-2.31349993159942,-3.01428981308501,-2.01624417697694,-1.01633657730236
"36081085700",-0.709720959,0.005008268,-0.168,0.171009513,0.713735558,-1.20304309996833,0.0148967582733817,-0.17197526473981,0.166369592220887,0.544493771845172,-1.829358234498,-2.95051233565229,-1.98428461897388,-1.02575011390018
"36081085900",-0.524022959,0.042721866,-0.324,-0.088975,0.733870968,-0.721593896938263,0.0513790634092828,-0.376877651256252,-0.0822680986869811,0.556107336511139,-2.19626456677172,-3.31343474003802,-2.29774631834357,-1.28903048845032
"36081086100",-0.700366098,-0.249203941,-0.127,-0.046411375,0.56234414,-1.17236464067756,-0.27338994783798,-0.124430078378177,-0.0370908130018397,0.452567588622904,-2.74304642381106,-3.17680937610204,-2.29015047652874,-1.43111804841862
"36081086300",-0.509815588,0.060820579,-0.121,0.324426649,0.645080946,-0.692778424558798,0.0684252508208174,-0.117658043468232,0.288501723196313,0.503849917602761,-1.35735828215395,-2.7067494035375,-1.75576353646892,-0.81637770165263
"36081086400",-0.614244303,0.293707432,0.387,-0.1048,0.784933171,-0.926958184872955,0.26521207636836,0.334327080274825,-0.0995993652227547,0.584967790606496,-1.0397032807984,-1.52061033459201,-0.74562550881747,0.0313090231979433
"36081086500",-0.51759805,0.171707313,-0.121,0.189737984,0.747058824,-0.708459924484717,0.166960268185615,-0.117658043468232,0.182103186286184,0.56364128843963,-1.24514886232322,-2.52502654236525,-1.60551053572846,-0.665494503416601
"36081086900",0.319532392,0.354014945,-0.421,-0.302161399,0.734782609,0.284827295450773,0.310432516106114,-0.52932909533055,-0.345539175965582,0.556629968524109,-1.98630305159292,-2.61239766556212,-1.60958617219397,-0.614923472273733
"36081087100",-0.505158824,0.214590407,0.372,0.32329404,0.412757974,-0.683511402143505,0.202606426452723,0.323531725345478,0.287652602017532,0.352597223124294,-0.974496703243011,-2.56888123308334,-1.54967418742505,-0.552512878424765
"36081088400",-0.15839597,-0.256711958,0.19,0.297908892,1.004689332,-0.160633613705339,-0.283307598430207,0.182321556793955,0.268429596174773,0.700465005844554,-0.826367949799799,-1.54621915400986,-0.645635626891191,0.251900211283234
"36081088901",-0.487709099,0.137222011,0.313,0.01725267,1.276051188,-0.649530564714032,0.137343377394637,0.279901885132819,0.0268879279505523,0.826825957072929,-0.378776180315781,-1.88222655283251,-0.942987525174056,0.0174683914602758
"36081089200",-0.06803263,-0.189116714,0.758,0.663112068,1.733425414,-0.0597846440715377,-0.197374340415047,0.569848964215452,0.51468540601345,1.00920729070666,0.985071178688669,-0.924626793216243,0.219502687039041,1.35741173048635
"36081090700",-0.161795214,-0.377961094,0.072,0.497823153,1.181428571,-0.164633179420428,-0.458804326603444,0.0788111804242898,0.410666990162382,0.78455364668823,-0.780928874483428,-1.99464659754877,-1.03449456932724,-0.0760689775258129
"36081091601",-0.042648718,-0.242671892,0.438,0.688969529,1.02020202,-0.0331935795884515,-0.264840788122274,0.370183293963525,0.530021907861515,0.708135305343563,-0.0628137301677519,-1.52033303140821,-0.167743203514393,1.17807224339956
"36081091900",-0.601553291,0.036255506,-0.175,-0.099358105,0.850478469,-0.895393828516473,0.0452176054122406,-0.180323554131282,-0.0936055490132867,0.620833696042064,-1.89742720623129,-2.72181779458794,-1.64459473769982,-0.572467642898375
"36081092200",-0.030811667,-0.033375768,0.124,0.572545033,0.540425532,-0.021031282123489,-0.0236533150472094,0.12575120530556,0.459034331503343,0.438529430027024,-0.776987315540357,-1.91523164483091,-0.684492054915357,0.572932898349276
"36081092500",-0.569223717,0.055151758,-0.431,0.074407214,0.633979475,-0.819217827037404,0.0631172847844778,-0.546452801409142,0.0810334911469884,0.497119811762865,-2.3103297118802,-3.06099811921566,-1.91671768612405,-0.757903317290588
"36081092800",0.033311576,-0.256785762,-0.001,0.479921347,0.913393756,0.0423998619923899,-0.283405579032081,0.00895974137147202,0.39872333131575,0.654091206956359,-0.853685520248273,-1.9992973180558,-0.764486835725193,0.470573782344354
"36081092900",-0.686755654,0.140237169,0.198,-0.030006555,0.68045977,-1.1293467525891,0.139968155024912,0.188966099512623,-0.0202093961153996,0.525000545189644,-1.51323343082155,-2.54429876945759,-1.47641959761967,-0.431330950916185
"36081093401",0.022599975,-0.286419859,0.406,0.39489618,0.993297587,0.0320798692526813,-0.32354397055845,0.347835995271528,0.339963406817035,0.69479461629219,-0.492412813787188,-1.7481073438137,-0.541432010745776,0.685987414518645
"36081093402",-0.13482265,-0.301982312,0.276,0.757488307,0.800807537,-0.133328727448211,-0.345286202549641,0.251536625815428,0.569559503208009,0.593772898819734,-0.589283143407994,-1.80414413659482,-0.580460676911752,0.644924238181393
"36081093800",-0.138851878,-0.046724192,-0.078,0.634218944,0.664098613,-0.137943256886654,-0.037415503205666,-0.0704224642965458,0.497265465382209,0.515274878934391,-0.843416603899601,-1.76136370470678,-0.534481010843028,0.705139869730574
"36081093900",-0.512907949,-0.037244971,0.127,0.383427989,0.811422414,-0.698980056755692,-0.0276229972516295,0.128393214768399,0.331766890250094,0.599617741994388,-0.892119594695873,-2.15439565266604,-1.0075928390545,0.12774922083171
"36081094201",-0.167903525,0.438663567,0.637,0.832569866,0.946957878,-0.171860692918614,0.370641453495178,0.498955451195503,0.611161263494057,0.671391164421441,1.02640127647157,-0.407372126767677,0.680260997983527,1.74142711269491
"36081094202",-0.059527892,0.127778537,2.024,0.885395157,0.976470588,-0.0507964620397102,0.129077709560076,1.10988188092634,0.639427342917212,0.686359490222812,1.56347703992673,-0.0283536379677643,1.07031539038474,2.16883373621401
"36081094203",0.015181616,0.08272476,0.459,0.442785711,0.830374753,0.0248697832361891,0.0886743568052152,0.38458189719174,0.373482893326435,0.609969220991649,0.0120459960899586,-0.751747783015779,0.373944063373269,1.54264748359838
"36081094500",-0.259320133,-0.028012116,0.324,0.266825198,0.671161826,-0.286775993731778,-0.0181763087893256,0.288181947493432,0.244376682794359,0.51948511749084,-0.836164227427182,-1.86317309726076,-0.923009246958042,0.0295259885862843
"36081094700",-0.434592106,-0.106436524,0.487,-0.037511111,1.022757697,-0.552676108806902,-0.101408915745283,0.403463105437491,-0.0278966287476058,0.709393342594767,-0.914332985947372,-2.13716490773716,-1.16943350992734,-0.220184999786513
"36081095400",-0.211376496,0.086123106,1.055,1.029879493,1.143769968,-0.22486565328098,0.0917795052107696,0.725130226412996,0.712890734052479,0.767219780088063,1.2694999122505,-0.322677080167843,0.827647110583505,1.95742256966255
"36081096400",-0.056248075,-0.363148407,0.287,0.280397286,0.751642576,-0.0473516780368832,-0.435638387917386,0.260053905334307,0.254950144602844,0.566246655631544,-1.25654986825443,-1.66428277436971,-0.578557698822656,0.480911020413563
"36081097202",6.330301455,0.065401034,0.304,0.332180424,0.602985075,1.99337991194656,0.0726936468956751,0.273075920062419,0.294295473625954,0.47808654615544,0.263457044838523,-1.10458280578674,0.0465601517004665,1.16142976247311
"36081097203",-0.562405667,0.010345791,0.537,0.21242277,0.282608696,-0.803867963482425,0.0201415806293215,0.436317571590929,0.200834766547209,0.256662421349945,-1.53491789970612,-2.10912567625952,-0.957802641958272,0.195732690853422
"36081097204",0.066788335,-0.0592111,0.557,0.95139954,1.509433962,0.0739828468258746,-0.0504632179437142,0.449162963373884,0.673658269449697,0.924034258038905,1.16406713314926,-0.758290301670642,0.335213927677921,1.42717032709921
"36081097300",-0.079577428,0.181079679,0.07,0.324883432,0.852090032,-0.0721164175388603,0.17486018905899,0.0769610411361284,0.288843971185942,0.621699529995285,-0.394982458145465,-1.82410618721621,-0.672539345685135,0.429310060632287
"36081098100",-0.226402685,-0.323785642,0.03,0.527037235,0.458801498,-0.243860019410731,-0.376565224847806,0.0392207131532813,0.429856690027496,0.384446760763743,-1.68842028357571,-2.31229938962321,-1.25578591222783,-0.169855607817993
"36081098700",-0.050688774,-0.004170339,0.264,0.75853373,0.534446764,-0.0415397249437917,0.00581273427914919,0.242161557149972,0.570150802141964,0.434665764669802,-0.425034647433206,-1.75814500675643,-0.670740720893886,0.3978353714133
"36081099100",-0.201104197,0.035624653,0.417,0.435752897,0.924821002,-0.212085167499321,0.0446144608999602,0.355574338494699,0.368630221858437,0.660014816776498,-0.0796352239500241,-1.41047234042541,-0.395185993338499,0.598823574524592
"36081099200",-0.487619366,-0.114014295,0.124,0.824002862,0.700490998,-0.649358772916871,-0.109830820375548,0.12575120530556,0.606500934356502,0.536780462633015,-0.700885149278082,-1.36211331355573,-0.40871014554819,0.58050587196266
"36081099701",-0.171310164,-0.140962714,0.695,0.499285691,1.088578089,-0.17591432382042,-0.140369247847802,0.53356511073548,0.411636486584406,0.741260014917131,0.151020504767392,-1.36209331120676,-0.372931825794709,0.589064587919302
"36081099703",-0.178988259,-0.142234855,0.112,0.449357369,0.7375,-0.185111355465969,-0.141834171209026,0.115112807100505,0.377996180603003,0.558186195125828,-0.878599607130935,-1.92941540171803,-0.779267756852719,0.389689773051171
"36081099704",-0.216229371,-0.034462412,0.225,0.264080464,0.5,-0.230960739821613,-0.024766587626457,0.211070970079941,0.242224713711284,0.412109650826833,-1.18327724455398,-1.89575956029386,-0.899189387424589,0.128602708121444
"36081099705",-0.226428115,0.016192158,0.103,0.661017418,1.025,-0.243892472830568,0.0258550177113017,0.107059072293408,0.513432673257314,0.710495818894558,-0.071397086682319,-1.4161731570004,-0.347548719118606,0.711186336331214
"36081099801",-0.525576302,-0.154112851,0.288,0.718960458,0.821321321,-0.724795346121661,-0.155616746811803,0.260824618281898,0.547520336572659,0.605037739646001,-0.563622941093607,-1.43926933058813,-0.360955020448427,0.685491710500848
"36081099802",-0.021560059,0.249652329,1.259,0.247058824,0.504504505,-0.0116273959309978,0.230835753522796,0.819339205797705,0.228774725649197,0.4150883260598,0.0371590433808142,-1.21505290141669,-0.0670656777880987,1.06075907145045
"36081100801",1.868439346,-0.116767364,0.552,0.847684532,1.209210526,1.05724825352037,-0.112908221394344,0.445967051417494,0.619330836955407,0.797151513717866,1.10075898472853,-0.696906017599322,0.519913101919425,1.74487103147704
"36081100802",0.598739721,-0.048689235,0.135,0.399093848,0.632894737,0.475451090474997,-0.0394575455958704,0.135404637006203,0.342946836802075,0.496459769443375,-0.61830373891139,-1.30086779894598,-0.331730250062984,0.647842710037272
"36081101001",0.208717783,0.215488804,0.661,0.276304354,0.914018692,0.197799308518985,0.203339788081385,0.513422249613257,0.251773264999237,0.654416067373038,0.329254786058034,-0.86397605254702,0.154551380270218,1.1860921638659
"36081101002",0.025270008,0.774044725,0.124,0.436183738,1.416149068,0.0346622699894539,0.578883103910833,0.12575120530556,0.368928182054365,0.886305254635779,1.09189241327473,-0.463160028037635,0.765603596187601,1.98272370160848
"36081101700",-0.229432877,-0.251446062,0.257,0.259995298,1.31122449,-0.247734542724438,-0.276341371317759,0.236651901339002,0.239013198101441,0.842094843855947,-0.488724984364125,-1.66677653112501,-0.761221555151107,0.153587474149286
"36081102900",-0.125329941,-0.30428775,0.289,0.188198935,0.728525981,-0.122540518176147,-0.348547702475027,0.261594737688462,0.180819541834043,0.55303761684649,-1.31123916879697,-1.98891135300383,-1.03174191082065,-0.0613620166611542
"36081103201",-0.919032538,0.022284336,0.346,0.581981982,0.424483307,-2.39725339684482,0.0317741484907218,0.304539189518204,0.464979769518948,0.360804719564324,-1.69663388341936,-2.0286335413771,-0.906088112510916,0.268728069954883
"36081103202",0.107960154,0.018891037,0.392,0.664955698,0.96031746,0.111505733668434,0.0284815591166654,0.337899788612398,0.515786715972026,0.678194676975202,0.301325373186319,-0.970621342324896,0.104654329080506,1.17535566564684
"36081103300",-0.165265936,-0.183566496,0.378,0.450671797,0.75987526,-0.168733418318565,-0.190635819888159,0.327863862084613,0.378896464822137,0.570909069526017,-0.646530099497995,-1.93177273531149,-0.941876477625551,0.0450165123721574
"36081103900",-0.345092118,-0.125849188,0.406,0.339486024,0.621167161,-0.408106771229793,-0.123127629085373,0.347835995271528,0.299723796993987,0.489295808270655,-0.954938870503995,-1.857837146335,-0.991583296390251,-0.161299362664682
"36081104700",-0.361526619,-0.304824126,0.036,0.006443103,0.684804928,-0.433134323099702,-0.349308040614836,0.0449733656427312,0.0163093790814244,0.527567647483765,-2.0496938708158,-2.48981224425355,-1.61500430850577,-0.744733240982457
"36081105900",-0.242616559,-0.379538397,-0.019,0.435499163,0.742268041,-0.264768679457867,-0.46130302471788,-0.00904074465214907,0.368454703435701,0.560910972250559,-1.55329658703632,-2.34089073336219,-1.43335152536193,-0.537399806928079
"36081107201",-0.032119548,0.012377202,0.929,0.639888569,0.705882353,-0.0223678536377114,0.0221305058792157,0.662172376260515,0.500707751692576,0.539927439857696,0.274645263510218,-0.761886540714646,0.471163904648904,1.71635615873935
"36081108500",-0.335451039,-0.068852655,-0.035,0.147657242,0.549234136,-0.393711017384614,-0.0606555682327703,-0.0253178079842899,0.146398343972292,0.444194762250164,-1.68095306102283,-1.92915907758976,-1.07555742597733,-0.190032076504163
"36081109300",-0.203007597,-0.245068046,0.22,0.28444353,1.080301129,-0.214441024635062,-0.267968398131408,0.207014169384326,0.258080896237472,0.737308136459313,-0.723322219908949,-1.64780948708283,-0.749057533327529,0.133329412237349
"36081109700",0.063318592,0.184678097,0.189,0.495063713,0.798590131,0.0707553366324022,0.177876774200142,0.181487876045377,0.40883523152404,0.59254760860251,-0.0726792038109247,-1.44291828046057,-0.473514074473303,0.481852230760129
"36081109900",-0.455350642,0.069623575,0.227,0.246110649,0.873737374,-0.589419152284842,0.0766124387146976,0.212689093410351,0.228020160503332,0.633257768348183,-0.67086965796438,-1.70619686317114,-0.739427289010936,0.198707448466014
"36081111300",-0.244367396,-0.207283988,0.102,-0.046864874,0.872093023,-0.267052853543263,-0.219754286366967,0.106160195828391,-0.0375615592706177,0.632384467678128,-1.5393529502547,-2.2242797037859,-1.16152213091271,-0.118022241524171
"36081112300",-0.312270568,-0.205608728,0.079,0.917042557,0.955191257,-0.359923884606771,-0.217669471465727,0.0852598439508234,0.65598647377581,0.675589572391407,-0.364915455678806,-1.57853454368804,-0.565835350681255,0.444754743459263
"36081112900",-0.019041797,-0.022141491,0.429,0.391320353,0.861445783,-0.00908292213091011,-0.0122158010039008,0.363948427905231,0.337414901458785,0.626711278132401,-0.196949058022038,-1.44247511559713,-0.496127359181634,0.46529897629972
"36081113300",-0.298108895,-0.40170578,0.426,0.499709347,0.990228013,-0.339830321682775,-0.497096599591135,0.361861470626032,0.411917146868671,0.693261180561698,-0.783333454929241,-1.71123339904684,-0.754415155750418,0.196973018170856
"36081113900",-0.410252614,-0.155696401,0.08,-0.037551135,0.77293578,-0.511246735754532,-0.157468646027632,0.0861776962410524,-0.0279377858488274,0.578261320285062,-1.69527821219273,-2.11291356440927,-1.2147712438213,-0.326825197126342
"36081114100",-0.331788444,-0.069571305,0.406,0.547098125,0.485279188,-0.388296010214296,-0.0614194491705241,0.347835995271528,0.442823912702935,0.402312937233532,-0.83301172781007,-2.00887466405428,-1.04529276605021,-0.102645505914152
"36081114700",-0.307513123,0.185377021,-0.057,0.135691383,0.531986532,-0.353128558375764,0.178461634368981,-0.048140375327935,0.13600828272306,0.433071540991452,-1.37934565886124,-2.36814899693132,-1.36977326913624,-0.360188205211557
"36081115100",-0.332710924,-0.036250844,0.016,-0.130004463,0.91087963,-0.389657101637842,-0.0266015485498011,0.0256677467485778,-0.127838443113655,0.652783221750316,-1.5033215573976,-2.56954544934175,-1.51917364562508,-0.435635885723352
"36081115500",-0.655561576,-0.016757868,-0.413,-0.009362656,0.756653992,-1.03722064626366,-0.00678080578872571,-0.515838165589535,0.000637140982569586,0.569087357524608,-2.42773672155828,-2.92748450267682,-1.95369448745533,-1.00319550754281
"36081115700",-0.398286011,-0.190062729,-0.289,0.085861724,0.741697417,-0.491490443941653,-0.198527440430507,-0.327116141697188,0.0915410163328707,0.560585270406814,-2.11070511821129,-2.89083849632169,-1.90525263343949,-0.929602537148029
"36081115900",-0.757300829,0.294353613,-0.261,0.427037783,0.765625,-1.37555554516322,0.265707602356497,-0.289016295464918,0.362583899722702,0.574152473626315,-1.28437788918567,-2.57679111145718,-1.53258193270045,-0.466772701046454
"36081116100",-0.690077133,-0.005692841,-0.084,0.374121977,0.620454545,-1.13967535286833,0.00429790973985299,-0.0768810443359576,0.325065986982454,0.488858837907091,-1.57552513441275,-2.51668703677307,-1.56706197501233,-0.611921499320661
"36081116300",-0.543246267,-0.072414039,-0.403,-0.048572902,0.730337079,-0.761953498734762,-0.0644468336076679,-0.499226487922639,-0.039336537940713,0.55407881802767,-2.47387777700454,-2.91715789412621,-2.05607266406331,-1.17288122372873
"36081116700",-0.193930531,-0.111438041,-0.418,-0.004174283,0.622559653,-0.203255794063256,-0.106959616872262,-0.524248644098131,0.00580881313038478,0.490149122389055,-2.40514916701839,-3.00319210207145,-2.04696834102072,-1.11059903455699
"36081117100",-0.272885404,0.177468153,0.087,0.070973422,0.70602706,-0.305011909056481,0.17182343804072,0.0925791812930932,0.0778619518608314,0.540011770172207,-1.02654166679942,-2.34247219757721,-1.40710874108151,-0.422261721990293
"36081117500",-0.297069964,-0.301043315,0.093,0.300695762,0.57735426,-0.338371989609743,-0.343960847405126,0.0980337402713654,0.270558112251395,0.462068642845989,-1.67869865032915,-2.22229003444671,-1.33973416385506,-0.488931252714272
"36081118100",-0.397279235,0.055229526,0.29,0.223973116,0.717777778,-0.489845968850439,0.0631902933117481,0.262364264467491,0.210239139184288,0.546836061417641,-0.825318489810375,-1.86615304626126,-0.937465974313446,-0.0018588628300637
"36081118500",-0.593576364,-0.024868559,-0.22,0.270092296,0.724705882,-0.87605218112412,-0.0149802040731313,-0.23572233352107,0.246932181581995,0.55083787856751,-1.66244830553396,-2.58960467937756,-1.62435833283768,-0.670964691588747
"36081118700",-0.478945162,-0.092914383,-0.328,-0.071158481,0.494199536,-0.632889990002815,-0.0865544446718306,-0.382725621138675,-0.0631085903760338,0.4082608869405,-2.6999045692347,-3.07468857116746,-2.14949797809684,-1.23360505275054
"36081118900",-0.514003019,-0.101822204,0.367,0.497466736,0.362549801,-0.701185438969282,-0.0963151089765445,0.319907219746518,0.410430583704111,0.316670178624871,-1.31946678474867,-2.66738037114029,-1.66629238059585,-0.67346277169525
"36081119100",-0.834391131,0.387358105,-0.368,0.141416202,0.88593577,-1.73949609222283,0.334583386008381,-0.443166975292176,0.14099266472562,0.639712526676727,-1.73558224474197,-2.47845351213911,-1.55164283371403,-0.620941073420732
"36081119300",-0.639714016,-0.024978241,0.534,0.143788989,0.814117647,-0.993479642170489,-0.0150915476987065,0.434376451602584,0.143051299546718,0.601096389023894,-0.926336579097691,-2.11395413957865,-1.108693707224,-0.119419786096521
"36081119500",-0.489655358,0.101913102,0.54,0.196888073,0.659551761,-0.65326391386682,0.106082047091404,0.438254930931155,0.188045206249691,0.512555183814343,-0.734106442239713,-1.98407909149194,-0.935019953552554,0.132557040540708
"36081119900",-0.551826693,0.10016046,0.044,-0.102750355,0.800965018,-0.780507766879693,0.10450456343522,0.0525924501191706,-0.0973376241814009,0.593859862314933,-1.54036857207789,-2.63246949285226,-1.61529701520518,-0.598160827244899
"36081120100",-0.30393363,-0.131672846,-0.244,0.203724841,0.46969697,-0.348046037408833,-0.12973614199365,-0.266573109241546,0.193694012087245,0.391837316811881,-2.11501173364206,-3.05083963074432,-2.07413971791423,-1.06214279963653
"36081120300",-0.300072858,-0.094390492,-0.186,0.0104579,0.531891892,-0.342592931113659,-0.0881653065102865,-0.193584749072665,0.0202514481296668,0.433010163733974,-2.14243563123662,-3.07076730269544,-2.09947051431558,-1.1302865923427
"36081120500",-0.795749744,0.136045086,-0.345,-0.11757449,0.430107527,-1.54061052663915,0.136316959578006,-0.407968238326283,-0.113812230996379,0.364717782327907,-2.98752359646834,-3.60829948465954,-2.61985753266698,-1.58639507498121
"36081120700",-0.487090223,0.012512513,0.388,0.289075067,0.87620064,-0.648346340315117,0.0222628465127519,0.335042643811619,0.261652524317474,0.634564562434132,-0.567224042241058,-1.9910328366486,-1.04074333589452,-0.081988968586959
"36081121500",-0.620468877,-0.195755651,0.165,0.256197507,0.618015964,-0.942811511857151,-0.20549477497883,0.161268147596122,0.236018320242678,0.487362073429077,-1.65399101999591,-2.20951369699877,-1.30811656328861,-0.382635487426099
"36081122300",-0.210743029,0.089482365,-0.053,0.444963356,0.891504606,-0.224072769153416,0.0948394917753652,-0.0439518875291828,0.374980715426586,0.642645470681429,-0.539846156944846,-1.7886887189502,-0.851217792093087,0.10557712817772
"36081122701",-0.446053518,-0.176794725,0.009,0.221365292,0.936134454,-0.572795922057348,-0.182475238602399,0.0188217542405877,0.20812354729297,0.665845073874467,-1.24407632378659,-2.07966632334831,-1.06319361237907,-0.087362195193065
"36081122702",-0.314401184,0.26126281,0.704,0.280861552,0.486746988,-0.362982198631117,0.240010745026028,0.538829820175588,0.255309865215261,0.403294078461186,-0.438594636128214,-1.66421529024192,-0.796176905809739,0.0843426921411592
"36081124100",-0.210693302,0.250565003,-0.088,0.187216138,0.974391805,-0.224010554552921,0.231560035534755,-0.0812100554255432,0.179998976691723,0.685312471724478,-0.596722646636223,-1.80827619113965,-0.85680411838485,0.0853958472532745
"36081124700",-0.031321878,-0.012073561,0.217,0.098177702,0.834825871,-0.021552472943472,-0.00207571380410559,0.204572165728774,0.102716956331882,0.612384894176737,-0.80416583569652,-1.89004931650597,-0.937381552271658,0.0245448032165008
"36081125700",0.713864177,-0.080077522,0.092,0.049822714,0.837237978,0.544568385495216,-0.0726540532984696,0.0971267107307228,0.0581016431925809,0.613691538612932,-0.86394048288671,-1.77215149053236,-0.850224672658014,0.0765696477361995
"36081126500",0.093301883,0.189379927,-0.131,-0.023938969,0.231724138,0.0983073954807546,0.181804695744292,-0.12897038129696,-0.014037028729154,0.21650084772985,-2.05056400203024,-2.38150985670943,-1.36729048259514,-0.354264690197007
"36081126700",-0.073512961,-0.032287542,-0.125,0.554411106,0.35042735,-0.0656195970229163,-0.0225396624017482,-0.122167633974208,0.447509463081387,0.307798878329877,-1.4419128176442,-1.86812527452907,-1.0875256428852,-0.316651079337309
"36081127700",0.109820797,-0.319639202,-0.052,0.341622249,0.271267103,0.113168669826638,-0.370540922400952,-0.0429075010112765,0.301305536953647,0.247849512498415,-2.16834099031076,-2.2559347641666,-1.37788476212654,-0.501573215701821
"36081129102",-0.108850331,-0.01438355,0.166,0.5102322,2.516174402,-0.10408392085183,-0.00439318592531896,0.162118849476435,0.418863086348977,1.26021354446548,1.20178410664538,-0.571378330377846,0.377955019225771,1.33437024762394
"36081129103",-0.12174999,-0.142045766,0.164,0.261165382,0.795336788,-0.118502032822909,-0.141616291518293,0.160416721405905,0.239934103333371,0.590747160529398,-0.938497351732633,-1.82243591281927,-0.708935547780996,0.405814081294048
"36081129104",-0.408629976,-0.040696057,0.271,0.515677492,0.295336788,-0.508544853367985,-0.0311770496078086,0.247641022914597,0.42243856845561,0.266461082574793,-1.33074180352672,-1.54671082448261,-0.591623948722397,0.34301872520905
"36081130100",-0.374013955,0.14550358,0.201,0.621523645,0.9136,-0.45257865770664,0.144536248953375,0.191446464570955,0.489514329744257,0.65419843042137,-0.057734038598799,-1.04956308846759,-0.0782529339874794,0.866767170932616
"36081133300",-0.042426205,0.00517048,0.169,0.248387444,0.577861163,-0.0329635830850976,0.0150565589810829,0.164666621555234,0.22983109496263,0.46238793016151,-0.99212283615605,-2.12132999169912,-1.03903758177117,0.00430092690636298
"36081133900",0.113138896,0.093425872,0.217,0.303357875,0.519950125,0.116127351100181,0.0984197691071338,0.204572165728774,0.272587121015365,0.425235136833801,-0.773538015453397,-1.92509042411353,-0.949681064469603,0.0414060399095542
"36081134100",-0.418145838,0.254227053,-0.002,0.187804491,0.60035057,-0.524495022419751,0.234460910131007,0.00796816964917688,0.180490290215048,0.47645190063491,-1.12274801756162,-1.91830689304664,-1.04673420816789,-0.190632967820585
"36081134700",-0.445275177,-0.031959503,0.038,0.147786276,0.919860627,-0.571416705415737,-0.0222042018291461,0.0468835858988505,0.146509799077226,0.657447786319601,-1.09081013248993,-2.05440597456206,-1.05125483696519,-0.0476228129062727
"36081136700",-0.445366564,0.09131567,-0.012,0.11707274,0.823027719,-0.571578544229012,0.0965055287264164,-0.00200200267067308,0.119623776009432,0.605969090947266,-1.14452404395505,-1.99755648567491,-1.03133137996667,-0.0797842011480591
"36081137700",-0.374410647,0.184494931,0.098,0.317351353,0.706652126,-0.453202595561199,0.177723444158147,0.102556588325092,0.28318549272303,0.5403759556804,-0.734263483323178,-1.95951858869886,-0.89941751689587,0.15634161513863
"36081138501",-0.315664574,-0.271731937,-0.046,0.285958142,0.524886878,-0.364800112471589,-0.303448291336057,-0.0366639843715915,0.25925029956899,0.428456683209536,-1.89831711527319,-2.41121517593777,-1.41011008278652,-0.402631225691067
"36081139900",-0.363496695,0.038592049,0.095,0.276283403,0.37734375,-0.436176968640987,0.0474483586366079,0.0998453349697161,0.2517569771195,0.327390947684564,-1.49581476089837,-2.16588357758906,-1.19599918739276,-0.227592507570955
"36081140300",-0.380377504,-0.192557776,0.571,0.407783784,0.520953164,-0.462634851894649,-0.20157505271437,0.458057558227335,0.349094936935087,0.425890524437524,-1.03273283241449,-2.02790564757614,-1.00828013833793,0.0098342955752376
"36081140901",-0.425599645,-0.17201931,0.71,0.522704264,0.173553719,-0.537168991645134,-0.176760221724974,0.542324290825362,0.427033668037515,0.168521538886887,-1.424860449656,-2.08388302689432,-1.1263267166933,-0.159711170558179
"36081140902",-0.402467254,0.217765243,0.108,0.586061085,0.528119508,-0.498349202339483,0.20519564125416,0.111541374732908,0.467538772104717,0.430560571575744,-0.669116882465025,-1.83733466651372,-0.890751809072257,0.0533075773267562
"36081141700",-0.480930031,0.10535827,0.223,0.232684405,0.571589628,-0.636634589329643,0.109175671686035,0.209450224182207,0.217273882463228,0.458430434936733,-1.09169059639354,-1.9012447398465,-1.03683323912005,-0.170914045663028
"36081142900",-0.26833356,-0.241869796,0.203,0.164023238,0.665743306,-0.298855678667931,-0.263796023745813,0.193096629961913,0.16043651507713,0.516256831618681,-1.47092870157464,-2.01952058781774,-1.119478728047,-0.203689597367324
"36081143500",-0.360325867,0.071987036,0.269,0.22071044,0.943107221,-0.431284375648438,0.0787991988367993,0.246078522596706,0.207591596137341,0.669421551053198,-0.501516814914736,-1.73727033197008,-0.793742524906109,0.178858073383114
"36081144100",-0.419723277,-0.10344397,0.325,0.436373819,0.844636252,-0.527163830004928,-0.0981024415412437,0.288931291852213,0.369059609689962,0.617688586265092,-0.616556605342582,-1.86003709117129,-0.881840828704924,0.133815963578834
"36081144700",-0.374732361,-0.084416951,0.183,0.733869892,0.592195122,-0.453708890146502,-0.0773314167967262,0.176471143115779,0.556106719492821,0.47137464023052,-0.745287615357742,-1.77345634652574,-0.808731161067016,0.145057277678615
"36081145101",-0.300011802,-0.087688141,0.411,0.221238938,0.799,-0.342506931620143,-0.0808718707509174,0.351360849114964,0.20802092909832,0.592774206413158,-0.755762789428597,-1.87484222033643,-0.826713433367569,0.247115030007203
"36081145102",-0.411369945,0.012380201,0.206,0.530036969,0.759358289,-0.513111476003378,0.0221334392345327,0.195566783543975,0.431806421981558,0.570616932261539,-0.560009043073485,-1.61927541189656,-0.798870086231693,0.0414087834708816
"36081145900",-0.370064315,0.158145212,0.146,0.420264758,0.880648899,-0.446387599865598,0.155417202020746,0.144965770250186,0.357859572589057,0.636920102950563,-0.353918165621431,-1.70788456078735,-0.819733552790043,0.0962380848434552
"36081146300",-0.154334039,-0.325601566,0.606,0.735865098,0.60371517,-0.155875211477538,-0.37921502510231,0.479953960098904,0.5572501909731,0.478539079677009,-0.666744628258521,-1.6566757460694,-0.767862102030833,0.0950195204879357
"36081146700",-0.367780409,0.105779406,0.07,0.159574468,1.030144168,-0.44282499171915,0.109553179546291,0.0769610411361284,0.156639980089743,0.713020475947312,-0.64817613737365,-1.63960710613463,-0.762110602342745,0.124856535905527
"36081147100",-0.401882351,-0.111278593,0.21,0.146014286,0.612840467,-0.497386914090262,-0.106782184639332,0.198850858745165,0.144978128305313,0.4841779885687,-1.4206710714636,-2.17812526123848,-1.18743200213316,-0.170741206134726
"36081147900",-0.350160373,-0.25015635,0.059,0.225439799,0.754527163,-0.415758462882311,-0.274642590549991,0.0667236320429081,0.211427019237523,0.567882758177351,-1.48656474527375,-2.45510427208623,-1.30159651369796,-0.174543075211733
"36081148300",-0.125819037,-0.063049264,0.001,0.297049361,0.618284637,-0.12309352801856,-0.0545082082685283,0.0109399400383343,0.267772200570106,0.487527090749976,-1.20356900235651,-2.54110495017132,-1.21890157529863,0.0799846386079131
"36081150701",-0.207678309,-0.030669533,0.233,0.157165076,0.626916525,-0.220245640566555,-0.0208861377416739,0.217527812528574,0.154577796599902,0.49281430441931,-1.11076744989695,-2.02054264173408,-0.953133640461893,0.118402690341875
"36081150702",-0.242805385,-0.125693779,0.017,0.233354276,0.634920635,-0.265014774467782,-0.1229518724823,0.0266419309464211,0.217812788813585,0.497692136852842,-1.40517126098008,-2.17043390588142,-1.07866793495857,-0.00325660777456671
"36081152901",-0.338371464,-0.025159218,0.134,0.28467424,0.90645463,-0.398049865104278,-0.0152752935152215,0.134530892957606,0.258259111383407,0.650476932195353,-0.72958159935355,-1.45472540551751,-0.448566484129909,0.576908885889914
"36081152902",-0.469923443,0.399239706,0.261,0.419083787,1.375714286,-0.616044377250326,0.343050343358226,0.239803992207317,0.357033530538872,0.869498570487157,0.535944775609084,-1.42974270684306,-0.426190630517556,0.594543826387495
"36081155101",0.010555074,-0.826077046,0.001,-0.099718426,0.510848126,0.0203466694744708,-1.69323833732518,0.0109399400383343,-0.094001305354327,0.419268156878128,-4.34007900511977,-4.18361170736074,-2.96495143847083,-1.68729791807752
"36081155102",-0.14935613,-0.062814023,0.048,0.664145818,0.749693252,-0.150074483813661,-0.0542598196494863,0.0563803334361077,0.515303075800525,0.565139505223667,-0.564631867944852,-1.24607523225948,-0.322481704785764,0.605159311917788
"36081156700",-0.20017825,-0.467841247,2.398,7.2,4.995475113,-0.210941117261183,-0.612196418215948,1.22612560896707,2.10535292346434,1.79267157196919,5.62940258434134,0.652106168521471,1.62235866791932,2.65579648116337
"36081157101",-0.467812143,0.429251462,0.24,0.356250463,0.829787234,-0.612142737963271,0.36412316038011,0.22314355131421,0.31207009939236,0.609649931239151,-0.159782195446527,-0.960779921178824,-0.0133203176549409,0.959526937384356
"36081157102",-0.659877863,0.063446607,0.208,0.066395735,0.905434783,-1.04947322251491,0.0708745997918862,0.197210169287705,0.0736181775810841,0.649944637593833,-1.11240368666832,-1.52960945283395,-0.49006295333349,0.577439478385582
"36081157901",-0.40465043,0.441727095,0.339,0.854947046,1.208393632,-0.501949186161505,0.372753947635654,0.299363577225619,0.62323265912699,0.796783344777987,0.961725540134388,-0.570263083161302,0.534149112134181,1.67849490293415
"36081157902",-0.385073603,0.969494869,0.066,0.62382944,1.060295791,-0.470121400980554,0.682841695491985,0.0732504617395927,0.490926609104698,0.727691491271772,0.771289827392553,-0.703612286640109,0.392922218649659,1.45316960587747
"36081157903",-0.458748448,-0.024103229,0.367,0.47261249,0.987878788,-0.595564036805543,-0.0142036245865433,0.319907219746518,0.393805727594583,0.692086011719398,-0.260893742302977,-1.14961388295334,-0.0839793308347406,0.975261361230884
"36081161700",-0.362206499,0.365245395,0.092,0.223921105,0.572992701,-0.434183304712646,0.31863218428573,0.0971267107307228,0.210196989079502,0.4593171700228,-0.839864600959618,-1.63185213237447,-0.573074516314774,0.50067845719911
"36081162100",-0.530706982,0.173137577,0.156,0.270421613,0.669756663,-0.73544313999964,0.168169873247189,0.153579087928301,0.247189408852395,0.518648939471961,-0.920894482189875,-1.52186260772804,-0.629852987566437,0.225561307919999
"36085000300",0.255437692,-0.350216799,0.277,0.797123016,0.660944206,0.235418063915768,-0.415843981257467,0.25231392861399,0.591736086769406,0.513388859468738,-0.691429752397116,-2.03140338334264,-0.965614771753806,0.0985398508783909
"36085000600",-0.120022247,0.618370905,0.335,0.356888707,0.648526077,-0.116558813197586,0.487580070255427,0.296394013053802,0.312537140382154,0.505929302525256,0.0807978759919871,-1.10924565799715,-0.134737585411376,0.873337297383787
"36085000700",-0.34437973,-0.28391912,-0.128,0.299125797,0.483180428,-0.407035936212882,-0.320093865403735,-0.125563222975346,0.269359583914578,0.400908360552083,-2.10321947803615,-2.75726320035359,-1.63320910532556,-0.487413193604914
"36085000800",-0.239493057,0.026020639,0.821,0.458625,0.672153635,-0.260706613230768,0.0353870654535264,0.604862265692374,0.3843265889056,0.520074898045326,-0.120355864914149,-1.08526732692461,-0.08676426299735,0.942831849416731
"36085000900",-0.483372799,-0.153221033,0.082,0.271280124,0.630890052,-0.641262379247114,-0.154575308469241,0.0880108773227134,0.247859675042826,0.495238809253928,-1.49820355839067,-2.32985845698506,-1.28374866828895,-0.292999915570651
"36085001100",-0.460368185,-0.105515079,0.147,0.468326496,0.629943503,-0.598506652194832,-0.100389645374751,0.14583044821154,0.390910702054553,0.494661791852469,-1.09440685793387,-2.10213391176606,-1.13361976191348,-0.180686547256468
"36085001700",-0.193762857,-0.250997319,0.17,0.174762506,0.503259452,-0.203050349817234,-0.275749969313431,0.165514438477573,0.169542337623311,0.414265901929082,-1.71520998663922,-2.44809111332856,-1.38587510589163,-0.33869684770858
"36085001800",-0.047562185,-0.419863014,0.94,0.529092063,1.261136713,-0.0382858226995788,-0.527400589370881,0.667829372575655,0.431192673080592,0.820280460783104,0.0269912783246016,-0.934364578520193,0.0833615356298835,1.09655892004372
"36085002001",-0.055585655,0.280725343,0.593,1.150078618,0.512971698,-0.0466573779258032,0.255204341747978,0.471876873627416,0.770144618255933,0.420663490680607,0.522963116082541,-0.818724555952149,0.193249849870463,1.20394811279374
"36085002002",0.0274345,0.123676275,0.903,0.6539832,0.749435666,0.0367508385996538,0.12546569276943,0.648672690458116,0.509214246194204,0.564993113314498,0.512925309695198,-0.755836282146238,0.174878594731151,1.08705301957595
"36085002100",-0.387884854,0.291996836,-0.031,0.158887047,0.701453104,-0.47463008118946,0.263899113675898,-0.0212236364516267,0.156052054211647,0.537342778086847,-0.984511829337267,-1.75435262195629,-0.826876122335734,0.0919083106451796
"36085002700",-0.225090163,0.159475588,0.571,-0.205298013,0.853691275,-0.242186425121177,0.156555432946509,0.458057558227335,-0.217283272589902,0.622559077546064,-0.846760107385026,-1.64453490700928,-0.561247920050754,0.504344400455334
"36085002900",-0.49963768,0.162183077,0.285,0.696024756,1.074168798,-0.672634374128126,0.158867887999827,0.258510695151501,0.534165960101365,0.734370117731952,0.219146563723646,-1.24103010002649,-0.226697666185884,0.789035988440123
"36085003300",-0.018963369,0.144793778,0.018,0.710428263,0.482394366,-0.00900378166223122,0.143921780846163,0.0276151670329734,0.542573249948746,0.400381787230428,-0.600976717564401,-1.74535115646637,-0.809121515124605,0.101270819715243
"36085003600",-0.455838136,-0.015410365,0.15,0.193533072,0.93715847,-0.590298461623957,-0.00542505403068515,0.148420005118273,0.185261457713862,0.666371114962874,-0.862531079671645,-1.33830918685546,-0.364817919468811,0.657084156426701
"36085003900",-0.070778783,-0.153716242,0.021,0.035537079,0.685208597,-0.0627042396609112,-0.155153464781403,0.0305292050348228,0.0445307045852658,0.527805799337101,-1.568805596823,-2.32051706112869,-1.19408156505985,-0.0513324221895581
"36085004000",-0.534089949,0.051623927,0.623,0.532893742,1.336158192,-0.742526411094906,0.0597997424028194,0.490418813988328,0.433659706460173,0.852779178477982,0.454756147764393,-0.934828508343933,-0.0800921405539166,0.791546802252065
"36085004700",-0.074488748,-0.149345777,0.229,0.538615983,0.823924731,-0.0666621055477018,-0.150062454520139,0.214304602647005,0.437361617852264,0.606458332097852,-0.500349686102739,-1.41455230558482,-0.562084919455821,0.271342389060139
"36085005000",-0.248347704,-0.030578094,0.388,0.380412977,1.312121212,-0.272265131895994,-0.020792773208896,0.335042643811619,0.329600808770821,0.842481083463634,0.152770361183671,-1.00028186829495,-0.107195357383492,0.798187900315826
"36085005900",-0.126239001,0.07134316,0.239,0.63153933,0.577723378,-0.123568616021363,0.0782039350900046,0.222343231143441,0.495634417465351,0.46230115243709,-0.432117405134728,-1.63282790465414,-0.754088616918471,0.139809511293698
"36085006400",-0.152359455,0.241326066,0.937,0.260902213,0.311004785,-0.153570212497687,0.224203841807526,0.666289726390063,0.239727052190075,0.278392647789495,-0.541787992019746,-1.24227041029132,-0.218082031593874,0.773679017772652
"36085006700",-0.044023892,-0.157957727,-0.055,0.405322291,0.694677871,-0.0346161779947374,-0.160119137186481,-0.0460439385014068,0.34735727265129,0.533376160920779,-1.15107844918933,-1.88921697654383,-0.979842516927679,-0.0790314643611116
"36085007000",-0.165898663,-0.023791994,0.568,0.393738124,0.989056088,-0.169482724058165,-0.0138879871962649,0.456158222423682,0.339138766838824,0.692675113153658,0.00883107880416598,-1.02263771098255,-0.101394604748894,0.820852283662841
"36085007400",-0.104804901,-0.16993112,2.471,1.33126057,0.5328,-0.0996047795105009,-0.174271390506594,1.2473196088293,0.850689489448298,0.433598947351936,0.98886894125114,-0.613803003561802,0.462184057361648,1.53832117915076
"36085007500",-0.45401466,-0.137209275,-0.264,-0.127761468,0.792732167,-0.587013351985643,-0.136059471238347,-0.293029678778376,-0.125292815094408,0.589303384656527,-2.30113771739726,-2.5002329861493,-1.51670149472861,-0.558715062204475
"36085007700",-0.110334807,-0.043534223,0.245,0.168837524,0.689189189,-0.105732592647663,-0.0341093901691565,0.227135572583747,0.164528803746667,0.530151189639405,-0.960706835497698,-2.10486027658904,-1.06963484728688,-0.0620241886735805
"36085008100",-0.384714192,0.054249427,0.445,0.741941379,0.404977376,-0.469546440972223,0.0622697873186507,0.375005900623456,0.560724532479533,0.347113542274801,-0.592836777151607,-1.88533090855028,-0.862482992331532,0.151401044648685
"36085009601",-0.173558983,0.414615539,0.535,0.084014369,0.57493188,-0.17859927269703,0.353901980125821,0.435023910349709,0.0898538382828213,0.460541428487686,-0.447517311339024,-1.33141979375416,-0.337879619660239,0.649802229758387
"36085009602",-0.086553424,0.162722631,0.821,0.658334547,0.586075949,-0.0796423305018408,0.159328080499407,0.604862265692374,0.511825851571337,0.467548084988119,0.223892550096621,-1.20213502195773,-0.240544618741296,0.746710996318424
"36085009700",-0.205591616,-0.088268266,0.135,0.781801664,1.099099099,-0.21764819846267,-0.0815010587173412,0.135404637006203,0.583221629855985,0.746260889012906,0.0168044282689338,-1.46429134048414,-0.423548219459236,0.631207112844766
"36085010500",-0.301729186,-0.128464867,0.575,0.130498511,0.48516129,-0.344928752775336,-0.126090422011042,0.460584407329244,0.13146545717372,0.402234087310968,-1.27854535581422,-1.82037514718433,-0.842965502463107,0.123346284275401
"36085011201",-0.090502569,-0.102904442,0.612,0.614122213,0.78184111,-0.0839280288513978,-0.0975074782974927,0.483659955693221,0.484967493218368,0.583243644327008,-0.0730105497140259,-1.25585752097661,-0.252984222409703,0.765738214262133
"36085011202",-0.072637833,0.046473176,0.953,0.497709347,0.507263923,-0.0646855538130119,0.0549361682580446,0.674473915294324,0.410591510292705,0.416908662162312,-0.127387252056393,-1.41131211534391,-0.375738959307799,0.621230424444927
"36085011401",-0.296383362,0.295480573,0.233,0.106674896,0.331967213,-0.337409382405182,0.266571228157777,0.217527812528574,0.110355426693949,0.294136606805434,-1.29139270327984,-1.77608048929425,-0.789666018727309,0.215181794834166
"36085011402",-0.088781448,-0.212301127,0.755,0.552198645,0.783544304,-0.0820579722891961,-0.226024104877885,0.56815069038526,0.446094216827149,0.584193720222037,-0.219610045770899,-1.4644837196294,-0.45974063621239,0.570711416340728
"36085012100",-0.208253318,0.09323854,0.076,0.521030806,0.628025478,-0.220962578864583,0.0982499816220668,0.0825012215117438,0.425941237962335,0.493491539644465,-0.656927635488685,-1.75103852652824,-0.749382588157441,0.2706568113772
"36085012200",0.001919431,-0.114396801,0.477,0.518973756,0.381997805,0.0118489540595763,-0.110257822356815,0.396760667478018,0.424596762640038,0.330739985043168,-0.873469385518483,-1.77201777405578,-0.744160881716923,0.254737951949448
"36085012500",-0.265088912,0.797146572,-0.07,0.077458819,0.607329843,-0.294490412691198,0.591749121768277,-0.0618754037180875,0.0838436156775001,0.480776544332223,-0.72347210825686,-1.70440231118222,-0.726200393299615,0.279985622207873
"36085012804",-0.122653146,-0.212158364,0.931,0.382334796,0.505481121,-0.119519331395801,-0.225845152354178,0.663203304186873,0.3309820473611,0.415732960163302,-0.716845787779715,-1.69319200727724,-0.632904079257849,0.42299407905879
"36085012805",-0.058819661,0.133697384,0.21,0.232787918,0.959016393,-0.0500516034995895,0.134266333489311,0.198850858745165,0.217357176893105,0.677534125168294,-0.274300706152621,-1.46394992147795,-0.318810736870475,0.832346763528874
"36085012806",-0.206779518,-0.017857143,0.59,0.427297293,1.032786885,-0.219126029871797,-0.00788817299299465,0.470003629245736,0.362764470180804,0.714314995661089,0.104630120084784,-1.25984131524647,-0.261777411566544,0.748494585490334
"36085013201",-0.069084172,0.224228977,0.26,0.614347144,0.405432596,-0.0609015929193897,0.21044646499577,0.2390169004705,0.485105977517057,0.347435205926659,-0.484466750158177,-1.48117110961839,-0.492190558799563,0.518943108571201
"36085013203",-0.138591978,-0.042876355,0.555,0.29018353,0.835178352,-0.137644959465567,-0.0334289271733423,0.447885823992117,0.262505431426044,0.612575940571142,-0.337385176946975,-1.37075068523394,-0.401418655646125,0.554619280826776
"36085013204",0.006831934,-0.179647465,0.585,0.601010176,0.618119266,0.0166918467728722,-0.185904927404548,0.466873736236808,0.476861420748445,0.487425524110783,-0.428674304596961,-1.36177805253823,-0.392648155400211,0.549796830272385
"36085013301",1.314782229,0.240986178,1.788,0.121059186,0.651685393,0.843626369706248,0.223932182662745,1.02890487624329,0.123154526445595,0.507832384291017,0.71803924273863,-0.991167880796231,0.203932048996699,1.40427914951397
"36085013302",-0.710286256,0.415840429,0.141,0.199066288,0.693402329,-1.20492744651849,0.354761414608687,0.140631129739746,0.189848398913732,0.532627620989378,-0.924911121653064,-1.60108083937233,-0.692490035643632,0.185142572315036
"36085013400",-0.091373573,0.125501449,0.074,0.159142145,0.447031432,-0.0848757387256813,0.12707435865249,0.0806579030174545,0.156270270478479,0.376401100075773,-1.28283178057566,-1.7432741393858,-0.831357722342983,0.104242038902222
"36085013800",-0.023679213,-0.148248651,0.569,0.468868484,0.575797872,-0.0137736355066742,-0.148788508167183,0.456791735273505,0.391277257530086,0.461087669945815,-0.603421000905352,-1.56386180966849,-0.624738149278346,0.321496685234732
"36085014100",-0.473009015,-0.384203188,0.694,0.825295455,0.735694823,-0.621773972323685,-0.468729542039654,0.532978428407124,0.607205479444853,0.55715265577165,-0.665350046355907,-1.61542854831623,-0.661502904261813,0.298903688264854
"36085014604",-0.146894295,-0.148606993,0.506,0.531353084,0.552971576,-0.147218109883804,-0.149204424574787,0.41607528722018,0.432660656633709,0.446588865733354,-0.681268867194155,-1.58726327787327,-0.717477559454321,0.169377208004795
"36085014605",-0.082085084,-0.209138944,0.339,0.702395733,0.586466165,-0.0748152357441222,-0.22206781013129,0.299363577225619,0.537893403461209,0.467792539712918,-0.679762837200481,-1.62238910223188,-0.599874775720648,0.393761255774961
"36085014606",-0.018141288,0.148946097,0.542,0.554869733,1.0968523,-0.00817460926036719,0.147511055079354,0.439544421761027,0.447802582827987,0.745195032697181,0.605320267418096,-1.09343497838328,-0.0892440820897564,0.905125134742352
"36085014607",-0.071419383,-0.154023238,0.514,0.164098475,1.007185629,-0.0633865268045831,-0.155512050405148,0.421338457264455,0.160500597785968,0.701703286963448,-0.468639185762568,-1.70927853256265,-0.646927926519126,0.408090181783071
"36085014608",-0.111280876,-0.030599923,0.354,0.187881049,1.102994012,-0.106784724918091,-0.0208150610943602,0.31042155942127,0.180554203444684,0.748105904744433,-0.279093175621779,-1.57404630004871,-0.513925020336439,0.547776067485102
"36085014700",-0.059394692,-0.256991001,0.418,0.571561338,0.491442543,-0.0506563309760335,-0.283678100390441,0.356274863917393,0.458412547709531,0.406426341308804,-0.96973764128866,-1.62480180928352,-0.734467340484169,0.109232976000162
"36085015100",-0.226304647,0.049565038,0.386,0.821615525,0.445322793,-0.243734914505783,0.0578584824014263,0.333611004340181,0.605198377960557,0.3752277268773,-0.410388880550067,-1.42079818207173,-0.517466934061751,0.417102516839369
"36085015601",-0.044869226,0.075158323,0.286,0.724296973,0.223880597,-0.035491669726318,0.0817258961628303,0.259282597930083,0.550602128400107,0.210164159861522,-0.868171187558736,-1.7439325687596,-0.726299403463089,0.272327952367402
"36085015602",-0.001356913,-0.004531851,0.16,0.254065041,0.579325197,0.00860594935937377,0.00545325295112736,0.157003748809665,0.234332750888168,0.463309521744587,-0.988098616020921,-1.77719901501184,-0.812144046956556,0.153213289351657
"36085015603",0.007302884,-0.130757052,0.596,0.292705784,1.488428745,0.0171548937688209,-0.128694028132203,0.47374661552457,0.264443473720736,0.915662032283978,0.364361484252593,-1.24781952619354,-0.151542977446256,0.910708340375393
"36085016901",-0.100713095,-0.081528719,0.353,0.107404992,0.986873508,-0.0950946075416948,-0.0742158292008533,0.309688152714396,0.111009025546804,0.691582711416034,-0.606075907698271,-1.54256145460804,-0.663189769437773,0.246574292651856
"36085017005",-0.031380519,0.151418277,0.411,0.371855307,0.413245033,-0.0216123933152415,0.149641910873488,0.351360849114964,0.323427021600846,0.352939498943087,-0.668447600402846,-1.74267388981152,-0.874594597514716,0.0329430916732033
"36085017007",-0.162010536,-0.436314554,0.991,0.443314286,0.55707196,-0.164887067795721,-0.55567403635568,0.693647055601596,0.373846662643647,0.449208884463719,-1.03861014094896,-2.2368552000958,-1.09381606229601,0.0235477542069672
"36085017008",-0.018622054,-0.1833772,0.387,0.192068979,0.144208038,-0.00865943895275714,-0.190406794415319,0.334327080274825,0.184044221321695,0.143414427401479,-1.93009355211726,-2.42105483300724,-1.40284922080151,-0.39399172407131
"36085017009",-0.064445004,-0.367266342,0.489,0.288024454,0.494310999,-0.0559832265254948,-0.442024858285772,0.404798219120461,0.260843457857899,0.408334985401352,-1.46559869198631,-2.09074545486969,-1.15778516360349,-0.22604940097779
"36085017010",-0.083316498,0.041902418,0.308,0.379907199,0.440401506,-0.076143193504694,0.0506003514580443,0.276115436080316,0.329236981604479,0.371840418792218,-0.878105810789283,-2.00615582052253,-0.979239659702049,0.0539376484054012
"36085017011",-0.035018585,-0.115866449,0.307,0.290692425,0.315545244,-0.0253368697044248,-0.111900129059546,0.275356422761144,0.262896757283408,0.281823879698923,-1.42707074441227,-1.98522152852856,-1.03961949962283,-0.0899097213635203
"36085017012",-0.108012509,-0.064360634,0.463,0.195331847,0.5,-0.103154627086629,-0.0558940024861774,0.387301137480493,0.186754920730529,0.412109650826833,-1.0445076355385,-1.91455051470528,-0.993573780162813,-0.0725724267299177
"36085017300",-0.332144106,0.273430359,0.294,0.355333949,-0.016393443,-0.388820559355499,0.249536461189298,0.265436463504461,0.31139904999673,-0.00641396858959292,-1.68542830584122,-2.50984674406129,-1.37626274599979,-0.250666509690857
"36085017600",-0.00370387,0.048447521,0.648,0.369982377,0.389851485,0.00627639217811676,0.0568032317146893,0.505612056713103,0.322070728797717,0.336366148851247,-0.645058804635888,-1.660183137845,-0.705402893277288,0.220490401148582
"36085017700",-0.043610789,-0.041658254,0.341,0.431274647,0.459266802,-0.0341886159781442,-0.0321702106222835,0.300845058978062,0.365527893582403,0.384763502211782,-0.861361227317468,-1.47718911135539,-0.671776372587454,0.156436429787023
"36085018100",-0.089308742,-0.429948823,0.184,1.010971787,0.266832918,-0.0826305236829092,-0.54463894312736,0.17730901497041,0.703578478403212,0.24438272902267,-1.59101674721493,-1.81004835481752,-1.01104826779424,-0.218694462503965
"36085018701",-0.04167495,-0.037631393,0.676,0.404556029,1.002515723,-0.0321874526176901,-0.0280203211007994,0.522358859579664,0.346815721438072,0.69938554295087,0.159542287334017,-1.31975800699318,-0.444916297422255,0.445198628902003
"36085018702",-0.205762033,-0.065224394,0.096,0.385691224,0.152562574,-0.21786007474055,-0.0568078336533055,0.100749903100143,0.333389793628477,0.150626684127522,-1.85246385219483,-2.14969253345357,-1.22305993862211,-0.296009613005226
"36085018901",-0.224948347,0.199050293,0.3,0.161639448,0.475765306,-0.242005763364454,0.189835169609466,0.27002713721306,0.158404005599219,0.395929997079313,-0.971297698720557,-1.69517206544783,-0.72156826417915,0.241385990497698
"36085018902",-0.192029881,-0.243891407,0.05,0.192106038,0.749706228,-0.200929472386456,-0.266431352970903,0.0582689081239758,0.184075050192089,0.565146879208959,-1.44175088420966,-2.10230364148427,-1.0984084951794,-0.100300450265977
"36085019700",-0.012335629,0.01756027,0.662,0.554650539,0.73433584,-0.00233836083594523,0.0271873226023084,0.51402051466251,0.447662501293881,0.556373875755135,0.0599563167597562,-1.256299060549,-0.256296892843056,0.757479758292507
"36085019800",-0.012460649,-0.003897519,0.362,0.451707064,0.630829016,-0.00246368137217432,0.00608393627048588,0.316269529303693,0.379604974630447,0.495201611676231,-0.478463993294455,-1.51497781382987,-0.580786553500888,0.342705334767693
"36085020100",-0.254408077,-0.049522684,0.514,0.293468196,0.617610063,-0.28025383293018,-0.0403249139186238,0.421338457264455,0.265028555167792,0.487112719849313,-0.745753193309514,-1.45966843300415,-0.550296745279186,0.345767630868017
"36085020700",-0.678428341,0.110929701,-0.052,0.273096905,0.756923077,-1.10391132680419,0.114158431151262,-0.0429075010112765,0.249276612789046,0.569239659283005,-1.2812149425165,-1.9998890514622,-0.947560388393451,0.13514447563524
"36085020801",-0.038184677,0.049128329,0.3,0.390324489,0.800671892,-0.0285894894869784,0.0574462386921792,0.27002713721306,0.336703987622018,0.593697987445682,-0.300517222549219,-1.64334971111121,-0.630596755240272,0.375385110244142
"36085020803",-0.081520318,-0.151207451,0.674,0.430784844,0.478991597,-0.0742067810351587,-0.152227889074766,0.521171915820135,0.365187995668258,0.398099110301126,-0.751366122143425,-1.7913942711471,-0.739704439399291,0.329591842277272
"36085020804",-0.087151951,-0.090442811,0.101,0.33014165,0.438188494,-0.0802906853341219,-0.0838630411132728,0.105260510657493,0.292775317331246,0.370313460905805,-1.35643642192739,-1.9212212994862,-0.998624876783544,-0.0544501176732837
"36085021300",-0.462994051,0.123571507,0.462,0.219547536,0.404151404,-0.603295600933738,0.125373274110202,0.386622020306684,0.206646244797807,0.346529636706906,-1.12283543555975,-1.68404748511002,-0.756174769679475,0.177204310616172
"36085022300",-0.461662848,0.310484794,1.266,0.295196978,0.344224037,-0.600864940341285,0.277998937353648,0.822419516264084,0.266353970380379,0.303228623874957,-0.359650066029845,-1.56350223454411,-0.585645428311172,0.371420616276448
"36085022600",-0.046356444,-0.412197871,0.751,0.612340089,0.722222222,-0.0370338079346179,-0.514495467746872,0.565881829514069,0.483869606341375,0.549405105605178,-0.655792284629338,-1.67982286713903,-0.659129894585785,0.371092945196405
"36085023100",-0.616362201,-0.018199857,0.096,0.436922599,1.176151762,-0.932324084370297,-0.00823366074481917,0.100749903100143,0.369438955548318,0.782142811864247,-0.492942564554861,-1.57706264872412,-0.561225527051286,0.480184700250812
"36085023900",-0.539439224,0.338337144,1.754,0.194880809,0.27388535,-0.753830155078866,0.298872088043543,1.01667890590542,0.18638064835739,0.249890910003807,-0.414677984746198,-1.33088481027501,-0.440067440956584,0.440879011296488
"36085024401",-0.061511848,0.127730824,0.297,0.173813371,0.670072993,-0.052885980987141,0.129035773454846,0.267734434642085,0.16874089819296,0.518837240685607,-0.664527041763186,-1.67310945012978,-0.59083152969944,0.488427513288184
"36085024402",-0.030848932,-0.040727505,0.684,0.531436732,0.881751825,-0.0210693398779165,-0.0312094940339208,0.527092596229863,0.432714924361976,0.637503291307239,0.154721980384603,-1.33517442196264,-0.0922008966580457,1.10287983485817
"36085024700",-0.470391984,0.265494516,1.463,0.438845273,0.849030471,-0.616912299310397,0.24333395910009,0.905431988539279,0.370766875718386,0.620055099675443,0.629397415797229,-0.985794653826807,0.014106786906375,1.02448670834193
"36085024800",-0.011126345,-0.065675383,0.708,0.197168917,0.47375,-0.0011269798032459,-0.0572852980070511,0.541160823562064,0.188277880128088,0.394572666941741,-0.850383572168519,-1.99883721652075,-0.787056457956524,0.456565111546824
"36085025100",-0.100166708,0.37629194,0.197,0.53056322,0.992327366,-0.0944938918580012,0.326632513507926,0.188137942115395,0.432148076836348,0.694310187005695,0.371238213457266,-1.07176993447068,-0.195384722671554,0.681021464328397
"36085027301",-0.202131131,-0.137065604,0.313,0.212007796,0.819883041,-0.213355524473209,-0.135894873732593,0.279901885132819,0.200495240434454,0.604252052789011,-0.854249713929132,-1.63292192403109,-0.808816133642378,-0.00475531671841961
"36085027302",-0.10445746,-0.090216367,-0.041,0.304674272,0.891925466,-0.0992210231928757,-0.083616818120301,-0.0314906670913708,0.273588933045404,0.642866776183963,-0.900407200926448,-1.89509161220993,-0.943743979462982,0.00453460651391257
"36085027702",-0.127922319,0.033899148,0.237,0.448310863,0.373767258,-0.125475153157461,0.0429628832616513,0.220740666697899,0.377278822794189,0.324809676868988,-1.01657329354392,-1.9883343346522,-0.905390260912906,0.183604858855116
"36085027704",-0.050881503,-0.057116656,0.054,0.638927242,0.811794228,-0.0417406486454398,-0.0482627920545546,0.0620353909194527,0.500124920105552,0.599821855028461,-0.44109426616695,-1.68163745199124,-0.688781781278979,0.331898690354876
"36085027705",-0.120362927,0.015786793,-0.011,0.611650485,0.707446809,-0.116941682568176,0.0254599210607482,-0.00100050033358353,0.483444448502808,0.540838774620231,-0.614133291515679,-1.7883874784733,-0.717467693718878,0.353717946356353
"36085027706",-0.287823592,-0.044929443,0.071,0.509902913,0.799202128,-0.325485837523641,-0.035554064253824,0.0778865386570712,0.418646459791901,0.592885934831339,-0.677182936214006,-1.86332543018041,-0.809688002770499,0.267775431209713
"36085027900",-0.091918052,-0.518141068,0.416,0.437162819,0.377805486,-0.0854686243719389,-0.709563327180129,0.354873321992104,0.369604963088425,0.327723712494665,-1.9587053162649,-1.84038953392228,-1.03252736178148,-0.230314461258395
"36085029102",-0.179297333,-0.05466429,0.62,0.4459048,0.838974359,-0.185483349596942,-0.0456924714773664,0.488580014818671,0.375627563021442,0.614631084812889,-0.136231242176463,-1.51629836657348,-0.439621037765684,0.609139197291357
"36085029103",-0.085245342,-0.062668666,0.011,0.163261542,0.297845374,-0.0782268112452225,-0.0541063694810014,0.0207825391825284,0.159787513274514,0.268381030450662,-1.88258117397801,-2.31649962048411,-1.24895267160031,-0.199753350630935
"36085029104",-0.06313348,0.037097054,0.064,0.332391727,0.948621554,-0.0545971461000838,0.0460216248224585,0.071389996086673,0.294452893869145,0.672240937043351,-0.453611103604825,-1.50828354767648,-0.561825381074577,0.394427089022875
"36085030301",-0.387643892,0.112144021,0.712,0.343428342,0.62377451,-0.4742428291702,0.115241159825508,0.543486406005539,0.302640885929661,0.490892988139094,-0.376395377989072,-1.29549792039006,-0.3747898902146,0.542551157899195
"36085030302",-0.213824152,0.043577898,0.659,0.534192342,0.939497717,-0.227935202962921,0.0521918936262938,0.512224644679698,0.434501017678106,0.667571758370324,0.24587876521963,-1.24850903715174,-0.241835710369927,0.785290217267673
"36085031901",-0.309360374,0.234423136,0.667,0.298635278,0.103359173,-0.355761609726862,0.218672077961089,0.517006482841072,0.268984821671816,0.107381727332605,-1.19481161703255,-1.87942520165568,-0.84648445607307,0.184774256300301
"36085031902",-0.432998557,0.204330157,0.545,-0.116229245,0.687927107,-0.549910511610614,0.194192613653551,0.441475545631198,-0.112305962865932,0.529408158227997,-1.0027084880797,-1.93666511349156,-0.834796530526539,0.220718431915608
"36085032300",-0.317451118,-0.001076664,-0.253,0.390868322,0.856164384,-0.367376455686208,0.00888375830643754,-0.278392025544688,0.337092274358081,0.623885192864475,-1.13071556198397,-1.73493942578723,-0.777533375708045,0.191207371273952
