,GEOID,STATEFP10,COUNTYFP10,TRACTCE10,GEOID10,NAME10,NAMELSAD10,MTFCC10,FUNCSTAT10,ALAND10,AWATER10,INTPTLAT10,INTPTLON10,COUNTYFP,STATEFP,lat,lon,time,distance,Manual
366,36047004400,36,47,4400,36047004400,44,Census Tract 44,G5020,S,430932,813183,+40.6296061,-74.0413036,47,36,40.6296061,-74.0413036,3924,99794,Yes
368,36047004600,36,47,4600,36047004600,46,Census Tract 46,G5020,S,299874,511787,+40.6274603,-74.0417324,47,36,40.6274603,-74.0417324,4032,99315,Yes
358,36047003400,36,47,3400,36047003400,34,Census Tract 34,G5020,S,471406,2540722,+40.6371117,-74.0376784,47,36,40.6371117,-74.0376784,3780,43657.66667,Yes
371,36047005000,36,47,5000,36047005000,50,Census Tract 50,G5020,S,243589,522565,+40.6242660,-74.0420766,47,36,40.624266,-74.0420766,4500,47718.66667,Yes
374,36047005202,36,47,5202,36047005202,52.02,Census Tract 52.02,G5020,S,147984,419571,+40.6197601,-74.0414773,47,36,40.6197601,-74.0414773,4500,39953.66667,Yes
362,36047003800,36,47,3800,36047003800,38,Census Tract 38,G5020,S,130340,303655,+40.6348106,-74.0388187,47,36,40.6348106,-74.0388187,3780,34436.66667,Yes
2161,36085032300,36,85,32300,36085032300,323,Census Tract 323,G5020,S,3860467,461875,+40.6369269,-74.1761443,85,36,40.6369269,-74.1761443,11539,37499,No
378,36047005602,36,47,5602,36047005602,56.02,Census Tract 56.02,G5020,S,163472,336451,+40.6112789,-74.0373691,47,36,40.6112789,-74.0373691,3960,24290,Yes
2153,36085027900,36,85,27900,36085027900,279,Census Tract 279,G5020,S,5243634,177359,+40.5752205,-74.1552188,85,36,40.5752205,-74.1552188,6987.666667,33220.66667,No
2139,36085022800,36,85,22800,36085022800,228,Census Tract 228,G5020,S,9655150,1726022,+40.5752243,-74.1867415,85,36,40.5752243,-74.1867415,6934,43577.33333,No
2138,36085022600,36,85,22600,36085022600,226,Census Tract 226,G5020,S,8087269,2004477,+40.5395206,-74.2308124,85,36,40.5395206,-74.2308124,6875.333333,46122.33333,No
2143,36085024402,36,85,24402,36085024402,244.02,Census Tract 244.02,G5020,S,1997162,1908999,+40.4997874,-74.2384712,85,36,40.4997874,-74.2384712,6793.666667,42784.66667,No
896,36047070600,36,47,70600,36047070600,706,Census Tract 706,G5020,S,1650661,902713,+40.6125404,-73.8942552,47,36,40.6125404,-73.8942552,6686.666667,22448.66667,No
63,36005011000,36,5,11000,36005011000,110,Census Tract 110,G5020,S,2070298,482607,+40.8137194,-73.8321026,5,36,40.8137194,-73.8321026,6645.333333,27426,No
2124,36085018100,36,85,18100,36085018100,181,Census Tract 181,G5020,S,5207190,31116,+40.5923570,-74.1215027,85,36,40.592357,-74.1215027,6556,33648,No
2135,36085020804,36,85,20804,36085020804,208.04,Census Tract 208.04,G5020,S,1330623,0,+40.5358036,-74.199533,85,36,40.5358036,-74.199533,6532,40473,No
2154,36085029102,36,85,29102,36085029102,291.02,Census Tract 291.02,G5020,S,9231672,1628154,+40.6114884,-74.190594,85,36,40.6114884,-74.190594,6518.666667,38605.66667,No
373,36047005201,36,47,5201,36047005201,52.01,Census Tract 52.01,G5020,S,143458,182212,+40.6219461,-74.041916,47,36,40.6219461,-74.041916,6352,21372.66667,No
2043,36081155101,36,81,155101,36081155101,1551.01,Census Tract 1551.01,G5020,S,472584,0,+40.7565778,-73.7141781,81,36,40.7565778,-73.7141781,6292,31124.66667,No
2133,36085020801,36,85,20801,36085020801,208.01,Census Tract 208.01,G5020,S,2595974,7616,+40.5486557,-74.2095278,85,36,40.5486557,-74.2095278,6271.666667,39630,No
2142,36085024401,36,85,24401,36085024401,244.01,Census Tract 244.01,G5020,S,2101293,191619,+40.5086733,-74.2386183,85,36,40.5086733,-74.2386183,6222.666667,45828.33333,No
2134,36085020803,36,85,20803,36085020803,208.03,Census Tract 208.03,G5020,S,2098783,0,+40.5328202,-74.2106674,85,36,40.5328202,-74.2106674,6214,43719.66667,No
2130,36085019800,36,85,19800,36085019800,198,Census Tract 198,G5020,S,5815912,4306358,+40.5135721,-74.2021256,85,36,40.5135721,-74.2021256,6211,39338,No
2104,36085014606,36,85,14606,36085014606,146.06,Census Tract 146.06,G5020,S,1768230,707,+40.5594820,-74.1369438,85,36,40.559482,-74.1369438,6187.666667,31859.66667,No
337,36005050400,36,5,50400,36005050400,504,Census Tract 504,G5020,S,7228307,8936308,+40.8696967,-73.7956769,5,36,40.8696967,-73.7956769,6131,28717.66667,No
2117,36085017009,36,85,17009,36085017009,170.09,Census Tract 170.09,G5020,S,1074716,0,+40.5432028,-74.1898283,85,36,40.5432028,-74.1898283,6076.666667,42545.66667,No
2137,36085022300,36,85,22300,36085022300,223,Census Tract 223,G5020,S,774893,624613,+40.6376802,-74.1518916,85,36,40.6376802,-74.1518916,6014.333333,35785,No
2109,36085015400,36,85,15400,36085015400,154,Census Tract 154,G5020,S,2220157,2745195,+40.5467422,-74.1295666,85,36,40.5467422,-74.1295666,5999.333333,33139.66667,No
2040,36081150702,36,81,150702,36081150702,1507.02,Census Tract 1507.02,G5020,S,864043,0,+40.7664048,-73.7306657,81,36,40.7664048,-73.7306657,5819,30400.66667,No
2116,36085017008,36,85,17008,36085017008,170.08,Census Tract 170.08,G5020,S,1041746,0,+40.5559127,-74.1797504,85,36,40.5559127,-74.1797504,5805,42763,No
2118,36085017010,36,85,17010,36085017010,170.1,Census Tract 170.10,G5020,S,1109918,880,+40.5505833,-74.1969608,85,36,40.5505833,-74.1969608,5801,41371.66667,No
878,36047066600,36,47,66600,36047066600,666,Census Tract 666,G5020,S,4347976,5514889,+40.5850613,-73.9184685,47,36,40.5850613,-73.9184685,5772.666667,24023,No
2105,36085014607,36,85,14607,36085014607,146.07,Census Tract 146.07,G5020,S,678726,4752,+40.5565923,-74.1636338,85,36,40.5565923,-74.1636338,5768,37574.33333,No
2145,36085024800,36,85,24800,36085024800,248,Census Tract 248,G5020,S,1706853,657965,+40.5174917,-74.2434387,85,36,40.5174917,-74.2434387,5760.333333,41352,No
1924,36081092800,36,81,92800,36081092800,928,Census Tract 928,G5020,S,765421,907424,+40.5731798,-73.8518167,81,36,40.5731798,-73.8518167,5751.666667,29986.33333,No
1952,36081100801,36,81,100801,36081100801,1008.01,Census Tract 1008.01,G5020,S,649912,305437,+40.6109525,-73.7658259,81,36,40.6109525,-73.7658259,5709,36440.66667,No
2101,36085014100,36,85,14100,36085014100,141,Census Tract 141,G5020,S,312253,0,+40.6288689,-74.1268923,85,36,40.6288689,-74.1268923,5697.666667,32683.66667,No
2115,36085017007,36,85,17007,36085017007,170.07,Census Tract 170.07,G5020,S,1455811,1188,+40.5578718,-74.1890858,85,36,40.5578718,-74.1890858,5669.666667,42711.33333,No
1919,36081091602,36,81,91602,36081091602,916.02,Census Tract 916.02,G5020,S,1308581,1106523,+40.5599367,-73.8878455,81,36,40.5599367,-73.8878455,5646,26670.33333,No
1955,36081101002,36,81,101002,36081101002,1010.02,Census Tract 1010.02,G5020,S,556521,104858,+40.5987076,-73.7412734,81,36,40.5987076,-73.7412734,5633.666667,36576,No
2102,36085014604,36,85,14604,36085014604,146.04,Census Tract 146.04,G5020,S,1129003,0,+40.5500383,-74.1597547,85,36,40.5500383,-74.1597547,5632.666667,34197,No
1798,36081061602,36,81,61602,36081061602,616.02,Census Tract 616.02,G5020,S,422595,0,+40.6775611,-73.7292615,81,36,40.6775611,-73.7292615,5624.333333,29469.66667,No
1821,36081064600,36,81,64600,36081064600,646,Census Tract 646,G5020,S,402711,0,+40.6727909,-73.7423877,81,36,40.6727909,-73.7423877,5621,28191.66667,No
2114,36085017005,36,85,17005,36085017005,170.05,Census Tract 170.05,G5020,S,1497344,681,+40.5397084,-74.1801431,85,36,40.5397084,-74.1801431,5618.333333,35823.33333,No
2051,36081161700,36,81,161700,36081161700,1617,Census Tract 1617,G5020,S,706221,0,+40.7288060,-73.7176394,81,36,40.728806,-73.7176394,5611.333333,30866,No
1797,36081061601,36,81,61601,36081061601,616.01,Census Tract 616.01,G5020,S,376884,0,+40.6818804,-73.7318865,81,36,40.6818804,-73.7318865,5596,29221.33333,No
1770,36081058000,36,81,58000,36081058000,580,Census Tract 580,G5020,S,600415,0,+40.7071252,-73.7303611,81,36,40.7071252,-73.7303611,5590.666667,29680.33333,No
2106,36085014608,36,85,14608,36085014608,146.08,Census Tract 146.08,G5020,S,448627,0,+40.5584655,-74.1565181,85,36,40.5584655,-74.1565181,5577,33772.66667,No
2120,36085017012,36,85,17012,36085017012,170.12,Census Tract 170.12,G5020,S,1004264,0,+40.5529546,-74.1737881,85,36,40.5529546,-74.1737881,5567.666667,37424,No
1801,36081062000,36,81,62000,36081062000,620,Census Tract 620,G5020,S,215541,0,+40.6810535,-73.7378078,81,36,40.6810535,-73.7378078,5565,28365,No
1799,36081061800,36,81,61800,36081061800,618,Census Tract 618,G5020,S,242404,0,+40.6768927,-73.736406,81,36,40.6768927,-73.736406,5549.333333,28276.33333,No
1803,36081062200,36,81,62200,36081062200,622,Census Tract 622,G5020,S,438633,0,+40.6919457,-73.7288713,81,36,40.6919457,-73.7288713,5546.666667,28376,No
1832,36081066400,36,81,66400,36081066400,664,Census Tract 664,G5020,S,2740182,222809,+40.6474403,-73.7432528,81,36,40.6474403,-73.7432528,5535.666667,29596.33333,No
1967,36081109300,36,81,109300,36081109300,1093,Census Tract 1093,G5020,S,1122485,430977,+40.7755977,-73.770443,81,36,40.7755977,-73.770443,5535.333333,28245,No
2123,36085017700,36,85,17700,36085017700,177,Census Tract 177,G5020,S,3546588,2825,+40.6032644,-74.1052871,85,36,40.6032644,-74.1052871,5532,27130.33333,No
2048,36081157901,36,81,157901,36081157901,1579.01,Census Tract 1579.01,G5020,S,920048,0,+40.7447859,-73.7046085,81,36,40.7447859,-73.7046085,5531,29446.66667,No
1786,36081060000,36,81,60000,36081060000,600,Census Tract 600,G5020,S,176717,0,+40.6950630,-73.7333032,81,36,40.695063,-73.7333032,5523.333333,27820.66667,No
2074,36085006700,36,85,6700,36085006700,67,Census Tract 67,G5020,S,950757,1786,+40.6355428,-74.1012037,85,36,40.6355428,-74.1012037,5513.333333,33510.33333,No
1954,36081101001,36,81,101001,36081101001,1010.01,Census Tract 1010.01,G5020,S,791512,221715,+40.5968559,-73.750098,81,36,40.5968559,-73.750098,5512,36218.66667,No
2100,36085013800,36,85,13800,36085013800,138,Census Tract 138,G5020,S,1407425,0,+40.5704889,-74.1318817,85,36,40.5704889,-74.1318817,5502,30756.33333,No
2049,36081157902,36,81,157902,36081157902,1579.02,Census Tract 1579.02,G5020,S,722673,0,+40.7415842,-73.7119995,81,36,40.7415842,-73.7119995,5494,29673,No
2050,36081157903,36,81,157903,36081157903,1579.03,Census Tract 1579.03,G5020,S,687516,0,+40.7338257,-73.7075324,81,36,40.7338257,-73.7075324,5488,31529,No
2082,36085009700,36,85,9700,36085009700,97,Census Tract 97,G5020,S,1150436,419773,+40.6428531,-74.1111469,85,36,40.6428531,-74.1111469,5476.666667,31437,No
2046,36081157101,36,81,157101,36081157101,1571.01,Census Tract 1571.01,G5020,S,1243327,0,+40.7385627,-73.7196291,81,36,40.7385627,-73.7196291,5474.333333,30488,No
1783,36081059600,36,81,59600,36081059600,596,Census Tract 596,G5020,S,194550,0,+40.6971372,-73.7370565,81,36,40.6971372,-73.7370565,5453.666667,29042.33333,No
2159,36085031901,36,85,31901,36085031901,319.01,Census Tract 319.01,G5020,S,388050,0,+40.6303035,-74.1633211,85,36,40.6303035,-74.1633211,5447,36029.33333,No
2103,36085014605,36,85,14605,36085014605,146.05,Census Tract 146.05,G5020,S,875809,6852,+40.5588899,-74.1495429,85,36,40.5588899,-74.1495429,5442.666667,33748.66667,No
1781,36081059400,36,81,59400,36081059400,594,Census Tract 594,G5020,S,222046,0,+40.6984691,-73.7311844,81,36,40.6984691,-73.7311844,5415,28114.66667,No
2122,36085017600,36,85,17600,36085017600,176,Census Tract 176,G5020,S,3407728,2019523,+40.5252020,-74.1711353,85,36,40.525202,-74.1711353,5402.333333,35498.66667,No
602,36047031400,36,47,31400,36047031400,314,Census Tract 314,G5020,S,870179,391453,+40.5845064,-73.9941004,47,36,40.5845064,-73.9941004,5395.333333,24405.66667,No
79,36005013800,36,5,13800,36005013800,138,Census Tract 138,G5020,S,759687,3434418,+40.8161460,-73.7980703,5,36,40.816146,-73.7980703,5394,27095,No
1843,36081069000,36,81,69000,36081069000,690,Census Tract 690,G5020,S,351305,0,+40.6603597,-73.7554396,81,36,40.6603597,-73.7554396,5393,27799.66667,No
1789,36081060600,36,81,60600,36081060600,606,Census Tract 606,G5020,S,215296,0,+40.6917471,-73.7353308,81,36,40.6917471,-73.7353308,5389.666667,27958.66667,No
2119,36085017011,36,85,17011,36085017011,170.11,Census Tract 170.11,G5020,S,719395,0,+40.5456376,-74.1702297,85,36,40.5456376,-74.1702297,5383.333333,35656.33333,No
1796,36081061400,36,81,61400,36081061400,614,Census Tract 614,G5020,S,258332,0,+40.6861133,-73.7295033,81,36,40.6861133,-73.7295033,5378,28571.66667,No
2083,36085010500,36,85,10500,36085010500,105,Census Tract 105,G5020,S,816702,0,+40.6337990,-74.1118714,85,36,40.633799,-74.1118714,5373,29158.33333,No
2098,36085013302,36,85,13302,36085013302,133.02,Census Tract 133.02,G5020,S,847780,0,+40.6358896,-74.1235018,85,36,40.6358896,-74.1235018,5372.333333,29575.33333,No
2044,36081155102,36,81,155102,36081155102,1551.02,Census Tract 1551.02,G5020,S,1436110,0,+40.7511253,-73.7153522,81,36,40.7511253,-73.7153522,5369.666667,29627.33333,No
1948,36081099705,36,81,99705,36081099705,997.05,Census Tract 997.05,G5020,S,428497,4569657,+40.7900227,-73.7822043,81,36,40.7900227,-73.7822043,5358.333333,27230.66667,No
1926,36081093401,36,81,93401,36081093401,934.01,Census Tract 934.01,G5020,S,537793,523607,+40.5813729,-73.8465839,81,36,40.5813729,-73.8465839,5355,33524.66667,No
1941,36081098100,36,81,98100,36081098100,981,Census Tract 981,G5020,S,641303,864414,+40.7983102,-73.8161019,81,36,40.7983102,-73.8161019,5354.333333,23214.66667,No
2019,36081137700,36,81,137700,36081137700,1377,Census Tract 1377,G5020,S,748802,0,+40.7471224,-73.7500051,81,36,40.7471224,-73.7500051,5349.666667,28613,No
1942,36081098700,36,81,98700,36081098700,987,Census Tract 987,G5020,S,654628,698671,+40.7952196,-73.8076674,81,36,40.7952196,-73.8076674,5343.333333,23394,No
1951,36081099900,36,81,99900,36081099900,999,Census Tract 999,G5020,S,636668,0,+40.7917856,-73.7768669,81,36,40.7917856,-73.7768669,5341.666667,25996.33333,No
1772,36081058200,36,81,58200,36081058200,582,Census Tract 582,G5020,S,563649,0,+40.7069890,-73.7375538,81,36,40.706989,-73.7375538,5337.333333,28597.66667,No
1616,36081033000,36,81,33000,36081033000,330,Census Tract 330,G5020,S,819679,0,+40.6701389,-73.763725,81,36,40.6701389,-73.763725,5337,29000,No
1627,36081035800,36,81,35800,36081035800,358,Census Tract 358,G5020,S,521807,0,+40.6757929,-73.7509687,81,36,40.6757929,-73.7509687,5336.666667,27257.66667,No
1805,36081062400,36,81,62400,36081062400,624,Census Tract 624,G5020,S,515392,0,+40.6857947,-73.7420336,81,36,40.6857947,-73.7420336,5336,28220,No
1810,36081063000,36,81,63000,36081063000,630,Census Tract 630,G5020,S,191171,0,+40.6802934,-73.7435717,81,36,40.6802934,-73.7435717,5328.666667,27729.66667,No
1922,36081092200,36,81,92200,36081092200,922,Census Tract 922,G5020,S,675415,667558,+40.5732483,-73.8597894,81,36,40.5732483,-73.8597894,5324,29173.33333,No
2132,36085020700,36,85,20700,36085020700,207,Census Tract 207,G5020,S,957298,527647,+40.6396581,-74.1330222,85,36,40.6396581,-74.1330222,5316,32329.66667,No
1807,36081062600,36,81,62600,36081062600,626,Census Tract 626,G5020,S,432727,0,+40.6819819,-73.7481273,81,36,40.6819819,-73.7481273,5309.333333,27268.66667,No
2131,36085020100,36,85,20100,36085020100,201,Census Tract 201,G5020,S,628176,0,+40.6240387,-74.1342647,85,36,40.6240387,-74.1342647,5306.333333,30707.33333,No
1779,36081059200,36,81,59200,36081059200,592,Census Tract 592,G5020,S,282606,0,+40.7009872,-73.7290074,81,36,40.7009872,-73.7290074,5285,27959.66667,No
1845,36081069400,36,81,69400,36081069400,694,Census Tract 694,G5020,S,521733,10940,+40.6559253,-73.7500615,81,36,40.6559253,-73.7500615,5283.666667,29028.66667,No
1784,36081059800,36,81,59800,36081059800,598,Census Tract 598,G5020,S,206472,0,+40.6982947,-73.7406666,81,36,40.6982947,-73.7406666,5281.333333,28725.66667,No
1777,36081059000,36,81,59000,36081059000,590,Census Tract 590,G5020,S,158599,0,+40.7012577,-73.7369979,81,36,40.7012577,-73.7369979,5280.333333,28888,No
227,36005031900,36,5,31900,36005031900,319,Census Tract 319,G5020,S,213079,201583,+40.9138727,-73.9111066,5,36,40.9138727,-73.9111066,5278.666667,25164.33333,No
1791,36081060800,36,81,60800,36081060800,608,Census Tract 608,G5020,S,211446,0,+40.6936037,-73.7413143,81,36,40.6936037,-73.7413143,5264.333333,28916.33333,No
1743,36081053800,36,81,53800,36081053800,538,Census Tract 538,G5020,S,189270,0,+40.7064706,-73.7425265,81,36,40.7064706,-73.7425265,5259,28456.33333,No
2078,36085007700,36,85,7700,36085007700,77,Census Tract 77,G5020,S,248536,0,+40.6378663,-74.0902676,85,36,40.6378663,-74.0902676,5259,25173.33333,No
1920,36081091800,36,81,91800,36081091800,918,Census Tract 918,G5020,S,1227334,2174775,+40.5671296,-73.8742556,81,36,40.5671296,-73.8742556,5251.333333,28027,No
2047,36081157102,36,81,157102,36081157102,1571.02,Census Tract 1571.02,G5020,S,312372,0,+40.7350618,-73.725049,81,36,40.7350618,-73.725049,5250,29772,No
1793,36081061200,36,81,61200,36081061200,612,Census Tract 612,G5020,S,262494,0,+40.6882912,-73.7367254,81,36,40.6882912,-73.7367254,5241.666667,27940,No
1927,36081093402,36,81,93402,36081093402,934.02,Census Tract 934.02,G5020,S,385885,476677,+40.5757560,-73.8404911,81,36,40.575756,-73.8404911,5240,33433.66667,No
2020,36081138501,36,81,138501,36081138501,1385.01,Census Tract 1385.01,G5020,S,992651,49212,+40.7554790,-73.7573314,81,36,40.755479,-73.7573314,5230,26312.66667,No
1968,36081109700,36,81,109700,36081109700,1097,Census Tract 1097,G5020,S,441416,0,+40.7703507,-73.7772746,81,36,40.7703507,-73.7772746,5226.666667,23386.66667,No
1614,36081032800,36,81,32800,36081032800,328,Census Tract 328,G5020,S,367503,0,+40.6718421,-73.755681,81,36,40.6718421,-73.755681,5221.666667,27600.66667,No
1742,36081053601,36,81,53601,36081053601,536.01,Census Tract 536.01,G5020,S,190875,0,+40.7067119,-73.7458711,81,36,40.7067119,-73.7458711,5220.333333,28668.33333,No
2108,36085015100,36,85,15100,36085015100,151,Census Tract 151,G5020,S,1004257,0,+40.6195337,-74.1275925,85,36,40.6195337,-74.1275925,5217.333333,29867.33333,No
2036,36081147100,36,81,147100,36081147100,1471,Census Tract 1471,G5020,S,419405,0,+40.7614729,-73.7634658,81,36,40.7614729,-73.7634658,5212.333333,23314.66667,No
2147,36085027301,36,85,27301,36085027301,273.01,Census Tract 273.01,G5020,S,3039399,2518,+40.6000805,-74.152872,85,36,40.6000805,-74.152872,5209.666667,31274.66667,No
1811,36081063200,36,81,63200,36081063200,632,Census Tract 632,G5020,S,296579,0,+40.6765190,-73.7405119,81,36,40.676519,-73.7405119,5209,27812,No
1950,36081099802,36,81,99802,36081099802,998.02,Census Tract 998.02,G5020,S,479595,644044,+40.5915476,-73.7578825,81,36,40.5915476,-73.7578825,5208,35241.66667,No
1829,36081066000,36,81,66000,36081066000,660,Census Tract 660,G5020,S,387323,0,+40.6585725,-73.7333705,81,36,40.6585725,-73.7333705,5195,29533.66667,No
2160,36085031902,36,85,31902,36085031902,319.02,Census Tract 319.02,G5020,S,690533,302276,+40.6397947,-74.1657452,85,36,40.6397947,-74.1657452,5188,34306,No
2018,36081136700,36,81,136700,36081136700,1367,Census Tract 1367,G5020,S,770207,0,+40.7441935,-73.7603456,81,36,40.7441935,-73.7603456,5186,28491,No
2097,36085013301,36,85,13301,36085013301,133.01,Census Tract 133.01,G5020,S,67337,0,+40.6355984,-74.1189103,85,36,40.6355984,-74.1189103,5179.333333,28835,No
2150,36085027704,36,85,27704,36085027704,277.04,Census Tract 277.04,G5020,S,528021,0,+40.5854221,-74.1515104,85,36,40.5854221,-74.1515104,5178.666667,33426,No
2107,36085014700,36,85,14700,36085014700,147,Census Tract 147,G5020,S,1667863,4948,+40.6180102,-74.112182,85,36,40.6180102,-74.112182,5177,29688,No
1959,36081103202,36,81,103202,36081103202,1032.02,Census Tract 1032.02,G5020,S,709439,0,+40.6066405,-73.7475182,81,36,40.6066405,-73.7475182,5170,35822.66667,No
1745,36081054000,36,81,54000,36081054000,540,Census Tract 540,G5020,S,523521,0,+40.7127994,-73.7432271,81,36,40.7127994,-73.7432271,5162.666667,28085.66667,No
1041,36047107000,36,47,107000,36047107000,1070,Census Tract 1070,G5020,S,3013938,1004292,+40.6487051,-73.8640437,47,36,40.6487051,-73.8640437,5152.666667,21117,No
2072,36085005900,36,85,5900,36085005900,59,Census Tract 59,G5020,S,1386622,6193,+40.6284943,-74.098532,85,36,40.6284943,-74.098532,5151.666667,27774.66667,No
1762,36081056200,36,81,56200,36081056200,562,Census Tract 562,G5020,S,159942,0,+40.7246401,-73.7331833,81,36,40.7246401,-73.7331833,5143.666667,28889.66667,No
2042,36081152902,36,81,152902,36081152902,1529.02,Census Tract 1529.02,G5020,S,1039176,0,+40.7593014,-73.7239523,81,36,40.7593014,-73.7239523,5143.333333,31065.33333,No
1612,36081032000,36,81,32000,36081032000,320,Census Tract 320,G5020,S,1032807,22452,+40.6612148,-73.7652124,81,36,40.6612148,-73.7652124,5138,27014.66667,No
2112,36085015603,36,85,15603,36085015603,156.03,Census Tract 156.03,G5020,S,1047109,2592918,+40.5328480,-74.1511007,85,36,40.532848,-74.1511007,5136,33914.66667,No
1933,36081094500,36,81,94500,36081094500,945,Census Tract 945,G5020,S,1531471,863922,+40.7899730,-73.8315285,81,36,40.789973,-73.8315285,5133.333333,23269.33333,No
1957,36081102900,36,81,102900,36081102900,1029,Census Tract 1029,G5020,S,498865,0,+40.7839152,-73.80737,81,36,40.7839152,-73.80737,5128.333333,23477.33333,No
2110,36085015601,36,85,15601,36085015601,156.01,Census Tract 156.01,G5020,S,1429952,0,+40.5421524,-74.1545777,85,36,40.5421524,-74.1545777,5126.666667,33678.66667,No
221,36005030900,36,5,30900,36005030900,309,Census Tract 309,G5020,S,1373718,2151862,+40.8986778,-73.9151742,5,36,40.8986778,-73.9151742,5115.333333,23517.66667,No
2009,36081128300,36,81,128300,36081128300,1283,Census Tract 1283,G5020,S,1977352,0,+40.7339553,-73.7688471,81,36,40.7339553,-73.7688471,5114.333333,27545.33333,No
1618,36081033401,36,81,33401,36081033401,334.01,Census Tract 334.01,G5020,S,560704,0,+40.6791766,-73.767437,81,36,40.6791766,-73.767437,5108,27216.66667,No
1643,36081038400,36,81,38400,36081038400,384,Census Tract 384,G5020,S,297431,0,+40.6933425,-73.7476396,81,36,40.6933425,-73.7476396,5104.666667,28842.33333,No
1724,36081051200,36,81,51200,36081051200,512,Census Tract 512,G5020,S,375794,0,+40.7104101,-73.7501194,81,36,40.7104101,-73.7501194,5102.333333,27830,No
2111,36085015602,36,85,15602,36085015602,156.02,Census Tract 156.02,G5020,S,881072,0,+40.5360199,-74.1618034,85,36,40.5360199,-74.1618034,5093.333333,34590.66667,No
2077,36085007500,36,85,7500,36085007500,75,Census Tract 75,G5020,S,480637,0,+40.6335987,-74.0909457,85,36,40.6335987,-74.0909457,5090.333333,30745,No
1765,36081056600,36,81,56600,36081056600,566,Census Tract 566,G5020,S,194167,0,+40.7197388,-73.7384041,81,36,40.7197388,-73.7384041,5087,29271.66667,No
2013,36081130100,36,81,130100,36081130100,1301,Census Tract 1301,G5020,S,700893,0,+40.7335000,-73.739776,81,36,40.7335,-73.739776,5084.333333,28106.66667,No
1943,36081099100,36,81,99100,36081099100,991,Census Tract 991,G5020,S,1086845,402551,+40.7919724,-73.7988186,81,36,40.7919724,-73.7988186,5083,24785.66667,No
2088,36085012100,36,85,12100,36085012100,121,Census Tract 121,G5020,S,741916,0,+40.6258790,-74.1096439,85,36,40.625879,-74.1096439,5067.666667,27401.33333,No
1792,36081061000,36,81,61000,36081061000,610,Census Tract 610,G5020,S,237266,0,+40.6901773,-73.7432572,81,36,40.6901773,-73.7432572,5064.666667,29241.66667,No
1366,36061027500,36,61,27500,36061027500,275,Census Tract 275,G5020,S,294306,833907,+40.8542596,-73.941482,61,36,40.8542596,-73.941482,5058.666667,18975.66667,No
2011,36081129103,36,81,129103,36081129103,1291.03,Census Tract 1291.03,G5020,S,456143,0,+40.7367166,-73.759684,81,36,40.7367166,-73.759684,5054,25027.66667,No
1839,36081068000,36,81,68000,36081068000,680,Census Tract 680,G5020,S,769238,0,+40.6637001,-73.7501194,81,36,40.6637001,-73.7501194,5051.666667,28660.33333,No
2052,36081162100,36,81,162100,36081162100,1621,Census Tract 1621,G5020,S,711104,0,+40.7284598,-73.7296981,81,36,40.7284598,-73.7296981,5050.333333,29117.33333,No
338,36005051600,36,5,51600,36005051600,516,Census Tract 516,G5020,S,1633203,7754651,+40.8387492,-73.782422,5,36,40.8387492,-73.782422,5048,27996,No
2092,36085012805,36,85,12805,36085012805,128.05,Census Tract 128.05,G5020,S,1007288,344534,+40.5525534,-74.1147336,85,36,40.5525534,-74.1147336,5045.333333,30274.33333,No
618,36047033600,36,47,33600,36047033600,336,Census Tract 336,G5020,S,677706,1096302,+40.5759939,-74.0085888,47,36,40.5759939,-74.0085888,5040.666667,25330.66667,No
2068,36085003900,36,85,3900,36085003900,39,Census Tract 39,G5020,S,582557,506,+40.6213704,-74.0922313,85,36,40.6213704,-74.0922313,5033.666667,16957.66667,No
2022,36081139900,36,81,139900,36081139900,1399,Census Tract 1399,G5020,S,363264,0,+40.7498759,-73.762449,81,36,40.7498759,-73.762449,5022,27258.66667,No
2021,36081138502,36,81,138502,36081138502,1385.02,Census Tract 1385.02,G5020,S,2312852,108440,+40.7519920,-73.7458905,81,36,40.751992,-73.7458905,5018,29010,No
1740,36081053401,36,81,53401,36081053401,534.01,Census Tract 534.01,G5020,S,259746,0,+40.6998219,-73.7441554,81,36,40.6998219,-73.7441554,5017.333333,27333,No
2023,36081140300,36,81,140300,36081140300,1403,Census Tract 1403,G5020,S,379893,0,+40.7481453,-73.7696481,81,36,40.7481453,-73.7696481,5015,26622.66667,No
2026,36081141700,36,81,141700,36081141700,1417,Census Tract 1417,G5020,S,896806,0,+40.7447946,-73.791683,81,36,40.7447946,-73.791683,5008.333333,25222.33333,No
1637,36081037600,36,81,37600,36081037600,376,Census Tract 376,G5020,S,764365,0,+40.6878328,-73.7541429,81,36,40.6878328,-73.7541429,5004.666667,27187,No
2041,36081152901,36,81,152901,36081152901,1529.01,Census Tract 1529.01,G5020,S,1405700,0,+40.7523114,-73.7336379,81,36,40.7523114,-73.7336379,5004.666667,30504.66667,No
1929,36081093900,36,81,93900,36081093900,939,Census Tract 939,G5020,S,649201,820363,+40.7947752,-73.8402744,81,36,40.7947752,-73.8402744,5002,22482.33333,No
894,36047070201,36,47,70201,36047070201,702.01,Census Tract 702.01,G5020,S,1074076,177944,+40.6089645,-73.9081434,47,36,40.6089645,-73.9081434,5000.666667,21711.66667,No
66,36005011800,36,5,11800,36005011800,118,Census Tract 118,G5020,S,1081366,2969615,+40.8082956,-73.7984474,5,36,40.8082956,-73.7984474,5000,25552.66667,No
1763,36081056400,36,81,56400,36081056400,564,Census Tract 564,G5020,S,188454,0,+40.7215621,-73.7333773,81,36,40.7215621,-73.7333773,4999,29110.66667,No
2093,36085012806,36,85,12806,36085012806,128.06,Census Tract 128.06,G5020,S,1319470,580175,+40.5576710,-74.1076715,85,36,40.557671,-74.1076715,4999,29692.33333,No
1758,36081055800,36,81,55800,36081055800,558,Census Tract 558,G5020,S,192774,0,+40.7225352,-73.7416982,81,36,40.7225352,-73.7416982,4998.333333,28546.66667,No
1938,36081097203,36,81,97203,36081097203,972.03,Census Tract 972.03,G5020,S,1507541,828212,+40.6039733,-73.7803776,81,36,40.6039733,-73.7803776,4996,33029,No
2079,36085008100,36,85,8100,36085008100,81,Census Tract 81,G5020,S,820533,208775,+40.6440923,-74.0941085,85,36,40.6440923,-74.0941085,4995,22752.33333,No
1619,36081033402,36,81,33402,36081033402,334.02,Census Tract 334.02,G5020,S,757762,0,+40.6752752,-73.7718091,81,36,40.6752752,-73.7718091,4993,25707.66667,No
2066,36085003300,36,85,3300,36085003300,33,Census Tract 33,G5020,S,854273,0,+40.6256016,-74.0866107,85,36,40.6256016,-74.0866107,4993,20701.33333,No
1940,36081097300,36,81,97300,36081097300,973,Census Tract 973,G5020,S,519543,169678,+40.7949673,-73.823537,81,36,40.7949673,-73.823537,4989.333333,23951,No
2144,36085024700,36,85,24700,36085024700,247,Census Tract 247,G5020,S,484233,0,+40.6275086,-74.1417975,85,36,40.6275086,-74.1417975,4985,32930,No
1958,36081103201,36,81,103201,36081103201,1032.01,Census Tract 1032.01,G5020,S,409191,24134,+40.6089555,-73.7554305,81,36,40.6089555,-73.7554305,4984,34857,No
1760,36081056000,36,81,56000,36081056000,560,Census Tract 560,G5020,S,214476,0,+40.7254454,-73.7365487,81,36,40.7254454,-73.7365487,4978,28431,No
1944,36081099200,36,81,99200,36081099200,992,Census Tract 992,G5020,S,596472,309529,+40.5938729,-73.7677462,81,36,40.5938729,-73.7677462,4973,33621,No
2030,36081144700,36,81,144700,36081144700,1447,Census Tract 1447,G5020,S,410215,0,+40.7568683,-73.7724262,81,36,40.7568683,-73.7724262,4972.666667,23220,No
2136,36085021300,36,85,21300,36085021300,213,Census Tract 213,G5020,S,784579,0,+40.6326156,-74.138903,85,36,40.6326156,-74.138903,4972.333333,32905.66667,No
2028,36081143500,36,81,143500,36081143500,1435,Census Tract 1435,G5020,S,353361,0,+40.7529288,-73.7702227,81,36,40.7529288,-73.7702227,4971.666667,23149.66667,No
2125,36085018701,36,85,18701,36085018701,187.01,Census Tract 187.01,G5020,S,381864,0,+40.6107619,-74.1272858,85,36,40.6107619,-74.1272858,4968.666667,29843,No
2090,36085012500,36,85,12500,36085012500,125,Census Tract 125,G5020,S,457744,0,+40.6287073,-74.1188592,85,36,40.6287073,-74.1188592,4963.333333,28101.33333,No
2127,36085018901,36,85,18901,36085018901,189.01,Census Tract 189.01,G5020,S,1086481,0,+40.6120915,-74.1399974,85,36,40.6120915,-74.1399974,4961.666667,29853.33333,No
1916,36081089200,36,81,89200,36081089200,892,Census Tract 892,G5020,S,2851805,536364,+40.6522124,-73.8473336,81,36,40.6522124,-73.8473336,4961,24723.66667,No
1721,36081050800,36,81,50800,36081050800,508,Census Tract 508,G5020,S,219531,0,+40.7069840,-73.7554219,81,36,40.706984,-73.7554219,4960.666667,26964.66667,No
1966,36081108500,36,81,108500,36081108500,1085,Census Tract 1085,G5020,S,451200,0,+40.7724639,-73.7890027,81,36,40.7724639,-73.7890027,4955,22560.66667,No
1946,36081099703,36,81,99703,36081099703,997.03,Census Tract 997.03,G5020,S,641586,0,+40.7831170,-73.7745374,81,36,40.783117,-73.7745374,4953.666667,27681.33333,No
2095,36085013203,36,85,13203,36085013203,132.03,Census Tract 132.03,G5020,S,1027706,5154,+40.5497308,-74.1425358,85,36,40.5497308,-74.1425358,4952.333333,32556.33333,No
2029,36081144100,36,81,144100,36081144100,1441,Census Tract 1441,G5020,S,338279,0,+40.7556569,-73.7637983,81,36,40.7556569,-73.7637983,4950,23647.66667,No
2045,36081156700,36,81,156700,36081156700,1567,Census Tract 1567,G5020,S,1420464,0,+40.7403748,-73.7297126,81,36,40.7403748,-73.7297126,4949.666667,27027,No
2024,36081140901,36,81,140901,36081140901,1409.01,Census Tract 1409.01,G5020,S,240263,0,+40.7465273,-73.7749327,81,36,40.7465273,-73.7749327,4949.333333,24115,No
2039,36081150701,36,81,150701,36081150701,1507.01,Census Tract 1507.01,G5020,S,876684,0,+40.7621829,-73.7396913,81,36,40.7621829,-73.7396913,4942.666667,28232.33333,No
2025,36081140902,36,81,140902,36081140902,1409.02,Census Tract 1409.02,G5020,S,546980,0,+40.7448571,-73.7821667,81,36,40.7448571,-73.7821667,4937.666667,23691,No
2128,36085018902,36,85,18902,36085018902,189.02,Census Tract 189.02,G5020,S,794207,0,+40.6052394,-74.1380413,85,36,40.6052394,-74.1380413,4932.666667,29804,No
2034,36081146300,36,81,146300,36081146300,1463,Census Tract 1463,G5020,S,326076,0,+40.7594706,-73.7810828,81,36,40.7594706,-73.7810828,4923,24656.66667,No
2012,36081129104,36,81,129104,36081129104,1291.04,Census Tract 1291.04,G5020,S,699684,0,+40.7380984,-73.7501561,81,36,40.7380984,-73.7501561,4922,25581,No
2075,36085007000,36,85,7000,36085007000,70,Census Tract 70,G5020,S,2729761,778364,+40.5853447,-74.0800649,85,36,40.5853447,-74.0800649,4911.666667,28719.66667,No
1932,36081094203,36,81,94203,36081094203,942.03,Census Tract 942.03,G5020,S,474960,1076067,+40.5846503,-73.8113034,81,36,40.5846503,-73.8113034,4904,30611,No
1624,36081035200,36,81,35200,36081035200,352,Census Tract 352,G5020,S,607681,0,+40.6794884,-73.7576222,81,36,40.6794884,-73.7576222,4900.666667,27127,No
2033,36081145900,36,81,145900,36081145900,1459,Census Tract 1459,G5020,S,370275,0,+40.7542208,-73.7919633,81,36,40.7542208,-73.7919633,4881,25210.66667,No
1928,36081093800,36,81,93800,36081093800,938,Census Tract 938,G5020,S,829341,1287765,+40.5797628,-73.8293271,81,36,40.5797628,-73.8293271,4874,31588,No
1754,36081055400,36,81,55400,36081055400,554,Census Tract 554,G5020,S,220489,0,+40.7277960,-73.740167,81,36,40.727796,-73.740167,4871.333333,27573,No
1739,36081053200,36,81,53200,36081053200,532,Census Tract 532,G5020,S,189803,0,+40.7001025,-73.749092,81,36,40.7001025,-73.749092,4865,27000,No
1644,36081039400,36,81,39400,36081039400,394,Census Tract 394,G5020,S,347184,0,+40.6896366,-73.7587815,81,36,40.6896366,-73.7587815,4863,26715.33333,No
2031,36081145101,36,81,145101,36081145101,1451.01,Census Tract 1451.01,G5020,S,251956,0,+40.7551381,-73.7846965,81,36,40.7551381,-73.7846965,4845.333333,21924,No
1607,36081030600,36,81,30600,36081030600,306,Census Tract 306,G5020,S,1338617,0,+40.6649039,-73.7803646,81,36,40.6649039,-73.7803646,4832.333333,25267,No
2017,36081134700,36,81,134700,36081134700,1347,Census Tract 1347,G5020,S,1063933,0,+40.7379085,-73.7811206,81,36,40.7379085,-73.7811206,4832,26341,No
1969,36081109900,36,81,109900,36081109900,1099,Census Tract 1099,G5020,S,383218,0,+40.7679507,-73.7864663,81,36,40.7679507,-73.7864663,4826.333333,22063,No
2091,36085012804,36,85,12804,36085012804,128.04,Census Tract 128.04,G5020,S,897167,342723,+40.5626143,-74.1008025,85,36,40.5626143,-74.1008025,4826.333333,29435,No
452,36047015400,36,47,15400,36047015400,154,Census Tract 154,G5020,S,920671,0,+40.6111832,-74.018907,47,36,40.6111832,-74.018907,4819.333333,19347,No
1953,36081100802,36,81,100802,36081100802,1008.02,Census Tract 1008.02,G5020,S,1007692,184457,+40.6027274,-73.7643804,81,36,40.6027274,-73.7643804,4808,34094,No
1888,36081079300,36,81,79300,36081079300,793,Census Tract 793,G5020,S,865247,0,+40.7363734,-73.8314717,81,36,40.7363734,-73.8314717,4799,21825.33333,No
2085,36085011202,36,85,11202,36085011202,112.02,Census Tract 112.02,G5020,S,1982471,736256,+40.5694810,-74.0945098,85,36,40.569481,-74.0945098,4797.333333,28423,No
1697,36081047600,36,81,47600,36081047600,476,Census Tract 476,G5020,S,544045,0,+40.7224762,-73.7712113,81,36,40.7224762,-73.7712113,4791.666667,26803.33333,No
895,36047070202,36,47,70202,36047070202,702.02,Census Tract 702.02,G5020,S,5210763,1677452,+40.5913868,-73.8901359,47,36,40.5913868,-73.8901359,4787,22121.66667,No
1986,36081118100,36,81,118100,36081118100,1181,Census Tract 1181,G5020,S,195225,0,+40.7594996,-73.7873594,81,36,40.7594996,-73.7873594,4781.333333,24224.33333,No
1737,36081053000,36,81,53000,36081053000,530,Census Tract 530,G5020,S,230158,0,+40.6963382,-73.7525403,81,36,40.6963382,-73.7525403,4780.333333,26151.33333,No
1722,36081051000,36,81,51000,36081051000,510,Census Tract 510,G5020,S,184889,0,+40.7097117,-73.7537153,81,36,40.7097117,-73.7537153,4777,26329,No
94,36005016000,36,5,16000,36005016000,160,Census Tract 160,G5020,S,494420,2614648,+40.8285742,-73.8135768,5,36,40.8285742,-73.8135768,4769.333333,25998.33333,No
1746,36081054200,36,81,54200,36081054200,542,Census Tract 542,G5020,S,541610,0,+40.7190754,-73.7464909,81,36,40.7190754,-73.7464909,4767,27193.66667,No
2032,36081145102,36,81,145102,36081145102,1451.02,Census Tract 1451.02,G5020,S,350421,0,+40.7532399,-73.7780994,81,36,40.7532399,-73.7780994,4767,22298,No
325,36005044400,36,5,44400,36005044400,444,Census Tract 444,G5020,S,365065,0,+40.8995005,-73.8437344,5,36,40.8995005,-73.8437344,4766.333333,25742.33333,No
1756,36081055600,36,81,55600,36081055600,556,Census Tract 556,G5020,S,226903,0,+40.7255507,-73.7450034,81,36,40.7255507,-73.7450034,4766.333333,27515,No
200,36005027402,36,5,27402,36005027402,274.02,Census Tract 274.02,G5020,S,486674,724651,+40.8449351,-73.8153565,5,36,40.8449351,-73.8153565,4766,23505,No
1949,36081099801,36,81,99801,36081099801,998.01,Census Tract 998.01,G5020,S,458753,0,+40.5980924,-73.7575813,81,36,40.5980924,-73.7575813,4762,34004,No
2054,36085000600,36,85,600,36085000600,6,Census Tract 6,G5020,S,1046778,1757917,+40.6181527,-74.062642,85,36,40.6181527,-74.062642,4759,26334.66667,No
1825,36081065600,36,81,65600,36081065600,656,Census Tract 656,G5020,S,573268,0,+40.6599317,-73.7296587,81,36,40.6599317,-73.7296587,4757.333333,29567.33333,No
331,36005045600,36,5,45600,36005045600,456,Census Tract 456,G5020,S,824412,14535,+40.8873476,-73.8203804,5,36,40.8873476,-73.8203804,4749,27001,No
2070,36085004700,36,85,4700,36085004700,47,Census Tract 47,G5020,S,899117,0,+40.6141852,-74.0947394,85,36,40.6141852,-74.0947394,4748.666667,24427.33333,No
1596,36081028400,36,81,28400,36081028400,284,Census Tract 284,G5020,S,428443,0,+40.6825051,-73.7778651,81,36,40.6825051,-73.7778651,4735.333333,24908.33333,No
2094,36085013201,36,85,13201,36085013201,132.01,Census Tract 132.01,G5020,S,469586,0,+40.5647779,-74.1225721,85,36,40.5647779,-74.1225721,4733.333333,29870.66667,No
1823,36081065400,36,81,65400,36081065400,654,Census Tract 654,G5020,S,665370,34271,+40.6628113,-73.7402932,81,36,40.6628113,-73.7402932,4732.666667,29555,No
58,36005009000,36,5,9000,36005009000,90,Census Tract 90,G5020,S,970174,1171364,+40.8136183,-73.8446107,5,36,40.8136183,-73.8446107,4732,21757,No
2027,36081142900,36,81,142900,36081142900,1429,Census Tract 1429,G5020,S,532449,0,+40.7510690,-73.7845411,81,36,40.751069,-73.7845411,4732,21811.66667,No
1998,36081121100,36,81,121100,36081121100,1211,Census Tract 1211,G5020,S,988764,46201,+40.7456324,-73.808289,81,36,40.7456324,-73.808289,4731.666667,22576,No
2113,36085016901,36,85,16901,36085016901,169.01,Census Tract 169.01,G5020,S,796967,0,+40.6124524,-74.1093818,85,36,40.6124524,-74.1093818,4730.666667,25060,No
1895,36081081400,36,81,81400,36081081400,814,Census Tract 814,G5020,S,367170,0,+40.6706921,-73.8039227,81,36,40.6706921,-73.8039227,4730,24043.33333,No
1925,36081092900,36,81,92900,36081092900,929,Census Tract 929,G5020,S,920271,2523718,+40.7858517,-73.8573275,81,36,40.7858517,-73.8573275,4728.666667,22300.33333,No
76,36005013200,36,5,13200,36005013200,132,Census Tract 132,G5020,S,603044,967501,+40.8137800,-73.8187728,5,36,40.81378,-73.8187728,4725.333333,24411.66667,No
1659,36081042400,36,81,42400,36081042400,424,Census Tract 424,G5020,S,517326,0,+40.6953881,-73.7722607,81,36,40.6953881,-73.7722607,4724.666667,24408.66667,No
2141,36085023900,36,85,23900,36085023900,239,Census Tract 239,G5020,S,527709,0,+40.6295397,-74.1493305,85,36,40.6295397,-74.1493305,4722.333333,35293,No
1947,36081099704,36,81,99704,36081099704,997.04,Census Tract 997.04,G5020,S,684063,0,+40.7816674,-73.7807804,81,36,40.7816674,-73.7807804,4719,26840.66667,No
1736,36081052800,36,81,52800,36081052800,528,Census Tract 528,G5020,S,180396,0,+40.6940352,-73.7587303,81,36,40.6940352,-73.7587303,4708,25529,No
100,36005016600,36,5,16600,36005016600,166,Census Tract 166,G5020,S,301792,0,+40.8294074,-73.830366,5,36,40.8294074,-73.830366,4707,25019.66667,No
2035,36081146700,36,81,146700,36081146700,1467,Census Tract 1467,G5020,S,353325,0,+40.7612107,-73.7731985,81,36,40.7612107,-73.7731985,4703.333333,26018.66667,No
2140,36085023100,36,85,23100,36085023100,231,Census Tract 231,G5020,S,592842,0,+40.6301244,-74.1563206,85,36,40.6301244,-74.1563206,4699.333333,32514.33333,No
1939,36081097204,36,81,97204,36081097204,972.04,Census Tract 972.04,G5020,S,391825,0,+40.5939070,-73.7811283,81,36,40.593907,-73.7811283,4698,32655,No
1937,36081097202,36,81,97202,36081097202,972.02,Census Tract 972.02,G5020,S,521608,1188276,+40.5901878,-73.7802102,81,36,40.5901878,-73.7802102,4694,32684,No
1896,36081081800,36,81,81800,36081081800,818,Census Tract 818,G5020,S,376313,0,+40.6705371,-73.8090558,81,36,40.6705371,-73.8090558,4684.666667,23965.66667,No
1961,36081103900,36,81,103900,36081103900,1039,Census Tract 1039,G5020,S,874939,0,+40.7840574,-73.8190341,81,36,40.7840574,-73.8190341,4684.666667,22054,No
2037,36081147900,36,81,147900,36081147900,1479,Census Tract 1479,G5020,S,919020,0,+40.7695661,-73.7423055,81,36,40.7695661,-73.7423055,4682.333333,27517,No
2038,36081148300,36,81,148300,36081148300,1483,Census Tract 1483,G5020,S,1350754,906677,+40.7766465,-73.752239,81,36,40.7766465,-73.752239,4672,26747,No
1631,36081036600,36,81,36600,36081036600,366,Census Tract 366,G5020,S,368990,0,+40.6856494,-73.7631013,81,36,40.6856494,-73.7631013,4670.333333,26417.66667,No
1945,36081099701,36,81,99701,36081099701,997.01,Census Tract 997.01,G5020,S,956073,0,+40.7809157,-73.7900321,81,36,40.7809157,-73.7900321,4669.666667,25325.33333,No
1816,36081063800,36,81,63800,36081063800,638,Census Tract 638,G5020,S,692468,0,+40.6698395,-73.7330916,81,36,40.6698395,-73.7330916,4667.666667,28917.33333,No
594,36047030400,36,47,30400,36047030400,304,Census Tract 304,G5020,S,456759,359335,+40.5903112,-73.9964693,47,36,40.5903112,-73.9964693,4651,22270,No
334,36005046201,36,5,46201,36005046201,462.01,Census Tract 462.01,G5020,S,2079871,104354,+40.8763935,-73.8260042,5,36,40.8763935,-73.8260042,4650.666667,26449.66667,No
1711,36081049600,36,81,49600,36081049600,496,Census Tract 496,G5020,S,273116,0,+40.7169502,-73.7531219,81,36,40.7169502,-73.7531219,4650,26061,No
2148,36085027302,36,85,27302,36085027302,273.02,Census Tract 273.02,G5020,S,1013495,0,+40.5955580,-74.1387317,85,36,40.595558,-74.1387317,4649,30566.33333,No
2069,36085004000,36,85,4000,36085004000,40,Census Tract 40,G5020,S,1185968,0,+40.6135963,-74.0808617,85,36,40.6135963,-74.0808617,4646,23271,No
1963,36081105900,36,81,105900,36081105900,1059,Census Tract 1059,G5020,S,649600,0,+40.7737697,-73.8070645,81,36,40.7737697,-73.8070645,4645,20609.66667,No
1985,36081117500,36,81,117500,36081117500,1175,Census Tract 1175,G5020,S,561699,0,+40.7614727,-73.7964229,81,36,40.7614727,-73.7964229,4642.333333,20794.33333,No
53,36005008400,36,5,8400,36005008400,84,Census Tract 84,G5020,S,156789,0,+40.8156088,-73.8477354,5,36,40.8156088,-73.8477354,4641.666667,21065.33333,No
1719,36081050600,36,81,50600,36081050600,506,Census Tract 506,G5020,S,206271,0,+40.7057903,-73.7596707,81,36,40.7057903,-73.7596707,4639,25406.33333,No
1931,36081094202,36,81,94202,36081094202,942.02,Census Tract 942.02,G5020,S,768486,399219,+40.5913082,-73.810489,81,36,40.5913082,-73.810489,4635,30274,No
1975,36081114100,36,81,114100,36081114100,1141,Census Tract 1141,G5020,S,448114,0,+40.7690968,-73.7966892,81,36,40.7690968,-73.7966892,4629.666667,21692.66667,No
228,36005032300,36,5,32300,36005032300,323,Census Tract 323,G5020,S,552936,0,+40.9053119,-73.9075469,5,36,40.9053119,-73.9075469,4627.666667,24253.33333,No
326,36005044800,36,5,44800,36005044800,448,Census Tract 448,G5020,S,168089,0,+40.8954712,-73.8413102,5,36,40.8954712,-73.8413102,4627.666667,26140,No
1956,36081101700,36,81,101700,36081101700,1017,Census Tract 1017,G5020,S,989278,0,+40.7797813,-73.7982488,81,36,40.7797813,-73.7982488,4627.333333,23358.33333,No
1,36005000200,36,5,200,36005000200,2,Census Tract 2,G5020,S,455322,926899,+40.8045733,-73.8568585,5,36,40.8045733,-73.8568585,4623,21117,No
1749,36081054800,36,81,54800,36081054800,548,Census Tract 548,G5020,S,225492,0,+40.7231969,-73.7512798,81,36,40.7231969,-73.7512798,4622.666667,26858.66667,No
1642,36081038302,36,81,38302,36081038302,383.02,Census Tract 383.02,G5020,S,4541599,1203841,+40.7428576,-73.8417896,81,36,40.7428576,-73.8417896,4618,20159.66667,No
1767,36081056800,36,81,56800,36081056800,568,Census Tract 568,G5020,S,850040,0,+40.7155717,-73.7335697,81,36,40.7155717,-73.7335697,4615.333333,28785.66667,No
2010,36081129102,36,81,129102,36081129102,1291.02,Census Tract 1291.02,G5020,S,1005386,0,+40.7316087,-73.7544175,81,36,40.7316087,-73.7544175,4613,25635,No
1603,36081029400,36,81,29400,36081029400,294,Census Tract 294,G5020,S,1064244,0,+40.6713184,-73.7810597,81,36,40.6713184,-73.7810597,4610.666667,24610,No
2151,36085027705,36,85,27705,36085027705,277.05,Census Tract 277.05,G5020,S,531531,0,+40.5882480,-74.156982,85,36,40.588248,-74.156982,4608.333333,32958,No
2084,36085011201,36,85,11201,36085011201,112.01,Census Tract 112.01,G5020,S,1605563,588116,+40.5777326,-74.0855428,85,36,40.5777326,-74.0855428,4600,27054.66667,No
2089,36085012200,36,85,12200,36085012200,122,Census Tract 122,G5020,S,827812,0,+40.5759718,-74.1114581,85,36,40.5759718,-74.1114581,4597.333333,28015.33333,No
2096,36085013204,36,85,13204,36085013204,132.04,Census Tract 132.04,G5020,S,1045192,0,+40.5594209,-74.1302418,85,36,40.5594209,-74.1302418,4597,30440,No
1752,36081055200,36,81,55200,36081055200,552,Census Tract 552,G5020,S,415078,0,+40.7278217,-73.7495825,81,36,40.7278217,-73.7495825,4596,27190.33333,No
2000,36081122300,36,81,122300,36081122300,1223,Census Tract 1223,G5020,S,496372,0,+40.7349817,-73.7994824,81,36,40.7349817,-73.7994824,4595.333333,23369.66667,No
1599,36081028800,36,81,28800,36081028800,288,Census Tract 288,G5020,S,636263,172037,+40.6793026,-73.7832856,81,36,40.6793026,-73.7832856,4593.666667,23722,No
316,36005042800,36,5,42800,36005042800,428,Census Tract 428,G5020,S,169199,0,+40.8945094,-73.845703,5,36,40.8945094,-73.845703,4592,25234,No
1887,36081079200,36,81,79200,36081079200,792,Census Tract 792,G5020,S,359603,0,+40.6689436,-73.7969176,81,36,40.6689436,-73.7969176,4588.333333,24766.66667,No
1973,36081113300,36,81,113300,36081113300,1133,Census Tract 1133,G5020,S,251359,0,+40.7641613,-73.7831307,81,36,40.7641613,-73.7831307,4588,25236,No
1960,36081103300,36,81,103300,36081103300,1033,Census Tract 1033,G5020,S,606048,0,+40.7791778,-73.8096597,81,36,40.7791778,-73.8096597,4586,21144.66667,No
2158,36085030302,36,85,30302,36085030302,303.02,Census Tract 303.02,G5020,S,912276,0,+40.6235145,-74.1587313,85,36,40.6235145,-74.1587313,4584.333333,31559.33333,No
891,36047069602,36,47,69602,36047069602,696.02,Census Tract 696.02,G5020,S,688167,172866,+40.6228458,-73.9088401,47,36,40.6228458,-73.9088401,4578,19447,No
1885,36081078800,36,81,78800,36081078800,788,Census Tract 788,G5020,S,192815,0,+40.6703261,-73.7903654,81,36,40.6703261,-73.7903654,4578,24839.66667,No
1727,36081051600,36,81,51600,36081051600,516,Census Tract 516,G5020,S,184315,0,+40.7027238,-73.7472616,81,36,40.7027238,-73.7472616,4577,26305,No
1902,36081084602,36,81,84602,36081084602,846.02,Census Tract 846.02,G5020,S,725547,0,+40.6651285,-73.8166159,81,36,40.6651285,-73.8166159,4575.666667,24427.33333,No
1992,36081119500,36,81,119500,36081119500,1195,Census Tract 1195,G5020,S,189356,0,+40.7548673,-73.799471,81,36,40.7548673,-73.799471,4575,20635.33333,No
1822,36081065000,36,81,65000,36081065000,650,Census Tract 650,G5020,S,400152,0,+40.6694595,-73.7448273,81,36,40.6694595,-73.7448273,4573.333333,28060.33333,No
2099,36085013400,36,85,13400,36085013400,134,Census Tract 134,G5020,S,850703,0,+40.5698839,-74.1174466,85,36,40.5698839,-74.1174466,4569.666667,29071.33333,No
614,36047033000,36,47,33000,36047033000,330,Census Tract 330,G5020,S,338556,152595,+40.5801748,-73.9994611,47,36,40.5801748,-73.9994611,4566.666667,24313.33333,No
332,36005045800,36,5,45800,36005045800,458,Census Tract 458,G5020,S,239682,0,+40.8858611,-73.8452028,5,36,40.8858611,-73.8452028,4565,23683.33333,No
1898,36081083800,36,81,83800,36081083800,838,Census Tract 838,G5020,S,495384,0,+40.6702951,-73.8195098,81,36,40.6702951,-73.8195098,4563.666667,22074.33333,No
1660,36081042600,36,81,42600,36081042600,426,Census Tract 426,G5020,S,529060,0,+40.6888457,-73.7702131,81,36,40.6888457,-73.7702131,4552.333333,24930.33333,No
2063,36085002100,36,85,2100,36085002100,21,Census Tract 21,G5020,S,1246788,1547020,+40.6321769,-74.0714366,85,36,40.6321769,-74.0714366,4552.333333,20853,No
1965,36081107202,36,81,107202,36081107202,1072.02,Census Tract 1072.02,G5020,S,7504745,16635908,+40.6252538,-73.8137646,81,36,40.6252538,-73.8137646,4548,27544,No
2008,36081127700,36,81,127700,36081127700,1277,Census Tract 1277,G5020,S,1066505,0,+40.7244237,-73.7834107,81,36,40.7244237,-73.7834107,4544.333333,25964.33333,No
1976,36081114700,36,81,114700,36081114700,1147,Census Tract 1147,G5020,S,308438,0,+40.7682675,-73.8019551,81,36,40.7682675,-73.8019551,4542.333333,20906.66667,No
313,36005042400,36,5,42400,36005042400,424,Census Tract 424,G5020,S,175364,0,+40.8892857,-73.8495425,5,36,40.8892857,-73.8495425,4537,24261.66667,No
1970,36081111300,36,81,111300,36081111300,1113,Census Tract 1113,G5020,S,697690,201234,+40.7679197,-73.7626797,81,36,40.7679197,-73.7626797,4535.333333,25306.66667,No
893,36047070000,36,47,70000,36047070000,700,Census Tract 700,G5020,S,201893,0,+40.6200459,-73.9067408,47,36,40.6200459,-73.9067408,4530.333333,20266,No
330,36005045102,36,5,45102,36005045102,451.02,Census Tract 451.02,G5020,S,206995,0,+40.9003655,-73.864136,5,36,40.9003655,-73.864136,4521,23862.33333,No
288,36005039800,36,5,39800,36005039800,398,Census Tract 398,G5020,S,201853,0,+40.8826970,-73.8534698,5,36,40.882697,-73.8534698,4519,23338,No
2057,36085000900,36,85,900,36085000900,9,Census Tract 9,G5020,S,231877,0,+40.6422065,-74.0828564,85,36,40.6422065,-74.0828564,4515.666667,21346.33333,No
1930,36081094201,36,81,94201,36081094201,942.01,Census Tract 942.01,G5020,S,372109,199441,+40.5857865,-73.8213404,81,36,40.5857865,-73.8213404,4514.666667,31005.33333,No
2065,36085002900,36,85,2900,36085002900,29,Census Tract 29,G5020,S,526903,0,+40.6196581,-74.0827407,85,36,40.6196581,-74.0827407,4514,24737,No
1729,36081051800,36,81,51800,36081051800,518,Census Tract 518,G5020,S,169821,0,+40.7018381,-73.7520094,81,36,40.7018381,-73.7520094,4511,25954,No
74,36005013000,36,5,13000,36005013000,130,Census Tract 130,G5020,S,116144,0,+40.8193055,-73.8147485,5,36,40.8193055,-73.8147485,4504.666667,24015.33333,No
1717,36081050400,36,81,50400,36081050400,504,Census Tract 504,G5020,S,216061,0,+40.7051206,-73.7643599,81,36,40.7051206,-73.7643599,4502,25627.66667,No
1704,36081048400,36,81,48400,36081048400,484,Census Tract 484,G5020,S,416787,0,+40.7158125,-73.7599617,81,36,40.7158125,-73.7599617,4499,25507.66667,No
1977,36081115100,36,81,115100,36081115100,1151,Census Tract 1151,G5020,S,282637,13939,+40.7690541,-73.8079843,81,36,40.7690541,-73.8079843,4497,20226.33333,No
1899,36081084000,36,81,84000,36081084000,840,Census Tract 840,G5020,S,568599,0,+40.6739496,-73.8176521,81,36,40.6739496,-73.8176521,4493.333333,21698.66667,No
215,36005029600,36,5,29600,36005029600,296,Census Tract 296,G5020,S,726904,0,+40.8553748,-73.8450048,5,36,40.8553748,-73.8450048,4492.666667,23566.33333,No
1518,36081017400,36,81,17400,36081017400,174,Census Tract 174,G5020,S,192506,0,+40.6805939,-73.8105005,81,36,40.6805939,-73.8105005,4490.666667,22972.33333,No
2004,36081124700,36,81,124700,36081124700,1247,Census Tract 1247,G5020,S,481976,0,+40.7280811,-73.796244,81,36,40.7280811,-73.796244,4486.666667,24941,No
1730,36081052000,36,81,52000,36081052000,520,Census Tract 520,G5020,S,172214,0,+40.7011396,-73.7546876,81,36,40.7011396,-73.7546876,4486.333333,25803,No
238,36005033700,36,5,33700,36005033700,337,Census Tract 337,G5020,S,432686,0,+40.9062277,-73.9025219,5,36,40.9062277,-73.9025219,4484.333333,23941,No
2055,36085000700,36,85,700,36085000700,7,Census Tract 7,G5020,S,632261,532954,+40.6473695,-74.0782043,85,36,40.6473695,-74.0782043,4484,21460.33333,No
861,36047062600,36,47,62600,36047062600,626,Census Tract 626,G5020,S,318165,0,+40.5923335,-73.9344391,47,36,40.5923335,-73.9344391,4475.666667,20237.33333,No
1964,36081107201,36,81,107201,36081107201,1072.01,Census Tract 1072.01,G5020,S,1397001,0,+40.6039653,-73.8220432,81,36,40.6039653,-73.8220432,4475,27405,No
1974,36081113900,36,81,113900,36081113900,1139,Census Tract 1139,G5020,S,384507,0,+40.7642300,-73.790616,81,36,40.76423,-73.790616,4474,21161,No
1649,36081040200,36,81,40200,36081040200,402,Census Tract 402,G5020,S,218312,0,+40.7000316,-73.768763,81,36,40.7000316,-73.768763,4469.333333,24791,No
2076,36085007400,36,85,7400,36085007400,74,Census Tract 74,G5020,S,659727,321630,+40.5914473,-74.061691,85,36,40.5914473,-74.061691,4465,24979.33333,No
1522,36081018000,36,81,18000,36081018000,180,Census Tract 180,G5020,S,142617,0,+40.6757925,-73.8053366,81,36,40.6757925,-73.8053366,4463,23126,No
1633,36081036800,36,81,36800,36081036800,368,Census Tract 368,G5020,S,227838,0,+40.6852929,-73.7664502,81,36,40.6852929,-73.7664502,4460.333333,25098.33333,No
1527,36081018401,36,81,18401,36081018401,184.01,Census Tract 184.01,G5020,S,199281,0,+40.6751363,-73.7920687,81,36,40.6751363,-73.7920687,4453,23706,No
1430,36081006202,36,81,6202,36081006202,62.02,Census Tract 62.02,G5020,S,1153216,26599,+40.6648771,-73.854407,81,36,40.6648771,-73.854407,4451,18738,No
876,36047066000,36,47,66000,36047066000,660,Census Tract 660,G5020,S,152314,0,+40.6090466,-73.92808,47,36,40.6090466,-73.92808,4443,19379.33333,No
1935,36081095400,36,81,95400,36081095400,954,Census Tract 954,G5020,S,807121,554759,+40.5916491,-73.7994203,81,36,40.5916491,-73.7994203,4441.666667,31204.33333,No
244,36005034500,36,5,34500,36005034500,345,Census Tract 345,G5020,S,271841,0,+40.9040642,-73.8986561,5,36,40.9040642,-73.8986561,4437.666667,21887,No
2149,36085027702,36,85,27702,36085027702,277.02,Census Tract 277.02,G5020,S,1451138,0,+40.5800895,-74.1636447,85,36,40.5800895,-74.1636447,4437.333333,33955.66667,No
305,36005041400,36,5,41400,36005041400,414,Census Tract 414,G5020,S,522994,0,+40.9035525,-73.854095,5,36,40.9035525,-73.854095,4436.333333,25614.33333,No
278,36005038800,36,5,38800,36005038800,388,Census Tract 388,G5020,S,148659,0,+40.8795982,-73.8553665,5,36,40.8795982,-73.8553665,4435.333333,23727.33333,No
55,36005008600,36,5,8600,36005008600,86,Census Tract 86,G5020,S,187649,0,+40.8198789,-73.849806,5,36,40.8198789,-73.849806,4435,20745,No
1519,36081017600,36,81,17600,36081017600,176,Census Tract 176,G5020,S,191784,0,+40.6788390,-73.8096612,81,36,40.678839,-73.8096612,4434,23006,No
1097,36061000100,36,61,100,36061000100,1,Census Tract 1,G5020,S,78638,0,+40.6900555,-74.0461424,61,36,40.6900555,-74.0461424,4427.666667,11533.66667,No
295,36005040400,36,5,40400,36005040400,404,Census Tract 404,G5020,S,215289,0,+40.8861691,-73.8513487,5,36,40.8861691,-73.8513487,4427,23604.66667,No
1921,36081091900,36,81,91900,36081091900,919,Census Tract 919,G5020,S,424510,396015,+40.7783897,-73.849099,81,36,40.7783897,-73.849099,4425.666667,19832.66667,No
1936,36081096400,36,81,96400,36081096400,964,Census Tract 964,G5020,S,897376,546473,+40.5925529,-73.791853,81,36,40.5925529,-73.791853,4424.666667,31826.33333,No
1886,36081079000,36,81,79000,36081079000,790,Census Tract 790,G5020,S,260816,0,+40.6724787,-73.7966161,81,36,40.6724787,-73.7966161,4424,24451.66667,No
242,36005034300,36,5,34300,36005034300,343,Census Tract 343,G5020,S,121360,0,+40.9096678,-73.8981695,5,36,40.9096678,-73.8981695,4423.666667,22634.66667,No
1645,36081039800,36,81,39800,36081039800,398,Census Tract 398,G5020,S,201345,0,+40.6945661,-73.7647988,81,36,40.6945661,-73.7647988,4423.666667,25191.33333,No
1517,36081017200,36,81,17200,36081017200,172,Census Tract 172,G5020,S,192632,0,+40.6823436,-73.8113588,81,36,40.6823436,-73.8113588,4412.666667,22477,No
2146,36085025100,36,85,25100,36085025100,251,Census Tract 251,G5020,S,1175364,0,+40.6180408,-74.1460331,85,36,40.6180408,-74.1460331,4412.666667,28843,No
319,36005043000,36,5,43000,36005043000,430,Census Tract 430,G5020,S,206164,0,+40.8934599,-73.8506574,5,36,40.8934599,-73.8506574,4410.333333,24606.33333,No
1732,36081052200,36,81,52200,36081052200,522,Census Tract 522,G5020,S,169840,0,+40.7004447,-73.7573683,81,36,40.7004447,-73.7573683,4409,25477,No
220,36005030701,36,5,30701,36005030701,307.01,Census Tract 307.01,G5020,S,390283,0,+40.8931975,-73.9105904,5,36,40.8931975,-73.9105904,4408.333333,23698.33333,No
258,36005036800,36,5,36800,36005036800,368,Census Tract 368,G5020,S,169530,0,+40.8753072,-73.855942,5,36,40.8753072,-73.855942,4408.333333,23335.66667,No
199,36005027401,36,5,27401,36005027401,274.01,Census Tract 274.01,G5020,S,703979,0,+40.8404245,-73.8226412,5,36,40.8404245,-73.8226412,4407.666667,22704,No
206,36005028400,36,5,28400,36005028400,284,Census Tract 284,G5020,S,1116331,0,+40.8493866,-73.8387219,5,36,40.8493866,-73.8387219,4403,21867,No
1923,36081092500,36,81,92500,36081092500,925,Census Tract 925,G5020,S,312558,0,+40.7824823,-73.8447664,81,36,40.7824823,-73.8447664,4402.666667,20327.66667,No
98,36005016400,36,5,16400,36005016400,164,Census Tract 164,G5020,S,164159,0,+40.8321977,-73.8248492,5,36,40.8321977,-73.8248492,4400,23288.66667,No
222,36005031000,36,5,31000,36005031000,310,Census Tract 310,G5020,S,632896,0,+40.8612344,-73.8360747,5,36,40.8612344,-73.8360747,4396.333333,23237.33333,No
1594,36081028200,36,81,28200,36081028200,282,Census Tract 282,G5020,S,183213,0,+40.6849853,-73.7738831,81,36,40.6849853,-73.7738831,4396,24505.66667,No
276,36005038600,36,5,38600,36005038600,386,Census Tract 386,G5020,S,409527,0,+40.8796352,-73.8484023,5,36,40.8796352,-73.8484023,4395,22925,No
1647,36081040000,36,81,40000,36081040000,400,Census Tract 400,G5020,S,195951,0,+40.6981515,-73.7648684,81,36,40.6981515,-73.7648684,4386,25004,No
1991,36081119300,36,81,119300,36081119300,1193,Census Tract 1193,G5020,S,211094,0,+40.7571846,-73.7996267,81,36,40.7571846,-73.7996267,4384.333333,20210.66667,No
1520,36081017800,36,81,17800,36081017800,178,Census Tract 178,G5020,S,190597,0,+40.6771116,-73.8086972,81,36,40.6771116,-73.8086972,4384,23030,No
1735,36081052600,36,81,52600,36081052600,526,Census Tract 526,G5020,S,182169,0,+40.6970985,-73.7597587,81,36,40.6970985,-73.7597587,4383,25168,No
2064,36085002700,36,85,2700,36085002700,27,Census Tract 27,G5020,S,250358,0,+40.6235871,-74.0764274,85,36,40.6235871,-74.0764274,4381.666667,24354.66667,No
1934,36081094700,36,81,94700,36081094700,947,Census Tract 947,G5020,S,272420,0,+40.7855737,-73.8413733,81,36,40.7855737,-73.8413733,4380.666667,20854,No
243,36005034400,36,5,34400,36005034400,344,Census Tract 344,G5020,S,157012,0,+40.8683644,-73.8571317,5,36,40.8683644,-73.8571317,4378,22667.66667,No
323,36005043600,36,5,43600,36005043600,436,Census Tract 436,G5020,S,154651,0,+40.8972795,-73.849759,5,36,40.8972795,-73.849759,4377.333333,25038.33333,No
324,36005044200,36,5,44200,36005044200,442,Census Tract 442,G5020,S,238933,0,+40.9038676,-73.8462552,5,36,40.9038676,-73.8462552,4376.333333,25582.33333,No
92,36005015800,36,5,15800,36005015800,158,Census Tract 158,G5020,S,162978,0,+40.8248596,-73.818621,5,36,40.8248596,-73.818621,4371.666667,23945.33333,No
612,36047032800,36,47,32800,36047032800,328,Census Tract 328,G5020,S,232840,0,+40.5763672,-73.9976847,47,36,40.5763672,-73.9976847,4370.666667,23681.66667,No
2126,36085018702,36,85,18702,36085018702,187.02,Census Tract 187.02,G5020,S,1016300,0,+40.6039239,-74.1261594,85,36,40.6039239,-74.1261594,4364.666667,27263.33333,No
2015,36081133900,36,81,133900,36081133900,1339,Census Tract 1339,G5020,S,226211,0,+40.7286400,-73.7900377,81,36,40.72864,-73.7900377,4359.666667,23056,No
212,36005029301,36,5,29301,36005029301,293.01,Census Tract 293.01,G5020,S,289782,733019,+40.8827196,-73.9227136,5,36,40.8827196,-73.9227136,4357.666667,22280.33333,No
1910,36081086400,36,81,86400,36081086400,864,Census Tract 864,G5020,S,1098867,0,+40.6734229,-73.8315385,81,36,40.6734229,-73.8315385,4356,22044.66667,No
1528,36081018402,36,81,18402,36081018402,184.02,Census Tract 184.02,G5020,S,212591,0,+40.6789486,-73.7943608,81,36,40.6789486,-73.7943608,4355.666667,23353,No
315,36005042600,36,5,42600,36005042600,426,Census Tract 426,G5020,S,507577,0,+40.8908411,-73.8419292,5,36,40.8908411,-73.8419292,4355,25737.66667,No
1901,36081084601,36,81,84601,36081084601,846.01,Census Tract 846.01,G5020,S,332810,0,+40.6673404,-73.8217385,81,36,40.6673404,-73.8217385,4353.666667,23019.66667,No
261,36005037000,36,5,37000,36005037000,370,Census Tract 370,G5020,S,158885,0,+40.8730921,-73.8590214,5,36,40.8730921,-73.8590214,4349.666667,23032.33333,No
1586,36081027400,36,81,27400,36081027400,274,Census Tract 274,G5020,S,143721,0,+40.6849050,-73.788989,81,36,40.684905,-73.788989,4348.666667,23084,No
1513,36081016800,36,81,16800,36081016800,168,Census Tract 168,G5020,S,211456,0,+40.6793479,-73.817233,81,36,40.6793479,-73.817233,4346.333333,22495.66667,No
1716,36081050202,36,81,50202,36081050202,502.02,Census Tract 502.02,G5020,S,152854,0,+40.7101892,-73.7592925,81,36,40.7101892,-73.7592925,4344.666667,25440.66667,No
46,36005007400,36,5,7400,36005007400,74,Census Tract 74,G5020,S,187162,0,+40.8194734,-73.8528608,5,36,40.8194734,-73.8528608,4343,20317,No
1515,36081017000,36,81,17000,36081017000,170,Census Tract 170,G5020,S,220621,0,+40.6843315,-73.8119637,81,36,40.6843315,-73.8119637,4338.333333,22399.66667,No
1978,36081115500,36,81,115500,36081115500,1155,Census Tract 1155,G5020,S,187355,0,+40.7678352,-73.8117935,81,36,40.7678352,-73.8117935,4337.333333,19283.66667,No
65,36005011700,36,5,11700,36005011700,117,Census Tract 117,G5020,S,1369340,425763,+40.8073631,-73.8748094,5,36,40.8073631,-73.8748094,4337,18324.33333,No
889,36047069200,36,47,69200,36047069200,692,Census Tract 692,G5020,S,182215,0,+40.6236755,-73.9200888,47,36,40.6236755,-73.9200888,4335,19376,No
307,36005041800,36,5,41800,36005041800,418,Census Tract 418,G5020,S,269141,0,+40.8971161,-73.8584601,5,36,40.8971161,-73.8584601,4331.333333,24531.33333,No
82,36005014400,36,5,14400,36005014400,144,Census Tract 144,G5020,S,387161,0,+40.8212372,-73.8233669,5,36,40.8212372,-73.8233669,4331,23130,No
2,36005000400,36,5,400,36005000400,4,Census Tract 4,G5020,S,912393,602945,+40.8089152,-73.8504884,5,36,40.8089152,-73.8504884,4330,20753,No
1093,36047122000,36,47,122000,36047122000,1220,Census Tract 1220,G5020,S,1096120,0,+40.6637054,-73.8627976,47,36,40.6637054,-73.8627976,4329.666667,18273.66667,No
1698,36081047800,36,81,47800,36081047800,478,Census Tract 478,G5020,S,653207,0,+40.7195790,-73.7661933,81,36,40.719579,-73.7661933,4325.333333,25260,No
623,36047034200,36,47,34200,36047034200,342,Census Tract 342,G5020,S,229959,0,+40.5741077,-73.9968627,47,36,40.5741077,-73.9968627,4322,23325,No
892,36047069800,36,47,69800,36047069800,698,Census Tract 698,G5020,S,500250,120721,+40.6111895,-73.9172125,47,36,40.6111895,-73.9172125,4321.666667,20692,No
1971,36081112300,36,81,112300,36081112300,1123,Census Tract 1123,G5020,S,279273,0,+40.7662920,-73.7712453,81,36,40.766292,-73.7712453,4319.333333,24394,No
2087,36085011402,36,85,11402,36085011402,114.02,Census Tract 114.02,G5020,S,579280,0,+40.5811925,-74.1049524,85,36,40.5811925,-74.1049524,4315.666667,26130.33333,No
2016,36081134100,36,81,134100,36081134100,1341,Census Tract 1341,G5020,S,589803,0,+40.7352553,-73.7912064,81,36,40.7352553,-73.7912064,4315,24754,No
1707,36081049200,36,81,49200,36081049200,492,Census Tract 492,G5020,S,484466,0,+40.7229658,-73.7584693,81,36,40.7229658,-73.7584693,4303.666667,26249.66667,No
1984,36081117100,36,81,117100,36081117100,1171,Census Tract 1171,G5020,S,398264,0,+40.7632516,-73.805704,81,36,40.7632516,-73.805704,4299.666667,19828.33333,No
1592,36081028000,36,81,28000,36081028000,280,Census Tract 280,G5020,S,166103,0,+40.6883062,-73.7797202,81,36,40.6883062,-73.7797202,4297.333333,24058.66667,No
1995,36081120300,36,81,120300,36081120300,1203,Census Tract 1203,G5020,S,184012,0,+40.7487999,-73.8125809,81,36,40.7487999,-73.8125809,4297.333333,19092.66667,No
96,36005016200,36,5,16200,36005016200,162,Census Tract 162,G5020,S,180639,0,+40.8288502,-73.8217593,5,36,40.8288502,-73.8217593,4296.666667,22952,No
877,36047066200,36,47,66200,36047066200,662,Census Tract 662,G5020,S,231462,0,+40.6093052,-73.924372,47,36,40.6093052,-73.924372,4289.666667,20224.33333,No
328,36005044902,36,5,44902,36005044902,449.02,Census Tract 449.02,G5020,S,156698,0,+40.8988257,-73.8689887,5,36,40.8988257,-73.8689887,4285.666667,22562,No
1733,36081052400,36,81,52400,36081052400,524,Census Tract 524,G5020,S,196181,0,+40.7012277,-73.7619595,81,36,40.7012277,-73.7619595,4281,24720,No
219,36005030200,36,5,30200,36005030200,302,Census Tract 302,G5020,S,443790,126352,+40.8636573,-73.8223933,5,36,40.8636573,-73.8223933,4280.333333,24403,No
1999,36081121500,36,81,121500,36081121500,1215,Census Tract 1215,G5020,S,629474,0,+40.7403946,-73.8058361,81,36,40.7403946,-73.8058361,4277.666667,23117,No
2059,36085001700,36,85,1700,36085001700,17,Census Tract 17,G5020,S,303568,0,+40.6343907,-74.0812548,85,36,40.6343907,-74.0812548,4277.666667,21361.66667,No
249,36005035800,36,5,35800,36005035800,358,Census Tract 358,G5020,S,652929,0,+40.8739752,-73.8426048,5,36,40.8739752,-73.8426048,4273.666667,22747.66667,No
1662,36081043200,36,81,43200,36081043200,432,Census Tract 432,G5020,S,234670,0,+40.6913418,-73.7759209,81,36,40.6913418,-73.7759209,4271.666667,24026.33333,No
1993,36081119900,36,81,119900,36081119900,1199,Census Tract 1199,G5020,S,184357,0,+40.7534621,-73.8095776,81,36,40.7534621,-73.8095776,4263.666667,19743,No
858,36047061600,36,47,61600,36047061600,616,Census Tract 616,G5020,S,737722,920371,+40.5766902,-73.9426554,47,36,40.5766902,-73.9426554,4260.333333,21531.66667,No
1980,36081115900,36,81,115900,36081115900,1159,Census Tract 1159,G5020,S,308877,0,+40.7686392,-73.8207537,81,36,40.7686392,-73.8207537,4260,19083.33333,No
1578,36081026600,36,81,26600,36081026600,266,Census Tract 266,G5020,S,172997,0,+40.6918812,-73.7816949,81,36,40.6918812,-73.7816949,4258,23869.33333,No
1582,36081027000,36,81,27000,36081027000,270,Census Tract 270,G5020,S,185252,0,+40.6886842,-73.7913933,81,36,40.6886842,-73.7913933,4258,22577,No
223,36005031200,36,5,31200,36005031200,312,Census Tract 312,G5020,S,203024,0,+40.8620468,-73.8424522,5,36,40.8620468,-73.8424522,4257.666667,22442,No
88,36005015200,36,5,15200,36005015200,152,Census Tract 152,G5020,S,303479,0,+40.8262959,-73.8249969,5,36,40.8262959,-73.8249969,4254.333333,22849.66667,No
1997,36081120700,36,81,120700,36081120700,1207,Census Tract 1207,G5020,S,692382,0,+40.7507951,-73.8009821,81,36,40.7507951,-73.8009821,4253.333333,20492.66667,No
884,36047068000,36,47,68000,36047068000,680,Census Tract 680,G5020,S,168859,0,+40.6213764,-73.9251879,47,36,40.6213764,-73.9251879,4251.666667,18907.66667,No
2152,36085027706,36,85,27706,36085027706,277.06,Census Tract 277.06,G5020,S,438636,0,+40.5909369,-74.1619016,85,36,40.5909369,-74.1619016,4251.333333,32463.66667,No
1574,36081026200,36,81,26200,36081026200,262,Census Tract 262,G5020,S,143393,0,+40.6910079,-73.7920924,81,36,40.6910079,-73.7920924,4250.666667,22472,No
272,36005038200,36,5,38200,36005038200,382,Census Tract 382,G5020,S,156934,0,+40.8773090,-73.8547432,5,36,40.877309,-73.8547432,4247.666667,22485.33333,No
2058,36085001100,36,85,1100,36085001100,11,Census Tract 11,G5020,S,325090,0,+40.6387763,-74.0826654,85,36,40.6387763,-74.0826654,4247.666667,21477,No
1038,36047103400,36,47,103400,36047103400,1034,Census Tract 1034,G5020,S,664490,222181,+40.6333888,-73.8805458,47,36,40.6333888,-73.8805458,4245,18560,No
1576,36081026400,36,81,26400,36081026400,264,Census Tract 264,G5020,S,254449,0,+40.6922318,-73.7857904,81,36,40.6922318,-73.7857904,4244,23299.66667,No
1037,36047102800,36,47,102800,36047102800,1028,Census Tract 1028,G5020,S,1018899,217136,+40.6271511,-73.8949624,47,36,40.6271511,-73.8949624,4238,18711,No
118,36005019400,36,5,19400,36005019400,194,Census Tract 194,G5020,S,875756,5,+40.8331364,-73.8363127,5,36,40.8331364,-73.8363127,4225,21392.33333,No
1506,36081015801,36,81,15801,36081015801,158.01,Census Tract 158.01,G5020,S,301341,0,+40.6888961,-73.8122577,81,36,40.6888961,-73.8122577,4222.333333,22998.33333,No
2129,36085019700,36,85,19700,36085019700,197,Census Tract 197,G5020,S,300156,0,+40.6169845,-74.1352404,85,36,40.6169845,-74.1352404,4222,27579,No
1429,36081006201,36,81,6201,36081006201,62.01,Census Tract 62.01,G5020,S,397092,0,+40.6668760,-73.8467968,81,36,40.666876,-73.8467968,4219,21234.33333,No
236,36005033500,36,5,33500,36005033500,335,Census Tract 335,G5020,S,693291,0,+40.8942652,-73.9052413,5,36,40.8942652,-73.9052413,4217,20905.33333,No
216,36005029700,36,5,29700,36005029700,297,Census Tract 297,G5020,S,240656,0,+40.8849993,-73.9117786,5,36,40.8849993,-73.9117786,4216,20496.33333,No
887,36047068800,36,47,68800,36047068800,688,Census Tract 688,G5020,S,156912,0,+40.6172158,-73.9191004,47,36,40.6172158,-73.9191004,4215.333333,18838,No
321,36005043400,36,5,43400,36005043400,434,Census Tract 434,G5020,S,350701,0,+40.8982110,-73.8523371,5,36,40.898211,-73.8523371,4211.333333,24793,No
2014,36081133300,36,81,133300,36081133300,1333,Census Tract 1333,G5020,S,695376,0,+40.7319191,-73.779273,81,36,40.7319191,-73.779273,4206.333333,23240.33333,No
1036,36047102600,36,47,102600,36047102600,1026,Census Tract 1026,G5020,S,135920,0,+40.6296068,-73.8984805,47,36,40.6296068,-73.8984805,4204.666667,19336,No
185,36005025400,36,5,25400,36005025400,254,Census Tract 254,G5020,S,169924,0,+40.8484985,-73.8524773,5,36,40.8484985,-73.8524773,4204.333333,20567.33333,No
286,36005039600,36,5,39600,36005039600,396,Census Tract 396,G5020,S,223225,0,+40.8844238,-73.8589556,5,36,40.8844238,-73.8589556,4204.333333,23350,No
333,36005046000,36,5,46000,36005046000,460,Census Tract 460,G5020,S,287816,0,+40.8824438,-73.8426481,5,36,40.8824438,-73.8426481,4200,23194.33333,No
1590,36081027800,36,81,27800,36081027800,278,Census Tract 278,G5020,S,176451,0,+40.6860785,-73.7829527,81,36,40.6860785,-73.7829527,4200,23567.66667,No
1897,36081083700,36,81,83700,36081083700,837,Census Tract 837,G5020,S,775666,0,+40.7447904,-73.8197988,81,36,40.7447904,-73.8197988,4198.333333,19879.33333,No
1588,36081027600,36,81,27600,36081027600,276,Census Tract 276,G5020,S,158517,0,+40.6875874,-73.7862388,81,36,40.6875874,-73.7862388,4197.666667,23556.66667,No
282,36005039200,36,5,39200,36005039200,392,Census Tract 392,G5020,S,96134,0,+40.8832885,-73.8647381,5,36,40.8832885,-73.8647381,4192.333333,22808.33333,No
460,36047016400,36,47,16400,36047016400,164,Census Tract 164,G5020,S,798020,644240,+40.6067615,-74.0301151,47,36,40.6067615,-74.0301151,4188,17975,No
2060,36085001800,36,85,1800,36085001800,18,Census Tract 18,G5020,S,1043953,1313874,+40.6019091,-74.0537589,85,36,40.6019091,-74.0537589,4186.333333,23299.33333,No
961,36047085200,36,47,85200,36047085200,852,Census Tract 852,G5020,S,402008,0,+40.6470029,-73.9382411,47,36,40.6470029,-73.9382411,4182.666667,16548,No
1702,36081048200,36,81,48200,36081048200,482,Census Tract 482,G5020,S,226268,0,+40.7148347,-73.7679523,81,36,40.7148347,-73.7679523,4181.333333,24837,No
886,36047068600,36,47,68600,36047068600,686,Census Tract 686,G5020,S,148006,0,+40.6148226,-73.9172817,47,36,40.6148226,-73.9172817,4180,20484.66667,No
311,36005042200,36,5,42200,36005042200,422,Census Tract 422,G5020,S,174417,0,+40.8910968,-73.8552807,5,36,40.8910968,-73.8552807,4174.333333,24319,No
208,36005028600,36,5,28600,36005028600,286,Census Tract 286,G5020,S,191812,0,+40.8491740,-73.8478592,5,36,40.849174,-73.8478592,4174,21075,No
1663,36081043400,36,81,43400,36081043400,434,Census Tract 434,G5020,S,205359,0,+40.6961992,-73.7786463,81,36,40.6961992,-73.7786463,4173.333333,23665,No
377,36047005601,36,47,5601,36047005601,56.01,Census Tract 56.01,G5020,S,179490,202473,+40.6143871,-74.039767,47,36,40.6143871,-74.039767,4172,17892,No
621,36047034000,36,47,34000,36047034000,340,Census Tract 340,G5020,S,129694,0,+40.5723223,-73.9964764,47,36,40.5723223,-73.9964764,4171.333333,23180.33333,No
1657,36081041400,36,81,41400,36081041400,414,Census Tract 414,G5020,S,472466,0,+40.6996329,-73.7807637,81,36,40.6996329,-73.7807637,4171.333333,23404.66667,No
174,36005024400,36,5,24400,36005024400,244,Census Tract 244,G5020,S,173984,0,+40.8462492,-73.8575203,5,36,40.8462492,-73.8575203,4171,20078,No
2155,36085029103,36,85,29103,36085029103,291.03,Census Tract 291.03,G5020,S,2032180,533,+40.6035498,-74.1711361,85,36,40.6035498,-74.1711361,4171,31019.66667,No
114,36005018400,36,5,18400,36005018400,184,Census Tract 184,G5020,S,445548,0,+40.8374214,-73.8293008,5,36,40.8374214,-73.8293008,4170.333333,21831.66667,No
7,36005002400,36,5,2400,36005002400,24,Census Tract 24,G5020,S,675614,265837,+40.8157533,-73.8711124,5,36,40.8157533,-73.8711124,4168.666667,19107.66667,No
1972,36081112900,36,81,112900,36081112900,1129,Census Tract 1129,G5020,S,354822,0,+40.7653992,-73.7768143,81,36,40.7653992,-73.7768143,4163.666667,24122,No
3,36005001600,36,5,1600,36005001600,16,Census Tract 16,G5020,S,485079,0,+40.8188478,-73.8580764,5,36,40.8188478,-73.8580764,4162,19820.66667,No
1498,36081015000,36,81,15000,36081015000,150,Census Tract 150,G5020,S,147117,0,+40.6934064,-73.821155,81,36,40.6934064,-73.821155,4161.666667,22753,No
1525,36081018200,36,81,18200,36081018200,182,Census Tract 182,G5020,S,256335,0,+40.6761608,-73.7991105,81,36,40.6761608,-73.7991105,4156.333333,23828.33333,No
224,36005031400,36,5,31400,36005031400,314,Census Tract 314,G5020,S,210231,0,+40.8615486,-73.8455438,5,36,40.8615486,-73.8455438,4156,22248.66667,No
1962,36081104700,36,81,104700,36081104700,1047,Census Tract 1047,G5020,S,841551,0,+40.7748152,-73.8203696,81,36,40.7748152,-73.8203696,4153.333333,19895.33333,No
901,36047072800,36,47,72800,36047072800,728,Census Tract 728,G5020,S,212050,0,+40.6294856,-73.9270042,47,36,40.6294856,-73.9270042,4153,18491,No
241,36005034200,36,5,34200,36005034200,342,Census Tract 342,G5020,S,156834,0,+40.8684165,-73.8600256,5,36,40.8684165,-73.8600256,4151.333333,21500.33333,No
1892,36081080301,36,81,80301,36081080301,803.01,Census Tract 803.01,G5020,S,323713,0,+40.7447518,-73.8309053,81,36,40.7447518,-73.8309053,4151.333333,19743.33333,No
1893,36081080302,36,81,80302,36081080302,803.02,Census Tract 803.02,G5020,S,437718,0,+40.7403230,-73.826055,81,36,40.740323,-73.826055,4150.666667,19601.66667,No
879,36047067000,36,47,67000,36047067000,670,Census Tract 670,G5020,S,208266,0,+40.6127246,-73.9227642,47,36,40.6127246,-73.9227642,4147,18625.66667,No
2056,36085000800,36,85,800,36085000800,8,Census Tract 8,G5020,S,799131,0,+40.6119576,-74.067715,85,36,40.6119576,-74.067715,4146.666667,20780.66667,No
1531,36081018600,36,81,18600,36081018600,186,Census Tract 186,G5020,S,178598,0,+40.6798953,-73.7988944,81,36,40.6798953,-73.7988944,4144.666667,23492,No
1987,36081118500,36,81,118500,36081118500,1185,Census Tract 1185,G5020,S,155147,0,+40.7594677,-73.8038056,81,36,40.7594677,-73.8038056,4144.666667,19781,No
1857,36081071600,36,81,71600,36081071600,716,Census Tract 716,G5020,S,18242601,1117802,+40.6460162,-73.7876652,81,36,40.6460162,-73.7876652,4143,28564,No
862,36047062800,36,47,62800,36047062800,628,Census Tract 628,G5020,S,784606,259263,+40.5895880,-73.9273296,47,36,40.589588,-73.9273296,4141.333333,20205,No
248,36005035600,36,5,35600,36005035600,356,Census Tract 356,G5020,S,399539,0,+40.8668437,-73.8359921,5,36,40.8668437,-73.8359921,4139,22901.33333,No
2086,36085011401,36,85,11401,36085011401,114.01,Census Tract 114.01,G5020,S,526899,0,+40.5857439,-74.0990982,85,36,40.5857439,-74.0990982,4135.333333,25413.66667,No
298,36005040600,36,5,40600,36005040600,406,Census Tract 406,G5020,S,223327,0,+40.8879511,-73.8570053,5,36,40.8879511,-73.8570053,4124.333333,23661.33333,No
335,36005046202,36,5,46202,36005046202,462.02,Census Tract 462.02,G5020,S,946718,11011,+40.8795116,-73.8341096,5,36,40.8795116,-73.8341096,4124,23056.33333,No
849,36047059600,36,47,59600,36047059600,596,Census Tract 596,G5020,S,173084,0,+40.5910968,-73.9400566,47,36,40.5910968,-73.9400566,4120.333333,20223,No
885,36047068200,36,47,68200,36047068200,682,Census Tract 682,G5020,S,202229,0,+40.6166469,-73.9241304,47,36,40.6166469,-73.9241304,4119.333333,18468.66667,No
284,36005039400,36,5,39400,36005039400,394,Census Tract 394,G5020,S,145220,0,+40.8864792,-73.8633993,5,36,40.8864792,-73.8633993,4117.333333,23219,No
301,36005040800,36,5,40800,36005040800,408,Census Tract 408,G5020,S,125995,0,+40.8897426,-73.861742,5,36,40.8897426,-73.861742,4117.333333,23622.33333,No
882,36047067600,36,47,67600,36047067600,676,Census Tract 676,G5020,S,155374,0,+40.6249950,-73.9272011,47,36,40.624995,-73.9272011,4115.666667,18318,No
1533,36081018800,36,81,18800,36081018800,188,Census Tract 188,G5020,S,176992,0,+40.6816404,-73.7997973,81,36,40.6816404,-73.7997973,4114.666667,23270,No
218,36005030100,36,5,30100,36005030100,301,Census Tract 301,G5020,S,144288,0,+40.8832804,-73.9179116,5,36,40.8832804,-73.9179116,4108.333333,22185.33333,No
1994,36081120100,36,81,120100,36081120100,1201,Census Tract 1201,G5020,S,162893,0,+40.7532121,-73.8140593,81,36,40.7532121,-73.8140593,4102.666667,18876,No
1700,36081048000,36,81,48000,36081048000,480,Census Tract 480,G5020,S,230260,0,+40.7128891,-73.7730046,81,36,40.7128891,-73.7730046,4101.666667,24455.66667,No
280,36005039000,36,5,39000,36005039000,390,Census Tract 390,G5020,S,181646,0,+40.8812352,-73.86076,5,36,40.8812352,-73.86076,4099.333333,23240,No
376,36047005400,36,47,5400,36047005400,54,Census Tract 54,G5020,S,166652,125902,+40.6167794,-74.0395213,47,36,40.6167794,-74.0395213,4094,17854,No
1988,36081118700,36,81,118700,36081118700,1187,Census Tract 1187,G5020,S,187235,0,+40.7596321,-73.8128802,81,36,40.7596321,-73.8128802,4092.666667,19198.66667,No
2003,36081124100,36,81,124100,36081124100,1241,Census Tract 1241,G5020,S,498858,0,+40.7268041,-73.8024085,81,36,40.7268041,-73.8024085,4087.666667,21430.66667,No
263,36005037200,36,5,37200,36005037200,372,Census Tract 372,G5020,S,186529,0,+40.8738025,-73.8632803,5,36,40.8738025,-73.8632803,4085.333333,21963,No
309,36005042000,36,5,42000,36005042000,420,Census Tract 420,G5020,S,150505,0,+40.8930261,-73.8598558,5,36,40.8930261,-73.8598558,4083.333333,24178,No
860,36047062200,36,47,62200,36047062200,622,Census Tract 622,G5020,S,243250,111635,+40.5849950,-73.9355821,47,36,40.584995,-73.9355821,4079,20652.66667,No
1990,36081119100,36,81,119100,36081119100,1191,Census Tract 1191,G5020,S,217684,0,+40.7566650,-73.8065111,81,36,40.756665,-73.8065111,4076.666667,19624.66667,No
1651,36081040400,36,81,40400,36081040400,404,Census Tract 404,G5020,S,477126,0,+40.7052122,-73.7707281,81,36,40.7052122,-73.7707281,4076.333333,23942,No
322,36005043500,36,5,43500,36005043500,435,Census Tract 435,G5020,S,6728790,32176,+40.8952111,-73.8811111,5,36,40.8952111,-73.8811111,4074,21244,No
1979,36081115700,36,81,115700,36081115700,1157,Census Tract 1157,G5020,S,313950,0,+40.7675760,-73.8151694,81,36,40.767576,-73.8151694,4071.666667,18956,No
1025,36047100400,36,47,100400,36047100400,1004,Census Tract 1004,G5020,S,132054,0,+40.6306493,-73.9038,47,36,40.6306493,-73.9038,4069.333333,18895.66667,No
1002,36047094401,36,47,94401,36047094401,944.01,Census Tract 944.01,G5020,S,369640,0,+40.6387394,-73.9229746,47,36,40.6387394,-73.9229746,4068.333333,18320.33333,No
183,36005025200,36,5,25200,36005025200,252,Census Tract 252,G5020,S,190715,0,+40.8471320,-73.8549662,5,36,40.847132,-73.8549662,4067.666667,20443.66667,No
327,36005044901,36,5,44901,36005044901,449.01,Census Tract 449.01,G5020,S,158134,0,+40.8974999,-73.8733943,5,36,40.8974999,-73.8733943,4067.666667,21874,No
1883,36081077907,36,81,77907,36081077907,779.07,Census Tract 779.07,G5020,S,213290,0,+40.7249697,-73.8184478,81,36,40.7249697,-73.8184478,4067.666667,21372,No
270,36005038000,36,5,38000,36005038000,380,Census Tract 380,G5020,S,215283,0,+40.8780935,-73.8624415,5,36,40.8780935,-73.8624415,4066.333333,22642.33333,No
329,36005045101,36,5,45101,36005045101,451.01,Census Tract 451.01,G5020,S,174956,0,+40.8974400,-73.8643289,5,36,40.89744,-73.8643289,4063,23038,No
240,36005034000,36,5,34000,36005034000,340,Census Tract 340,G5020,S,158332,0,+40.8684405,-73.8629232,5,36,40.8684405,-73.8629232,4061.333333,21964,No
187,36005025600,36,5,25600,36005025600,256,Census Tract 256,G5020,S,189285,0,+40.8443911,-73.850219,5,36,40.8443911,-73.850219,4059,20895,No
2005,36081125700,36,81,125700,36081125700,1257,Census Tract 1257,G5020,S,331892,0,+40.7241330,-73.8079345,81,36,40.724133,-73.8079345,4057,20620.33333,No
1455,36081010200,36,81,10200,36081010200,102,Census Tract 102,G5020,S,213859,0,+40.6787779,-73.8229675,81,36,40.6787779,-73.8229675,4056.666667,22631,No
1584,36081027200,36,81,27200,36081027200,272,Census Tract 272,G5020,S,153734,0,+40.6835769,-73.7913206,81,36,40.6835769,-73.7913206,4056.666667,22840,No
1536,36081019200,36,81,19200,36081019200,192,Census Tract 192,G5020,S,199119,0,+40.6838324,-73.8005905,81,36,40.6838324,-73.8005905,4054.666667,22866.33333,No
1900,36081084500,36,81,84500,36081084500,845,Census Tract 845,G5020,S,188233,0,+40.7499656,-73.8202293,81,36,40.7499656,-73.8202293,4054.333333,18467.66667,No
888,36047069000,36,47,69000,36047069000,690,Census Tract 690,G5020,S,172913,0,+40.6199654,-73.9206701,47,36,40.6199654,-73.9206701,4053.333333,18154.66667,No
875,36047065800,36,47,65800,36047065800,658,Census Tract 658,G5020,S,153365,0,+40.6080828,-73.9312005,47,36,40.6080828,-73.9312005,4052,18936,No
2081,36085009602,36,85,9602,36085009602,96.02,Census Tract 96.02,G5020,S,617704,0,+40.5907824,-74.0951591,85,36,40.5907824,-74.0951591,4050.666667,25069.33333,No
1996,36081120500,36,81,120500,36081120500,1205,Census Tract 1205,G5020,S,202236,0,+40.7512742,-73.8171091,81,36,40.7512742,-73.8171091,4049.666667,18826.66667,No
201,36005027600,36,5,27600,36005027600,276,Census Tract 276,G5020,S,1525909,782519,+40.8525216,-73.8209505,5,36,40.8525216,-73.8209505,4049,22621,No
828,36047057000,36,47,57000,36047057000,570,Census Tract 570,G5020,S,262372,0,+40.5992668,-73.9368826,47,36,40.5992668,-73.9368826,4045.666667,18827,No
1626,36081035700,36,81,35700,36081035700,357,Census Tract 357,G5020,S,573067,0,+40.7679060,-73.8715035,81,36,40.767906,-73.8715035,4042.333333,18175,No
2121,36085017300,36,85,17300,36085017300,173,Census Tract 173,G5020,S,343224,0,+40.6052791,-74.1182769,85,36,40.6052791,-74.1182769,4040.333333,26145.66667,No
883,36047067800,36,47,67800,36047067800,678,Census Tract 678,G5020,S,166222,0,+40.6261489,-73.922779,47,36,40.6261489,-73.922779,4038.666667,18910.33333,No
1983,36081116700,36,81,116700,36081116700,1167,Census Tract 1167,G5020,S,166108,0,+40.7621734,-73.8124434,81,36,40.7621734,-73.8124434,4036.333333,18735,No
1502,36081015400,36,81,15400,36081015400,154,Census Tract 154,G5020,S,149793,0,+40.6921953,-73.8205653,81,36,40.6921953,-73.8205653,4034,23169.66667,No
1541,36081020200,36,81,20200,36081020200,202,Census Tract 202,G5020,S,146545,0,+40.6897830,-73.8077365,81,36,40.689783,-73.8077365,4033.333333,22183.33333,No
2067,36085003600,36,85,3600,36085003600,36,Census Tract 36,G5020,S,410502,0,+40.6110561,-74.0759044,85,36,40.6110561,-74.0759044,4032,22940.33333,No
1537,36081019400,36,81,19400,36081019400,194,Census Tract 194,G5020,S,301250,0,+40.6859259,-73.8034266,81,36,40.6859259,-73.8034266,4029,22611.66667,No
336,36005048400,36,5,48400,36005048400,484,Census Tract 484,G5020,S,699183,0,+40.8863099,-73.8345657,5,36,40.8863099,-73.8345657,4027,24113,No
1535,36081019000,36,81,19000,36081019000,190,Census Tract 190,G5020,S,188152,0,+40.6853877,-73.7952235,81,36,40.6853877,-73.7952235,4023.666667,22500,No
1694,36081047200,36,81,47200,36081047200,472,Census Tract 472,G5020,S,516200,0,+40.7176220,-73.7789358,81,36,40.717622,-73.7789358,4023.666667,24458.33333,No
826,36047056800,36,47,56800,36047056800,568,Census Tract 568,G5020,S,117817,0,+40.6026717,-73.9378185,47,36,40.6026717,-73.9378185,4023.333333,19376.33333,No
1024,36047099800,36,47,99800,36047099800,998,Census Tract 998,G5020,S,419733,69968,+40.6295432,-73.9094498,47,36,40.6295432,-73.9094498,4023,18862.33333,No
1667,36081044000,36,81,44000,36081044000,440,Census Tract 440,G5020,S,378972,0,+40.7026744,-73.7846247,81,36,40.7026744,-73.7846247,4022.666667,23108,No
214,36005029500,36,5,29500,36005029500,295,Census Tract 295,G5020,S,232992,0,+40.8848984,-73.9085646,5,36,40.8848984,-73.9085646,4022,20150,No
850,36047059800,36,47,59800,36047059800,598,Census Tract 598,G5020,S,199216,0,+40.5878962,-73.9362265,47,36,40.5878962,-73.9362265,4022,19886,No
2007,36081126700,36,81,126700,36081126700,1267,Census Tract 1267,G5020,S,778302,0,+40.7202662,-73.7978404,81,36,40.7202662,-73.7978404,4022,21993.33333,No
245,36005034800,36,5,34800,36005034800,348,Census Tract 348,G5020,S,437468,0,+40.8694471,-73.8530706,5,36,40.8694471,-73.8530706,4015.333333,22470.33333,No
1917,36081090700,36,81,90700,36081090700,907,Census Tract 907,G5020,S,2070224,343928,+40.7733837,-73.8393163,81,36,40.7733837,-73.8393163,4015,19676.33333,No
830,36047057200,36,47,57200,36047057200,572,Census Tract 572,G5020,S,243629,0,+40.5963688,-73.9382159,47,36,40.5963688,-73.9382159,4014.333333,19331.66667,No
1714,36081050000,36,81,50000,36081050000,500,Census Tract 500,G5020,S,334338,0,+40.7119556,-73.7635889,81,36,40.7119556,-73.7635889,4013.333333,24684.33333,No
2006,36081126500,36,81,126500,36081126500,1265,Census Tract 1265,G5020,S,201222,0,+40.7204985,-73.8037018,81,36,40.7204985,-73.8037018,4013,21568.33333,No
1715,36081050201,36,81,50201,36081050201,502.01,Census Tract 502.01,G5020,S,168024,0,+40.7088032,-73.7648969,81,36,40.7088032,-73.7648969,4012.666667,25383.66667,No
247,36005035100,36,5,35100,36005035100,351,Census Tract 351,G5020,S,562928,0,+40.8951029,-73.9000859,5,36,40.8951029,-73.9000859,4002,20685,No
264,36005037300,36,5,37300,36005037300,373,Census Tract 373,G5020,S,173453,0,+40.8486733,-73.8901415,5,36,40.8486733,-73.8901415,4001.333333,18285,No
267,36005037600,36,5,37600,36005037600,376,Census Tract 376,G5020,S,126341,0,+40.8745690,-73.8692131,5,36,40.874569,-73.8692131,3993.333333,21845,No
1376,36061029700,36,61,29700,36061029700,297,Census Tract 297,G5020,S,1016972,931404,+40.8724974,-73.928619,61,36,40.8724974,-73.928619,3993.333333,18158.33333,No
1914,36081088400,36,81,88400,36081088400,884,Census Tract 884,G5020,S,1553993,659918,+40.6557283,-73.833707,81,36,40.6557283,-73.833707,3986.666667,22658.33333,No
1572,36081026000,36,81,26000,36081026000,260,Census Tract 260,G5020,S,178375,0,+40.6927524,-73.7933078,81,36,40.6927524,-73.7933078,3985,21979.66667,No
464,36047016800,36,47,16800,36047016800,168,Census Tract 168,G5020,S,171510,114579,+40.6032351,-74.0168695,47,36,40.6032351,-74.0168695,3983.666667,18682.33333,No
1884,36081077908,36,81,77908,36081077908,779.08,Census Tract 779.08,G5020,S,201497,0,+40.7256063,-73.8136817,81,36,40.7256063,-73.8136817,3972.666667,20587.66667,No
213,36005029302,36,5,29302,36005029302,293.02,Census Tract 293.02,G5020,S,424368,0,+40.8792851,-73.9158389,5,36,40.8792851,-73.9158389,3966.666667,21311.33333,No
653,36047037401,36,47,37401,36047037401,374.01,Census Tract 374.01,G5020,S,225524,0,+40.5879979,-73.9677549,47,36,40.5879979,-73.9677549,3965.666667,20345.66667,No
2071,36085005000,36,85,5000,36085005000,50,Census Tract 50,G5020,S,784006,56291,+40.6049549,-74.08666,85,36,40.6049549,-74.08666,3965.666667,23719.66667,No
169,36005023800,36,5,23800,36005023800,238,Census Tract 238,G5020,S,341279,0,+40.8437093,-73.8610752,5,36,40.8437093,-73.8610752,3965,19283.33333,No
246,36005035000,36,5,35000,36005035000,350,Census Tract 350,G5020,S,191627,0,+40.8685221,-73.8482552,5,36,40.8685221,-73.8482552,3964.333333,22274.33333,No
266,36005037504,36,5,37504,36005037504,375.04,Census Tract 375.04,G5020,S,239271,0,+40.8502936,-73.892678,5,36,40.8502936,-73.892678,3963.333333,18260.66667,No
283,36005039300,36,5,39300,36005039300,393,Census Tract 393,G5020,S,182509,0,+40.8525181,-73.8831358,5,36,40.8525181,-73.8831358,3963.333333,18550.33333,No
1989,36081118900,36,81,118900,36081118900,1189,Census Tract 1189,G5020,S,202351,0,+40.7565055,-73.8126136,81,36,40.7565055,-73.8126136,3960,18983,No
584,36047029400,36,47,29400,36047029400,294,Census Tract 294,G5020,S,188986,66561,+40.5942770,-74.0005407,47,36,40.594277,-74.0005407,3958.333333,19558.33333,No
210,36005028800,36,5,28800,36005028800,288,Census Tract 288,G5020,S,335573,0,+40.8542920,-73.8514783,5,36,40.854292,-73.8514783,3955.333333,21076.33333,No
1474,36081012200,36,81,12200,36081012200,122,Census Tract 122,G5020,S,206323,0,+40.6965157,-73.8310887,81,36,40.6965157,-73.8310887,3955,20160.66667,No
1511,36081016400,36,81,16400,36081016400,164,Census Tract 164,G5020,S,199808,0,+40.6851018,-73.8165255,81,36,40.6851018,-73.8165255,3954.666667,22493,No
1004,36047094600,36,47,94600,36047094600,946,Census Tract 946,G5020,S,281769,0,+40.6446169,-73.9232797,47,36,40.6446169,-73.9232797,3953.666667,16985.33333,No
1496,36081014800,36,81,14800,36081014800,148,Census Tract 148,G5020,S,163947,0,+40.6945240,-73.8224212,81,36,40.694524,-73.8224212,3953,22793.66667,No
1878,36081077902,36,81,77902,36081077902,779.02,Census Tract 779.02,G5020,S,566449,0,+40.7252799,-73.8248477,81,36,40.7252799,-73.8248477,3952.333333,19369.66667,No
469,36047017400,36,47,17400,36047017400,174,Census Tract 174,G5020,S,170483,86463,+40.6035123,-74.012107,47,36,40.6035123,-74.012107,3948.333333,18677.66667,No
1632,36081036700,36,81,36700,36081036700,367,Census Tract 367,G5020,S,195419,0,+40.7632242,-73.8679426,81,36,40.7632242,-73.8679426,3946,16276.33333,No
890,36047069601,36,47,69601,36047069601,696.01,Census Tract 696.01,G5020,S,456931,47776,+40.6271699,-73.9153676,47,36,40.6271699,-73.9153676,3945.333333,18667,No
998,36047093200,36,47,93200,36047093200,932,Census Tract 932,G5020,S,279758,0,+40.6375696,-73.9295165,47,36,40.6375696,-73.9295165,3945,16800,No
281,36005039100,36,5,39100,36005039100,391,Census Tract 391,G5020,S,206377,0,+40.8531215,-73.8871318,5,36,40.8531215,-73.8871318,3941.666667,18388.33333,No
231,36005032800,36,5,32800,36005032800,328,Census Tract 328,G5020,S,204657,0,+40.8617366,-73.8631301,5,36,40.8617366,-73.8631301,3932.666667,20691,No
225,36005031600,36,5,31600,36005031600,316,Census Tract 316,G5020,S,177170,0,+40.8619716,-73.8487247,5,36,40.8619716,-73.8487247,3932.333333,21081,No
235,36005033400,36,5,33400,36005033400,334,Census Tract 334,G5020,S,3036903,61601,+40.8600152,-73.8743058,5,36,40.8600152,-73.8743058,3929.333333,19356,No
229,36005032400,36,5,32400,36005032400,324,Census Tract 324,G5020,S,268373,0,+40.8613415,-73.8597052,5,36,40.8613415,-73.8597052,3926,21064.66667,No
872,36047065200,36,47,65200,36047065200,652,Census Tract 652,G5020,S,174713,0,+40.6147620,-73.9300726,47,36,40.614762,-73.9300726,3923.666667,18124.33333,No
1493,36081014400,36,81,14400,36081014400,144,Census Tract 144,G5020,S,222445,0,+40.6985690,-73.8285071,81,36,40.698569,-73.8285071,3921.666667,19178.33333,No
1570,36081025800,36,81,25800,36081025800,258,Census Tract 258,G5020,S,212177,0,+40.6960440,-73.787275,81,36,40.696044,-73.787275,3917.666667,22612.33333,No
1042,36047107800,36,47,107800,36047107800,1078,Census Tract 1078,G5020,S,506529,0,+40.6588417,-73.875959,47,36,40.6588417,-73.875959,3915.333333,19245.33333,No
863,36047063200,36,47,63200,36047063200,632,Census Tract 632,G5020,S,117438,0,+40.5997604,-73.9315683,47,36,40.5997604,-73.9315683,3912,19741.66667,No
569,36047028000,36,47,28000,36047028000,280,Census Tract 280,G5020,S,145981,49260,+40.6011057,-74.0073298,47,36,40.6011057,-74.0073298,3910.333333,19145.33333,No
1466,36081011400,36,81,11400,36081011400,114,Census Tract 114,G5020,S,121526,0,+40.6879689,-73.8418438,81,36,40.6879689,-73.8418438,3908.333333,21865,No
181,36005025000,36,5,25000,36005025000,250,Census Tract 250,G5020,S,181709,0,+40.8517064,-73.8557006,5,36,40.8517064,-73.8557006,3908,20257.33333,No
237,36005033600,36,5,33600,36005033600,336,Census Tract 336,G5020,S,184397,0,+40.8684896,-73.8688853,5,36,40.8684896,-73.8688853,3907.333333,21235.33333,No
1670,36081044400,36,81,44400,36081044400,444,Census Tract 444,G5020,S,901382,0,+40.7057596,-73.7818256,81,36,40.7057596,-73.7818256,3904.333333,23383.66667,No
62,36005009800,36,5,9800,36005009800,98,Census Tract 98,G5020,S,515963,0,+40.8254412,-73.8495151,5,36,40.8254412,-73.8495151,3902.666667,19894,No
265,36005037400,36,5,37400,36005037400,374,Census Tract 374,G5020,S,167070,0,+40.8745379,-73.8666711,5,36,40.8745379,-73.8666711,3902.333333,21714,No
598,36047030800,36,47,30800,36047030800,308,Census Tract 308,G5020,S,684056,0,+40.5865418,-73.9795129,47,36,40.5865418,-73.9795129,3901.333333,20246.33333,No
1092,36047121400,36,47,121400,36047121400,1214,Census Tract 1214,G5020,S,170194,0,+40.6674646,-73.8651719,47,36,40.6674646,-73.8651719,3899.666667,18916.33333,No
1673,36081044800,36,81,44800,36081044800,448,Census Tract 448,G5020,S,206125,0,+40.7110223,-73.8026079,81,36,40.7110223,-73.8026079,3899.666667,22743,No
1026,36047100600,36,47,100600,36047100600,1006,Census Tract 1006,G5020,S,152116,0,+40.6322533,-73.9008897,47,36,40.6322533,-73.9008897,3898.666667,18631.33333,No
1538,36081019600,36,81,19600,36081019600,196,Census Tract 196,G5020,S,222897,0,+40.6894694,-73.7999085,81,36,40.6894694,-73.7999085,3898.666667,21920.66667,No
1674,36081045000,36,81,45000,36081045000,450,Census Tract 450,G5020,S,171322,0,+40.7141751,-73.8047692,81,36,40.7141751,-73.8047692,3898.666667,22742,No
1040,36047105804,36,47,105804,36047105804,1058.04,Census Tract 1058.04,G5020,S,761898,30120,+40.6450840,-73.8812223,47,36,40.645084,-73.8812223,3898.333333,17634.66667,No
1035,36047102400,36,47,102400,36047102400,1024,Census Tract 1024,G5020,S,143125,0,+40.6329284,-73.8932756,47,36,40.6329284,-73.8932756,3897,17944,No
2001,36081122701,36,81,122701,36081122701,1227.01,Census Tract 1227.01,G5020,S,704668,0,+40.7333418,-73.8070927,81,36,40.7333418,-73.8070927,3897,20421.33333,No
1047,36047111600,36,47,111600,36047111600,1116,Census Tract 1116,G5020,S,499693,0,+40.6638632,-73.8756882,47,36,40.6638632,-73.8756882,3896.666667,18058,No
571,36047028200,36,47,28200,36047028200,282,Census Tract 282,G5020,S,180820,58653,+40.6002500,-74.0054401,47,36,40.60025,-74.0054401,3896,19371.33333,No
268,36005037800,36,5,37800,36005037800,378,Census Tract 378,G5020,S,129819,0,+40.8797991,-73.8666211,5,36,40.8797991,-73.8666211,3895.333333,22396.33333,No
1468,36081011600,36,81,11600,36081011600,116,Census Tract 116,G5020,S,139691,0,+40.6888159,-73.8388153,81,36,40.6888159,-73.8388153,3895.333333,20466.66667,No
1831,36081066300,36,81,66300,36081066300,663,Census Tract 663,G5020,S,524959,0,+40.7211190,-73.8773457,81,36,40.721119,-73.8773457,3894.666667,17072.66667,No
825,36047056600,36,47,56600,36047056600,566,Census Tract 566,G5020,S,171530,0,+40.6028525,-73.9414035,47,36,40.6028525,-73.9414035,3893,18880.66667,No
160,36005023200,36,5,23200,36005023200,232,Census Tract 232,G5020,S,142706,0,+40.8469746,-73.8633164,5,36,40.8469746,-73.8633164,3888,19507.66667,No
16,36005003800,36,5,3800,36005003800,38,Census Tract 38,G5020,S,63397,0,+40.8202946,-73.8633435,5,36,40.8202946,-73.8633435,3885,18576.66667,No
239,36005033800,36,5,33800,36005033800,338,Census Tract 338,G5020,S,161378,0,+40.8684379,-73.8658167,5,36,40.8684379,-73.8658167,3881.333333,21127.66667,No
230,36005032600,36,5,32600,36005032600,326,Census Tract 326,G5020,S,331184,0,+40.8621878,-73.8554778,5,36,40.8621878,-73.8554778,3879.333333,20916.33333,No
232,36005033000,36,5,33000,36005033000,330,Census Tract 330,G5020,S,206129,0,+40.8616561,-73.8660255,5,36,40.8616561,-73.8660255,3875.333333,20483.33333,No
470,36047017600,36,47,17600,36047017600,176,Census Tract 176,G5020,S,142505,74662,+40.6019273,-74.0088041,47,36,40.6019273,-74.0088041,3865.666667,18826.33333,No
1472,36081012000,36,81,12000,36081012000,120,Census Tract 120,G5020,S,147026,0,+40.6915362,-73.8286702,81,36,40.6915362,-73.8286702,3862.666667,22403,No
999,36047093400,36,47,93400,36047093400,934,Census Tract 934,G5020,S,177759,0,+40.6489251,-73.9190149,47,36,40.6489251,-73.9190149,3862.333333,16987.33333,No
898,36047072200,36,47,72200,36047072200,722,Census Tract 722,G5020,S,257178,0,+40.6319999,-73.9243887,47,36,40.6319999,-73.9243887,3857,18637.66667,No
318,36005042902,36,5,42902,36005042902,429.02,Census Tract 429.02,G5020,S,96228,0,+40.8771332,-73.8739243,5,36,40.8771332,-73.8739243,3856.666667,20190.66667,No
1634,36081037100,36,81,37100,36081037100,371,Census Tract 371,G5020,S,168407,0,+40.7641258,-73.86384,81,36,40.7641258,-73.86384,3854.666667,16387,No
1470,36081011800,36,81,11800,36081011800,118,Census Tract 118,G5020,S,161709,0,+40.6906952,-73.8339159,81,36,40.6906952,-73.8339159,3848.333333,21337.33333,No
1000,36047093600,36,47,93600,36047093600,936,Census Tract 936,G5020,S,165120,0,+40.6487962,-73.9215837,47,36,40.6487962,-73.9215837,3846,17061.33333,No
1023,36047099600,36,47,99600,36047099600,996,Census Tract 996,G5020,S,189693,0,+40.6334438,-73.9077878,47,36,40.6334438,-73.9077878,3844.666667,18414.33333,No
1678,36081045600,36,81,45600,36081045600,456,Census Tract 456,G5020,S,160527,0,+40.7165590,-73.7940062,81,36,40.716559,-73.7940062,3841.666667,23350.33333,No
234,36005033202,36,5,33202,36005033202,332.02,Census Tract 332.02,G5020,S,115205,0,+40.8633818,-73.8689413,5,36,40.8633818,-73.8689413,3841.333333,21076.66667,No
1915,36081088901,36,81,88901,36081088901,889.01,Census Tract 889.01,G5020,S,622805,0,+40.7723930,-73.828199,81,36,40.772393,-73.828199,3840.333333,19488.33333,No
869,36047064600,36,47,64600,36047064600,646,Census Tract 646,G5020,S,165636,0,+40.6159147,-73.9395351,47,36,40.6159147,-73.9395351,3839.333333,18115,No
1567,36081025400,36,81,25400,36081025400,254,Census Tract 254,G5020,S,636502,0,+40.6966870,-73.7944422,81,36,40.696687,-73.7944422,3836.666667,22525.33333,No
20,36005004200,36,5,4200,36005004200,42,Census Tract 42,G5020,S,483365,0,+40.8239307,-73.8620059,5,36,40.8239307,-73.8620059,3836,18228.66667,No
251,36005036000,36,5,36000,36005036000,360,Census Tract 360,G5020,S,266175,0,+40.8668405,-73.8431182,5,36,40.8668405,-73.8431182,3834.333333,22409.33333,No
1512,36081016600,36,81,16600,36081016600,166,Census Tract 166,G5020,S,202214,0,+40.6812928,-73.8207156,81,36,40.6812928,-73.8207156,3832.666667,22334,No
1908,36081086100,36,81,86100,36081086100,861,Census Tract 861,G5020,S,148788,0,+40.7568129,-73.8178758,81,36,40.7568129,-73.8178758,3830,19075,No
1001,36047093800,36,47,93800,36047093800,938,Census Tract 938,G5020,S,131105,0,+40.6504469,-73.9245581,47,36,40.6504469,-73.9245581,3827,16162,No
1504,36081015600,36,81,15600,36081015600,156,Census Tract 156,G5020,S,209828,0,+40.6903476,-73.8206026,81,36,40.6903476,-73.8206026,3825.666667,22347,No
1891,36081079900,36,81,79900,36081079900,799,Census Tract 799,G5020,S,286404,0,+40.7469854,-73.827383,81,36,40.7469854,-73.827383,3825.333333,18707.66667,No
1405,36081003200,36,81,3200,36081003200,32,Census Tract 32,G5020,S,167098,0,+40.6873574,-73.8467704,81,36,40.6873574,-73.8467704,3824.666667,20843,No
1628,36081036100,36,81,36100,36081036100,361,Census Tract 361,G5020,S,157374,0,+40.7612829,-73.8724157,81,36,40.7612829,-73.8724157,3817.666667,16275.66667,No
873,36047065400,36,47,65400,36047065400,654,Census Tract 654,G5020,S,151523,0,+40.6129487,-73.9318078,47,36,40.6129487,-73.9318078,3817.333333,18112.66667,No
150,36005022404,36,5,22404,36005022404,224.04,Census Tract 224.04,G5020,S,92720,0,+40.8527445,-73.8663009,5,36,40.8527445,-73.8663009,3814.333333,20351.66667,No
1390,36081000800,36,81,800,36081000800,8,Census Tract 8,G5020,S,189825,0,+40.6873473,-73.8582587,81,36,40.6873473,-73.8582587,3813.666667,17033.66667,No
955,36047083600,36,47,83600,36047083600,836,Census Tract 836,G5020,S,208197,0,+40.6371028,-73.9351273,47,36,40.6371028,-73.9351273,3812.333333,16597,No
1692,36081047000,36,81,47000,36081047000,470,Census Tract 470,G5020,S,229319,0,+40.7112968,-73.7772983,81,36,40.7112968,-73.7772983,3811.666667,24076.66667,No
254,36005036400,36,5,36400,36005036400,364,Census Tract 364,G5020,S,202212,0,+40.8736354,-73.849235,5,36,40.8736354,-73.849235,3808.666667,22120,No
1881,36081077905,36,81,77905,36081077905,779.05,Census Tract 779.05,G5020,S,274932,0,+40.7173235,-73.8129281,81,36,40.7173235,-73.8129281,3808,20022.66667,No
582,36047029200,36,47,29200,36047029200,292,Census Tract 292,G5020,S,199160,96967,+40.5972222,-74.000797,47,36,40.5972222,-74.000797,3806,19555.33333,No
1675,36081045200,36,81,45200,36081045200,452,Census Tract 452,G5020,S,213958,0,+40.7145690,-73.7995427,81,36,40.714569,-73.7995427,3804.666667,23384.33333,No
654,36047037402,36,47,37402,36047037402,374.02,Census Tract 374.02,G5020,S,300797,0,+40.5867949,-73.9719966,47,36,40.5867949,-73.9719966,3804,19524,No
5,36005002000,36,5,2000,36005002000,20,Census Tract 20,G5020,S,395566,0,+40.8175801,-73.8660962,5,36,40.8175801,-73.8660962,3802.333333,18753,No
1539,36081019800,36,81,19800,36081019800,198,Census Tract 198,G5020,S,207904,0,+40.6918471,-73.8028027,81,36,40.6918471,-73.8028027,3802,21756.66667,No
1641,36081038301,36,81,38301,36081038301,383.01,Census Tract 383.01,G5020,S,528576,138183,+40.7615536,-73.8416738,81,36,40.7615536,-73.8416738,3801.666667,19085.66667,No
1476,36081012400,36,81,12400,36081012400,124,Census Tract 124,G5020,S,195160,0,+40.6952398,-73.834319,81,36,40.6952398,-73.834319,3801.333333,19260.66667,No
314,36005042500,36,5,42500,36005042500,425,Census Tract 425,G5020,S,290825,0,+40.8710168,-73.8790971,5,36,40.8710168,-73.8790971,3799.333333,20572.66667,No
997,36047093000,36,47,93000,36047093000,930,Census Tract 930,G5020,S,194229,0,+40.6499290,-73.9154075,47,36,40.649929,-73.9154075,3799,17512.33333,No
897,36047072000,36,47,72000,36047072000,720,Census Tract 720,G5020,S,158220,0,+40.6288502,-73.9200468,47,36,40.6288502,-73.9200468,3795,18401,No
596,36047030600,36,47,30600,36047030600,306,Census Tract 306,G5020,S,193681,0,+40.5911556,-73.9861335,47,36,40.5911556,-73.9861335,3789.333333,20403,No
1981,36081116100,36,81,116100,36081116100,1161,Census Tract 1161,G5020,S,178427,0,+40.7668291,-73.8257235,81,36,40.7668291,-73.8257235,3787.666667,18519.66667,No
902,36047073000,36,47,73000,36047073000,730,Census Tract 730,G5020,S,184737,0,+40.6262017,-73.9298437,47,36,40.6262017,-73.9298437,3787,17825,No
2053,36085000300,36,85,300,36085000300,3,Census Tract 3,G5020,S,584130,1917454,+40.6446304,-74.0719887,85,36,40.6446304,-74.0719887,3785.666667,20244,No
635,36047035601,36,47,35601,36047035601,356.01,Census Tract 356.01,G5020,S,64291,0,+40.5809306,-73.9696827,47,36,40.5809306,-73.9696827,3784.333333,20819.66667,No
1462,36081011000,36,81,11000,36081011000,110,Census Tract 110,G5020,S,165044,0,+40.6873142,-73.8350142,81,36,40.6873142,-73.8350142,3783.666667,21341.66667,No
2157,36085030301,36,85,30301,36085030301,303.01,Census Tract 303.01,G5020,S,714357,0,+40.6188883,-74.1562102,85,36,40.6188883,-74.1562102,3781,29941.66667,No
870,36047064800,36,47,64800,36047064800,648,Census Tract 648,G5020,S,151522,0,+40.6176898,-73.9364602,47,36,40.6176898,-73.9364602,3780,17349.66667,No
1482,36081013200,36,81,13200,36081013200,132,Census Tract 132,G5020,S,192417,0,+40.7013006,-73.8343929,81,36,40.7013006,-73.8343929,3776,18936.33333,No
226,36005031800,36,5,31800,36005031800,318,Census Tract 318,G5020,S,178366,0,+40.8619545,-73.8515677,5,36,40.8619545,-73.8515677,3771.333333,20901.33333,No
1478,36081012601,36,81,12601,36081012601,126.01,Census Tract 126.01,G5020,S,147130,0,+40.6936963,-73.837425,81,36,40.6936963,-73.837425,3770.666667,19126.66667,No
576,36047028600,36,47,28600,36047028600,286,Census Tract 286,G5020,S,178028,58731,+40.5987719,-74.0019272,47,36,40.5987719,-74.0019272,3769.666667,19237.66667,No
899,36047072400,36,47,72400,36047072400,724,Census Tract 724,G5020,S,192192,0,+40.6341061,-73.9270557,47,36,40.6341061,-73.9270557,3769.333333,18645.33333,No
1686,36081046400,36,81,46400,36081046400,464,Census Tract 464,G5020,S,237170,0,+40.7168914,-73.7870252,81,36,40.7168914,-73.7870252,3767.666667,24051.66667,No
2156,36085029104,36,85,29104,36085029104,291.04,Census Tract 291.04,G5020,S,1539332,0,+40.6137133,-74.1634983,85,36,40.6137133,-74.1634983,3762.333333,30147.66667,No
1982,36081116300,36,81,116300,36081116300,1163,Census Tract 1163,G5020,S,251799,0,+40.7638208,-73.8192061,81,36,40.7638208,-73.8192061,3761.666667,18521.66667,No
1005,36047095000,36,47,95000,36047095000,950,Census Tract 950,G5020,S,242443,0,+40.6362487,-73.9171451,47,36,40.6362487,-73.9171451,3758.666667,18222.33333,No
262,36005037100,36,5,37100,36005037100,371,Census Tract 371,G5020,S,198177,0,+40.8472204,-73.8873781,5,36,40.8472204,-73.8873781,3758,18042,No
493,36047020000,36,47,20000,36047020000,200,Census Tract 200,G5020,S,134858,0,+40.6206890,-74.0088197,47,36,40.620689,-74.0088197,3758,16638.33333,No
1882,36081077906,36,81,77906,36081077906,779.06,Census Tract 779.06,G5020,S,286333,0,+40.7293888,-73.8187323,81,36,40.7293888,-73.8187323,3756.666667,19404.66667,No
960,36047085000,36,47,85000,36047085000,850,Census Tract 850,G5020,S,144613,0,+40.6457434,-73.932316,47,36,40.6457434,-73.932316,3753,16196.66667,No
1815,36081063700,36,81,63700,36081063700,637,Census Tract 637,G5020,S,692232,0,+40.7083681,-73.8622875,81,36,40.7083681,-73.8622875,3749,17009.66667,No
1818,36081064101,36,81,64101,36081064101,641.01,Census Tract 641.01,G5020,S,90429,0,+40.6991149,-73.851762,81,36,40.6991149,-73.851762,3749,17222,No
903,36047073200,36,47,73200,36047073200,732,Census Tract 732,G5020,S,159999,0,+40.6279280,-73.9336058,47,36,40.627928,-73.9336058,3747.333333,17165,No
967,36047086400,36,47,86400,36047086400,864,Census Tract 864,G5020,S,152300,0,+40.6543372,-73.9238222,47,36,40.6543372,-73.9238222,3747.333333,16368,No
874,36047065600,36,47,65600,36047065600,656,Census Tract 656,G5020,S,153578,0,+40.6130109,-73.9349822,47,36,40.6130109,-73.9349822,3745.333333,17775,No
1372,36061028700,36,61,28700,36061028700,287,Census Tract 287,G5020,S,540591,1011892,+40.8639020,-73.9344225,61,36,40.863902,-73.9344225,3745.333333,17962,No
610,36047032600,36,47,32600,36047032600,326,Census Tract 326,G5020,S,329022,0,+40.5765299,-73.9882138,47,36,40.5765299,-73.9882138,3741,22331.66667,No
1553,36081023000,36,81,23000,36081023000,230,Census Tract 230,G5020,S,167237,0,+40.7126254,-73.8081329,81,36,40.7126254,-73.8081329,3739.666667,22467.33333,No
446,36047014800,36,47,14800,36047014800,148,Census Tract 148,G5020,S,133459,0,+40.6167077,-74.012961,47,36,40.6167077,-74.012961,3739,17794.66667,No
1045,36047110600,36,47,110600,36047110600,1106,Census Tract 1106,G5020,S,171053,0,+40.6573142,-73.8842981,47,36,40.6573142,-73.8842981,3738,17682.66667,No
1890,36081079702,36,81,79702,36081079702,797.02,Census Tract 797.02,G5020,S,289340,0,+40.7513400,-73.8294238,81,36,40.75134,-73.8294238,3736.666667,18420.66667,No
462,36047016600,36,47,16600,36047016600,166,Census Tract 166,G5020,S,266930,0,+40.6187031,-74.0162624,47,36,40.6187031,-74.0162624,3734.666667,17517.66667,No
2080,36085009601,36,85,9601,36085009601,96.01,Census Tract 96.01,G5020,S,776182,0,+40.5969289,-74.088602,85,36,40.5969289,-74.088602,3734.666667,23829.33333,No
203,36005027900,36,5,27900,36005027900,279,Census Tract 279,G5020,S,264733,0,+40.8824834,-73.8972276,5,36,40.8824834,-73.8972276,3734,19975,No
204,36005028100,36,5,28100,36005028100,281,Census Tract 281,G5020,S,128859,0,+40.8838070,-73.8906788,5,36,40.883807,-73.8906788,3730.333333,20093,No
130,36005021001,36,5,21001,36005021001,210.01,Census Tract 210.01,G5020,S,192403,0,+40.8408055,-73.8582794,5,36,40.8408055,-73.8582794,3730,19062,No
1009,36047096000,36,47,96000,36047096000,960,Census Tract 960,G5020,S,424226,0,+40.6459276,-73.9147647,47,36,40.6459276,-73.9147647,3730,17232.33333,No
191,36005026400,36,5,26400,36005026400,264,Census Tract 264,G5020,S,425747,0,+40.8417808,-73.8320781,5,36,40.8417808,-73.8320781,3729,21111,No
859,36047062000,36,47,62000,36047062000,620,Census Tract 620,G5020,S,323043,31332,+40.5788518,-73.9460579,47,36,40.5788518,-73.9460579,3728.333333,20575.33333,No
1046,36047111000,36,47,111000,36047111000,1110,Census Tract 1110,G5020,S,123227,0,+40.6605446,-73.8813458,47,36,40.6605446,-73.8813458,3725.666667,18704,No
317,36005042901,36,5,42901,36005042901,429.01,Census Tract 429.01,G5020,S,102256,0,+40.8749499,-73.8742925,5,36,40.8749499,-73.8742925,3722.666667,20890.33333,No
1500,36081015200,36,81,15200,36081015200,152,Census Tract 152,G5020,S,189942,0,+40.6937659,-73.813753,81,36,40.6937659,-73.813753,3719,21701,No
1461,36081010800,36,81,10800,36081010800,108,Census Tract 108,G5020,S,157604,0,+40.6886101,-73.8305959,81,36,40.6886101,-73.8305959,3716.666667,20836,No
468,36047017200,36,47,17200,36047017200,172,Census Tract 172,G5020,S,206303,0,+40.6088823,-74.0103463,47,36,40.6088823,-74.0103463,3715,17892.33333,No
592,36047030200,36,47,30200,36047030200,302,Census Tract 302,G5020,S,211197,0,+40.5957121,-73.990647,47,36,40.5957121,-73.990647,3715,19433.33333,No
664,36047038800,36,47,38800,36047038800,388,Census Tract 388,G5020,S,197933,0,+40.5929248,-73.9692516,47,36,40.5929248,-73.9692516,3714.666667,20148,No
1622,36081034700,36,81,34700,36081034700,347,Census Tract 347,G5020,S,383387,0,+40.7669013,-73.8786315,81,36,40.7669013,-73.8786315,3714.666667,15313.33333,No
864,36047063600,36,47,63600,36047063600,636,Census Tract 636,G5020,S,114322,0,+40.6099355,-73.9361433,47,36,40.6099355,-73.9361433,3713,18279.33333,No
1720,36081050700,36,81,50700,36081050700,507,Census Tract 507,G5020,S,362191,0,+40.7269681,-73.8816201,81,36,40.7269681,-73.8816201,3710.333333,14446.33333,No
627,36047034800,36,47,34800,36047034800,348,Census Tract 348,G5020,S,575522,99096,+40.5811474,-73.9833076,47,36,40.5811474,-73.9833076,3707,22180.33333,No
1880,36081077904,36,81,77904,36081077904,779.04,Census Tract 779.04,G5020,S,382195,0,+40.7209620,-73.8141391,81,36,40.720962,-73.8141391,3704.333333,20398.66667,No
1003,36047094402,36,47,94402,36047094402,944.02,Census Tract 944.02,G5020,S,106850,0,+40.6350817,-73.9207804,47,36,40.6350817,-73.9207804,3702.666667,18616.33333,No
1033,36047102000,36,47,102000,36047102000,1020,Census Tract 1020,G5020,S,157042,0,+40.6383785,-73.8870181,47,36,40.6383785,-73.8870181,3702.666667,17612.33333,No
177,36005024600,36,5,24600,36005024600,246,Census Tract 246,G5020,S,152436,0,+40.8516098,-73.8611557,5,36,40.8516098,-73.8611557,3701.666667,20124.33333,No
1488,36081014000,36,81,14000,36081014000,140,Census Tract 140,G5020,S,223135,0,+40.7037232,-73.8289874,81,36,40.7037232,-73.8289874,3701.666667,20304.66667,No
959,36047084800,36,47,84800,36047084800,848,Census Tract 848,G5020,S,137502,0,+40.6464270,-73.9278611,47,36,40.646427,-73.9278611,3699.666667,16391,No
499,36047020600,36,47,20600,36047020600,206,Census Tract 206,G5020,S,170384,0,+40.6248828,-74.0154401,47,36,40.6248828,-74.0154401,3698.333333,17456.33333,No
1480,36081012800,36,81,12800,36081012800,128,Census Tract 128,G5020,S,159992,0,+40.6982644,-73.8401252,81,36,40.6982644,-73.8401252,3698,18192.66667,No
1680,36081045800,36,81,45800,36081045800,458,Census Tract 458,G5020,S,243200,0,+40.7152434,-73.7909278,81,36,40.7152434,-73.7909278,3695.666667,23178.33333,No
881,36047067400,36,47,67400,36047067400,674,Census Tract 674,G5020,S,189209,0,+40.6198305,-73.9302723,47,36,40.6198305,-73.9302723,3691.333333,17450,No
279,36005038900,36,5,38900,36005038900,389,Census Tract 389,G5020,S,173648,0,+40.8564319,-73.8849744,5,36,40.8564319,-73.8849744,3691,18478,No
2002,36081122702,36,81,122702,36081122702,1227.02,Census Tract 1227.02,G5020,S,450830,0,+40.7331777,-73.8127306,81,36,40.7331777,-73.8127306,3689.666667,19943.33333,No
155,36005022800,36,5,22800,36005022800,228,Census Tract 228,G5020,S,172197,0,+40.8534896,-73.8635363,5,36,40.8534896,-73.8635363,3689,20405,No
900,36047072600,36,47,72600,36047072600,726,Census Tract 726,G5020,S,275167,0,+40.6324139,-73.9338762,47,36,40.6324139,-73.9338762,3684.666667,17859.66667,No
1453,36081010000,36,81,10000,36081010000,100,Census Tract 100,G5020,S,223353,0,+40.6811536,-73.8288851,81,36,40.6811536,-73.8288851,3683.666667,20782,No
1457,36081010400,36,81,10400,36081010400,104,Census Tract 104,G5020,S,186476,0,+40.6829682,-73.8265465,81,36,40.6829682,-73.8265465,3682.666667,21429.33333,No
1684,36081046200,36,81,46200,36081046200,462,Census Tract 462,G5020,S,250585,0,+40.7098645,-73.7879676,81,36,40.7098645,-73.7879676,3682.666667,23927.66667,No
1894,36081080900,36,81,80900,36081080900,809,Census Tract 809,G5020,S,1007498,0,+40.7338854,-73.8223404,81,36,40.7338854,-73.8223404,3682.666667,19117.33333,No
349,36047001800,36,47,1800,36047001800,18,Census Tract 18,G5020,S,2386983,4418800,+40.6544179,-74.0189565,47,36,40.6544179,-74.0189565,3681,14615.66667,No
1032,36047101800,36,47,101800,36047101800,1018,Census Tract 1018,G5020,S,281602,0,+40.6438530,-73.8867595,47,36,40.643853,-73.8867595,3681,16796,No
1039,36047105801,36,47,105801,36047105801,1058.01,Census Tract 1058.01,G5020,S,416072,0,+40.6492620,-73.8806341,47,36,40.649262,-73.8806341,3680.666667,18438,No
1835,36081066900,36,81,66900,36081066900,669,Census Tract 669,G5020,S,160095,0,+40.7235670,-73.8859216,81,36,40.723567,-73.8859216,3678.666667,16896.66667,No
1426,36081005800,36,81,5800,36081005800,58,Census Tract 58,G5020,S,597998,0,+40.6735602,-73.8486536,81,36,40.6735602,-73.8486536,3674.666667,20132,No
880,36047067200,36,47,67200,36047067200,672,Census Tract 672,G5020,S,174237,0,+40.6187470,-73.9278042,47,36,40.618747,-73.9278042,3673.666667,17412.33333,No
848,36047059402,36,47,59402,36047059402,594.02,Census Tract 594.02,G5020,S,322474,0,+40.5946146,-73.9430181,47,36,40.5946146,-73.9430181,3671,18651,No
866,36047064000,36,47,64000,36047064000,640,Census Tract 640,G5020,S,153401,0,+40.6109971,-73.9402463,47,36,40.6109971,-73.9402463,3670.666667,18769.33333,No
450,36047015200,36,47,15200,36047015200,152,Census Tract 152,G5020,S,266870,0,+40.6145083,-74.0244624,47,36,40.6145083,-74.0244624,3669,17319.33333,No
633,36047035400,36,47,35400,36047035400,354,Census Tract 354,G5020,S,379058,0,+40.5801351,-73.9726195,47,36,40.5801351,-73.9726195,3667,21602,No
440,36047014000,36,47,14000,36047014000,140,Census Tract 140,G5020,S,146456,0,+40.6207738,-74.0196672,47,36,40.6207738,-74.0196672,3664.666667,16917.66667,No
1006,36047095400,36,47,95400,36047095400,954,Census Tract 954,G5020,S,237026,0,+40.6389669,-73.9146325,47,36,40.6389669,-73.9146325,3664,17669,No
217,36005030000,36,5,30000,36005030000,300,Census Tract 300,G5020,S,415426,0,+40.8522011,-73.8312345,5,36,40.8522011,-73.8312345,3658,22177,No
312,36005042300,36,5,42300,36005042300,423,Census Tract 423,G5020,S,181174,0,+40.8770080,-73.8773556,5,36,40.877008,-73.8773556,3654.666667,20030.33333,No
996,36047092800,36,47,92800,36047092800,928,Census Tract 928,G5020,S,157293,0,+40.6524800,-73.9117734,47,36,40.65248,-73.9117734,3650.333333,15723,No
1485,36081013600,36,81,13600,36081013600,136,Census Tract 136,G5020,S,150078,0,+40.7066144,-73.8286632,81,36,40.7066144,-73.8286632,3648.666667,18650,No
1907,36081085900,36,81,85900,36081085900,859,Census Tract 859,G5020,S,146219,0,+40.7549868,-73.8207973,81,36,40.7549868,-73.8207973,3648.333333,18559.66667,No
1402,36081002800,36,81,2800,36081002800,28,Census Tract 28,G5020,S,222752,0,+40.6924319,-73.8443988,81,36,40.6924319,-73.8443988,3643,18405.33333,No
1849,36081070300,36,81,70300,36081070300,703,Census Tract 703,G5020,S,240626,0,+40.7162763,-73.8593342,81,36,40.7162763,-73.8593342,3642,16701.66667,No
1819,36081064102,36,81,64102,36081064102,641.02,Census Tract 641.02,G5020,S,2218885,0,+40.7021029,-73.8534762,81,36,40.7021029,-73.8534762,3641,14085.33333,No
1481,36081013000,36,81,13000,36081013000,130,Census Tract 130,G5020,S,190619,0,+40.7003729,-73.837877,81,36,40.7003729,-73.837877,3640.666667,18220,No
1445,36081008800,36,81,8800,36081008800,88,Census Tract 88,G5020,S,445067,0,+40.6708511,-73.8385632,81,36,40.6708511,-73.8385632,3637.666667,22120.33333,No
1889,36081079701,36,81,79701,36081079701,797.01,Census Tract 797.01,G5020,S,111310,0,+40.7533454,-73.8247561,81,36,40.7533454,-73.8247561,3637.666667,18347.66667,No
865,36047063800,36,47,63800,36047063800,638,Census Tract 638,G5020,S,139202,0,+40.6080740,-73.9403,47,36,40.608074,-73.9403,3632.333333,18031.66667,No
1394,36081001600,36,81,1600,36081001600,16,Census Tract 16,G5020,S,151500,0,+40.6897177,-73.8548395,81,36,40.6897177,-73.8548395,3629.666667,17824.33333,No
179,36005024800,36,5,24800,36005024800,248,Census Tract 248,G5020,S,277909,0,+40.8553409,-73.8584097,5,36,40.8553409,-73.8584097,3627.333333,20041,No
1479,36081012602,36,81,12602,36081012602,126.02,Census Tract 126.02,G5020,S,147106,0,+40.6932014,-73.8407158,81,36,40.6932014,-73.8407158,3625,18530.33333,No
178,36005024700,36,5,24700,36005024700,247,Census Tract 247,G5020,S,140037,7508,+40.8553118,-73.9187867,5,36,40.8553118,-73.9187867,3624.666667,16767.33333,No
198,36005027300,36,5,27300,36005027300,273,Census Tract 273,G5020,S,213239,0,+40.8739329,-73.9032846,5,36,40.8739329,-73.9032846,3622,18990,No
1027,36047100800,36,47,100800,36047100800,1008,Census Tract 1008,G5020,S,148898,0,+40.6341331,-73.8980664,47,36,40.6341331,-73.8980664,3621.666667,17734.66667,No
1460,36081010701,36,81,10701,36081010701,107.01,Census Tract 107.01,G5020,S,1441534,1611994,+40.7852920,-73.9060848,81,36,40.785292,-73.9060848,3621,13649,No
1022,36047099400,36,47,99400,36047099400,994,Census Tract 994,G5020,S,173970,0,+40.6357597,-73.9043993,47,36,40.6357597,-73.9043993,3619.333333,17359.66667,No
23,36005004600,36,5,4600,36005004600,46,Census Tract 46,G5020,S,135208,0,+40.8224207,-73.8691745,5,36,40.8224207,-73.8691745,3618.666667,17858.33333,No
910,36047074600,36,47,74600,36047074600,746,Census Tract 746,G5020,S,201074,0,+40.6186018,-73.942642,47,36,40.6186018,-73.942642,3613.333333,17429.66667,No
1403,36081003000,36,81,3000,36081003000,30,Census Tract 30,G5020,S,110403,0,+40.6916999,-73.8472949,81,36,40.6916999,-73.8472949,3612,17945.33333,No
1909,36081086300,36,81,86300,36081086300,863,Census Tract 863,G5020,S,144154,0,+40.7612685,-73.8199413,81,36,40.7612685,-73.8199413,3611.666667,18342.66667,No
561,36047027200,36,47,27200,36047027200,272,Census Tract 272,G5020,S,132147,0,+40.6081765,-73.9927384,47,36,40.6081765,-73.9927384,3611,18104.33333,No
821,36047056200,36,47,56200,36047056200,562,Census Tract 562,G5020,S,170814,0,+40.6045181,-73.9475034,47,36,40.6045181,-73.9475034,3610,18495,No
965,36047086000,36,47,86000,36047086000,860,Census Tract 860,G5020,S,174109,0,+40.6499956,-73.9329233,47,36,40.6499956,-73.9329233,3607.666667,15721,No
1399,36081002400,36,81,2400,36081002400,24,Census Tract 24,G5020,S,141867,0,+40.6972088,-73.8465709,81,36,40.6972088,-73.8465709,3606,18377.66667,No
60,36005009300,36,5,9300,36005009300,93,Census Tract 93,G5020,S,2299936,1622825,+40.8056822,-73.8856083,5,36,40.8056822,-73.8856083,3605.333333,16120.66667,No
125,36005020400,36,5,20400,36005020400,204,Census Tract 204,G5020,S,135467,0,+40.8408560,-73.850871,5,36,40.840856,-73.850871,3605,19987,No
131,36005021002,36,5,21002,36005021002,210.02,Census Tract 210.02,G5020,S,172714,0,+40.8384723,-73.8565194,5,36,40.8384723,-73.8565194,3605,18900,No
650,36047037000,36,47,37000,36047037000,370,Census Tract 370,G5020,S,337925,0,+40.5878345,-73.9631544,47,36,40.5878345,-73.9631544,3604,19442,No
1407,36081003400,36,81,3400,36081003400,34,Census Tract 34,G5020,S,213984,0,+40.6847732,-73.858187,81,36,40.6847732,-73.858187,3603.666667,17969.66667,No
478,36047018400,36,47,18400,36047018400,184,Census Tract 184,G5020,S,149131,0,+40.6137054,-74.0071447,47,36,40.6137054,-74.0071447,3601,17045.33333,No
1507,36081015802,36,81,15802,36081015802,158.02,Census Tract 158.02,G5020,S,277609,0,+40.6875436,-73.8196472,81,36,40.6875436,-73.8196472,3600.666667,21312.33333,No
495,36047020200,36,47,20200,36047020200,202,Census Tract 202,G5020,S,134828,0,+40.6220200,-74.0110215,47,36,40.62202,-74.0110215,3600,16808,No
966,36047086200,36,47,86200,36047086200,862,Census Tract 862,G5020,S,140147,0,+40.6502164,-73.9282257,47,36,40.6502164,-73.9282257,3597.666667,15658,No
1629,36081036300,36,81,36300,36081036300,363,Census Tract 363,G5020,S,134898,0,+40.7596838,-73.8694173,81,36,40.7596838,-73.8694173,3597.666667,15215,No
277,36005038700,36,5,38700,36005038700,387,Census Tract 387,G5020,S,183256,0,+40.8580023,-73.8892229,5,36,40.8580023,-73.8892229,3596.666667,18235.33333,No
1817,36081063900,36,81,63900,36081063900,639,Census Tract 639,G5020,S,254172,0,+40.7038549,-73.8570005,81,36,40.7038549,-73.8570005,3596,13834,No
1664,36081043701,36,81,43701,36081043701,437.01,Census Tract 437.01,G5020,S,149461,0,+40.7391006,-73.8511271,81,36,40.7391006,-73.8511271,3595.333333,16833.66667,No
320,36005043100,36,5,43100,36005043100,431,Census Tract 431,G5020,S,214459,0,+40.8849455,-73.8784935,5,36,40.8849455,-73.8784935,3594,20731,No
659,36047038200,36,47,38200,36047038200,382,Census Tract 382,G5020,S,233109,0,+40.5915231,-73.981484,47,36,40.5915231,-73.981484,3590,21037.66667,No
448,36047015000,36,47,15000,36047015000,150,Census Tract 150,G5020,S,133505,0,+40.6153783,-74.0107586,47,36,40.6153783,-74.0107586,3589.666667,17602.33333,No
497,36047020400,36,47,20400,36047020400,204,Census Tract 204,G5020,S,134801,0,+40.6233502,-74.0132239,47,36,40.6233502,-74.0132239,3589,16806,No
1666,36081043900,36,81,43900,36081043900,439,Census Tract 439,G5020,S,164532,0,+40.7418716,-73.855817,81,36,40.7418716,-73.855817,3588.666667,16570.66667,No
1630,36081036500,36,81,36500,36081036500,365,Census Tract 365,G5020,S,166205,0,+40.7595247,-73.8656055,81,36,40.7595247,-73.8656055,3587,16064,No
50,36005007800,36,5,7800,36005007800,78,Census Tract 78,G5020,S,307373,0,+40.8291526,-73.8528038,5,36,40.8291526,-73.8528038,3586.333333,19331.66667,No
1395,36081001800,36,81,1800,36081001800,18,Census Tract 18,G5020,S,177040,0,+40.6902842,-73.8520187,81,36,40.6902842,-73.8520187,3585.666667,17838.66667,No
1824,36081065501,36,81,65501,36081065501,655.01,Census Tract 655.01,G5020,S,813256,0,+40.7147539,-73.8666497,81,36,40.7147539,-73.8666497,3585.666667,12143,No
1912,36081086900,36,81,86900,36081086900,869,Census Tract 869,G5020,S,577799,25898,+40.7652626,-73.83371,81,36,40.7652626,-73.83371,3580.666667,18198.66667,No
832,36047057400,36,47,57400,36047057400,574,Census Tract 574,G5020,S,159204,0,+40.6011498,-73.9443385,47,36,40.6011498,-73.9443385,3577.333333,18102.33333,No
956,36047083800,36,47,83800,36047083800,838,Census Tract 838,G5020,S,166942,0,+40.6417561,-73.935135,47,36,40.6417561,-73.935135,3577.333333,16202,No
259,36005036901,36,5,36901,36005036901,369.01,Census Tract 369.01,G5020,S,93735,0,+40.8444127,-73.8918108,5,36,40.8444127,-73.8918108,3576.333333,17435,No
1449,36081009600,36,81,9600,36081009600,96,Census Tract 96,G5020,S,206469,0,+40.6809137,-73.8322684,81,36,40.6809137,-73.8322684,3575.666667,20659.66667,No
1551,36081022002,36,81,22002,36081022002,220.02,Census Tract 220.02,G5020,S,302691,0,+40.7131678,-73.8144465,81,36,40.7131678,-73.8144465,3573.666667,20172.66667,No
1688,36081046600,36,81,46600,36081046600,466,Census Tract 466,G5020,S,238895,0,+40.7140298,-73.7850168,81,36,40.7140298,-73.7850168,3570.666667,23767.66667,No
491,36047019800,36,47,19800,36047019800,198,Census Tract 198,G5020,S,134715,0,+40.6193594,-74.0066177,47,36,40.6193594,-74.0066177,3570,16400.33333,No
1836,36081067100,36,81,67100,36081067100,671,Census Tract 671,G5020,S,229105,0,+40.7244752,-73.8781025,81,36,40.7244752,-73.8781025,3569.666667,16676,No
1840,36081068200,36,81,68200,36081068200,682,Census Tract 682,G5020,S,231786,0,+40.6677913,-73.7504081,81,36,40.6677913,-73.7504081,3569.333333,26576.33333,No
1623,36081035100,36,81,35100,36081035100,351,Census Tract 351,G5020,S,139241,0,+40.7590997,-73.8770465,81,36,40.7590997,-73.8770465,3568,15775.33333,No
588,36047029800,36,47,29800,36047029800,298,Census Tract 298,G5020,S,220827,0,+40.6008233,-73.9879075,47,36,40.6008233,-73.9879075,3567.666667,19153,No
979,36047088800,36,47,88800,36047088800,888,Census Tract 888,G5020,S,199703,0,+40.6539393,-73.9180628,47,36,40.6539393,-73.9180628,3567,16847.66667,No
2073,36085006400,36,85,6400,36085006400,64,Census Tract 64,G5020,S,709504,0,+40.5972421,-74.0785059,85,36,40.5972421,-74.0785059,3566.666667,23166.66667,No
233,36005033201,36,5,33201,36005033201,332.01,Census Tract 332.01,G5020,S,114036,0,+40.8594756,-73.8692323,5,36,40.8594756,-73.8692323,3565,19569.66667,No
1077,36047118000,36,47,118000,36047118000,1180,Census Tract 1180,G5020,S,774114,0,+40.6894045,-73.8779572,47,36,40.6894045,-73.8779572,3564.666667,15069,No
275,36005038500,36,5,38500,36005038500,385,Census Tract 385,G5020,S,190980,0,+40.8562296,-73.89249,5,36,40.8562296,-73.89249,3564.333333,17282,No
255,36005036501,36,5,36501,36005036501,365.01,Census Tract 365.01,G5020,S,94274,0,+40.8453745,-73.8858159,5,36,40.8453745,-73.8858159,3563,17775.66667,No
676,36047040000,36,47,40000,36047040000,400,Census Tract 400,G5020,S,192000,0,+40.5978088,-73.9761352,47,36,40.5978088,-73.9761352,3563,19232,No
909,36047074400,36,47,74400,36047074400,744,Census Tract 744,G5020,S,171049,0,+40.6223172,-73.9431063,47,36,40.6223172,-73.9431063,3562.333333,16418,No
1621,36081033900,36,81,33900,36081033900,339,Census Tract 339,G5020,S,150839,0,+40.7590238,-73.8798383,81,36,40.7590238,-73.8798383,3559.666667,15456.33333,No
1870,36081074700,36,81,74700,36081074700,747,Census Tract 747,G5020,S,294798,0,+40.7326089,-73.8452073,81,36,40.7326089,-73.8452073,3557,17978,No
197,36005026900,36,5,26900,36005026900,269,Census Tract 269,G5020,S,385392,27111,+40.8650390,-73.9094977,5,36,40.865039,-73.9094977,3556,17891,No
122,36005020000,36,5,20000,36005020000,200,Census Tract 200,G5020,S,350579,0,+40.8429687,-73.8455113,5,36,40.8429687,-73.8455113,3553,20288,No
631,36047035200,36,47,35200,36047035200,352,Census Tract 352,G5020,S,932572,1459248,+40.5720992,-73.9824606,47,36,40.5720992,-73.9824606,3552,21463,No
905,36047073600,36,47,73600,36047073600,736,Census Tract 736,G5020,S,178333,0,+40.6240389,-73.9357949,47,36,40.6240389,-73.9357949,3549.666667,16739,No
1401,36081002600,36,81,2600,36081002600,26,Census Tract 26,G5020,S,148030,0,+40.6972603,-73.8430922,81,36,40.6972603,-73.8430922,3549.333333,18409.66667,No
2061,36085002001,36,85,2001,36085002001,20.01,Census Tract 20.01,G5020,S,491478,0,+40.6070041,-74.0710186,85,36,40.6070041,-74.0710186,3549.333333,22326.33333,No
188,36005025700,36,5,25700,36005025700,257,Census Tract 257,G5020,S,157303,17989,+40.8601938,-73.9144391,5,36,40.8601938,-73.9144391,3549,18016.66667,No
1464,36081011200,36,81,11200,36081011200,112,Census Tract 112,G5020,S,189452,0,+40.6840981,-73.8390746,81,36,40.6840981,-73.8390746,3548.333333,20672,No
474,36047018000,36,47,18000,36047018000,180,Census Tract 180,G5020,S,176116,0,+40.6083001,-74.0071512,47,36,40.6083001,-74.0071512,3548,17436,No
906,36047073800,36,47,73800,36047073800,738,Census Tract 738,G5020,S,180572,0,+40.6224096,-73.9390772,47,36,40.6224096,-73.9390772,3547.333333,16438,No
557,36047026800,36,47,26800,36047026800,268,Census Tract 268,G5020,S,178970,0,+40.6104494,-73.9903619,47,36,40.6104494,-73.9903619,3545,18599.66667,No
466,36047017000,36,47,17000,36047017000,170,Census Tract 170,G5020,S,209047,0,+40.6101331,-74.012634,47,36,40.6101331,-74.012634,3544.333333,17818.66667,No
674,36047039800,36,47,39800,36047039800,398,Census Tract 398,G5020,S,202901,0,+40.5954468,-73.9755124,47,36,40.5954468,-73.9755124,3540,19209.33333,No
925,36047077600,36,47,77600,36047077600,776,Census Tract 776,G5020,S,186544,0,+40.6309255,-73.9411361,47,36,40.6309255,-73.9411361,3538.666667,16798,No
868,36047064400,36,47,64400,36047064400,644,Census Tract 644,G5020,S,199333,0,+40.6137965,-73.9424791,47,36,40.6137965,-73.9424791,3537.333333,18299,No
1661,36081042700,36,81,42700,36081042700,427,Census Tract 427,G5020,S,170095,0,+40.7437237,-73.8538211,81,36,40.7437237,-73.8538211,3537,16507,No
148,36005022401,36,5,22401,36005022401,224.01,Census Tract 224.01,G5020,S,84896,0,+40.8550171,-73.868507,5,36,40.8550171,-73.868507,3536,19555.66667,No
823,36047056400,36,47,56400,36047056400,564,Census Tract 564,G5020,S,183221,0,+40.6069158,-73.9433735,47,36,40.6069158,-73.9433735,3533.333333,17639.33333,No
911,36047074800,36,47,74800,36047074800,748,Census Tract 748,G5020,S,176549,0,+40.6218931,-73.9468957,47,36,40.6218931,-73.9468957,3531.333333,16779.66667,No
141,36005021800,36,5,21800,36005021800,218,Census Tract 218,G5020,S,320550,0,+40.8373904,-73.869755,5,36,40.8373904,-73.869755,3525.666667,18280,No
1635,36081037300,36,81,37300,36081037300,373,Census Tract 373,G5020,S,244434,0,+40.7597007,-73.8598971,81,36,40.7597007,-73.8598971,3525.666667,16133.66667,No
672,36047039600,36,47,39600,36047039600,396,Census Tract 396,G5020,S,163301,0,+40.5973496,-73.9697067,47,36,40.5973496,-73.9697067,3523,18513.66667,No
375,36047005300,36,47,5300,36047005300,53,Census Tract 53,G5020,S,1648060,5593268,+40.6770890,-74.0183485,47,36,40.677089,-74.0183485,3522.333333,11193.33333,No
1906,36081085700,36,81,85700,36081085700,857,Census Tract 857,G5020,S,132521,0,+40.7570602,-73.8230578,81,36,40.7570602,-73.8230578,3518,18656.33333,No
1483,36081013400,36,81,13400,36081013400,134,Census Tract 134,G5020,S,188955,0,+40.7052718,-73.8349247,81,36,40.7052718,-73.8349247,3517,17844.33333,No
1848,36081069702,36,81,69702,36081069702,697.02,Census Tract 697.02,G5020,S,443389,0,+40.7222427,-73.8628715,81,36,40.7222427,-73.8628715,3516.666667,16930.33333,No
1625,36081035300,36,81,35300,36081035300,353,Census Tract 353,G5020,S,155113,0,+40.7596120,-73.8741249,81,36,40.759612,-73.8741249,3516.333333,15545.33333,No
194,36005026602,36,5,26602,36005026602,266.02,Census Tract 266.02,G5020,S,305171,0,+40.8459921,-73.8306465,5,36,40.8459921,-73.8306465,3514,21214,No
871,36047065000,36,47,65000,36047065000,650,Census Tract 650,G5020,S,166228,0,+40.6199785,-73.9336466,47,36,40.6199785,-73.9336466,3514,17008.33333,No
1879,36081077903,36,81,77903,36081077903,779.03,Census Tract 779.03,G5020,S,269041,0,+40.7192263,-73.8216031,81,36,40.7192263,-73.8216031,3514,19613.66667,No
1665,36081043702,36,81,43702,36081043702,437.02,Census Tract 437.02,G5020,S,186042,0,+40.7380113,-73.8565246,81,36,40.7380113,-73.8565246,3509,16219,No
1392,36081001200,36,81,1200,36081001200,12,Census Tract 12,G5020,S,227158,0,+40.6942784,-73.8608412,81,36,40.6942784,-73.8608412,3508.666667,16820.66667,No
1410,36081003800,36,81,3800,36081003800,38,Census Tract 38,G5020,S,176205,0,+40.6847999,-73.8474941,81,36,40.6847999,-73.8474941,3503.666667,21218,No
1672,36081044602,36,81,44602,36081044602,446.02,Census Tract 446.02,G5020,S,170367,0,+40.7081886,-73.799851,81,36,40.7081886,-73.799851,3502.333333,21786.66667,No
1391,36081001000,36,81,1000,36081001000,10,Census Tract 10,G5020,S,161256,0,+40.6907493,-73.8592987,81,36,40.6907493,-73.8592987,3499.333333,16848.33333,No
1542,36081020400,36,81,20400,36081020400,204,Census Tract 204,G5020,S,287037,0,+40.6951727,-73.8034269,81,36,40.6951727,-73.8034269,3499,20952,No
1850,36081070700,36,81,70700,36081070700,707,Census Tract 707,G5020,S,221348,0,+40.7150576,-73.8555545,81,36,40.7150576,-73.8555545,3498.333333,16723.33333,No
287,36005039700,36,5,39700,36005039700,397,Census Tract 397,G5020,S,522261,0,+40.8619267,-73.8854132,5,36,40.8619267,-73.8854132,3497.333333,18244.33333,No
1620,36081033700,36,81,33700,36081033700,337,Census Tract 337,G5020,S,150835,0,+40.7587307,-73.8826281,81,36,40.7587307,-73.8826281,3496.666667,14651.33333,No
1690,36081046800,36,81,46800,36081046800,468,Census Tract 468,G5020,S,229616,0,+40.7104934,-73.7822809,81,36,40.7104934,-73.7822809,3496.666667,23656.66667,No
18,36005004001,36,5,4001,36005004001,40.01,Census Tract 40.01,G5020,S,123145,0,+40.8282719,-73.8583355,5,36,40.8282719,-73.8583355,3496,18778,No
1408,36081003600,36,81,3600,36081003600,36,Census Tract 36,G5020,S,180006,0,+40.6837714,-73.8568176,81,36,40.6837714,-73.8568176,3494.666667,18594.33333,No
968,36047086600,36,47,86600,36047086600,866,Census Tract 866,G5020,S,156523,0,+40.6563750,-73.9267616,47,36,40.656375,-73.9267616,3493.666667,15366.66667,No
647,36047036600,36,47,36600,36047036600,366,Census Tract 366,G5020,S,232484,0,+40.5828560,-73.9637871,47,36,40.582856,-73.9637871,3493,20302,No
99,36005016500,36,5,16500,36005016500,165,Census Tract 165,G5020,S,187785,0,+40.8430508,-73.9002115,5,36,40.8430508,-73.9002115,3491.333333,15929,No
1397,36081002000,36,81,2000,36081002000,20,Census Tract 20,G5020,S,144745,0,+40.6913899,-73.8495336,81,36,40.6913899,-73.8495336,3490.333333,17763.66667,No
904,36047073400,36,47,73400,36047073400,734,Census Tract 734,G5020,S,151105,0,+40.6278153,-73.9374778,47,36,40.6278153,-73.9374778,3486,16179.66667,No
1393,36081001400,36,81,1400,36081001400,14,Census Tract 14,G5020,S,213345,0,+40.6950749,-73.8552543,81,36,40.6950749,-73.8552543,3484,17662.33333,No
149,36005022403,36,5,22403,36005022403,224.03,Census Tract 224.03,G5020,S,124863,0,+40.8564763,-73.8654304,5,36,40.8564763,-73.8654304,3482.666667,19652,No
957,36047084000,36,47,84000,36047084000,840,Census Tract 840,G5020,S,170057,0,+40.6419943,-73.931292,47,36,40.6419943,-73.931292,3482,16289,No
907,36047074000,36,47,74000,36047074000,740,Census Tract 740,G5020,S,162388,0,+40.6273942,-73.9412567,47,36,40.6273942,-73.9412567,3479.666667,16719,No
926,36047078000,36,47,78000,36047078000,780,Census Tract 780,G5020,S,164534,0,+40.6344979,-73.9391486,47,36,40.6344979,-73.9391486,3479.666667,16716,No
1034,36047102200,36,47,102200,36047102200,1022,Census Tract 1022,G5020,S,162849,0,+40.6364413,-73.8900106,47,36,40.6364413,-73.8900106,3479,17433,No
1617,36081033100,36,81,33100,36081033100,331,Census Tract 331,G5020,S,2602752,2455010,+40.7743217,-73.8744994,81,36,40.7743217,-73.8744994,3477.666667,16970,No
209,36005028700,36,5,28700,36005028700,287,Census Tract 287,G5020,S,155302,0,+40.8827147,-73.9046564,5,36,40.8827147,-73.9046564,3477,19017.33333,No
1031,36047101600,36,47,101600,36047101600,1016,Census Tract 1016,G5020,S,112418,0,+40.6433030,-73.8881409,47,36,40.643303,-73.8881409,3474,16634.66667,No
1802,36081062100,36,81,62100,36081062100,621,Census Tract 621,G5020,S,264776,0,+40.7099551,-73.8726291,81,36,40.7099551,-73.8726291,3471,12215,No
958,36047084600,36,47,84600,36047084600,846,Census Tract 846,G5020,S,166530,0,+40.6422850,-73.9274549,47,36,40.642285,-73.9274549,3469.666667,16394.66667,No
1030,36047101400,36,47,101400,36047101400,1014,Census Tract 1014,G5020,S,154954,0,+40.6416626,-73.8906734,47,36,40.6416626,-73.8906734,3468.666667,17070.66667,No
1820,36081064500,36,81,64500,36081064500,645,Census Tract 645,G5020,S,307934,0,+40.7091347,-73.8522355,81,36,40.7091347,-73.8522355,3468.333333,16682,No
1676,36081045400,36,81,45400,36081045400,454,Census Tract 454,G5020,S,229277,0,+40.7126429,-73.7960123,81,36,40.7126429,-73.7960123,3467.666667,22896.33333,No
1869,36081074500,36,81,74500,36081074500,745,Census Tract 745,G5020,S,167108,0,+40.7360593,-73.850749,81,36,40.7360593,-73.850749,3464,16739.66667,No
969,36047086800,36,47,86800,36047086800,868,Census Tract 868,G5020,S,174580,0,+40.6543124,-73.9297309,47,36,40.6543124,-73.9297309,3463.333333,15178.33333,No
1487,36081013800,36,81,13800,36081013800,138,Census Tract 138,G5020,S,170430,0,+40.7065698,-73.8251454,81,36,40.7065698,-73.8251454,3461,20198,No
285,36005039500,36,5,39500,36005039500,395,Census Tract 395,G5020,S,410033,0,+40.8481912,-73.8967151,5,36,40.8481912,-73.8967151,3460,17777,No
847,36047059401,36,47,59401,36047059401,594.01,Census Tract 594.01,G5020,S,420618,0,+40.5930119,-73.9476257,47,36,40.5930119,-73.9476257,3459.333333,19256.66667,No
1554,36081023200,36,81,23200,36081023200,232,Census Tract 232,G5020,S,324661,0,+40.7095825,-73.8112077,81,36,40.7095825,-73.8112077,3457.666667,21588.33333,No
1398,36081002200,36,81,2200,36081002200,22,Census Tract 22,G5020,S,147846,0,+40.6959809,-73.8505759,81,36,40.6959809,-73.8505759,3454.333333,17723.33333,No
1837,36081067700,36,81,67700,36081067700,677,Census Tract 677,G5020,S,185953,0,+40.7191106,-73.8724306,81,36,40.7191106,-73.8724306,3449.333333,14155.66667,No
306,36005041500,36,5,41500,36005041500,415,Census Tract 415,G5020,S,136156,0,+40.8701057,-73.8835532,5,36,40.8701057,-73.8835532,3449,18931.33333,No
680,36047040400,36,47,40400,36047040400,404,Census Tract 404,G5020,S,153660,0,+40.6021856,-73.9854194,47,36,40.6021856,-73.9854194,3448,19978,No
1443,36081008600,36,81,8600,36081008600,86,Census Tract 86,G5020,S,326078,0,+40.6770706,-73.841081,81,36,40.6770706,-73.841081,3447.666667,21135,No
97,36005016300,36,5,16300,36005016300,163,Census Tract 163,G5020,S,587582,0,+40.8385749,-73.8950075,5,36,40.8385749,-73.8950075,3447.333333,16718.33333,No
1838,36081067900,36,81,67900,36081067900,679,Census Tract 679,G5020,S,252411,0,+40.7241195,-73.8701979,81,36,40.7241195,-73.8701979,3447.333333,15982.33333,No
1048,36047111800,36,47,111800,36047111800,1118,Census Tract 1118,G5020,S,162309,0,+40.6687567,-73.876018,47,36,40.6687567,-73.876018,3445.333333,16999.33333,No
682,36047040600,36,47,40600,36047040600,406,Census Tract 406,G5020,S,147049,0,+40.6005116,-73.9823218,47,36,40.6005116,-73.9823218,3445,19963,No
691,36047041402,36,47,41402,36047041402,414.02,Census Tract 414.02,G5020,S,154008,0,+40.6024158,-73.9679374,47,36,40.6024158,-73.9679374,3441,17920,No
102,36005016900,36,5,16900,36005016900,169,Census Tract 169,G5020,S,92918,0,+40.8377899,-73.9027246,5,36,40.8377899,-73.9027246,3440.666667,15913.66667,No
908,36047074200,36,47,74200,36047074200,742,Census Tract 742,G5020,S,174327,0,+40.6269944,-73.9449753,47,36,40.6269944,-73.9449753,3440.666667,16680,No
1028,36047101000,36,47,101000,36047101000,1010,Census Tract 1010,G5020,S,171343,0,+40.6360282,-73.894972,47,36,40.6360282,-73.894972,3440.666667,17202,No
1814,36081063500,36,81,63500,36081063500,635,Census Tract 635,G5020,S,189695,0,+40.7047418,-73.8669633,81,36,40.7047418,-73.8669633,3438.333333,12966.66667,No
138,36005021601,36,5,21601,36005021601,216.01,Census Tract 216.01,G5020,S,164180,0,+40.8375353,-73.86482,5,36,40.8375353,-73.86482,3438,18730,No
101,36005016700,36,5,16700,36005016700,167,Census Tract 167,G5020,S,208334,0,+40.8404870,-73.9022078,5,36,40.840487,-73.9022078,3436,15903.66667,No
1682,36081046000,36,81,46000,36081046000,460,Census Tract 460,G5020,S,221268,0,+40.7082566,-73.79349,81,36,40.7082566,-73.79349,3434.666667,22809.33333,No
1491,36081014202,36,81,14202,36081014202,142.02,Census Tract 142.02,G5020,S,616132,0,+40.6986903,-73.8202841,81,36,40.6986903,-73.8202841,3433,20126,No
269,36005037900,36,5,37900,36005037900,379,Census Tract 379,G5020,S,192276,0,+40.8515594,-73.8987883,5,36,40.8515594,-73.8987883,3432.666667,16976,No
158,36005023000,36,5,23000,36005023000,230,Census Tract 230,G5020,S,159383,0,+40.8492873,-73.8660154,5,36,40.8492873,-73.8660154,3430,18590.66667,No
590,36047030000,36,47,30000,36047030000,300,Census Tract 300,G5020,S,195051,0,+40.5974031,-73.9887444,47,36,40.5974031,-73.9887444,3429,18753.66667,No
1813,36081063302,36,81,63302,36081063302,633.02,Census Tract 633.02,G5020,S,133580,0,+40.7053328,-73.871404,81,36,40.7053328,-73.871404,3428.666667,12765.33333,No
1860,36081071900,36,81,71900,36081071900,719,Census Tract 719,G5020,S,158580,0,+40.7346182,-73.8555472,81,36,40.7346182,-73.8555472,3427.666667,16679.66667,No
193,36005026601,36,5,26601,36005026601,266.01,Census Tract 266.01,G5020,S,168346,0,+40.8474444,-73.8341394,5,36,40.8474444,-73.8341394,3426,21127,No
61,36005009600,36,5,9600,36005009600,96,Census Tract 96,G5020,S,699148,11823,+40.8347812,-73.8437163,5,36,40.8347812,-73.8437163,3422,19723,No
86,36005014900,36,5,14900,36005014900,149,Census Tract 149,G5020,S,155272,0,+40.8326134,-73.9014781,5,36,40.8326134,-73.9014781,3420,16196.33333,No
207,36005028500,36,5,28500,36005028500,285,Census Tract 285,G5020,S,265742,0,+40.8864175,-73.9025909,5,36,40.8864175,-73.9025909,3412,19490.33333,No
927,36047078200,36,47,78200,36047078200,782,Census Tract 782,G5020,S,168304,0,+40.6378537,-73.9414429,47,36,40.6378537,-73.9414429,3409.666667,15932.33333,No
559,36047027000,36,47,27000,36047027000,270,Census Tract 270,G5020,S,134003,0,+40.6058611,-73.989985,47,36,40.6058611,-73.989985,3405.666667,18714.33333,No
369,36047004700,36,47,4700,36047004700,47,Census Tract 47,G5020,S,330370,0,+40.6884833,-74.0021454,47,36,40.6884833,-74.0021454,3404,9801.333333,No
22,36005004400,36,5,4400,36005004400,44,Census Tract 44,G5020,S,263379,0,+40.8265305,-73.8663677,5,36,40.8265305,-73.8663677,3403,18085,No
260,36005036902,36,5,36902,36005036902,369.02,Census Tract 369.02,G5020,S,68211,0,+40.8426434,-73.892949,5,36,40.8426434,-73.892949,3403,16877,No
274,36005038302,36,5,38302,36005038302,383.02,Census Tract 383.02,G5020,S,145103,0,+40.8574500,-73.8950077,5,36,40.85745,-73.8950077,3402.333333,17889,No
1868,36081074300,36,81,74300,36081074300,743,Census Tract 743,G5020,S,193477,0,+40.7322992,-73.8492461,81,36,40.7322992,-73.8492461,3401.666667,16882.33333,No
563,36047027400,36,47,27400,36047027400,274,Census Tract 274,G5020,S,163366,0,+40.6109495,-73.995292,47,36,40.6109495,-73.995292,3401,16781.66667,No
1864,36081073100,36,81,73100,36081073100,731,Census Tract 731,G5020,S,189843,0,+40.7109534,-73.8463317,81,36,40.7109534,-73.8463317,3400.666667,16762,No
1008,36047095800,36,47,95800,36047095800,958,Census Tract 958,G5020,S,234374,0,+40.6408221,-73.9116859,47,36,40.6408221,-73.9116859,3398.666667,16949,No
1388,36081000600,36,81,600,36081000600,6,Census Tract 6,G5020,S,214289,0,+40.6859082,-73.8637277,81,36,40.6859082,-73.8637277,3395.666667,16339.33333,No
1903,36081084900,36,81,84900,36081084900,849,Census Tract 849,G5020,S,303206,0,+40.7547095,-73.8329979,81,36,40.7547095,-73.8329979,3395,18502.33333,No
84,36005014701,36,5,14701,36005014701,147.01,Census Tract 147.01,G5020,S,138921,0,+40.8342262,-73.9053292,5,36,40.8342262,-73.9053292,3394.666667,15379.33333,No
678,36047040200,36,47,40200,36047040200,402,Census Tract 402,G5020,S,197509,0,+40.5960009,-73.9827234,47,36,40.5960009,-73.9827234,3394.666667,19787.33333,No
1021,36047099200,36,47,99200,36047099200,992,Census Tract 992,G5020,S,134602,0,+40.6374035,-73.9012845,47,36,40.6374035,-73.9012845,3394,17105,No
1812,36081063301,36,81,63301,36081063301,633.01,Census Tract 633.01,G5020,S,134544,0,+40.7044802,-73.8745728,81,36,40.7044802,-73.8745728,3390,12583,No
1544,36081020600,36,81,20600,36081020600,206,Census Tract 206,G5020,S,153480,0,+40.6943760,-73.8093654,81,36,40.694376,-73.8093654,3389,21265.66667,No
662,36047038600,36,47,38600,36047038600,386,Census Tract 386,G5020,S,251368,0,+40.5923501,-73.9751117,47,36,40.5923501,-73.9751117,3384,20025.66667,No
300,36005040702,36,5,40702,36005040702,407.02,Census Tract 407.02,G5020,S,181866,0,+40.8691424,-73.8869998,5,36,40.8691424,-73.8869998,3378,18886.33333,No
686,36047041000,36,47,41000,36047041000,410,Census Tract 410,G5020,S,142871,0,+40.6009797,-73.9754514,47,36,40.6009797,-73.9754514,3378,17833,No
666,36047039000,36,47,39000,36047039000,390,Census Tract 390,G5020,S,173840,0,+40.5929694,-73.9644266,47,36,40.5929694,-73.9644266,3377,18290,No
2062,36085002002,36,85,2002,36085002002,20.02,Census Tract 20.02,G5020,S,795543,0,+40.6015417,-74.0702466,85,36,40.6015417,-74.0702466,3376.666667,21527.33333,No
165,36005023600,36,5,23600,36005023600,236,Census Tract 236,G5020,S,92188,0,+40.8450904,-73.8672594,5,36,40.8450904,-73.8672594,3369,18086.33333,No
1451,36081009800,36,81,9800,36081009800,98,Census Tract 98,G5020,S,135751,0,+40.6854000,-73.8312082,81,36,40.6854,-73.8312082,3367.666667,21110.33333,No
857,36047061200,36,47,61200,36047061200,612,Census Tract 612,G5020,S,198236,39403,+40.5808755,-73.9493716,47,36,40.5808755,-73.9493716,3367,19214,No
1475,36081012301,36,81,12301,36081012301,123.01,Census Tract 123.01,G5020,S,591221,0,+40.7757825,-73.8990836,81,36,40.7757825,-73.8990836,3365.666667,13297.66667,No
480,36047018600,36,47,18600,36047018600,186,Census Tract 186,G5020,S,113058,0,+40.6156439,-74.0051063,47,36,40.6156439,-74.0051063,3365,16765.66667,No
629,36047035000,36,47,35000,36047035000,350,Census Tract 350,G5020,S,196319,0,+40.5775689,-73.9789089,47,36,40.5775689,-73.9789089,3363,21218,No
1863,36081072900,36,81,72900,36081072900,729,Census Tract 729,G5020,S,193202,0,+40.7128152,-73.8521724,81,36,40.7128152,-73.8521724,3360.666667,16803.66667,No
1090,36047120800,36,47,120800,36047120800,1208,Census Tract 1208,G5020,S,483314,0,+40.6713064,-73.8651605,47,36,40.6713064,-73.8651605,3357.666667,19406.33333,No
851,36047060000,36,47,60000,36047060000,600,Census Tract 600,G5020,S,439917,0,+40.5870743,-73.9456922,47,36,40.5870743,-73.9456922,3354,19217,No
705,36047042800,36,47,42800,36047042800,428,Census Tract 428,G5020,S,164705,0,+40.6056458,-73.9843266,47,36,40.6056458,-73.9843266,3347,19840,No
854,36047061002,36,47,61002,36047061002,610.02,Census Tract 610.02,G5020,S,221585,304248,+40.5748504,-73.9563566,47,36,40.5748504,-73.9563566,3346.666667,20243,No
11,36005002800,36,5,2800,36005002800,28,Census Tract 28,G5020,S,417476,24677,+40.8225183,-73.8782336,5,36,40.8225183,-73.8782336,3346.333333,16852.33333,No
699,36047042200,36,47,42200,36047042200,422,Census Tract 422,G5020,S,227670,0,+40.6068679,-73.969988,47,36,40.6068679,-73.969988,3344,17197,No
1412,36081004001,36,81,4001,36081004001,40.01,Census Tract 40.01,G5020,S,174325,0,+40.6832480,-73.8458749,81,36,40.683248,-73.8458749,3342.666667,21041.33333,No
1668,36081044301,36,81,44301,36081044301,443.01,Census Tract 443.01,G5020,S,133146,0,+40.7407330,-73.8594543,81,36,40.740733,-73.8594543,3342.333333,15122.33333,No
954,36047083400,36,47,83400,36047083400,834,Census Tract 834,G5020,S,125994,0,+40.6415499,-73.9384751,47,36,40.6415499,-73.9384751,3342,15726.66667,No
1007,36047095600,36,47,95600,36047095600,956,Census Tract 956,G5020,S,237582,0,+40.6355741,-73.9109186,47,36,40.6355741,-73.9109186,3342,17417,No
146,36005022200,36,5,22200,36005022200,222,Census Tract 222,G5020,S,221540,0,+40.8356844,-73.8552135,5,36,40.8356844,-73.8552135,3339,19228,No
970,36047087000,36,47,87000,36047087000,870,Census Tract 870,G5020,S,155718,0,+40.6541803,-73.9334039,47,36,40.6541803,-73.9334039,3336,14591,No
1014,36047097000,36,47,97000,36047097000,970,Census Tract 970,G5020,S,163449,0,+40.6472600,-73.907353,47,36,40.64726,-73.907353,3335.333333,16260.66667,No
1459,36081010600,36,81,10600,36081010600,106,Census Tract 106,G5020,S,173009,0,+40.6856830,-73.824964,81,36,40.685683,-73.824964,3333.666667,21704,No
1609,36081030903,36,81,30903,36081030903,309.03,Census Tract 309.03,G5020,S,351702,0,+40.7579485,-73.8900649,81,36,40.7579485,-73.8900649,3332,13905.66667,No
701,36047042400,36,47,42400,36047042400,424,Census Tract 424,G5020,S,161032,0,+40.6067483,-73.9760484,47,36,40.6067483,-73.9760484,3331.666667,17953.66667,No
668,36047039200,36,47,39200,36047039200,392,Census Tract 392,G5020,S,174605,0,+40.5958500,-73.9630396,47,36,40.59585,-73.9630396,3330,17855,No
721,36047044400,36,47,44400,36047044400,444,Census Tract 444,G5020,S,174542,0,+40.6157674,-73.969322,47,36,40.6157674,-73.969322,3326.666667,16470.33333,No
85,36005014702,36,5,14702,36005014702,147.02,Census Tract 147.02,G5020,S,116306,0,+40.8365350,-73.9043915,5,36,40.836535,-73.9043915,3326,15088.66667,No
1804,36081062300,36,81,62300,36081062300,623,Census Tract 623,G5020,S,156548,0,+40.7043799,-73.8781855,81,36,40.7043799,-73.8781855,3325.666667,12019,No
1761,36081056100,36,81,56100,36081056100,561,Census Tract 561,G5020,S,2817407,82983,+40.6925277,-73.8852459,81,36,40.6925277,-73.8852459,3321.333333,13050,No
442,36047014200,36,47,14200,36047014200,142,Census Tract 142,G5020,S,201499,0,+40.6224953,-74.022483,47,36,40.6224953,-74.022483,3321,16532,No
1911,36081086500,36,81,86500,36081086500,865,Census Tract 865,G5020,S,156769,0,+40.7626727,-73.8251535,81,36,40.7626727,-73.8251535,3321,18435.33333,No
1655,36081041100,36,81,41100,36081041100,411,Census Tract 411,G5020,S,138348,0,+40.7437970,-73.8654119,81,36,40.743797,-73.8654119,3318.333333,15283.33333,No
297,36005040502,36,5,40502,36005040502,405.02,Census Tract 405.02,G5020,S,141217,0,+40.8658780,-73.8889613,5,36,40.865878,-73.8889613,3318,19426,No
636,36047035602,36,47,35602,36047035602,356.02,Census Tract 356.02,G5020,S,174771,0,+40.5778698,-73.9701982,47,36,40.5778698,-73.9701982,3318,20531,No
670,36047039400,36,47,39400,36047039400,394,Census Tract 394,G5020,S,192090,0,+40.5984930,-73.9650691,47,36,40.598493,-73.9650691,3318,17854,No
1806,36081062500,36,81,62500,36081062500,625,Census Tract 625,G5020,S,198779,0,+40.7041320,-73.8824139,81,36,40.704132,-73.8824139,3317.666667,12622,No
915,36047075600,36,47,75600,36047075600,756,Census Tract 756,G5020,S,173546,0,+40.6168562,-73.9479894,47,36,40.6168562,-73.9479894,3317,16046,No
1871,36081074900,36,81,74900,36081074900,749,Census Tract 749,G5020,S,358355,0,+40.7132541,-73.8400801,81,36,40.7132541,-73.8400801,3316.333333,18169,No
1375,36061029500,36,61,29500,36061029500,295,Census Tract 295,G5020,S,136127,0,+40.8675294,-73.9249359,61,36,40.8675294,-73.9249359,3315.666667,18155,No
1669,36081044302,36,81,44302,36081044302,443.02,Census Tract 443.02,G5020,S,277969,0,+40.7398123,-73.8640628,81,36,40.7398123,-73.8640628,3313.666667,15540.66667,No
1029,36047101200,36,47,101200,36047101200,1012,Census Tract 1012,G5020,S,160761,0,+40.6397265,-73.8936677,47,36,40.6397265,-73.8936677,3311,16901,No
1547,36081021400,36,81,21400,36081021400,214,Census Tract 214,G5020,S,375396,0,+40.7061333,-73.8151404,81,36,40.7061333,-73.8151404,3310.333333,20138.33333,No
914,36047075400,36,47,75400,36047075400,754,Census Tract 754,G5020,S,173457,0,+40.6214738,-73.9507115,47,36,40.6214738,-73.9507115,3309.333333,16091,No
115,36005018500,36,5,18500,36005018500,185,Census Tract 185,G5020,S,412406,0,+40.8267063,-73.9074678,5,36,40.8267063,-73.9074678,3308.333333,14504.66667,No
29,36005005300,36,5,5300,36005005300,53,Census Tract 53,G5020,S,67193,5217,+40.8517720,-73.9221829,5,36,40.851772,-73.9221829,3304.666667,16208.33333,No
1800,36081061900,36,81,61900,36081061900,619,Census Tract 619,G5020,S,257710,0,+40.7097834,-73.8770926,81,36,40.7097834,-73.8770926,3304.333333,11916.66667,No
555,36047026600,36,47,26600,36047026600,266,Census Tract 266,G5020,S,165897,0,+40.6126303,-73.9903254,47,36,40.6126303,-73.9903254,3302,17856.33333,No
180,36005024900,36,5,24900,36005024900,249,Census Tract 249,G5020,S,173728,0,+40.8574375,-73.9131413,5,36,40.8574375,-73.9131413,3301,17190.33333,No
1610,36081030904,36,81,30904,36081030904,309.04,Census Tract 309.04,G5020,S,404167,0,+40.7635282,-73.8909796,81,36,40.7635282,-73.8909796,3300.666667,14297,No
978,36047088600,36,47,88600,36047088600,886,Census Tract 886,G5020,S,179725,0,+40.6574880,-73.9206765,47,36,40.657488,-73.9206765,3299.333333,15435.66667,No
1558,36081024000,36,81,24000,36081024000,240,Census Tract 240,G5020,S,269687,0,+40.7032769,-73.8050731,81,36,40.7032769,-73.8050731,3299,20786,No
124,36005020200,36,5,20200,36005020200,202,Census Tract 202,G5020,S,124809,0,+40.8384912,-73.8475792,5,36,40.8384912,-73.8475792,3295,19607,No
856,36047061004,36,47,61004,36047061004,610.04,Census Tract 610.04,G5020,S,224739,0,+40.5798725,-73.9557672,47,36,40.5798725,-73.9557672,3294.333333,20148,No
253,36005036300,36,5,36300,36005036300,363,Census Tract 363,G5020,S,223020,0,+40.8445641,-73.8827622,5,36,40.8445641,-73.8827622,3293,17481.33333,No
841,36047058800,36,47,58800,36047058800,588,Census Tract 588,G5020,S,159609,0,+40.5896218,-73.958548,47,36,40.5896218,-73.958548,3293,19180,No
684,36047040800,36,47,40800,36047040800,408,Census Tract 408,G5020,S,152930,0,+40.6012012,-73.9791341,47,36,40.6012012,-73.9791341,3291,19793,No
1550,36081022001,36,81,22001,36081022001,220.01,Census Tract 220.01,G5020,S,397950,0,+40.7137681,-73.8206637,81,36,40.7137681,-73.8206637,3290.666667,19262.33333,No
128,36005020601,36,5,20601,36005020601,206.01,Census Tract 206.01,G5020,S,150366,0,+40.8366233,-73.8505251,5,36,40.8366233,-73.8505251,3290,19188,No
867,36047064200,36,47,64200,36047064200,642,Census Tract 642,G5020,S,235070,0,+40.6121974,-73.9463939,47,36,40.6121974,-73.9463939,3290,16947,No
971,36047087200,36,47,87200,36047087200,872,Census Tract 872,G5020,S,147204,0,+40.6536754,-73.9366498,47,36,40.6536754,-73.9366498,3289.333333,14469.33333,No
1851,36081070900,36,81,70900,36081070900,709,Census Tract 709,G5020,S,219061,0,+40.7192676,-73.8550136,81,36,40.7192676,-73.8550136,3289.333333,16864.66667,No
171,36005024000,36,5,24000,36005024000,240,Census Tract 240,G5020,S,239143,0,+40.8416182,-73.8688617,5,36,40.8416182,-73.8688617,3289,17959.33333,No
738,36047047000,36,47,47000,36047047000,470,Census Tract 470,G5020,S,181813,0,+40.6255890,-73.9867507,47,36,40.625589,-73.9867507,3289,17963,No
1490,36081014201,36,81,14201,36081014201,142.01,Census Tract 142.01,G5020,S,208461,0,+40.7009789,-73.8245894,81,36,40.7009789,-73.8245894,3284,19965,No
472,36047017800,36,47,17800,36047017800,178,Census Tract 178,G5020,S,164020,0,+40.6069686,-74.0047234,47,36,40.6069686,-74.0047234,3283,17118.33333,No
1905,36081085500,36,81,85500,36081085500,855,Census Tract 855,G5020,S,130506,0,+40.7596421,-73.8236353,81,36,40.7596421,-73.8236353,3283,18397.33333,No
739,36047047200,36,47,47200,36047047200,472,Census Tract 472,G5020,S,172804,0,+40.6270361,-73.9841274,47,36,40.6270361,-73.9841274,3282,15272,No
717,36047044000,36,47,44000,36047044000,440,Census Tract 440,G5020,S,201548,0,+40.6130385,-73.9709769,47,36,40.6130385,-73.9709769,3280,16546,No
205,36005028300,36,5,28300,36005028300,283,Census Tract 283,G5020,S,237633,0,+40.8809249,-73.9023158,5,36,40.8809249,-73.9023158,3278,18818.33333,No
693,36047041600,36,47,41600,36047041600,416,Census Tract 416,G5020,S,162560,0,+40.6024112,-73.9634864,47,36,40.6024112,-73.9634864,3278,16924,No
953,36047083200,36,47,83200,36047083200,832,Census Tract 832,G5020,S,145549,0,+40.6415240,-73.9416243,47,36,40.641524,-73.9416243,3277.666667,15775.33333,No
202,36005027700,36,5,27700,36005027700,277,Census Tract 277,G5020,S,171925,0,+40.8784020,-73.9014063,5,36,40.878402,-73.9014063,3277,18814.33333,No
580,36047029000,36,47,29000,36047029000,290,Census Tract 290,G5020,S,154712,0,+40.6031741,-73.9943478,47,36,40.6031741,-73.9943478,3275,18002.66667,No
1381,36061031100,36,61,31100,36061031100,311,Census Tract 311,G5020,S,781220,268008,+40.8467157,-73.9297379,61,36,40.8467157,-73.9297379,3275,15057.33333,No
1606,36081029900,36,81,29900,36081029900,299,Census Tract 299,G5020,S,413081,0,+40.7640242,-73.8993491,81,36,40.7640242,-73.8993491,3275,13240,No
578,36047028800,36,47,28800,36047028800,288,Census Tract 288,G5020,S,152808,0,+40.6045113,-73.9965623,47,36,40.6045113,-73.9965623,3274,17505.66667,No
1708,36081049301,36,81,49301,36081049301,493.01,Census Tract 493.01,G5020,S,164136,0,+40.7323708,-73.8942499,81,36,40.7323708,-73.8942499,3273.333333,13120,No
1447,36081009400,36,81,9400,36081009400,94,Census Tract 94,G5020,S,173696,0,+40.6814105,-73.8365114,81,36,40.6814105,-73.8365114,3270.666667,20531.33333,No
256,36005036502,36,5,36502,36005036502,365.02,Census Tract 365.02,G5020,S,98168,0,+40.8423825,-73.8878235,5,36,40.8423825,-73.8878235,3269,16719,No
573,36047028400,36,47,28400,36047028400,284,Census Tract 284,G5020,S,164257,0,+40.6056742,-73.9989428,47,36,40.6056742,-73.9989428,3269,17517.66667,No
1846,36081069500,36,81,69500,36081069500,695,Census Tract 695,G5020,S,215654,0,+40.7260632,-73.8675394,81,36,40.7260632,-73.8675394,3269,16442,No
1362,36061026700,36,61,26700,36061026700,267,Census Tract 267,G5020,S,47211,0,+40.8502185,-73.928708,61,36,40.8502185,-73.928708,3268,15326,No
308,36005041900,36,5,41900,36005041900,419,Census Tract 419,G5020,S,326909,0,+40.8768595,-73.8816851,5,36,40.8768595,-73.8816851,3266,19535.33333,No
715,36047043800,36,47,43800,36047043800,438,Census Tract 438,G5020,S,156069,0,+40.6103301,-73.9710945,47,36,40.6103301,-73.9710945,3264,17081,No
834,36047057600,36,47,57600,36047057600,576,Census Tract 576,G5020,S,158605,0,+40.5998731,-73.947571,47,36,40.5998731,-73.947571,3264,17689,No
458,36047016200,36,47,16200,36047016200,162,Census Tract 162,G5020,S,241566,0,+40.6132207,-74.031328,47,36,40.6132207,-74.031328,3263,16966,No
489,36047019600,36,47,19600,36047019600,196,Census Tract 196,G5020,S,188307,0,+40.6234234,-74.004185,47,36,40.6234234,-74.004185,3262.333333,16409.66667,No
639,36047036001,36,47,36001,36047036001,360.01,Census Tract 360.01,G5020,S,94995,0,+40.5757857,-73.9655587,47,36,40.5757857,-73.9655587,3260.333333,20385.66667,No
1830,36081066100,36,81,66100,36081066100,661,Census Tract 661,G5020,S,133353,0,+40.7175124,-73.8817907,81,36,40.7175124,-73.8817907,3256.333333,12342.33333,No
159,36005023100,36,5,23100,36005023100,231,Census Tract 231,G5020,S,122237,0,+40.8461445,-73.9024996,5,36,40.8461445,-73.9024996,3254.666667,17160.66667,No
1053,36047112800,36,47,112800,36047112800,1128,Census Tract 1128,G5020,S,184193,0,+40.6617411,-73.8921088,47,36,40.6617411,-73.8921088,3254,15620.66667,No
855,36047061003,36,47,61003,36047061003,610.03,Census Tract 610.03,G5020,S,79591,0,+40.5814205,-73.9587054,47,36,40.5814205,-73.9587054,3251,18897.33333,No
1044,36047110400,36,47,110400,36047110400,1104,Census Tract 1104,G5020,S,744232,0,+40.6574132,-73.8887708,47,36,40.6574132,-73.8887708,3251,15377,No
688,36047041200,36,47,41200,36047041200,412,Census Tract 412,G5020,S,165322,0,+40.6041574,-73.9741916,47,36,40.6041574,-73.9741916,3250,17639,No
1010,36047096200,36,47,96200,36047096200,962,Census Tract 962,G5020,S,178759,0,+40.6450236,-73.9105137,47,36,40.6450236,-73.9105137,3249,16661,No
1079,36047118202,36,47,118202,36047118202,1182.02,Census Tract 1182.02,G5020,S,124325,0,+40.6886646,-73.8690021,47,36,40.6886646,-73.8690021,3249,16533.33333,No
139,36005021602,36,5,21602,36005021602,216.02,Census Tract 216.02,G5020,S,165882,0,+40.8371834,-73.8622691,5,36,40.8371834,-73.8622691,3247,18505,No
553,36047026400,36,47,26400,36047026400,264,Census Tract 264,G5020,S,189454,0,+40.6148679,-73.9974816,47,36,40.6148679,-73.9974816,3246,16931.33333,No
690,36047041401,36,47,41401,36047041401,414.01,Census Tract 414.01,G5020,S,135123,0,+40.6017065,-73.9710654,47,36,40.6017065,-73.9710654,3246,17647,No
1387,36081000400,36,81,400,36081000400,4,Census Tract 4,G5020,S,225130,0,+40.6896856,-73.8647709,81,36,40.6896856,-73.8647709,3246,16548,No
994,36047092200,36,47,92200,36047092200,922,Census Tract 922,G5020,S,160628,0,+40.6552353,-73.9063728,47,36,40.6552353,-73.9063728,3244.666667,15153,No
1386,36081000200,36,81,200,36081000200,2,Census Tract 2,G5020,S,156808,0,+40.6933082,-73.8661652,81,36,40.6933082,-73.8661652,3241.333333,16317.33333,No
33,36005006000,36,5,6000,36005006000,60,Census Tract 60,G5020,S,327436,0,+40.8377032,-73.8780437,5,36,40.8377032,-73.8780437,3240,17265.33333,No
360,36047003600,36,47,3600,36047003600,36,Census Tract 36,G5020,S,125291,0,+40.6346861,-74.0308979,47,36,40.6346861,-74.0308979,3238,15187,No
1658,36081041500,36,81,41500,36081041500,415,Census Tract 415,G5020,S,170942,0,+40.7466051,-73.856599,81,36,40.7466051,-73.856599,3233.666667,15842,No
289,36005039901,36,5,39901,36005039901,399.01,Census Tract 399.01,G5020,S,153031,0,+40.8635349,-73.8936413,5,36,40.8635349,-73.8936413,3232.666667,18934,No
1050,36047112200,36,47,112200,36047112200,1122,Census Tract 1122,G5020,S,162285,0,+40.6637279,-73.8859223,47,36,40.6637279,-73.8859223,3230.666667,17908,No
1379,36061030700,36,61,30700,36061030700,307,Census Tract 307,G5020,S,84372,0,+40.8712704,-73.916675,61,36,40.8712704,-73.916675,3230.666667,17859.33333,No
133,36005021200,36,5,21200,36005021200,212,Census Tract 212,G5020,S,100357,0,+40.8361225,-73.8589736,5,36,40.8361225,-73.8589736,3230,18492,No
432,36047013200,36,47,13200,36047013200,132,Census Tract 132,G5020,S,154704,0,+40.6279937,-74.0156512,47,36,40.6279937,-74.0156512,3226.666667,15878,No
819,36047056000,36,47,56000,36047056000,560,Census Tract 560,G5020,S,184752,0,+40.6040855,-73.9514358,47,36,40.6040855,-73.9514358,3226,16813.33333,No
1356,36061025500,36,61,25500,36061025500,255,Census Tract 255,G5020,S,446291,590023,+40.8481730,-73.9460145,61,36,40.848173,-73.9460145,3224.666667,14879,No
302,36005040900,36,5,40900,36005040900,409,Census Tract 409,G5020,S,822641,346374,+40.8770400,-73.8943325,5,36,40.87704,-73.8943325,3223,18754.33333,No
482,36047018800,36,47,18800,36047018800,188,Census Tract 188,G5020,S,175213,0,+40.6174779,-74.00274,47,36,40.6174779,-74.00274,3220.666667,16323.66667,No
1613,36081032700,36,81,32700,36081032700,327,Census Tract 327,G5020,S,150851,0,+40.7584364,-73.8854176,81,36,40.7584364,-73.8854176,3218.333333,13914.33333,No
1380,36061030900,36,61,30900,36061030900,309,Census Tract 309,G5020,S,305885,0,+40.8758391,-73.9104054,61,36,40.8758391,-73.9104054,3218,18212,No
845,36047059200,36,47,59200,36047059200,592,Census Tract 592,G5020,S,219306,0,+40.5923379,-73.9514508,47,36,40.5923379,-73.9514508,3217.666667,18027.33333,No
1712,36081049700,36,81,49700,36081049700,497,Census Tract 497,G5020,S,198302,0,+40.7317254,-73.8903676,81,36,40.7317254,-73.8903676,3216.666667,12167.66667,No
196,36005026702,36,5,26702,36005026702,267.02,Census Tract 267.02,G5020,S,165575,0,+40.8722603,-73.9001321,5,36,40.8722603,-73.9001321,3216,18006.66667,No
434,36047013400,36,47,13400,36047013400,134,Census Tract 134,G5020,S,268235,0,+40.6295241,-74.0202705,47,36,40.6295241,-74.0202705,3215,15654,No
725,36047044800,36,47,44800,36047044800,448,Census Tract 448,G5020,S,218870,0,+40.6180934,-73.9732468,47,36,40.6180934,-73.9732468,3212,16482,No
1561,36081024600,36,81,24600,36081024600,246,Census Tract 246,G5020,S,303504,0,+40.7012272,-73.7965542,81,36,40.7012272,-73.7965542,3212,21278,No
1827,36081065703,36,81,65703,36081065703,657.03,Census Tract 657.03,G5020,S,267294,0,+40.7151213,-73.8753129,81,36,40.7151213,-73.8753129,3210.333333,11626,No
719,36047044200,36,47,44200,36047044200,442,Census Tract 442,G5020,S,182831,0,+40.6123965,-73.9655936,47,36,40.6123965,-73.9655936,3210,16207.33333,No
1671,36081044601,36,81,44601,36081044601,446.01,Census Tract 446.01,G5020,S,223998,0,+40.7049597,-73.7977926,81,36,40.7049597,-73.7977926,3208,21291,No
304,36005041300,36,5,41300,36005041300,413,Census Tract 413,G5020,S,173763,0,+40.8741039,-73.8851968,5,36,40.8741039,-73.8851968,3201.666667,19651.33333,No
91,36005015700,36,5,15700,36005015700,157,Census Tract 157,G5020,S,320053,0,+40.8329807,-73.8854505,5,36,40.8329807,-73.8854505,3197,16680,No
143,36005022000,36,5,22000,36005022000,220,Census Tract 220,G5020,S,232610,0,+40.8434685,-73.8723309,5,36,40.8434685,-73.8723309,3196,17878.33333,No
59,36005009200,36,5,9200,36005009200,92,Census Tract 92,G5020,S,308605,0,+40.8323343,-73.8521043,5,36,40.8323343,-73.8521043,3193,19106,No
711,36047043400,36,47,43400,36047043400,434,Census Tract 434,G5020,S,139658,0,+40.6100424,-73.9769277,47,36,40.6100424,-73.9769277,3192,18115.33333,No
1809,36081062900,36,81,62900,36081062900,629,Census Tract 629,G5020,S,173971,0,+40.7009660,-73.8831162,81,36,40.700966,-73.8831162,3187.666667,12569,No
1833,36081066501,36,81,66501,36081066501,665.01,Census Tract 665.01,G5020,S,328125,0,+40.7193396,-73.8873699,81,36,40.7193396,-73.8873699,3187.666667,13147.66667,No
211,36005028900,36,5,28900,36005028900,289,Census Tract 289,G5020,S,198277,0,+40.8795550,-73.9072892,5,36,40.879555,-73.9072892,3187,18753,No
644,36047036400,36,47,36400,36047036400,364,Census Tract 364,G5020,S,143260,0,+40.5801614,-73.963864,47,36,40.5801614,-73.963864,3185.666667,19952.33333,No
37,36005006400,36,5,6400,36005006400,64,Census Tract 64,G5020,S,164326,0,+40.8329646,-73.8721701,5,36,40.8329646,-73.8721701,3185,17295,No
728,36047045200,36,47,45200,36047045200,452,Census Tract 452,G5020,S,186317,0,+40.6201743,-73.9681621,47,36,40.6201743,-73.9681621,3185,15275,No
83,36005014500,36,5,14500,36005014500,145,Census Tract 145,G5020,S,181441,0,+40.8315110,-73.9070316,5,36,40.831511,-73.9070316,3184,14928.33333,No
1020,36047099000,36,47,99000,36047099000,990,Census Tract 990,G5020,S,163721,0,+40.6393703,-73.898562,47,36,40.6393703,-73.898562,3184,16635.66667,No
78,36005013500,36,5,13500,36005013500,135,Census Tract 135,G5020,S,167405,0,+40.8271333,-73.9020964,5,36,40.8271333,-73.9020964,3182,15063.33333,No
355,36047003000,36,47,3000,36047003000,30,Census Tract 30,G5020,S,111959,0,+40.6389020,-74.0289543,47,36,40.638902,-74.0289543,3182,15034.33333,No
853,36047060800,36,47,60800,36047060800,608,Census Tract 608,G5020,S,399623,120598,+40.5839493,-73.9490961,47,36,40.5839493,-73.9490961,3180,18840.33333,No
1713,36081049900,36,81,49900,36081049900,499,Census Tract 499,G5020,S,474404,0,+40.7310789,-73.8832679,81,36,40.7310789,-73.8832679,3179.666667,13782,No
586,36047029600,36,47,29600,36047029600,296,Census Tract 296,G5020,S,214120,0,+40.6009574,-73.9930188,47,36,40.6009574,-73.9930188,3174,17785.33333,No
1725,36081051300,36,81,51300,36081051300,513,Census Tract 513,G5020,S,193537,0,+40.7318897,-73.8975137,81,36,40.7318897,-73.8975137,3173.666667,12108.66667,No
740,36047047400,36,47,47400,36047047400,474,Census Tract 474,G5020,S,175872,0,+40.6286836,-73.9823658,47,36,40.6286836,-73.9823658,3172,15143,No
1484,36081013500,36,81,13500,36081013500,135,Census Tract 135,G5020,S,135794,0,+40.7706485,-73.8989767,81,36,40.7706485,-73.8989767,3172,13265.33333,No
1548,36081021600,36,81,21600,36081021600,216,Census Tract 216,G5020,S,661157,0,+40.7093692,-73.8234945,81,36,40.7093692,-73.8234945,3171,20062,No
843,36047059000,36,47,59000,36047059000,590,Census Tract 590,G5020,S,158486,0,+40.5899885,-73.9546862,47,36,40.5899885,-73.9546862,3170,18242.66667,No
1877,36081077500,36,81,77500,36081077500,775,Census Tract 775,G5020,S,225289,0,+40.7090995,-73.83227,81,36,40.7090995,-73.83227,3170,18204,No
1639,36081037900,36,81,37900,36081037900,379,Census Tract 379,G5020,S,196466,0,+40.7554790,-73.8640763,81,36,40.755479,-73.8640763,3169.666667,15184.66667,No
379,36047005800,36,47,5800,36047005800,58,Census Tract 58,G5020,S,193316,0,+40.6190887,-74.0321884,47,36,40.6190887,-74.0321884,3168,16907,No
40,36005006800,36,5,6800,36005006800,68,Census Tract 68,G5020,S,156405,0,+40.8289603,-73.8705138,5,36,40.8289603,-73.8705138,3166,17249,No
1615,36081032900,36,81,32900,36081032900,329,Census Tract 329,G5020,S,436558,0,+40.7644356,-73.882735,81,36,40.7644356,-73.882735,3164,14432.66667,No
501,36047020800,36,47,20800,36047020800,208,Census Tract 208,G5020,S,143316,0,+40.6259761,-74.0097675,47,36,40.6259761,-74.0097675,3162,16356,No
1683,36081046100,36,81,46100,36081046100,461,Census Tract 461,G5020,S,112816,0,+40.7417148,-73.8712656,81,36,40.7417148,-73.8712656,3162,15227.33333,No
1373,36061029100,36,61,29100,36061029100,291,Census Tract 291,G5020,S,188249,0,+40.8643049,-73.9239376,61,36,40.8643049,-73.9239376,3160.333333,16743,No
1638,36081037700,36,81,37700,36081037700,377,Census Tract 377,G5020,S,146818,0,+40.7556614,-73.8687135,81,36,40.7556614,-73.8687135,3159.666667,14720.66667,No
565,36047027600,36,47,27600,36047027600,276,Census Tract 276,G5020,S,149396,0,+40.6108964,-73.999489,47,36,40.6108964,-73.999489,3158,16410.33333,No
1556,36081023600,36,81,23600,36081023600,236,Census Tract 236,G5020,S,176195,0,+40.7073428,-73.8049197,81,36,40.7073428,-73.8049197,3157,21571,No
1918,36081091601,36,81,91601,36081091601,916.01,Census Tract 916.01,G5020,S,3267870,5197683,+40.5599513,-73.9160571,81,36,40.5599513,-73.9160571,3155,43031,No
1834,36081066701,36,81,66701,36081066701,667.01,Census Tract 667.01,G5020,S,252974,0,+40.7218169,-73.8913409,81,36,40.7218169,-73.8913409,3154.666667,11471,No
546,36047025800,36,47,25800,36047025800,258,Census Tract 258,G5020,S,170222,0,+40.6132884,-73.9874098,47,36,40.6132884,-73.9874098,3153.666667,17641,No
1066,36047116200,36,47,116200,36047116200,1162,Census Tract 1162,G5020,S,143448,0,+40.6699382,-73.8850349,47,36,40.6699382,-73.8850349,3153.666667,17687,No
986,36047090200,36,47,90200,36047090200,902,Census Tract 902,G5020,S,190560,0,+40.6675531,-73.9150074,47,36,40.6675531,-73.9150074,3153.333333,15741.66667,No
713,36047043600,36,47,43600,36047043600,436,Census Tract 436,G5020,S,137521,0,+40.6131300,-73.9778573,47,36,40.61313,-73.9778573,3151.666667,17887.33333,No
1377,36061029900,36,61,29900,36061029900,299,Census Tract 299,G5020,S,613442,328333,+40.8665111,-73.9152694,61,36,40.8665111,-73.9152694,3151,16914,No
1049,36047112000,36,47,112000,36047112000,1120,Census Tract 1120,G5020,S,173004,0,+40.6666275,-73.8805197,47,36,40.6666275,-73.8805197,3149.666667,17892,No
1546,36081021200,36,81,21200,36081021200,212,Census Tract 212,G5020,S,232540,0,+40.7009207,-73.8115041,81,36,40.7009207,-73.8115041,3149,20609,No
1710,36081049500,36,81,49500,36081049500,495,Census Tract 495,G5020,S,123364,0,+40.7253406,-73.890511,81,36,40.7253406,-73.890511,3149,11396.66667,No
703,36047042600,36,47,42600,36047042600,426,Census Tract 426,G5020,S,170006,0,+40.6056750,-73.9801891,47,36,40.605675,-73.9801891,3148.666667,19594.33333,No
28,36005005200,36,5,5200,36005005200,52,Census Tract 52,G5020,S,182544,0,+40.8256416,-73.8824356,5,36,40.8256416,-73.8824356,3148,16330,No
522,36047023200,36,47,23200,36047023200,232,Census Tract 232,G5020,S,226366,0,+40.6360998,-73.9862206,47,36,40.6360998,-73.9862206,3147.333333,14472,No
1699,36081047900,36,81,47900,36081047900,479,Census Tract 479,G5020,S,387406,0,+40.7354244,-73.8836417,81,36,40.7354244,-73.8836417,3147,15199.33333,No
1081,36047118600,36,47,118600,36047118600,1186,Census Tract 1186,G5020,S,131527,0,+40.6814659,-73.8677811,47,36,40.6814659,-73.8677811,3145,18821.66667,No
1718,36081050500,36,81,50500,36081050500,505,Census Tract 505,G5020,S,114061,0,+40.7290729,-73.8747298,81,36,40.7290729,-73.8747298,3142,15880.33333,No
1861,36081072100,36,81,72100,36081072100,721,Census Tract 721,G5020,S,169993,0,+40.7311896,-73.8537413,81,36,40.7311896,-73.8537413,3142,16567.33333,No
1904,36081085300,36,81,85300,36081085300,853,Census Tract 853,G5020,S,195226,0,+40.7571520,-73.8276531,81,36,40.757152,-73.8276531,3141.666667,17798.66667,No
1552,36081022900,36,81,22900,36081022900,229,Census Tract 229,G5020,S,1339056,0,+40.7344012,-73.9112819,81,36,40.7344012,-73.9112819,3137.333333,12225.33333,No
962,36047085400,36,47,85400,36047085400,854,Census Tract 854,G5020,S,128750,0,+40.6443465,-73.943876,47,36,40.6443465,-73.943876,3135.666667,15128,No
1640,36081038100,36,81,38100,36081038100,381,Census Tract 381,G5020,S,279994,0,+40.7560931,-73.857723,81,36,40.7560931,-73.857723,3134.666667,15696,No
524,36047023400,36,47,23400,36047023400,234,Census Tract 234,G5020,S,169783,0,+40.6338712,-73.9879406,47,36,40.6338712,-73.9879406,3134,14228.33333,No
1808,36081062700,36,81,62700,36081062700,627,Census Tract 627,G5020,S,157306,0,+40.7037717,-73.8864539,81,36,40.7037717,-73.8864539,3134,12394.33333,No
1726,36081051500,36,81,51500,36081051500,515,Census Tract 515,G5020,S,225249,0,+40.7309681,-73.9015183,81,36,40.7309681,-73.9015183,3133.333333,11923,No
1913,36081087100,36,81,87100,36081087100,871,Census Tract 871,G5020,S,419854,44052,+40.7589796,-73.8332501,81,36,40.7589796,-73.8332501,3132.666667,17781.66667,No
1677,36081045500,36,81,45500,36081045500,455,Census Tract 455,G5020,S,153435,0,+40.7362766,-73.8622791,81,36,40.7362766,-73.8622791,3130.333333,14685,No
456,36047016000,36,47,16000,36047016000,160,Census Tract 160,G5020,S,258790,0,+40.6189793,-74.0268696,47,36,40.6189793,-74.0268696,3128.666667,16321,No
549,36047026000,36,47,26000,36047026000,260,Census Tract 260,G5020,S,162865,0,+40.6169171,-73.9923457,47,36,40.6169171,-73.9923457,3125.666667,17743.66667,No
1078,36047118201,36,47,118201,36047118201,1182.01,Census Tract 1182.01,G5020,S,126387,0,+40.6879085,-73.8718976,47,36,40.6879085,-73.8718976,3125,15619,No
250,36005035900,36,5,35900,36005035900,359,Census Tract 359,G5020,S,126088,0,+40.8403016,-73.8834386,5,36,40.8403016,-73.8834386,3124,17185.33333,No
642,36047036200,36,47,36200,36047036200,362,Census Tract 362,G5020,S,171107,0,+40.5781170,-73.9640008,47,36,40.578117,-73.9640008,3124,19752,No
818,36047055800,36,47,55800,36047055800,558,Census Tract 558,G5020,S,171625,0,+40.6036536,-73.9553779,47,36,40.6036536,-73.9553779,3124,17299,No
414,36047010800,36,47,10800,36047010800,108,Census Tract 108,G5020,S,150979,0,+40.6411160,-74.0037106,47,36,40.641116,-74.0037106,3122.666667,14324.66667,No
303,36005041100,36,5,41100,36005041100,411,Census Tract 411,G5020,S,120752,0,+40.8755620,-73.8871522,5,36,40.875562,-73.8871522,3122,18619.66667,No
44,36005007200,36,5,7200,36005007200,72,Census Tract 72,G5020,S,212597,0,+40.8310452,-73.8606985,5,36,40.8310452,-73.8606985,3120,18316,No
1608,36081030902,36,81,30902,36081030902,309.02,Census Tract 309.02,G5020,S,408191,0,+40.7580679,-73.8961252,81,36,40.7580679,-73.8961252,3118.666667,12492.33333,No
1018,36047098600,36,47,98600,36047098600,986,Census Tract 986,G5020,S,155971,0,+40.6449365,-73.8943196,47,36,40.6449365,-73.8943196,3118,16498,No
1611,36081031700,36,81,31700,36081031700,317,Census Tract 317,G5020,S,692388,0,+40.7703435,-73.893285,81,36,40.7703435,-73.893285,3116.333333,13837,No
1545,36081020800,36,81,20800,36081020800,208,Census Tract 208,G5020,S,530321,0,+40.6984297,-73.80683,81,36,40.6984297,-73.80683,3113,20542,No
737,36047046800,36,47,46800,36047046800,468,Census Tract 468,G5020,S,286569,0,+40.6214938,-73.9807596,47,36,40.6214938,-73.9807596,3112.333333,17094,No
42,36005007000,36,5,7000,36005007000,70,Census Tract 70,G5020,S,204891,0,+40.8298152,-73.8656233,5,36,40.8298152,-73.8656233,3110,17727,No
476,36047018200,36,47,18200,36047018200,182,Census Tract 182,G5020,S,165467,0,+40.6124597,-74.0026813,47,36,40.6124597,-74.0026813,3110,16353.33333,No
567,36047027800,36,47,27800,36047027800,278,Census Tract 278,G5020,S,160472,0,+40.6068585,-74.0012211,47,36,40.6068585,-74.0012211,3109,16816.66667,No
257,36005036700,36,5,36700,36005036700,367,Census Tract 367,G5020,S,92813,0,+40.8407598,-73.8893061,5,36,40.8407598,-73.8893061,3108,16537,No
723,36047044600,36,47,44600,36047044600,446,Census Tract 446,G5020,S,141398,0,+40.6152294,-73.9760576,47,36,40.6152294,-73.9760576,3108,16337,No
697,36047042000,36,47,42000,36047042000,420,Census Tract 420,G5020,S,168644,0,+40.6092377,-73.9643322,47,36,40.6092377,-73.9643322,3107.666667,16669.66667,No
87,36005015100,36,5,15100,36005015100,151,Census Tract 151,G5020,S,209484,0,+40.8310893,-73.8984757,5,36,40.8310893,-73.8984757,3107,15829.33333,No
1557,36081023800,36,81,23800,36081023800,238,Census Tract 238,G5020,S,156850,0,+40.7052217,-73.8090405,81,36,40.7052217,-73.8090405,3106,20947.33333,No
1378,36061030300,36,61,30300,36061030300,303,Census Tract 303,G5020,S,156877,0,+40.8692173,-73.9186597,61,36,40.8692173,-73.9186597,3105.666667,17899.33333,No
1091,36047121000,36,47,121000,36047121000,1210,Census Tract 1210,G5020,S,160699,0,+40.6700551,-73.8722312,47,36,40.6700551,-73.8722312,3105.333333,17534.66667,No
127,36005020502,36,5,20502,36005020502,205.02,Census Tract 205.02,G5020,S,104134,0,+40.8513528,-73.9194602,5,36,40.8513528,-73.9194602,3103,15809.33333,No
35,36005006200,36,5,6200,36005006200,62,Census Tract 62,G5020,S,192959,0,+40.8332811,-73.8754495,5,36,40.8332811,-73.8754495,3099,17219,No
1867,36081074100,36,81,74100,36081074100,741,Census Tract 741,G5020,S,171894,0,+40.7282807,-73.8470482,81,36,40.7282807,-73.8470482,3096.333333,17434.33333,No
296,36005040501,36,5,40501,36005040501,405.01,Census Tract 405.01,G5020,S,81142,0,+40.8671472,-73.8908965,5,36,40.8671472,-73.8908965,3094.666667,18767,No
1685,36081046300,36,81,46300,36081046300,463,Census Tract 463,G5020,S,159253,0,+40.7439981,-73.8710892,81,36,40.7439981,-73.8710892,3093.666667,14115.66667,No
534,36047024600,36,47,24600,36047024600,246,Census Tract 246,G5020,S,172880,0,+40.6181698,-73.9811393,47,36,40.6181698,-73.9811393,3092.666667,17191,No
544,36047025600,36,47,25600,36047025600,256,Census Tract 256,G5020,S,173279,0,+40.6149950,-73.9856662,47,36,40.614995,-73.9856662,3092.666667,18148.66667,No
1017,36047098400,36,47,98400,36047098400,984,Census Tract 984,G5020,S,112821,0,+40.6465779,-73.8917896,47,36,40.6465779,-73.8917896,3092,16079,No
1785,36081059900,36,81,59900,36081059900,599,Census Tract 599,G5020,S,127081,0,+40.7172449,-73.902132,81,36,40.7172449,-73.902132,3089.333333,12718,No
912,36047075000,36,47,75000,36047075000,750,Census Tract 750,G5020,S,173420,0,+40.6265678,-73.948766,47,36,40.6265678,-73.948766,3088.666667,16056.66667,No
24,36005004800,36,5,4800,36005004800,48,Census Tract 48,G5020,S,148422,0,+40.8270043,-73.8743239,5,36,40.8270043,-73.8743239,3087,17206,No
1706,36081048900,36,81,48900,36081048900,489,Census Tract 489,G5020,S,348291,0,+40.7372154,-73.8922174,81,36,40.7372154,-73.8922174,3087,12644.33333,No
31,36005005600,36,5,5600,36005005600,56,Census Tract 56,G5020,S,136188,0,+40.8326118,-73.8790757,5,36,40.8326118,-73.8790757,3086,16869,No
126,36005020501,36,5,20501,36005020501,205.01,Census Tract 205.01,G5020,S,273889,0,+40.8473921,-73.9237042,5,36,40.8473921,-73.9237042,3081,15353.66667,No
532,36047024400,36,47,24400,36047024400,244,Census Tract 244,G5020,S,155278,0,+40.6217475,-73.9862364,47,36,40.6217475,-73.9862364,3078.666667,17688.66667,No
1854,36081071304,36,81,71304,36081071304,713.04,Census Tract 713.04,G5020,S,162212,0,+40.7288128,-73.8541386,81,36,40.7288128,-73.8541386,3077,17164.33333,No
1054,36047113000,36,47,113000,36047113000,1130,Census Tract 1130,G5020,S,193974,0,+40.6621691,-73.8964704,47,36,40.6621691,-73.8964704,3076.666667,15022.66667,No
1370,36061028300,36,61,28300,36061028300,283,Census Tract 283,G5020,S,146084,0,+40.8588309,-73.9289236,61,36,40.8588309,-73.9289236,3076,16447.66667,No
1419,36081005000,36,81,5000,36081005000,50,Census Tract 50,G5020,S,153109,0,+40.6777110,-73.8549186,81,36,40.677711,-73.8549186,3076,19282.66667,No
483,36047019000,36,47,19000,36047019000,190,Census Tract 190,G5020,S,212934,0,+40.6210380,-74.0003857,47,36,40.621038,-74.0003857,3074,16182,No
1012,36047096600,36,47,96600,36047096600,966,Census Tract 966,G5020,S,181211,0,+40.6406399,-73.903142,47,36,40.6406399,-73.903142,3073,16413,No
1559,36081024300,36,81,24300,36081024300,243,Census Tract 243,G5020,S,541755,0,+40.7366609,-73.9020838,81,36,40.7366609,-73.9020838,3071.666667,12400,No
640,36047036002,36,47,36002,36047036002,360.02,Census Tract 360.02,G5020,S,86033,0,+40.5763621,-73.9612376,47,36,40.5763621,-73.9612376,3071,19694.66667,No
438,36047013800,36,47,13800,36047013800,138,Census Tract 138,G5020,S,162579,0,+40.6243111,-74.0255174,47,36,40.6243111,-74.0255174,3066.666667,16216,No
643,36047036300,36,47,36300,36047036300,363,Census Tract 363,G5020,S,259732,0,+40.6721757,-73.9169923,47,36,40.6721757,-73.9169923,3066.666667,14022.66667,No
1656,36081041300,36,81,41300,36081041300,413,Census Tract 413,G5020,S,158499,0,+40.7447309,-73.8612991,81,36,40.7447309,-73.8612991,3064.666667,15011,No
190,36005026300,36,5,26300,36005026300,263,Census Tract 263,G5020,S,158883,0,+40.8647888,-73.9044333,5,36,40.8647888,-73.9044333,3064,17304.66667,No
1371,36061028500,36,61,28500,36061028500,285,Census Tract 285,G5020,S,121002,0,+40.8615305,-73.9280159,61,36,40.8615305,-73.9280159,3064,16122,No
808,36047054800,36,47,54800,36047054800,548,Census Tract 548,G5020,S,173220,0,+40.6092526,-73.9483771,47,36,40.6092526,-73.9483771,3061.666667,16604.66667,No
1444,36081008700,36,81,8700,36081008700,87,Census Tract 87,G5020,S,264572,7099,+40.7743780,-73.9349707,81,36,40.774378,-73.9349707,3060.666667,12585.66667,No
526,36047023600,36,47,23600,36047023600,236,Census Tract 236,G5020,S,169852,0,+40.6321905,-73.9896876,47,36,40.6321905,-73.9896876,3060,14120.33333,No
1342,36061023700,36,61,23700,36061023700,237,Census Tract 237,G5020,S,272479,271428,+40.8325614,-73.9512113,61,36,40.8325614,-73.9512113,3057,12361,No
707,36047043000,36,47,43000,36047043000,430,Census Tract 430,G5020,S,160029,0,+40.6092493,-73.984202,47,36,40.6092493,-73.984202,3056.666667,17955.33333,No
727,36047045000,36,47,45000,36047045000,450,Census Tract 450,G5020,S,226393,0,+40.6216296,-73.9728811,47,36,40.6216296,-73.9728811,3056,15682.66667,No
310,36005042100,36,5,42100,36005042100,421,Census Tract 421,G5020,S,248784,0,+40.8814794,-73.8827627,5,36,40.8814794,-73.8827627,3052,19277.33333,No
25,36005005001,36,5,5001,36005005001,50.01,Census Tract 50.01,G5020,S,97889,0,+40.8249970,-73.8778533,5,36,40.824997,-73.8778533,3051,16789,No
293,36005040303,36,5,40303,36005040303,403.03,Census Tract 403.03,G5020,S,86879,0,+40.8696820,-73.8934561,5,36,40.869682,-73.8934561,3048,17805.33333,No
1369,36061028100,36,61,28100,36061028100,281,Census Tract 281,G5020,S,93095,0,+40.8570766,-73.9345044,61,36,40.8570766,-73.9345044,3047.333333,16398.66667,No
735,36047046202,36,47,46202,36047046202,462.02,Census Tract 462.02,G5020,S,177112,0,+40.6245015,-73.9742801,47,36,40.6245015,-73.9742801,3046.333333,15393.33333,No
418,36047011600,36,47,11600,36047011600,116,Census Tract 116,G5020,S,160266,0,+40.6358731,-74.0036488,47,36,40.6358731,-74.0036488,3042.666667,16195.33333,No
1828,36081065900,36,81,65900,36081065900,659,Census Tract 659,G5020,S,194149,0,+40.7155452,-73.882484,81,36,40.7155452,-73.882484,3041.666667,11997,No
290,36005039902,36,5,39902,36005039902,399.02,Census Tract 399.02,G5020,S,122662,0,+40.8604227,-73.8947478,5,36,40.8604227,-73.8947478,3039,17640.66667,No
551,36047026200,36,47,26200,36047026200,262,Census Tract 262,G5020,S,157859,0,+40.6187285,-73.9970786,47,36,40.6187285,-73.9970786,3038,16129,No
271,36005038100,36,5,38100,36005038100,381,Census Tract 381,G5020,S,149155,0,+40.8520583,-73.9011465,5,36,40.8520583,-73.9011465,3037.666667,16609,No
641,36047036100,36,47,36100,36047036100,361,Census Tract 361,G5020,S,138529,0,+40.6695878,-73.9199218,47,36,40.6695878,-73.9199218,3033,14690.66667,No
175,36005024501,36,5,24501,36005024501,245.01,Census Tract 245.01,G5020,S,111231,0,+40.8528844,-73.9155029,5,36,40.8528844,-73.9155029,3032,15676.33333,No
195,36005026701,36,5,26701,36005026701,267.01,Census Tract 267.01,G5020,S,71400,0,+40.8693417,-73.9011885,5,36,40.8693417,-73.9011885,3031,17810.33333,No
530,36047024200,36,47,24200,36047024200,242,Census Tract 242,G5020,S,191453,0,+40.6258678,-73.9928098,47,36,40.6258678,-73.9928098,3029.333333,17083.66667,No
806,36047054600,36,47,54600,36047054600,546,Census Tract 546,G5020,S,180667,0,+40.6131411,-73.9531239,47,36,40.6131411,-73.9531239,3028.666667,16558.66667,No
382,36047006200,36,47,6200,36047006200,62,Census Tract 62,G5020,S,162273,0,+40.6249110,-74.0304459,47,36,40.624911,-74.0304459,3027.666667,16197,No
1075,36047117602,36,47,117602,36047117602,1176.02,Census Tract 1176.02,G5020,S,143799,0,+40.6862350,-73.8744475,47,36,40.686235,-73.8744475,3026,15534,No
736,36047046400,36,47,46400,36047046400,464,Census Tract 464,G5020,S,169085,0,+40.6245752,-73.9783945,47,36,40.6245752,-73.9783945,3024,15296,No
930,36047078800,36,47,78800,36047078800,788,Census Tract 788,G5020,S,157109,0,+40.6374655,-73.9488367,47,36,40.6374655,-73.9488367,3023.666667,15479.66667,No
48,36005007600,36,5,7600,36005007600,76,Census Tract 76,G5020,S,217095,0,+40.8333737,-73.8676538,5,36,40.8333737,-73.8676538,3023,17638,No
976,36047088200,36,47,88200,36047088200,882,Census Tract 882,G5020,S,203180,0,+40.6604945,-73.9259818,47,36,40.6604945,-73.9259818,3022.333333,14926.33333,No
816,36047055600,36,47,55600,36047055600,556,Census Tract 556,G5020,S,193199,0,+40.6031609,-73.9594057,47,36,40.6031609,-73.9594057,3021.666667,16572.66667,No
386,36047006600,36,47,6600,36047006600,66,Census Tract 66,G5020,S,153740,0,+40.6321309,-74.0274985,47,36,40.6321309,-74.0274985,3020.666667,15455,No
64,36005011502,36,5,11502,36005011502,115.02,Census Tract 115.02,G5020,S,342225,10037,+40.8200863,-73.8865489,5,36,40.8200863,-73.8865489,3019,15517,No
709,36047043200,36,47,43200,36047043200,432,Census Tract 432,G5020,S,148819,0,+40.6106815,-73.9806847,47,36,40.6106815,-73.9806847,3017.666667,18705.66667,No
973,36047087600,36,47,87600,36047087600,876,Census Tract 876,G5020,S,142213,0,+40.6606478,-73.9357059,47,36,40.6606478,-73.9357059,3016.666667,14196,No
406,36047009400,36,47,9400,36047009400,94,Census Tract 94,G5020,S,151026,0,+40.6433565,-74.0013789,47,36,40.6433565,-74.0013789,3016.333333,13856.66667,No
980,36047089000,36,47,89000,36047089000,890,Census Tract 890,G5020,S,248414,0,+40.6569877,-73.9154892,47,36,40.6569877,-73.9154892,3016.333333,15576.66667,No
1679,36081045700,36,81,45700,36081045700,457,Census Tract 457,G5020,S,150517,0,+40.7377217,-73.8698383,81,36,40.7377217,-73.8698383,3016,15701.33333,No
1421,36081005200,36,81,5200,36081005200,52,Census Tract 52,G5020,S,130607,0,+40.6807594,-73.8546643,81,36,40.6807594,-73.8546643,3015,19181.66667,No
695,36047041800,36,47,41800,36047041800,418,Census Tract 418,G5020,S,164322,0,+40.6054000,-73.9648517,47,36,40.6054,-73.9648517,3014.666667,16556.66667,No
922,36047077000,36,47,77000,36047077000,770,Census Tract 770,G5020,S,163284,0,+40.6361362,-73.9538295,47,36,40.6361362,-73.9538295,3014.666667,15525,No
1728,36081051700,36,81,51700,36081051700,517,Census Tract 517,G5020,S,251619,0,+40.7246108,-73.9002992,81,36,40.7246108,-73.9002992,3014.333333,11953,No
189,36005026100,36,5,26100,36005026100,261,Census Tract 261,G5020,S,173409,0,+40.8666500,-73.9058809,5,36,40.86665,-73.9058809,3014,17251.66667,No
1414,36081004200,36,81,4200,36081004200,42,Census Tract 42,G5020,S,200287,0,+40.6818145,-73.8579641,81,36,40.6818145,-73.8579641,3013,19170.66667,No
436,36047013600,36,47,13600,36047013600,136,Census Tract 136,G5020,S,215895,0,+40.6268831,-74.0225642,47,36,40.6268831,-74.0225642,3011.666667,15420,No
1413,36081004002,36,81,4002,36081004002,40.02,Census Tract 40.02,G5020,S,129118,0,+40.6815380,-73.8429922,81,36,40.681538,-73.8429922,3009,20269.66667,No
516,36047022600,36,47,22600,36047022600,226,Census Tract 226,G5020,S,156180,0,+40.6419840,-73.9863474,47,36,40.641984,-73.9863474,3004.333333,13491.33333,No
974,36047087800,36,47,87800,36047087800,878,Census Tract 878,G5020,S,151415,0,+40.6588465,-73.9310338,47,36,40.6588465,-73.9310338,3002.333333,14552.66667,No
995,36047092400,36,47,92400,36047092400,924,Census Tract 924,G5020,S,251687,0,+40.6669331,-73.9114794,47,36,40.6669331,-73.9114794,3001.333333,14657.66667,No
81,36005014300,36,5,14300,36005014300,143,Census Tract 143,G5020,S,129712,0,+40.8277474,-73.9121298,5,36,40.8277474,-73.9121298,3001,13518,No
972,36047087401,36,47,87401,36047087401,874.01,Census Tract 874.01,G5020,S,130596,0,+40.6604744,-73.9384588,47,36,40.6604744,-73.9384588,3001,14089,No
1458,36081010500,36,81,10500,36081010500,105,Census Tract 105,G5020,S,197925,0,+40.7827883,-73.9129479,81,36,40.7827883,-73.9129479,2997,12915,No
944,36047081400,36,47,81400,36047081400,814,Census Tract 814,G5020,S,170174,0,+40.6536407,-73.940238,47,36,40.6536407,-73.940238,2996.666667,14084.33333,No
487,36047019400,36,47,19400,36047019400,194,Census Tract 194,G5020,S,178420,0,+40.6258369,-74.0011077,47,36,40.6258369,-74.0011077,2996.333333,16103.33333,No
381,36047006000,36,47,6000,36047006000,60,Census Tract 60,G5020,S,152260,0,+40.6220831,-74.0316042,47,36,40.6220831,-74.0316042,2993.666667,16158,No
1859,36081071702,36,81,71702,36081071702,717.02,Census Tract 717.02,G5020,S,214681,0,+40.7333977,-73.8627243,81,36,40.7333977,-73.8627243,2993,16344.33333,No
425,36047012600,36,47,12600,36047012600,126,Census Tract 126,G5020,S,226477,0,+40.6347464,-74.0190561,47,36,40.6347464,-74.0190561,2992,14800.33333,No
528,36047024000,36,47,24000,36047024000,240,Census Tract 240,G5020,S,169751,0,+40.6288316,-73.9931862,47,36,40.6288316,-73.9931862,2992,14923,No
1489,36081014100,36,81,14100,36081014100,141,Census Tract 141,G5020,S,170461,0,+40.7669831,-73.906686,81,36,40.7669831,-73.906686,2992,11919.66667,No
1058,36047114202,36,47,114202,36047114202,1142.02,Census Tract 1142.02,G5020,S,114166,0,+40.6823970,-73.8912342,47,36,40.682397,-73.8912342,2991.666667,14670.66667,No
527,36047023800,36,47,23800,36047023800,238,Census Tract 238,G5020,S,169884,0,+40.6305112,-73.9914376,47,36,40.6305112,-73.9914376,2991,14923,No
520,36047023000,36,47,23000,36047023000,230,Census Tract 230,G5020,S,150951,0,+40.6378160,-73.984281,47,36,40.637816,-73.984281,2989,14401,No
1374,36061029300,36,61,29300,36061029300,293,Census Tract 293,G5020,S,157206,0,+40.8659234,-73.92012,61,36,40.8659234,-73.92012,2986.333333,17141.66667,No
1842,36081068700,36,81,68700,36081068700,687,Census Tract 687,G5020,S,263488,0,+40.7302514,-73.8692606,81,36,40.7302514,-73.8692606,2983,15718.33333,No
993,36047092000,36,47,92000,36047092000,920,Census Tract 920,G5020,S,235210,0,+40.6585694,-73.9030203,47,36,40.6585694,-73.9030203,2982.666667,15054.33333,No
1734,36081052500,36,81,52500,36081052500,525,Census Tract 525,G5020,S,202048,0,+40.7189818,-73.9066446,81,36,40.7189818,-73.9066446,2982.666667,12012.66667,No
983,36047089600,36,47,89600,36047089600,896,Census Tract 896,G5020,S,149024,0,+40.6580074,-73.9124095,47,36,40.6580074,-73.9124095,2982.333333,15529.66667,No
1019,36047098800,36,47,98800,36047098800,988,Census Tract 988,G5020,S,161941,0,+40.6430019,-73.8973153,47,36,40.6430019,-73.8973153,2982,16334,No
103,36005017100,36,5,17100,36005017100,171,Census Tract 171,G5020,S,169302,0,+40.8403719,-73.9075096,5,36,40.8403719,-73.9075096,2981.333333,15486,No
252,36005036100,36,5,36100,36005036100,361,Census Tract 361,G5020,S,162302,0,+40.8422924,-73.8795815,5,36,40.8422924,-73.8795815,2980,17070.33333,No
991,36047091600,36,47,91600,36047091600,916,Census Tract 916,G5020,S,215640,0,+40.6591038,-73.9091012,47,36,40.6591038,-73.9091012,2979.333333,15968.66667,No
839,36047058400,36,47,58400,36047058400,584,Census Tract 584,G5020,S,188225,0,+40.5940748,-73.9586719,47,36,40.5940748,-73.9586719,2978.666667,17732.33333,No
502,36047021000,36,47,21000,36047021000,210,Census Tract 210,G5020,S,150015,0,+40.6276261,-74.0081561,47,36,40.6276261,-74.0081561,2977.666667,16117.33333,No
1473,36081012100,36,81,12100,36081012100,121,Census Tract 121,G5020,S,137900,0,+40.7727587,-73.9035141,81,36,40.7727587,-73.9035141,2976.333333,12401.66667,No
89,36005015300,36,5,15300,36005015300,153,Census Tract 153,G5020,S,233282,0,+40.8334461,-73.8941364,5,36,40.8334461,-73.8941364,2973,15655.33333,No
192,36005026500,36,5,26500,36005026500,265,Census Tract 265,G5020,S,199916,0,+40.8661880,-73.9002477,5,36,40.866188,-73.9002477,2973,17693.33333,No
931,36047079000,36,47,79000,36047079000,790,Census Tract 790,G5020,S,182988,0,+40.6409778,-73.9536967,47,36,40.6409778,-73.9536967,2973,14542.33333,No
964,36047085800,36,47,85800,36047085800,858,Census Tract 858,G5020,S,133472,0,+40.6502075,-73.9390272,47,36,40.6502075,-73.9390272,2973,14372,No
166,36005023702,36,5,23702,36005023702,237.02,Census Tract 237.02,G5020,S,47571,0,+40.8606549,-73.8973142,5,36,40.8606549,-73.8973142,2968.666667,18016.33333,No
292,36005040302,36,5,40302,36005040302,403.02,Census Tract 403.02,G5020,S,62753,0,+40.8678675,-73.892176,5,36,40.8678675,-73.892176,2968.666667,18723.33333,No
943,36047081000,36,47,81000,36047081000,810,Census Tract 810,G5020,S,162416,0,+40.6591131,-73.9445488,47,36,40.6591131,-73.9445488,2966.666667,13939.33333,No
835,36047057800,36,47,57800,36047057800,578,Census Tract 578,G5020,S,172233,0,+40.5994398,-73.9515127,47,36,40.5994398,-73.9515127,2965.666667,17333.66667,No
1074,36047117601,36,47,117601,36047117601,1176.01,Census Tract 1176.01,G5020,S,152356,0,+40.6847798,-73.8768792,47,36,40.6847798,-73.8768792,2964,14952,No
928,36047078400,36,47,78400,36047078400,784,Census Tract 784,G5020,S,167427,0,+40.6342624,-73.9429558,47,36,40.6342624,-73.9429558,2963.666667,16319,No
291,36005040100,36,5,40100,36005040100,401,Census Tract 401,G5020,S,170429,0,+40.8646119,-73.8976515,5,36,40.8646119,-73.8976515,2962,17682.33333,No
1766,36081056700,36,81,56700,36081056700,567,Census Tract 567,G5020,S,316649,0,+40.6968721,-73.8921358,81,36,40.6968721,-73.8921358,2961,12090,No
1681,36081045900,36,81,45900,36081045900,459,Census Tract 459,G5020,S,136886,0,+40.7398775,-73.8706805,81,36,40.7398775,-73.8706805,2960,14953.33333,No
975,36047088000,36,47,88000,36047088000,880,Census Tract 880,G5020,S,182479,0,+40.6615193,-73.9310226,47,36,40.6615193,-73.9310226,2958.666667,14185.66667,No
1486,36081013700,36,81,13700,36081013700,137,Census Tract 137,G5020,S,201650,0,+40.7689636,-73.9049233,81,36,40.7689636,-73.9049233,2958,12326.33333,No
917,36047076000,36,47,76000,36047076000,760,Census Tract 760,G5020,S,181582,0,+40.6213569,-73.9547885,47,36,40.6213569,-73.9547885,2957.666667,15679.33333,No
1452,36081009900,36,81,9900,36081009900,99,Census Tract 99,G5020,S,281187,0,+40.7787875,-73.9230731,81,36,40.7787875,-73.9230731,2957,12315,No
916,36047075800,36,47,75800,36047075800,758,Census Tract 758,G5020,S,205258,0,+40.6164751,-73.9519619,47,36,40.6164751,-73.9519619,2956.666667,15685.33333,No
90,36005015500,36,5,15500,36005015500,155,Census Tract 155,G5020,S,118752,0,+40.8355959,-73.8899678,5,36,40.8355959,-73.8899678,2956,16343,No
952,36047083000,36,47,83000,36047083000,830,Census Tract 830,G5020,S,201785,0,+40.6408870,-73.9455028,47,36,40.640887,-73.9455028,2953.666667,15406.66667,No
1051,36047112400,36,47,112400,36047112400,1124,Census Tract 1124,G5020,S,177849,0,+40.6660037,-73.8871536,47,36,40.6660037,-73.8871536,2953.666667,17401.66667,No
299,36005040701,36,5,40701,36005040701,407.01,Census Tract 407.01,G5020,S,58235,0,+40.8715794,-73.8902604,5,36,40.8715794,-73.8902604,2952,18425.66667,No
734,36047046201,36,47,46201,36047046201,462.01,Census Tract 462.01,G5020,S,128313,0,+40.6276229,-73.9735164,47,36,40.6276229,-73.9735164,2951.666667,15201.33333,No
417,36047011400,36,47,11400,36047011400,114,Census Tract 114,G5020,S,167792,0,+40.6394233,-73.9992118,47,36,40.6394233,-73.9992118,2951,14496,No
924,36047077400,36,47,77400,36047077400,774,Census Tract 774,G5020,S,147764,0,+40.6316800,-73.947607,47,36,40.63168,-73.947607,2948.666667,16104.33333,No
1083,36047119000,36,47,119000,36047119000,1190,Census Tract 1190,G5020,S,140470,0,+40.6790579,-73.8716142,47,36,40.6790579,-73.8716142,2947.666667,16632.66667,No
1790,36081060701,36,81,60701,36081060701,607.01,Census Tract 607.01,G5020,S,712553,0,+40.7172572,-73.8939704,81,36,40.7172572,-73.8939704,2947,11639.33333,No
1876,36081077300,36,81,77300,36081077300,773,Census Tract 773,G5020,S,281910,0,+40.7108599,-73.8353244,81,36,40.7108599,-73.8353244,2946.333333,18070.33333,No
1011,36047096400,36,47,96400,36047096400,964,Census Tract 964,G5020,S,176581,0,+40.6419501,-73.9072687,47,36,40.6419501,-73.9072687,2946,16285,No
508,36047021600,36,47,21600,36047021600,216,Census Tract 216,G5020,S,168178,0,+40.6327947,-73.9997692,47,36,40.6327947,-73.9997692,2945.666667,15395,No
1080,36047118400,36,47,118400,36047118400,1184,Census Tract 1184,G5020,S,204944,0,+40.6843041,-73.86941,47,36,40.6843041,-73.86941,2945,15341,No
542,36047025400,36,47,25400,36047025400,254,Census Tract 254,G5020,S,175492,0,+40.6166972,-73.9838448,47,36,40.6166972,-73.9838448,2944.666667,17980.66667,No
413,36047010600,36,47,10600,36047010600,106,Census Tract 106,G5020,S,150932,0,+40.6388746,-74.00604,47,36,40.6388746,-74.00604,2943.666667,15506.33333,No
1852,36081071100,36,81,71100,36081071100,711,Census Tract 711,G5020,S,375588,0,+40.7220691,-73.8524931,81,36,40.7220691,-73.8524931,2942.333333,16554.66667,No
1446,36081009100,36,81,9100,36081009100,91,Census Tract 91,G5020,S,191979,0,+40.7758824,-73.9296715,81,36,40.7758824,-73.9296715,2942,12345,No
408,36047009800,36,47,9800,36047009800,98,Census Tract 98,G5020,S,151006,0,+40.6437764,-74.0081153,47,36,40.6437764,-74.0081153,2936.666667,13743,No
1709,36081049302,36,81,49302,36081049302,493.02,Census Tract 493.02,G5020,S,273965,0,+40.7278524,-73.8917865,81,36,40.7278524,-73.8917865,2936,11839,No
1423,36081005400,36,81,5400,36081005400,54,Census Tract 54,G5020,S,419718,0,+40.6787655,-73.8487437,81,36,40.6787655,-73.8487437,2931,18946.66667,No
540,36047025200,36,47,25200,36047025200,252,Census Tract 252,G5020,S,181275,0,+40.6198289,-73.9921391,47,36,40.6198289,-73.9921391,2930.666667,17511.66667,No
1416,36081004401,36,81,4401,36081004401,44.01,Census Tract 44.01,G5020,S,261195,0,+40.6771616,-73.8593737,81,36,40.6771616,-73.8593737,2930,18425.66667,No
1847,36081069701,36,81,69701,36081069701,697.01,Census Tract 697.01,G5020,S,129501,0,+40.7268101,-73.8602671,81,36,40.7268101,-73.8602671,2929,16328.33333,No
384,36047006400,36,47,6400,36047006400,64,Census Tract 64,G5020,S,203176,0,+40.6289253,-74.0288094,47,36,40.6289253,-74.0288094,2927.666667,15334,No
990,36047091200,36,47,91200,36047091200,912,Census Tract 912,G5020,S,167237,0,+40.6651290,-73.9076346,47,36,40.665129,-73.9076346,2925.666667,15238,No
1076,36047117800,36,47,117800,36047117800,1178,Census Tract 1178,G5020,S,140257,0,+40.6816528,-73.8742887,47,36,40.6816528,-73.8742887,2923,15337,No
510,36047021800,36,47,21800,36047021800,218,Census Tract 218,G5020,S,157820,0,+40.6343541,-73.9978229,47,36,40.6343541,-73.9978229,2922,14442,No
1862,36081072300,36,81,72300,36081072300,723,Census Tract 723,G5020,S,470056,0,+40.7162394,-73.8477446,81,36,40.7162394,-73.8477446,2918.333333,16814.33333,No
1069,36047116800,36,47,116800,36047116800,1168,Census Tract 1168,G5020,S,143956,0,+40.6789908,-73.882516,47,36,40.6789908,-73.882516,2918,15394.66667,No
747,36047048400,36,47,48400,36047048400,484,Census Tract 484,G5020,S,209196,0,+40.6342861,-73.9736271,47,36,40.6342861,-73.9736271,2917,14303,No
852,36047060600,36,47,60600,36047060600,606,Census Tract 606,G5020,S,180696,0,+40.5864511,-73.9561684,47,36,40.5864511,-73.9561684,2916.666667,18507.66667,No
1365,36061027300,36,61,27300,36061027300,273,Census Tract 273,G5020,S,177591,0,+40.8539297,-73.9374112,61,36,40.8539297,-73.9374112,2916.333333,15481.66667,No
350,36047002000,36,47,2000,36047002000,20,Census Tract 20,G5020,S,154110,0,+40.6480502,-74.0159179,47,36,40.6480502,-74.0159179,2915.666667,13592,No
802,36047054200,36,47,54200,36047054200,542,Census Tract 542,G5020,S,189169,0,+40.6128027,-73.960979,47,36,40.6128027,-73.960979,2915.666667,16571.33333,No
1795,36081061302,36,81,61302,36081061302,613.02,Census Tract 613.02,G5020,S,486235,0,+40.7093221,-73.8835282,81,36,40.7093221,-73.8835282,2914.666667,11872.33333,No
1872,36081075701,36,81,75701,36081075701,757.01,Census Tract 757.01,G5020,S,197256,0,+40.7182219,-73.8347946,81,36,40.7182219,-73.8347946,2914,18004.66667,No
1072,36047117202,36,47,117202,36047117202,1172.02,Census Tract 1172.02,G5020,S,151827,0,+40.6827365,-73.883765,47,36,40.6827365,-73.883765,2909,14563.66667,No
987,36047090600,36,47,90600,36047090600,906,Census Tract 906,G5020,S,195832,0,+40.6701302,-73.9088595,47,36,40.6701302,-73.9088595,2906.666667,14201.66667,No
273,36005038301,36,5,38301,36005038301,383.01,Census Tract 383.01,G5020,S,95100,0,+40.8572137,-73.8985196,5,36,40.8572137,-73.8985196,2902.666667,16993.33333,No
1591,36081027900,36,81,27900,36081027900,279,Census Tract 279,G5020,S,177155,0,+40.7516729,-73.8802222,81,36,40.7516729,-73.8802222,2900.666667,13835.66667,No
1768,36081057700,36,81,57700,36081057700,577,Census Tract 577,G5020,S,186308,0,+40.7003962,-73.890718,81,36,40.7003962,-73.890718,2900.666667,11892,No
1471,36081011900,36,81,11900,36081011900,119,Census Tract 119,G5020,S,111478,0,+40.7712054,-73.9060641,81,36,40.7712054,-73.9060641,2900,12261.33333,No
1769,36081057900,36,81,57900,36081057900,579,Census Tract 579,G5020,S,68348,0,+40.7034917,-73.8900443,81,36,40.7034917,-73.8900443,2900,12085.66667,No
1873,36081075702,36,81,75702,36081075702,757.02,Census Tract 757.02,G5020,S,355549,0,+40.7243175,-73.840184,81,36,40.7243175,-73.840184,2900,17430.66667,No
1088,36047120000,36,47,120000,36047120000,1200,Census Tract 1200,G5020,S,150529,0,+40.6748774,-73.8672723,47,36,40.6748774,-73.8672723,2898,16750,No
951,36047082800,36,47,82800,36047082800,828,Census Tract 828,G5020,S,156676,0,+40.6409911,-73.9496047,47,36,40.6409911,-73.9496047,2897.666667,15319.66667,No
485,36047019200,36,47,19200,36047019200,192,Census Tract 192,G5020,S,189790,0,+40.6284585,-73.9989281,47,36,40.6284585,-73.9989281,2894.333333,15990.33333,No
741,36047047600,36,47,47600,36047047600,476,Census Tract 476,G5020,S,207177,0,+40.6305694,-73.9805808,47,36,40.6305694,-73.9805808,2886,14819,No
1364,36061027100,36,61,27100,36061027100,271,Census Tract 271,G5020,S,192555,0,+40.8519392,-73.9342905,61,36,40.8519392,-73.9342905,2885,14693.33333,No
157,36005022902,36,5,22902,36005022902,229.02,Census Tract 229.02,G5020,S,94057,0,+40.8437862,-73.9072135,5,36,40.8437862,-73.9072135,2883.666667,16295.33333,No
536,36047024800,36,47,24800,36047024800,248,Census Tract 248,G5020,S,176029,0,+40.6213629,-73.9899931,47,36,40.6213629,-73.9899931,2883.666667,17470.66667,No
1723,36081051100,36,81,51100,36081051100,511,Census Tract 511,G5020,S,274457,0,+40.7273252,-73.9001468,81,36,40.7273252,-73.9001468,2883,10794.66667,No
186,36005025500,36,5,25500,36005025500,255,Census Tract 255,G5020,S,174375,0,+40.8605391,-73.9089561,5,36,40.8605391,-73.9089561,2882,16656.33333,No
1856,36081071306,36,81,71306,36081071306,713.06,Census Tract 713.06,G5020,S,170870,0,+40.7260735,-73.8560987,81,36,40.7260735,-73.8560987,2882,17289.33333,No
107,36005017702,36,5,17702,36005017702,177.02,Census Tract 177.02,G5020,S,140752,0,+40.8361778,-73.9095493,5,36,40.8361778,-73.9095493,2881,15128.66667,No
1085,36047119400,36,47,119400,36047119400,1194,Census Tract 1194,G5020,S,182839,0,+40.6725527,-73.8770602,47,36,40.6725527,-73.8770602,2881,15849.66667,No
941,36047080600,36,47,80600,36047080600,806,Census Tract 806,G5020,S,166299,0,+40.6616591,-73.9438615,47,36,40.6616591,-73.9438615,2880,13328.66667,No
1084,36047119200,36,47,119200,36047119200,1192,Census Tract 1192,G5020,S,225854,0,+40.6771157,-73.8781552,47,36,40.6771157,-73.8781552,2879,15869.66667,No
105,36005017500,36,5,17500,36005017500,175,Census Tract 175,G5020,S,151593,0,+40.8308225,-73.9136512,5,36,40.8308225,-73.9136512,2877.666667,14922.33333,No
1359,36061026100,36,61,26100,36061026100,261,Census Tract 261,G5020,S,156207,0,+40.8457845,-73.9344554,61,36,40.8457845,-73.9344554,2877.666667,15040.33333,No
294,36005040304,36,5,40304,36005040304,403.04,Census Tract 403.04,G5020,S,67353,0,+40.8676700,-73.8951873,5,36,40.86767,-73.8951873,2875,17615.66667,No
1549,36081021900,36,81,21900,36081021900,219,Census Tract 219,G5020,S,1257243,132382,+40.7231743,-73.9189982,81,36,40.7231743,-73.9189982,2873,9448.666667,No
95,36005016100,36,5,16100,36005016100,161,Census Tract 161,G5020,S,241264,0,+40.8368810,-73.8850118,5,36,40.836881,-73.8850118,2872,16285,No
123,36005020100,36,5,20100,36005020100,201,Census Tract 201,G5020,S,285283,0,+40.8420908,-73.9270027,5,36,40.8420908,-73.9270027,2868,14698.66667,No
1440,36081008100,36,81,8100,36081008100,81,Census Tract 81,G5020,S,111587,0,+40.7700665,-73.9335769,81,36,40.7700665,-73.9335769,2866.333333,11708.66667,No
167,36005023703,36,5,23703,36005023703,237.03,Census Tract 237.03,G5020,S,100598,0,+40.8600426,-73.8995705,5,36,40.8600426,-73.8995705,2865,17070.33333,No
1346,36061024000,36,61,24000,36061024000,240,Census Tract 240,G5020,S,2093582,760160,+40.7908890,-73.9202473,61,36,40.790889,-73.9202473,2862.333333,12813,No
566,36047027700,36,47,27700,36047027700,277,Census Tract 277,G5020,S,162108,0,+40.6868289,-73.9387604,47,36,40.6868289,-73.9387604,2862,12099.66667,No
106,36005017701,36,5,17701,36005017701,177.01,Census Tract 177.01,G5020,S,106630,0,+40.8331958,-73.9111774,5,36,40.8331958,-73.9111774,2861.666667,14948.33333,No
1855,36081071305,36,81,71305,36081071305,713.05,Census Tract 713.05,G5020,S,132481,0,+40.7241595,-73.8514861,81,36,40.7241595,-73.8514861,2861,17263.33333,No
1052,36047112600,36,47,112600,36047112600,1126,Census Tract 1126,G5020,S,168500,0,+40.6648986,-73.8931118,47,36,40.6648986,-73.8931118,2859.666667,15992.33333,No
1337,36061023300,36,61,23300,36061023300,233,Census Tract 233,G5020,S,227430,285722,+40.8282400,-73.9541632,61,36,40.82824,-73.9541632,2857,12054,No
430,36047013000,36,47,13000,36047013000,130,Census Tract 130,G5020,S,176429,0,+40.6325873,-74.0213843,47,36,40.6325873,-74.0213843,2854.666667,14728,No
1064,36047115800,36,47,115800,36047115800,1158,Census Tract 1158,G5020,S,154981,0,+40.6688809,-73.8921624,47,36,40.6688809,-73.8921624,2854.666667,14810,No
1368,36061027900,36,61,27900,36061027900,279,Census Tract 279,G5020,S,177787,0,+40.8558384,-73.9316629,61,36,40.8558384,-73.9316629,2854,15279,No
515,36047022400,36,47,22400,36047022400,224,Census Tract 224,G5020,S,175565,0,+40.6405156,-73.9903118,47,36,40.6405156,-73.9903118,2850,13918.33333,No
1347,36061024100,36,61,24100,36061024100,241,Census Tract 241,G5020,S,180150,206415,+40.8356768,-73.9496649,61,36,40.8356768,-73.9496649,2847,12918.33333,No
744,36047048000,36,47,48000,36047048000,480,Census Tract 480,G5020,S,154087,0,+40.6302924,-73.9744758,47,36,40.6302924,-73.9744758,2846,14774,No
162,36005023302,36,5,23302,36005023302,233.02,Census Tract 233.02,G5020,S,65227,0,+40.8482057,-73.9046739,5,36,40.8482057,-73.9046739,2845.666667,16765.66667,No
1367,36061027700,36,61,27700,36061027700,277,Census Tract 277,G5020,S,162461,0,+40.8554290,-73.9273911,61,36,40.855429,-73.9273911,2844,15276,No
427,36047012801,36,47,12801,36047012801,128.01,Census Tract 128.01,G5020,S,114978,0,+40.6308009,-74.0133028,47,36,40.6308009,-74.0133028,2843.666667,15366.33333,No
68,36005012101,36,5,12101,36005012101,121.01,Census Tract 121.01,G5020,S,116361,0,+40.8282767,-73.8888784,5,36,40.8282767,-73.8888784,2843.333333,15760.66667,No
732,36047045800,36,47,45800,36047045800,458,Census Tract 458,G5020,S,179384,0,+40.6257018,-73.9690061,47,36,40.6257018,-73.9690061,2842.666667,14932.33333,No
568,36047027900,36,47,27900,36047027900,279,Census Tract 279,G5020,S,161924,0,+40.6897594,-73.9393446,47,36,40.6897594,-73.9393446,2842.333333,11181.33333,No
942,36047080800,36,47,80800,36047080800,808,Census Tract 808,G5020,S,321837,0,+40.6573033,-73.9394864,47,36,40.6573033,-73.9394864,2842,13623.33333,No
390,36047007000,36,47,7000,36047007000,70,Census Tract 70,G5020,S,147277,0,+40.6381681,-74.0243104,47,36,40.6381681,-74.0243104,2839.666667,14426.66667,No
992,36047091800,36,47,91800,36047091800,918,Census Tract 918,G5020,S,209632,0,+40.6616527,-73.9045855,47,36,40.6616527,-73.9045855,2835,14940.33333,No
1874,36081076901,36,81,76901,36081076901,769.01,Census Tract 769.01,G5020,S,181296,0,+40.7164439,-73.8375544,81,36,40.7164439,-73.8375544,2834,17897.66667,No
1593,36081028100,36,81,28100,36081028100,281,Census Tract 281,G5020,S,174444,0,+40.7522203,-73.882592,81,36,40.7522203,-73.882592,2833.666667,13238,No
838,36047058200,36,47,58200,36047058200,582,Census Tract 582,G5020,S,161534,0,+40.5985399,-73.9592618,47,36,40.5985399,-73.9592618,2829.666667,17251.66667,No
70,36005012300,36,5,12300,36005012300,123,Census Tract 123,G5020,S,290974,0,+40.8301903,-73.8862025,5,36,40.8301903,-73.8862025,2829,15966,No
71,36005012500,36,5,12500,36005012500,125,Census Tract 125,G5020,S,168791,0,+40.8286462,-73.8935164,5,36,40.8286462,-73.8935164,2829,15787,No
638,36047035900,36,47,35900,36047035900,359,Census Tract 359,G5020,S,184121,0,+40.6704380,-73.9238445,47,36,40.670438,-73.9238445,2828.666667,14290.33333,No
26,36005005002,36,5,5002,36005005002,50.02,Census Tract 50.02,G5020,S,113901,0,+40.8273629,-73.878435,5,36,40.8273629,-73.878435,2828,16521,No
176,36005024502,36,5,24502,36005024502,245.02,Census Tract 245.02,G5020,S,100522,0,+40.8551013,-73.9135611,5,36,40.8551013,-73.9135611,2827,16062.33333,No
518,36047022800,36,47,22800,36047022800,228,Census Tract 228,G5020,S,167373,0,+40.6391243,-73.9815297,47,36,40.6391243,-73.9815297,2827,14210,No
1456,36081010300,36,81,10300,36081010300,103,Census Tract 103,G5020,S,284182,0,+40.7814851,-73.9154037,81,36,40.7814851,-73.9154037,2821,12783,No
1082,36047118800,36,47,118800,36047118800,1188,Census Tract 1188,G5020,S,174374,0,+40.6790412,-73.8659139,47,36,40.6790412,-73.8659139,2820,17732.66667,No
1341,36061023600,36,61,23600,36061023600,236,Census Tract 236,G5020,S,292239,118850,+40.8243024,-73.9355854,61,36,40.8243024,-73.9355854,2819,12945.66667,No
1067,36047116400,36,47,116400,36047116400,1164,Census Tract 1164,G5020,S,181565,0,+40.6705099,-73.8811822,47,36,40.6705099,-73.8811822,2818,15773.66667,No
136,36005021501,36,5,21501,36005021501,215.01,Census Tract 215.01,G5020,S,89700,0,+40.8494359,-73.9182368,5,36,40.8494359,-73.9182368,2815,15457.33333,No
388,36047006800,36,47,6800,36047006800,68,Census Tract 68,G5020,S,185509,0,+40.6351749,-74.0262304,47,36,40.6351749,-74.0262304,2813.666667,14691,No
804,36047054400,36,47,54400,36047054400,544,Census Tract 544,G5020,S,190004,0,+40.6132196,-73.9571904,47,36,40.6132196,-73.9571904,2813.666667,16444.33333,No
30,36005005400,36,5,5400,36005005400,54,Census Tract 54,G5020,S,199723,0,+40.8298875,-73.8797806,5,36,40.8298875,-73.8797806,2813,16522,No
445,36047014700,36,47,14700,36047014700,147,Census Tract 147,G5020,S,108084,0,+40.6598876,-73.9896397,47,36,40.6598876,-73.9896397,2812.333333,12438.66667,No
1585,36081027300,36,81,27300,36081027300,273,Census Tract 273,G5020,S,213383,0,+40.7522043,-73.8727904,81,36,40.7522043,-73.8727904,2811.666667,14327.66667,No
1853,36081071303,36,81,71303,36081071303,713.03,Census Tract 713.03,G5020,S,144571,0,+40.7258401,-73.8496444,81,36,40.7258401,-73.8496444,2810,17203.33333,No
1646,36081039900,36,81,39900,36081039900,399,Census Tract 399,G5020,S,170186,0,+40.7517996,-73.8535822,81,36,40.7517996,-73.8535822,2809.666667,15269,No
1875,36081076902,36,81,76902,36081076902,769.02,Census Tract 769.02,G5020,S,103549,0,+40.7150152,-73.8339605,81,36,40.7150152,-73.8339605,2809.666667,18164,No
1295,36061019200,36,61,19200,36061019200,192,Census Tract 192,G5020,S,196369,177063,+40.7995590,-73.9294154,61,36,40.799559,-73.9294154,2809.333333,10789,No
1826,36081065702,36,81,65702,36081065702,657.02,Census Tract 657.02,G5020,S,145097,0,+40.7133303,-73.8829484,81,36,40.7133303,-73.8829484,2808.666667,11743.33333,No
1494,36081014500,36,81,14500,36081014500,145,Census Tract 145,G5020,S,127735,0,+40.7642809,-73.9075079,81,36,40.7642809,-73.9075079,2804.666667,11038.33333,No
730,36047045400,36,47,45400,36047045400,454,Census Tract 454,G5020,S,132316,0,+40.6186826,-73.9650024,47,36,40.6186826,-73.9650024,2801.666667,15494.33333,No
1363,36061026900,36,61,26900,36061026900,269,Census Tract 269,G5020,S,175572,0,+40.8505567,-73.9309745,61,36,40.8505567,-73.9309745,2800,14641.33333,No
1589,36081027700,36,81,27700,36081027700,277,Census Tract 277,G5020,S,174892,0,+40.7526941,-73.8779449,81,36,40.7526941,-73.8779449,2799.666667,13720.66667,No
750,36047048800,36,47,48800,36047048800,488,Census Tract 488,G5020,S,143330,0,+40.6404769,-73.9762086,47,36,40.6404769,-73.9762086,2792,13423,No
929,36047078600,36,47,78600,36047078600,786,Census Tract 786,G5020,S,171074,0,+40.6344140,-73.9470626,47,36,40.634414,-73.9470626,2792,16034,No
945,36047081600,36,47,81600,36047081600,816,Census Tract 816,G5020,S,179640,0,+40.6535296,-73.9442053,47,36,40.6535296,-73.9442053,2790.333333,14015,No
1731,36081052100,36,81,52100,36081052100,521,Census Tract 521,G5020,S,190526,0,+40.7208537,-73.9015199,81,36,40.7208537,-73.9015199,2789.666667,11616.33333,No
173,36005024300,36,5,24300,36005024300,243,Census Tract 243,G5020,S,151375,0,+40.8524326,-73.9115326,5,36,40.8524326,-73.9115326,2788,16020.66667,No
1492,36081014300,36,81,14300,36081014300,143,Census Tract 143,G5020,S,136567,0,+40.7663006,-73.9115112,81,36,40.7663006,-73.9115112,2784.666667,11589.33333,No
1016,36047098200,36,47,98200,36047098200,982,Census Tract 982,G5020,S,345649,0,+40.6509988,-73.8943666,47,36,40.6509988,-73.8943666,2782,15711,No
923,36047077200,36,47,77200,36047077200,772,Census Tract 772,G5020,S,404333,0,+40.6316094,-73.953177,47,36,40.6316094,-73.953177,2781.666667,14416.33333,No
1794,36081061301,36,81,61301,36081061301,613.01,Census Tract 613.01,G5020,S,713922,0,+40.7089587,-73.893182,81,36,40.7089587,-73.893182,2779,12002.66667,No
1788,36081060300,36,81,60300,36081060300,603,Census Tract 603,G5020,S,181369,0,+40.7139219,-73.8990012,81,36,40.7139219,-73.8990012,2778.333333,10342.33333,No
184,36005025300,36,5,25300,36005025300,253,Census Tract 253,G5020,S,125572,0,+40.8610106,-73.9045321,5,36,40.8610106,-73.9045321,2777,16505.66667,No
80,36005014100,36,5,14100,36005014100,141,Census Tract 141,G5020,S,177102,0,+40.8237658,-73.9122955,5,36,40.8237658,-73.9122955,2773.333333,13128.66667,No
977,36047088400,36,47,88400,36047088400,884,Census Tract 884,G5020,S,167059,0,+40.6622281,-73.9245506,47,36,40.6622281,-73.9245506,2773.333333,14620.33333,No
405,36047009200,36,47,9200,36047009200,92,Census Tract 92,G5020,S,113217,0,+40.6453168,-73.9993384,47,36,40.6453168,-73.9993384,2770,13350.33333,No
168,36005023704,36,5,23704,36005023704,237.04,Census Tract 237.04,G5020,S,67461,0,+40.8562676,-73.9019054,5,36,40.8562676,-73.9019054,2769.333333,16844,No
1089,36047120200,36,47,120200,36047120200,1202,Census Tract 1202,G5020,S,153055,0,+40.6763414,-73.8643639,47,36,40.6763414,-73.8643639,2769,17594.66667,No
1071,36047117201,36,47,117201,36047117201,1172.01,Census Tract 1172.01,G5020,S,129147,0,+40.6808117,-73.8875149,47,36,40.6808117,-73.8875149,2768.666667,14390.66667,No
985,36047090000,36,47,90000,36047090000,900,Census Tract 900,G5020,S,246799,0,+40.6662517,-73.9198136,47,36,40.6662517,-73.9198136,2768.333333,14618.33333,No
1587,36081027500,36,81,27500,36081027500,275,Census Tract 275,G5020,S,177624,0,+40.7521537,-73.8755691,81,36,40.7521537,-73.8755691,2766.666667,13689.66667,No
622,36047034100,36,47,34100,36047034100,341,Census Tract 341,G5020,S,139771,0,+40.6735662,-73.9445868,47,36,40.6735662,-73.9445868,2766,12996.33333,No
117,36005019300,36,5,19300,36005019300,193,Census Tract 193,G5020,S,238927,0,+40.8363125,-73.929322,5,36,40.8363125,-73.929322,2765,13965.33333,No
810,36047055000,36,47,55000,36047055000,550,Census Tract 550,G5020,S,179814,0,+40.6087339,-73.9523174,47,36,40.6087339,-73.9523174,2762.666667,16361.33333,No
634,36047035500,36,47,35500,36047035500,355,Census Tract 355,G5020,S,138408,0,+40.6644050,-73.9334722,47,36,40.664405,-73.9334722,2762.333333,13826,No
182,36005025100,36,5,25100,36005025100,251,Census Tract 251,G5020,S,208059,0,+40.8565246,-73.9077291,5,36,40.8565246,-73.9077291,2762,15967.66667,No
615,36047033100,36,47,33100,36047033100,331,Census Tract 331,G5020,S,142464,0,+40.6641582,-73.9420074,47,36,40.6641582,-73.9420074,2762,13114,No
984,36047089800,36,47,89800,36047089800,898,Census Tract 898,G5020,S,154357,0,+40.6627861,-73.9137077,47,36,40.6627861,-73.9137077,2760.333333,15277.66667,No
989,36047091000,36,47,91000,36047091000,910,Census Tract 910,G5020,S,212068,0,+40.6657515,-73.9034065,47,36,40.6657515,-73.9034065,2759.333333,14844.66667,No
1560,36081024500,36,81,24500,36081024500,245,Census Tract 245,G5020,S,270869,0,+40.7394921,-73.9049172,81,36,40.7394921,-73.9049172,2758,11653.66667,No
583,36047029300,36,47,29300,36047029300,293,Census Tract 293,G5020,S,164460,0,+40.6874968,-73.9329582,47,36,40.6874968,-73.9329582,2757.666667,11348.66667,No
69,36005012102,36,5,12102,36005012102,121.02,Census Tract 121.02,G5020,S,50790,0,+40.8260142,-73.8879213,5,36,40.8260142,-73.8879213,2755.333333,15656.33333,No
77,36005013300,36,5,13300,36005013300,133,Census Tract 133,G5020,S,161159,0,+40.8228226,-73.903485,5,36,40.8228226,-73.903485,2755.333333,14796,No
752,36047049000,36,47,49000,36047049000,490,Census Tract 490,G5020,S,192757,0,+40.6381165,-73.9730214,47,36,40.6381165,-73.9730214,2754.333333,13593.66667,No
1087,36047119800,36,47,119800,36047119800,1198,Census Tract 1198,G5020,S,326888,0,+40.6763148,-73.8943856,47,36,40.6763148,-73.8943856,2753.666667,13555.66667,No
1653,36081040700,36,81,40700,36081040700,407,Census Tract 407,G5020,S,199946,0,+40.7503825,-73.8656042,81,36,40.7503825,-73.8656042,2752.666667,14238.66667,No
1353,36061024900,36,61,24900,36061024900,249,Census Tract 249,G5020,S,60630,0,+40.8391263,-73.9364494,61,36,40.8391263,-73.9364494,2752.333333,14160.33333,No
504,36047021200,36,47,21200,36047021200,212,Census Tract 212,G5020,S,190833,0,+40.6294745,-74.0058501,47,36,40.6294745,-74.0058501,2750.666667,15841.33333,No
1691,36081046900,36,81,46900,36081046900,469,Census Tract 469,G5020,S,151387,0,+40.7451965,-73.8771845,81,36,40.7451965,-73.8771845,2748,13847.33333,No
402,36047008600,36,47,8600,36047008600,86,Census Tract 86,G5020,S,113543,0,+40.6479769,-74.0037438,47,36,40.6479769,-74.0037438,2747.666667,13125,No
963,36047085600,36,47,85600,36047085600,856,Census Tract 856,G5020,S,158646,0,+40.6486244,-73.9448276,47,36,40.6486244,-73.9448276,2747,13966.33333,No
1361,36061026500,36,61,26500,36061026500,265,Census Tract 265,G5020,S,190303,0,+40.8496184,-73.9400607,61,36,40.8496184,-73.9400607,2746.666667,15128.33333,No
1865,36081073700,36,81,73700,36081073700,737,Census Tract 737,G5020,S,210797,0,+40.7184419,-73.843242,81,36,40.7184419,-73.843242,2744.666667,16936,No
538,36047025000,36,47,25000,36047025000,250,Census Tract 250,G5020,S,173506,0,+40.6236257,-73.9958382,47,36,40.6236257,-73.9958382,2737.666667,16716.33333,No
1543,36081020500,36,81,20500,36081020500,205,Census Tract 205,G5020,S,593966,0,+40.7303785,-73.9218624,81,36,40.7303785,-73.9218624,2735.666667,9744.333333,No
920,36047076600,36,47,76600,36047076600,766,Census Tract 766,G5020,S,82578,0,+40.6331871,-73.956842,47,36,40.6331871,-73.956842,2732.666667,14347.33333,No
913,36047075200,36,47,75200,36047075200,752,Census Tract 752,G5020,S,173194,0,+40.6261531,-73.9525462,47,36,40.6261531,-73.9525462,2731.666667,14795.66667,No
164,36005023502,36,5,23502,36005023502,235.02,Census Tract 235.02,G5020,S,95296,0,+40.8513349,-73.9034407,5,36,40.8513349,-73.9034407,2730.666667,16621.66667,No
1787,36081060100,36,81,60100,36081060100,601,Census Tract 601,G5020,S,154428,0,+40.7152135,-73.9024125,81,36,40.7152135,-73.9024125,2729.666667,9283,No
156,36005022901,36,5,22901,36005022901,229.01,Census Tract 229.01,G5020,S,119599,0,+40.8461072,-73.9071728,5,36,40.8461072,-73.9071728,2727.666667,16085,No
593,36047030300,36,47,30300,36047030300,303,Census Tract 303,G5020,S,253586,0,+40.6751160,-73.9179374,47,36,40.675116,-73.9179374,2727,13844,No
743,36047047800,36,47,47800,36047047800,478,Census Tract 478,G5020,S,221220,0,+40.6333984,-73.9788744,47,36,40.6333984,-73.9788744,2725,14042,No
1265,36061016200,36,61,16200,36061016200,162,Census Tract 162,G5020,S,300905,811561,+40.7887495,-73.9391484,61,36,40.7887495,-73.9391484,2724.333333,9746.666667,No
1689,36081046700,36,81,46700,36081046700,467,Census Tract 467,G5020,S,142016,0,+40.7454577,-73.8745828,81,36,40.7454577,-73.8745828,2724.333333,13261,No
1352,36061024700,36,61,24700,36061024700,247,Census Tract 247,G5020,S,257039,400307,+40.8393482,-73.9478879,61,36,40.8393482,-73.9478879,2723,12890.33333,No
75,36005013100,36,5,13100,36005013100,131,Census Tract 131,G5020,S,232208,0,+40.8259540,-73.8978818,5,36,40.825954,-73.8978818,2722,14556.33333,No
134,36005021301,36,5,21301,36005021301,213.01,Census Tract 213.01,G5020,S,67076,0,+40.8455082,-73.9197793,5,36,40.8455082,-73.9197793,2720,14980.66667,No
840,36047058600,36,47,58600,36047058600,586,Census Tract 586,G5020,S,163445,0,+40.5945637,-73.9546137,47,36,40.5945637,-73.9546137,2716.666667,17498.33333,No
1055,36047113200,36,47,113200,36047113200,1132,Census Tract 1132,G5020,S,198135,0,+40.6612558,-73.8988897,47,36,40.6612558,-73.8988897,2714,15295,No
4,36005001900,36,5,1900,36005001900,19,Census Tract 19,G5020,S,1643654,1139660,+40.8009990,-73.9093729,5,36,40.800999,-73.9093729,2709,12717,No
1095,36047150200,36,47,150200,36047150200,1502,Census Tract 1502,G5020,S,317241,0,+40.6546671,-73.981321,47,36,40.6546671,-73.981321,2709,11447,No
1858,36081071701,36,81,71701,36081071701,717.01,Census Tract 717.01,G5020,S,203092,0,+40.7312287,-73.8599467,81,36,40.7312287,-73.8599467,2706.333333,15443,No
110,36005018101,36,5,18101,36005018101,181.01,Census Tract 181.01,G5020,S,77226,0,+40.8316074,-73.9161112,5,36,40.8316074,-73.9161112,2705.666667,14684,No
412,36047010400,36,47,10400,36047010400,104,Census Tract 104,G5020,S,152312,0,+40.6366240,-74.0083814,47,36,40.636624,-74.0083814,2704.666667,15188.33333,No
352,36047002200,36,47,2200,36047002200,22,Census Tract 22,G5020,S,336038,0,+40.6434736,-74.0217116,47,36,40.6434736,-74.0217116,2703.666667,14040,No
660,36047038300,36,47,38300,36047038300,383,Census Tract 383,G5020,S,174539,0,+40.6845246,-73.9262056,47,36,40.6845246,-73.9262056,2703.333333,12027.66667,No
1687,36081046500,36,81,46500,36081046500,465,Census Tract 465,G5020,S,129756,0,+40.7469665,-73.8702981,81,36,40.7469665,-73.8702981,2702.333333,13805,No
1065,36047116000,36,47,116000,36047116000,1160,Census Tract 1160,G5020,S,151414,0,+40.6694195,-73.8885305,47,36,40.6694195,-73.8885305,2701,14946.66667,No
506,36047021400,36,47,21400,36047021400,214,Census Tract 214,G5020,S,167965,0,+40.6316104,-74.0031816,47,36,40.6316104,-74.0031816,2700.666667,15771.33333,No
1650,36081040300,36,81,40300,36081040300,403,Census Tract 403,G5020,S,199944,0,+40.7506523,-73.8604325,81,36,40.7506523,-73.8604325,2700.333333,14201,No
73,36005012901,36,5,12901,36005012901,129.01,Census Tract 129.01,G5020,S,156382,0,+40.8226294,-73.898734,5,36,40.8226294,-73.898734,2698.333333,14673,No
803,36047054300,36,47,54300,36047054300,543,Census Tract 543,G5020,S,1051763,353823,+40.7000615,-73.9714263,47,36,40.7000615,-73.9714263,2696.333333,7548.666667,No
1648,36081040100,36,81,40100,36081040100,401,Census Tract 401,G5020,S,211990,0,+40.7514683,-73.8570959,81,36,40.7514683,-73.8570959,2696.333333,14798.66667,No
1597,36081028500,36,81,28500,36081028500,285,Census Tract 285,G5020,S,157458,0,+40.7514812,-73.8871141,81,36,40.7514812,-73.8871141,2692.666667,12360.66667,No
1605,36081029700,36,81,29700,36081029700,297,Census Tract 297,G5020,S,523119,0,+40.7586594,-73.9029725,81,36,40.7586594,-73.9029725,2690.333333,11518.33333,No
760,36047049800,36,47,49800,36047049800,498,Census Tract 498,G5020,S,204347,0,+40.6454295,-73.9826813,47,36,40.6454295,-73.9826813,2690,13220,No
766,36047050400,36,47,50400,36047050400,504,Census Tract 504,G5020,S,232493,0,+40.6487119,-73.9735497,47,36,40.6487119,-73.9735497,2689.666667,12362,No
409,36047010000,36,47,10000,36047010000,100,Census Tract 100,G5020,S,150970,0,+40.6415355,-74.0104457,47,36,40.6415355,-74.0104457,2686.666667,13897,No
1043,36047109800,36,47,109800,36047109800,1098,Census Tract 1098,G5020,S,855050,0,+40.6526645,-73.9016511,47,36,40.6526645,-73.9016511,2686,15605,No
948,36047082200,36,47,82200,36047082200,822,Census Tract 822,G5020,S,169861,0,+40.6532888,-73.9544282,47,36,40.6532888,-73.9544282,2683.666667,13635,No
137,36005021502,36,5,21502,36005021502,215.02,Census Tract 215.02,G5020,S,155525,0,+40.8480615,-73.9166862,5,36,40.8480615,-73.9166862,2683,15301.33333,No
1063,36047115600,36,47,115600,36047115600,1156,Census Tract 1156,G5020,S,159862,0,+40.6683267,-73.8958947,47,36,40.6683267,-73.8958947,2681.333333,14401.66667,No
981,36047089200,36,47,89200,36047089200,892,Census Tract 892,G5020,S,179594,0,+40.6632809,-73.9219219,47,36,40.6632809,-73.9219219,2678.333333,14482.33333,No
932,36047079200,36,47,79200,36047079200,792,Census Tract 792,G5020,S,216691,0,+40.6447642,-73.9549107,47,36,40.6447642,-73.9549107,2677,13477.66667,No
1360,36061026300,36,61,26300,36061026300,263,Census Tract 263,G5020,S,157210,0,+40.8468227,-73.9374753,61,36,40.8468227,-73.9374753,2676.333333,15075.66667,No
1441,36081008300,36,81,8300,36081008300,83,Census Tract 83,G5020,S,191189,0,+40.7726204,-73.9286934,81,36,40.7726204,-73.9286934,2675,12078,No
1057,36047114201,36,47,114201,36047114201,1142.01,Census Tract 1142.01,G5020,S,296793,0,+40.6804227,-73.8973066,47,36,40.6804227,-73.8973066,2672,13333,No
407,36047009600,36,47,9600,36047009600,96,Census Tract 96,G5020,S,150752,0,+40.6460153,-74.0057847,47,36,40.6460153,-74.0057847,2671.666667,13033,No
988,36047090800,36,47,90800,36047090800,908,Census Tract 908,G5020,S,296443,0,+40.6713225,-73.9047719,47,36,40.6713225,-73.9047719,2670.333333,14402.33333,No
624,36047034300,36,47,34300,36047034300,343,Census Tract 343,G5020,S,162149,0,+40.6735030,-73.9388377,47,36,40.673503,-73.9388377,2666.666667,13088,No
57,36005008900,36,5,8900,36005008900,89,Census Tract 89,G5020,S,109554,0,+40.8185638,-73.893918,5,36,40.8185638,-73.893918,2665.666667,14750.66667,No
1703,36081048300,36,81,48300,36081048300,483,Census Tract 483,G5020,S,225397,0,+40.7417067,-73.8927449,81,36,40.7417067,-73.8927449,2662.666667,12905.66667,No
401,36047008500,36,47,8500,36047008500,85,Census Tract 85,G5020,S,243452,0,+40.6758571,-74.0064742,47,36,40.6758571,-74.0064742,2662,9204,No
933,36047079400,36,47,79400,36047079400,794,Census Tract 794,G5020,S,222181,0,+40.6486053,-73.955286,47,36,40.6486053,-73.955286,2656.333333,13608.33333,No
731,36047045600,36,47,45600,36047045600,456,Census Tract 456,G5020,S,153654,0,+40.6261630,-73.9666205,47,36,40.626163,-73.9666205,2653.666667,14700.33333,No
380,36047005900,36,47,5900,36047005900,59,Census Tract 59,G5020,S,357347,0,+40.6794000,-74.0060998,47,36,40.6794,-74.0060998,2651,9249,No
163,36005023501,36,5,23501,36005023501,235.01,Census Tract 235.01,G5020,S,66585,0,+40.8521923,-73.9045361,5,36,40.8521923,-73.9045361,2650,15821.66667,No
1070,36047117000,36,47,117000,36047117000,1170,Census Tract 1170,G5020,S,153814,0,+40.6776000,-73.886181,47,36,40.6776,-73.886181,2649.666667,14315.66667,No
340,36047000200,36,47,200,36047000200,2,Census Tract 2,G5020,S,291115,0,+40.6532132,-74.0109709,47,36,40.6532132,-74.0109709,2648.666667,12618.66667,No
1329,36061022500,36,61,22500,36061022500,225,Census Tract 225,G5020,S,258335,136149,+40.8251911,-73.9572269,61,36,40.8251911,-73.9572269,2646,11364,No
1326,36061022301,36,61,22301,36061022301,223.01,Census Tract 223.01,G5020,S,190964,131218,+40.8220415,-73.9579264,61,36,40.8220415,-73.9579264,2645,11315,No
154,36005022703,36,5,22703,36005022703,227.03,Census Tract 227.03,G5020,S,41502,0,+40.8440198,-73.9104999,5,36,40.8440198,-73.9104999,2644.333333,15563.33333,No
1013,36047096800,36,47,96800,36047096800,968,Census Tract 968,G5020,S,149019,0,+40.6441418,-73.9038769,47,36,40.6441418,-73.9038769,2643,15909,No
1844,36081069300,36,81,69300,36081069300,693,Census Tract 693,G5020,S,133881,0,+40.7288260,-73.8632814,81,36,40.728826,-73.8632814,2639.333333,16799.33333,No
514,36047022200,36,47,22200,36047022200,222,Census Tract 222,G5020,S,176184,0,+40.6382394,-73.9929635,47,36,40.6382394,-73.9929635,2639,13913,No
749,36047048600,36,47,48600,36047048600,486,Census Tract 486,G5020,S,175438,0,+40.6389191,-73.9784252,47,36,40.6389191,-73.9784252,2639,13981,No
1061,36047115000,36,47,115000,36047115000,1150,Census Tract 1150,G5020,S,158244,0,+40.6739223,-73.8865225,47,36,40.6739223,-73.8865225,2639,14882.66667,No
1540,36081019900,36,81,19900,36081019900,199,Census Tract 199,G5020,S,1541842,119968,+40.7331515,-73.9304432,81,36,40.7331515,-73.9304432,2637.333333,8833,No
1696,36081047500,36,81,47500,36081047500,475,Census Tract 475,G5020,S,312398,0,+40.7336958,-73.8754732,81,36,40.7336958,-73.8754732,2634.333333,14059,No
34,36005006100,36,5,6100,36005006100,61,Census Tract 61,G5020,S,242363,0,+40.8222516,-73.9226669,5,36,40.8222516,-73.9226669,2634,12216.33333,No
746,36047048200,36,47,48200,36047048200,482,Census Tract 482,G5020,S,195749,0,+40.6332232,-73.9695207,47,36,40.6332232,-73.9695207,2633.666667,13672.33333,No
756,36047049400,36,47,49400,36047049400,494,Census Tract 494,G5020,S,183077,0,+40.6429642,-73.9738207,47,36,40.6429642,-73.9738207,2633.333333,12995,No
422,36047012000,36,47,12000,36047012000,120,Census Tract 120,G5020,S,192970,0,+40.6327787,-74.0117219,47,36,40.6327787,-74.0117219,2629.666667,15102.33333,No
1636,36081037500,36,81,37500,36081037500,375,Census Tract 375,G5020,S,155191,0,+40.7513539,-73.8700124,81,36,40.7513539,-73.8700124,2626.333333,13737.33333,No
1693,36081047100,36,81,47100,36081047100,471,Census Tract 471,G5020,S,158097,0,+40.7409850,-73.876564,81,36,40.740985,-73.876564,2626.333333,13423,No
837,36047058000,36,47,58000,36047058000,580,Census Tract 580,G5020,S,158641,0,+40.5990068,-73.9554539,47,36,40.5990068,-73.9554539,2623.666667,16997.66667,No
1495,36081014700,36,81,14700,36081014700,147,Census Tract 147,G5020,S,147950,0,+40.7629976,-73.9107521,81,36,40.7629976,-73.9107521,2622.666667,11357.66667,No
151,36005022500,36,5,22500,36005022500,225,Census Tract 225,G5020,S,179326,0,+40.8401234,-73.9109711,5,36,40.8401234,-73.9109711,2622.333333,14836.33333,No
1344,36061023802,36,61,23802,36061023802,238.02,Census Tract 238.02,G5020,S,267520,283421,+40.7696137,-73.9416606,61,36,40.7696137,-73.9416606,2622,7745.333333,No
1780,36081059300,36,81,59300,36081059300,593,Census Tract 593,G5020,S,252144,0,+40.7102080,-73.9026508,81,36,40.710208,-73.9026508,2621.333333,10306.33333,No
1764,36081056500,36,81,56500,36081056500,565,Census Tract 565,G5020,S,117485,0,+40.6942679,-73.8968817,81,36,40.6942679,-73.8968817,2621,11235.66667,No
836,36047057900,36,47,57900,36047057900,579,Census Tract 579,G5020,S,674383,105807,+40.7346532,-73.9489587,47,36,40.7346532,-73.9489587,2619.333333,7979.666667,No
758,36047049600,36,47,49600,36047049600,496,Census Tract 496,G5020,S,202972,0,+40.6436870,-73.9804383,47,36,40.643687,-73.9804383,2619,13140,No
1059,36047114400,36,47,114400,36047114400,1144,Census Tract 1144,G5020,S,429740,0,+40.6728086,-73.8985501,47,36,40.6728086,-73.8985501,2618.333333,13152,No
1073,36047117400,36,47,117400,36047117400,1174,Census Tract 1174,G5020,S,212859,0,+40.6828584,-73.8797862,47,36,40.6828584,-73.8797862,2615.666667,14626,No
626,36047034700,36,47,34700,36047034700,347,Census Tract 347,G5020,S,139778,0,+40.6726583,-73.9279722,47,36,40.6726583,-73.9279722,2614.666667,13600.66667,No
1305,36061020101,36,61,20101,36061020101,201.01,Census Tract 201.01,G5020,S,55127,0,+40.8064355,-73.9602048,61,36,40.8064355,-73.9602048,2612.666667,10426.33333,No
1583,36081027100,36,81,27100,36081027100,271,Census Tract 271,G5020,S,138855,0,+40.7452120,-73.8794868,81,36,40.745212,-73.8794868,2612.333333,13412,No
49,36005007700,36,5,7700,36005007700,77,Census Tract 77,G5020,S,112826,0,+40.8197339,-73.9044231,5,36,40.8197339,-73.9044231,2609.666667,14282,No
1086,36047119600,36,47,119600,36047119600,1196,Census Tract 1196,G5020,S,306528,0,+40.6758980,-73.8731663,47,36,40.675898,-73.8731663,2607.666667,16936.66667,No
1327,36061022302,36,61,22302,36061022302,223.02,Census Tract 223.02,G5020,S,61601,95143,+40.8209453,-73.9592794,61,36,40.8209453,-73.9592794,2607,10736,No
411,36047010200,36,47,10200,36047010200,102,Census Tract 102,G5020,S,152450,0,+40.6392844,-74.0127872,47,36,40.6392844,-74.0127872,2606.666667,14042,No
1514,36081016900,36,81,16900,36081016900,169,Census Tract 169,G5020,S,229707,0,+40.7482633,-73.9143492,81,36,40.7482633,-73.9143492,2606.333333,10110,No
135,36005021302,36,5,21302,36005021302,213.02,Census Tract 213.02,G5020,S,165079,0,+40.8429767,-73.9203643,5,36,40.8429767,-73.9203643,2606,14459.33333,No
1349,36061024301,36,61,24301,36061024301,243.01,Census Tract 243.01,G5020,S,105150,0,+40.8360035,-73.9387688,61,36,40.8360035,-73.9387688,2605.333333,13290.66667,No
1701,36081048100,36,81,48100,36081048100,481,Census Tract 481,G5020,S,139120,0,+40.7422200,-73.8850521,81,36,40.74222,-73.8850521,2603.666667,13878.66667,No
104,36005017300,36,5,17300,36005017300,173,Census Tract 173,G5020,S,165274,0,+40.8262960,-73.9165227,5,36,40.826296,-73.9165227,2602,13132.33333,No
1409,36081003700,36,81,3700,36081003700,37,Census Tract 37,G5020,S,426038,36652,+40.7633048,-73.9432058,81,36,40.7633048,-73.9432058,2600.666667,9307.666667,No
645,36047036501,36,47,36501,36047036501,365.01,Census Tract 365.01,G5020,S,126353,0,+40.6750312,-73.9115137,47,36,40.6750312,-73.9115137,2600.333333,13452,No
1068,36047116600,36,47,116600,36047116600,1166,Census Tract 1166,G5020,S,159392,0,+40.6745627,-73.8822052,47,36,40.6745627,-73.8822052,2599,15472.66667,No
1450,36081009700,36,81,9700,36081009700,97,Census Tract 97,G5020,S,201806,0,+40.7764819,-73.9186027,81,36,40.7764819,-73.9186027,2598,12507,No
424,36047012200,36,47,12200,36047012200,122,Census Tract 122,G5020,S,191347,0,+40.6380784,-74.0176257,47,36,40.6380784,-74.0176257,2596.666667,13986,No
781,36047051601,36,47,51601,36047051601,516.01,Census Tract 516.01,G5020,S,116043,0,+40.6386247,-73.9567096,47,36,40.6386247,-73.9567096,2595.666667,13607.33333,No
1866,36081073900,36,81,73900,36081073900,739,Census Tract 739,G5020,S,225286,0,+40.7236917,-73.8442823,81,36,40.7236917,-73.8442823,2595.333333,16338.33333,No
1773,36081058300,36,81,58300,36081058300,583,Census Tract 583,G5020,S,143113,0,+40.7019380,-73.8976203,81,36,40.701938,-73.8976203,2595,11452.33333,No
754,36047049200,36,47,49200,36047049200,492,Census Tract 492,G5020,S,165331,0,+40.6409070,-73.9702046,47,36,40.640907,-73.9702046,2594.666667,13002.66667,No
1705,36081048500,36,81,48500,36081048500,485,Census Tract 485,G5020,S,341238,0,+40.7396936,-73.8846134,81,36,40.7396936,-73.8846134,2593.333333,13343,No
161,36005023301,36,5,23301,36005023301,233.01,Census Tract 233.01,G5020,S,120232,0,+40.8495538,-73.908715,5,36,40.8495538,-73.908715,2593,15198.33333,No
372,36047005100,36,47,5100,36047005100,51,Census Tract 51,G5020,S,181507,0,+40.6834631,-74.0034666,47,36,40.6834631,-74.0034666,2592,8493,No
1595,36081028300,36,81,28300,36081028300,283,Census Tract 283,G5020,S,177715,0,+40.7511737,-73.8848654,81,36,40.7511737,-73.8848654,2589.333333,12615,No
1439,36081007900,36,81,7900,36081007900,79,Census Tract 79,G5020,S,160511,0,+40.7691001,-73.9299452,81,36,40.7691001,-73.9299452,2589,11499,No
1338,36061023400,36,61,23400,36061023400,234,Census Tract 234,G5020,S,108499,0,+40.8237337,-73.9386672,61,36,40.8237337,-73.9386672,2586,12434.66667,No
1841,36081068300,36,81,68300,36081068300,683,Census Tract 683,G5020,S,245743,0,+40.7349475,-73.8688355,81,36,40.7349475,-73.8688355,2584.333333,14664,No
782,36047051602,36,47,51602,36047051602,516.02,Census Tract 516.02,G5020,S,91014,0,+40.6416145,-73.9581438,47,36,40.6416145,-73.9581438,2581.666667,13064.66667,No
656,36047037700,36,47,37700,36047037700,377,Census Tract 377,G5020,S,190209,0,+40.6840883,-73.9201876,47,36,40.6840883,-73.9201876,2581,11863.33333,No
67,36005011900,36,5,11900,36005011900,119,Census Tract 119,G5020,S,165662,0,+40.8232905,-73.8895984,5,36,40.8232905,-73.8895984,2580,15192.66667,No
1100,36061000500,36,61,500,36061000500,5,Census Tract 5,G5020,S,821563,3296589,+40.6903066,-74.017891,61,36,40.6903066,-74.017891,2580,6527.333333,No
15,36005003700,36,5,3700,36005003700,37,Census Tract 37,G5020,S,167634,0,+40.8114424,-73.912187,5,36,40.8114424,-73.912187,2575.666667,13155.33333,No
467,36047017100,36,47,17100,36047017100,171,Census Tract 171,G5020,S,208251,0,+40.6569654,-73.9768592,47,36,40.6569654,-73.9768592,2571,11205,No
947,36047082000,36,47,82000,36047082000,820,Census Tract 820,G5020,S,148600,0,+40.6534530,-73.9513097,47,36,40.653453,-73.9513097,2571,13341.66667,No
72,36005012701,36,5,12701,36005012701,127.01,Census Tract 127.01,G5020,S,107703,0,+40.8256393,-73.8923237,5,36,40.8256393,-73.8923237,2570.666667,14967,No
1454,36081010100,36,81,10100,36081010100,101,Census Tract 101,G5020,S,172758,0,+40.7784032,-73.9162557,81,36,40.7784032,-73.9162557,2570,12484,No
1015,36047097400,36,47,97400,36047097400,974,Census Tract 974,G5020,S,252350,0,+40.6469841,-73.8997658,47,36,40.6469841,-73.8997658,2568,15837,No
946,36047081800,36,47,81800,36047081800,818,Census Tract 818,G5020,S,157918,0,+40.6530923,-73.9479752,47,36,40.6530923,-73.9479752,2567.333333,13704.66667,No
170,36005023900,36,5,23900,36005023900,239,Census Tract 239,G5020,S,177025,0,+40.8588899,-73.9028771,5,36,40.8588899,-73.9028771,2566,16257.33333,No
597,36047030700,36,47,30700,36047030700,307,Census Tract 307,G5020,S,265636,0,+40.6755740,-73.9262028,47,36,40.675574,-73.9262028,2564,12879.66667,No
1056,36047113400,36,47,113400,36047113400,1134,Census Tract 1134,G5020,S,153420,0,+40.6677793,-73.8996082,47,36,40.6677793,-73.8996082,2559,14156.66667,No
591,36047030100,36,47,30100,36047030100,301,Census Tract 301,G5020,S,194432,0,+40.6776216,-73.9162281,47,36,40.6776216,-73.9162281,2556,14179.66667,No
675,36047039900,36,47,39900,36047039900,399,Census Tract 399,G5020,S,151236,0,+40.6902356,-73.917553,47,36,40.6902356,-73.917553,2553.666667,10750.66667,No
56,36005008700,36,5,8700,36005008700,87,Census Tract 87,G5020,S,213574,0,+40.8196720,-73.8972847,5,36,40.819672,-73.8972847,2546.333333,14469,No
1281,36061017800,36,61,17800,36061017800,178,Census Tract 178,G5020,S,259761,211966,+40.7940929,-73.9327979,61,36,40.7940929,-73.9327979,2542.333333,9676.666667,No
1417,36081004500,36,81,4500,36081004500,45,Census Tract 45,G5020,S,220373,0,+40.7645328,-73.9337656,81,36,40.7645328,-73.9337656,2539.333333,10341,No
1771,36081058100,36,81,58100,36081058100,581,Census Tract 581,G5020,S,142387,0,+40.7039574,-73.8938082,81,36,40.7039574,-73.8938082,2538.666667,11704.66667,No
762,36047050000,36,47,50000,36047050000,500,Census Tract 500,G5020,S,198510,0,+40.6482579,-73.9774537,47,36,40.6482579,-73.9774537,2536,12237,No
764,36047050202,36,47,50202,36047050202,502.02,Census Tract 502.02,G5020,S,138655,0,+40.6534936,-73.9753253,47,36,40.6534936,-73.9753253,2536,13723.66667,No
403,36047008800,36,47,8800,36047008800,88,Census Tract 88,G5020,S,189369,0,+40.6502102,-74.0014031,47,36,40.6502102,-74.0014031,2534.666667,12379.33333,No
108,36005017901,36,5,17901,36005017901,179.01,Census Tract 179.01,G5020,S,76720,0,+40.8348350,-73.9151866,5,36,40.834835,-73.9151866,2533.666667,14160.33333,No
1775,36081058700,36,81,58700,36081058700,587,Census Tract 587,G5020,S,144531,0,+40.7071439,-73.9002784,81,36,40.7071439,-73.9002784,2533.666667,11206.66667,No
397,36047007800,36,47,7800,36047007800,78,Census Tract 78,G5020,S,138114,0,+40.6463204,-74.012337,47,36,40.6463204,-74.012337,2532.666667,13645.33333,No
1411,36081003900,36,81,3900,36081003900,39,Census Tract 39,G5020,S,146970,0,+40.7627994,-73.9409316,81,36,40.7627994,-73.9409316,2532.333333,9389.333333,No
132,36005021100,36,5,21100,36005021100,211,Census Tract 211,G5020,S,152054,0,+40.8404508,-73.9234996,5,36,40.8404508,-73.9234996,2532,14327.66667,No
637,36047035700,36,47,35700,36047035700,357,Census Tract 357,G5020,S,181542,0,+40.6680351,-73.9268254,47,36,40.6680351,-73.9268254,2531.333333,13606.33333,No
111,36005018102,36,5,18102,36005018102,181.02,Census Tract 181.02,G5020,S,96381,0,+40.8322651,-73.9181383,5,36,40.8322651,-73.9181383,2530.666667,14139.33333,No
651,36047037100,36,47,37100,36047037100,371,Census Tract 371,G5020,S,189347,0,+40.6802873,-73.9138395,47,36,40.6802873,-73.9138395,2528.666667,13143.66667,No
1303,36061019900,36,61,19900,36061019900,199,Census Tract 199,G5020,S,226878,192056,+40.8065718,-73.9687947,61,36,40.8065718,-73.9687947,2528,9674,No
512,36047022000,36,47,22000,36047022000,220,Census Tract 220,G5020,S,194279,0,+40.6361633,-73.9955594,47,36,40.6361633,-73.9955594,2525,13579.33333,No
93,36005015900,36,5,15900,36005015900,159,Census Tract 159,G5020,S,103416,0,+40.8223699,-73.8935569,5,36,40.8223699,-73.8935569,2524.666667,14909,No
1738,36081053100,36,81,53100,36081053100,531,Census Tract 531,G5020,S,423969,0,+40.7230807,-73.9083242,81,36,40.7230807,-73.9083242,2523.333333,9010.333333,No
797,36047053400,36,47,53400,36047053400,534,Census Tract 534,G5020,S,173380,0,+40.6225826,-73.9628302,47,36,40.6225826,-73.9628302,2522.666667,14553.33333,No
54,36005008500,36,5,8500,36005008500,85,Census Tract 85,G5020,S,181658,0,+40.8162762,-73.8990831,5,36,40.8162762,-73.8990831,2522,14416.66667,No
1333,36061022900,36,61,22900,36061022900,229,Census Tract 229,G5020,S,216191,131446,+40.8270566,-73.9542898,61,36,40.8270566,-73.9542898,2522,11752,No
601,36047031300,36,47,31300,36047031300,313,Census Tract 313,G5020,S,173959,0,+40.6765685,-73.9443073,47,36,40.6765685,-73.9443073,2521,11995.66667,No
692,36047041500,36,47,41500,36047041500,415,Census Tract 415,G5020,S,162692,0,+40.6919502,-73.9143896,47,36,40.6919502,-73.9143896,2519,10783,No
921,36047076800,36,47,76800,36047076800,768,Census Tract 768,G5020,S,303358,0,+40.6188042,-73.9608017,47,36,40.6188042,-73.9608017,2518.666667,15166.33333,No
109,36005017902,36,5,17902,36005017902,179.02,Census Tract 179.02,G5020,S,77540,0,+40.8370141,-73.9134989,5,36,40.8370141,-73.9134989,2517,14341.33333,No
116,36005018900,36,5,18900,36005018900,189,Census Tract 189,G5020,S,349820,0,+40.8317422,-73.9301593,5,36,40.8317422,-73.9301593,2516,12933.33333,No
1310,36061020701,36,61,20701,36061020701,207.01,Census Tract 207.01,G5020,S,47273,0,+40.8089775,-73.95846,61,36,40.8089775,-73.95846,2515.666667,11074.66667,No
585,36047029500,36,47,29500,36047029500,295,Census Tract 295,G5020,S,164586,0,+40.6845660,-73.9323759,47,36,40.684566,-73.9323759,2513,12811.66667,No
793,36047053000,36,47,53000,36047053000,530,Census Tract 530,G5020,S,173246,0,+40.6273634,-73.9637344,47,36,40.6273634,-73.9637344,2512.666667,14551.33333,No
646,36047036502,36,47,36502,36047036502,365.02,Census Tract 365.02,G5020,S,120493,0,+40.6747083,-73.9075706,47,36,40.6747083,-73.9075706,2510.333333,12930.33333,No
789,36047052600,36,47,52600,36047052600,526,Census Tract 526,G5020,S,169330,0,+40.6364701,-73.9666777,47,36,40.6364701,-73.9666777,2508.666667,13522.33333,No
416,36047011200,36,47,11200,36047011200,112,Census Tract 112,G5020,S,171313,0,+40.6422528,-73.9956749,47,36,40.6422528,-73.9956749,2508,13183.66667,No
41,36005006900,36,5,6900,36005006900,69,Census Tract 69,G5020,S,187977,0,+40.8218666,-73.9157567,5,36,40.8218666,-73.9157567,2506,12753.33333,No
1308,36061020500,36,61,20500,36061020500,205,Census Tract 205,G5020,S,280834,374540,+40.8110985,-73.9671098,61,36,40.8110985,-73.9671098,2504,9542,No
152,36005022701,36,5,22701,36005022701,227.01,Census Tract 227.01,G5020,S,117009,0,+40.8468094,-73.9110498,5,36,40.8468094,-73.9110498,2501,15097.33333,No
581,36047029100,36,47,29100,36047029100,291,Census Tract 291,G5020,S,164644,0,+40.6904272,-73.933541,47,36,40.6904272,-73.933541,2500,9772.666667,No
950,36047082600,36,47,82600,36047082600,826,Census Tract 826,G5020,S,199091,0,+40.6450647,-73.9489732,47,36,40.6450647,-73.9489732,2499.666667,14510,No
625,36047034500,36,47,34500,36047034500,345,Census Tract 345,G5020,S,163599,0,+40.6732279,-73.9336927,47,36,40.6732279,-73.9336927,2498.333333,13463,No
616,36047033300,36,47,33300,36047033300,333,Census Tract 333,G5020,S,186338,0,+40.6658373,-73.9425263,47,36,40.6658373,-73.9425263,2498,12701,No
404,36047009000,36,47,9000,36047009000,90,Census Tract 90,G5020,S,148494,0,+40.6472568,-73.9972994,47,36,40.6472568,-73.9972994,2497,12569.66667,No
1314,36061021100,36,61,21100,36061021100,211,Census Tract 211,G5020,S,348027,307945,+40.8159829,-73.9631123,61,36,40.8159829,-73.9631123,2496,10572,No
1654,36081040900,36,81,40900,36081040900,409,Census Tract 409,G5020,S,152931,0,+40.7496700,-73.8675917,81,36,40.74967,-73.8675917,2495.333333,13617.33333,No
1463,36081011100,36,81,11100,36081011100,111,Census Tract 111,G5020,S,150737,0,+40.7787953,-73.9073131,81,36,40.7787953,-73.9073131,2494,12326,No
172,36005024100,36,5,24100,36005024100,241,Census Tract 241,G5020,S,134516,0,+40.8531499,-73.9061851,5,36,40.8531499,-73.9061851,2493,15627,No
1351,36061024500,36,61,24500,36061024500,245,Census Tract 245,G5020,S,212455,0,+40.8366323,-73.9420916,61,36,40.8366323,-73.9420916,2493,13383,No
683,36047040700,36,47,40700,36047040700,407,Census Tract 407,G5020,S,504652,0,+40.6843029,-73.9012184,47,36,40.6843029,-73.9012184,2489,12523,No
447,36047014900,36,47,14900,36047014900,149,Census Tract 149,G5020,S,247180,0,+40.6624407,-73.9851561,47,36,40.6624407,-73.9851561,2487,11721.66667,No
14,36005003500,36,5,3500,36005003500,35,Census Tract 35,G5020,S,142005,0,+40.8109651,-73.9086696,5,36,40.8109651,-73.9086696,2486,13266.66667,No
1581,36081026902,36,81,26902,36081026902,269.02,Census Tract 269.02,G5020,S,78090,0,+40.7446169,-73.882944,81,36,40.7446169,-73.882944,2484.666667,13785.66667,No
415,36047011000,36,47,11000,36047011000,110,Census Tract 110,G5020,S,158059,0,+40.6445789,-73.9927738,47,36,40.6445789,-73.9927738,2482,12542.66667,No
1757,36081055700,36,81,55700,36081055700,557,Census Tract 557,G5020,S,238728,0,+40.6986896,-73.8983147,81,36,40.6986896,-73.8983147,2482,11319.66667,No
814,36047055400,36,47,55400,36047055400,554,Census Tract 554,G5020,S,169301,0,+40.6078701,-73.9600716,47,36,40.6078701,-73.9600716,2481.666667,16125,No
800,36047053800,36,47,53800,36047053800,538,Census Tract 538,G5020,S,164451,0,+40.6181982,-73.956835,47,36,40.6181982,-73.956835,2480.666667,15130.33333,No
919,36047076400,36,47,76400,36047076400,764,Census Tract 764,G5020,S,161588,0,+40.6319262,-73.9586448,47,36,40.6319262,-73.9586448,2479.666667,14065.33333,No
51,36005007900,36,5,7900,36005007900,79,Census Tract 79,G5020,S,197930,0,+40.8157920,-73.9048714,5,36,40.815792,-73.9048714,2479,13344.33333,No
1062,36047115200,36,47,115200,36047115200,1152,Census Tract 1152,G5020,S,166136,0,+40.6732693,-73.8909301,47,36,40.6732693,-73.8909301,2479,15307.66667,No
1060,36047114600,36,47,114600,36047114600,1146,Census Tract 1146,G5020,S,160101,0,+40.6792066,-73.8923418,47,36,40.6792066,-73.8923418,2478.666667,13518,No
1695,36081047300,36,81,47300,36081047300,473,Census Tract 473,G5020,S,182449,0,+40.7372798,-73.8760306,81,36,40.7372798,-73.8760306,2478.666667,14361.66667,No
1601,36081029100,36,81,29100,36081029100,291,Census Tract 291,G5020,S,260394,0,+40.7513513,-73.8951957,81,36,40.7513513,-73.8951957,2477.666667,12386.66667,No
13,36005003300,36,5,3300,36005003300,33,Census Tract 33,G5020,S,150723,0,+40.8082226,-73.9119246,5,36,40.8082226,-73.9119246,2476,13234.66667,No
1782,36081059500,36,81,59500,36081059500,595,Census Tract 595,G5020,S,394207,0,+40.7137599,-73.9083241,81,36,40.7137599,-73.9083241,2476,9074.666667,No
1298,36061019500,36,61,19500,36061019500,195,Census Tract 195,G5020,S,218364,166301,+40.8039983,-73.9704542,61,36,40.8039983,-73.9704542,2475,9031,No
982,36047089400,36,47,89400,36047089400,894,Census Tract 894,G5020,S,172215,0,+40.6615039,-73.9164852,47,36,40.6615039,-73.9164852,2474.333333,14879.66667,No
661,36047038500,36,47,38500,36047038500,385,Census Tract 385,G5020,S,174443,0,+40.6874554,-73.9267891,47,36,40.6874554,-73.9267891,2472.666667,10481.33333,No
1300,36061019701,36,61,19701,36061019701,197.01,Census Tract 197.01,G5020,S,235972,0,+40.8053111,-73.9593993,61,36,40.8053111,-73.9593993,2469.333333,10036.66667,No
1774,36081058500,36,81,58500,36081058500,585,Census Tract 585,G5020,S,171163,0,+40.7043710,-73.8994203,81,36,40.704371,-73.8994203,2468.666667,11086.66667,No
1334,36061023000,36,61,23000,36061023000,230,Census Tract 230,G5020,S,173684,0,+40.8184725,-73.9413896,61,36,40.8184725,-73.9413896,2467,11827,No
1602,36081029300,36,81,29300,36081029300,293,Census Tract 293,G5020,S,152130,0,+40.7519017,-73.8994621,81,36,40.7519017,-73.8994621,2465.666667,12371.66667,No
121,36005019900,36,5,19900,36005019900,199,Census Tract 199,G5020,S,177423,0,+40.8367451,-73.925441,5,36,40.8367451,-73.925441,2463,13624.33333,No
392,36047007200,36,47,7200,36047007200,72,Census Tract 72,G5020,S,65759,0,+40.6403426,-74.0204484,47,36,40.6403426,-74.0204484,2462.666667,13805.66667,No
940,36047080400,36,47,80400,36047080400,804,Census Tract 804,G5020,S,189757,0,+40.6589744,-73.9489902,47,36,40.6589744,-73.9489902,2462.333333,12699,No
918,36047076200,36,47,76200,36047076200,762,Census Tract 762,G5020,S,188043,0,+40.6257185,-73.9564859,47,36,40.6257185,-73.9564859,2461.666667,14479.33333,No
558,36047026900,36,47,26900,36047026900,269,Census Tract 269,G5020,S,133946,0,+40.6812827,-73.9433173,47,36,40.6812827,-73.9433173,2458.333333,12727,No
453,36047015500,36,47,15500,36047015500,155,Census Tract 155,G5020,S,149645,0,+40.6705136,-73.9785613,47,36,40.6705136,-73.9785613,2456,11617.66667,No
1438,36081007700,36,81,7700,36081007700,77,Census Tract 77,G5020,S,126674,0,+40.7667329,-73.9317327,81,36,40.7667329,-73.9317327,2456,10789,No
113,36005018302,36,5,18302,36005018302,183.02,Census Tract 183.02,G5020,S,112288,0,+40.8279119,-73.9187521,5,36,40.8279119,-73.9187521,2449,12909.33333,No
564,36047027500,36,47,27500,36047027500,275,Census Tract 275,G5020,S,162078,0,+40.6838975,-73.9381789,47,36,40.6838975,-73.9381789,2447,11895.66667,No
1339,36061023501,36,61,23501,36061023501,235.01,Census Tract 235.01,G5020,S,179045,0,+40.8289967,-73.9418352,61,36,40.8289967,-73.9418352,2443.666667,12620,No
696,36047041900,36,47,41900,36047041900,419,Census Tract 419,G5020,S,153013,0,+40.6953233,-73.9210331,47,36,40.6953233,-73.9210331,2442,10506.33333,No
444,36047014500,36,47,14500,36047014500,145,Census Tract 145,G5020,S,218505,0,+40.6613838,-73.9949908,47,36,40.6613838,-73.9949908,2440.666667,12177.33333,No
1580,36081026901,36,81,26901,36081026901,269.01,Census Tract 269.01,G5020,S,114214,0,+40.7468744,-73.8822114,81,36,40.7468744,-73.8822114,2440.333333,12469,No
19,36005004100,36,5,4100,36005004100,41,Census Tract 41,G5020,S,184733,0,+40.8113856,-73.9194099,5,36,40.8113856,-73.9194099,2438,12132.66667,No
1340,36061023502,36,61,23502,36061023502,235.02,Census Tract 235.02,G5020,S,41338,0,+40.8278881,-73.9389277,61,36,40.8278881,-73.9389277,2436,12944,No
1562,36081024700,36,81,24700,36081024700,247,Census Tract 247,G5020,S,90047,0,+40.7423602,-73.8994144,81,36,40.7423602,-73.8994144,2434.333333,11248,No
1598,36081028700,36,81,28700,36081028700,287,Census Tract 287,G5020,S,196028,0,+40.7509572,-73.8894274,81,36,40.7509572,-73.8894274,2433,11588.66667,No
1569,36081025700,36,81,25700,36081025700,257,Census Tract 257,G5020,S,150827,0,+40.7501093,-73.9051745,81,36,40.7501093,-73.9051745,2431.666667,11699.33333,No
1778,36081059100,36,81,59100,36081059100,591,Census Tract 591,G5020,S,202060,0,+40.7081118,-73.9097807,81,36,40.7081118,-73.9097807,2428.333333,9366,No
421,36047011900,36,47,11900,36047011900,119,Census Tract 119,G5020,S,661722,58835,+40.6752052,-73.9893392,47,36,40.6752052,-73.9893392,2427,9761,No
43,36005007100,36,5,7100,36005007100,71,Census Tract 71,G5020,S,264085,0,+40.8182206,-73.912832,5,36,40.8182206,-73.912832,2421,12615.66667,No
677,36047040100,36,47,40100,36047040100,401,Census Tract 401,G5020,S,159606,0,+40.6864591,-73.9127408,47,36,40.6864591,-73.9127408,2420.666667,11514.33333,No
812,36047055200,36,47,55200,36047055200,552,Census Tract 552,G5020,S,167671,0,+40.6083096,-73.9562588,47,36,40.6083096,-73.9562588,2420.666667,16042,No
47,36005007500,36,5,7500,36005007500,75,Census Tract 75,G5020,S,227858,0,+40.8187783,-73.9086255,5,36,40.8187783,-73.9086255,2420,13276.33333,No
1322,36061021900,36,61,21900,36061021900,219,Census Tract 219,G5020,S,285864,185300,+40.8185149,-73.9602435,61,36,40.8185149,-73.9602435,2420,10410,No
939,36047080200,36,47,80200,36047080200,802,Census Tract 802,G5020,S,185243,0,+40.6576399,-73.9534407,47,36,40.6576399,-73.9534407,2417.666667,12775.66667,No
1355,36061025300,36,61,25300,36061025300,253,Census Tract 253,G5020,S,169335,0,+40.8428960,-73.9383779,61,36,40.842896,-73.9383779,2417.333333,13849.66667,No
733,36047046000,36,47,46000,36047046000,460,Census Tract 460,G5020,S,196068,0,+40.6321630,-73.965733,47,36,40.632163,-73.965733,2415.666667,13412.33333,No
685,36047040900,36,47,40900,36047040900,409,Census Tract 409,G5020,S,168053,0,+40.6910417,-73.9046452,47,36,40.6910417,-73.9046452,2414,12103.33333,No
1497,36081014900,36,81,14900,36081014900,149,Census Tract 149,G5020,S,106554,0,+40.7618544,-73.9144441,81,36,40.7618544,-73.9144441,2413.666667,11118.66667,No
12,36005003100,36,5,3100,36005003100,31,Census Tract 31,G5020,S,156292,0,+40.8098763,-73.9056946,5,36,40.8098763,-73.9056946,2413,13208.66667,No
45,36005007300,36,5,7300,36005007300,73,Census Tract 73,G5020,S,140161,0,+40.8146752,-73.909389,5,36,40.8146752,-73.909389,2413,13212.33333,No
1741,36081053500,36,81,53500,36081053500,535,Census Tract 535,G5020,S,509438,13271,+40.7159584,-73.9189772,81,36,40.7159584,-73.9189772,2413,7982,No
556,36047026700,36,47,26700,36047026700,267,Census Tract 267,G5020,S,159562,0,+40.6839731,-73.9440382,47,36,40.6839731,-73.9440382,2410.333333,10550.33333,No
1252,36061015200,36,61,15200,36061015200,152,Census Tract 152,G5020,S,205460,490675,+40.7789143,-73.9394523,61,36,40.7789143,-73.9394523,2410,8852,No
1448,36081009500,36,81,9500,36081009500,95,Census Tract 95,G5020,S,164508,0,+40.7744652,-73.9207974,81,36,40.7744652,-73.9207974,2409,11708,No
599,36047030900,36,47,30900,36047030900,309,Census Tract 309,G5020,S,142626,0,+40.6760588,-73.9329861,47,36,40.6760588,-73.9329861,2406,12678.66667,No
607,36047032100,36,47,32100,36047032100,321,Census Tract 321,G5020,S,160096,0,+40.6668692,-73.9521834,47,36,40.6668692,-73.9521834,2405.333333,11953,No
949,36047082400,36,47,82400,36047082400,824,Census Tract 824,G5020,S,214344,0,+40.6488473,-73.949358,47,36,40.6488473,-73.949358,2404.666667,13470.66667,No
570,36047028100,36,47,28100,36047028100,281,Census Tract 281,G5020,S,161938,0,+40.6926888,-73.9399286,47,36,40.6926888,-73.9399286,2403.333333,8468.333333,No
1105,36061001001,36,61,1001,36061001001,10.01,Census Tract 10.01,G5020,S,79402,250327,+40.7139813,-73.9762895,61,36,40.7139813,-73.9762895,2402.666667,4857,No
1532,36081018700,36,81,18700,36081018700,187,Census Tract 187,G5020,S,242703,0,+40.7366271,-73.924701,81,36,40.7366271,-73.924701,2401.666667,8722.666667,No
52,36005008300,36,5,8300,36005008300,83,Census Tract 83,G5020,S,213933,0,+40.8136778,-73.90184,5,36,40.8136778,-73.90184,2401,13617.66667,No
1320,36061021703,36,61,21703,36061021703,217.03,Census Tract 217.03,G5020,S,313866,0,+40.8179349,-73.9497563,61,36,40.8179349,-73.9497563,2400,11720.33333,No
600,36047031100,36,47,31100,36047031100,311,Census Tract 311,G5020,S,145858,0,+40.6764143,-73.9390103,47,36,40.6764143,-73.9390103,2397,11865.66667,No
1652,36081040500,36,81,40500,36081040500,405,Census Tract 405,G5020,S,129052,0,+40.7482730,-73.86159,81,36,40.748273,-73.86159,2396.333333,13987.33333,No
140,36005021700,36,5,21700,36005021700,217,Census Tract 217,G5020,S,160198,0,+40.8481946,-73.9132696,5,36,40.8481946,-73.9132696,2394,14945.33333,No
620,36047033900,36,47,33900,36047033900,339,Census Tract 339,G5020,S,180739,0,+40.6712119,-73.9420151,47,36,40.6712119,-73.9420151,2394,12552,No
1776,36081058900,36,81,58900,36081058900,589,Census Tract 589,G5020,S,165273,0,+40.7062404,-73.9050398,81,36,40.7062404,-73.9050398,2393.333333,10809,No
608,36047032300,36,47,32300,36047032300,323,Census Tract 323,G5020,S,173047,0,+40.6665474,-73.9550745,47,36,40.6665474,-73.9550745,2391.666667,11920,No
658,36047038100,36,47,38100,36047038100,381,Census Tract 381,G5020,S,239523,0,+40.6810478,-73.9254263,47,36,40.6810478,-73.9254263,2391,12645.33333,No
513,36047022100,36,47,22100,36047022100,221,Census Tract 221,G5020,S,149993,0,+40.6761330,-73.9543632,47,36,40.676133,-73.9543632,2390.333333,11361.66667,No
1529,36081018501,36,81,18501,36081018501,185.01,Census Tract 185.01,G5020,S,98522,0,+40.7387097,-73.9224312,81,36,40.7387097,-73.9224312,2390.333333,9879,No
1433,36081006502,36,81,6502,36081006502,65.02,Census Tract 65.02,G5020,S,153366,0,+40.7667951,-73.9151194,81,36,40.7667951,-73.9151194,2385,11282,No
395,36047007600,36,47,7600,36047007600,76,Census Tract 76,G5020,S,138697,0,+40.6440892,-74.0146726,47,36,40.6440892,-74.0146726,2383.666667,13092.33333,No
649,36047036900,36,47,36900,36047036900,369,Census Tract 369,G5020,S,226736,0,+40.6796500,-73.9092283,47,36,40.67965,-73.9092283,2380,12172.33333,No
129,36005020900,36,5,20900,36005020900,209,Census Tract 209,G5020,S,132526,0,+40.8430677,-73.9150369,5,36,40.8430677,-73.9150369,2377,14536,No
21,36005004300,36,5,4300,36005004300,43,Census Tract 43,G5020,S,225393,0,+40.8136213,-73.9170376,5,36,40.8136213,-73.9170376,2375,12528.66667,No
410,36047010100,36,47,10100,36047010100,101,Census Tract 101,G5020,S,309532,0,+40.6583838,-73.9997781,47,36,40.6583838,-73.9997781,2374.333333,11958,No
595,36047030500,36,47,30500,36047030500,305,Census Tract 305,G5020,S,322484,0,+40.6773162,-73.9590607,47,36,40.6773162,-73.9590607,2373.666667,11561,No
1577,36081026500,36,81,26500,36081026500,265,Census Tract 265,G5020,S,186505,0,+40.7450365,-73.8933682,81,36,40.7450365,-73.8933682,2373.333333,12515.33333,No
657,36047037900,36,47,37900,36047037900,379,Census Tract 379,G5020,S,183761,0,+40.6804989,-73.9193657,47,36,40.6804989,-73.9193657,2370,13302.66667,No
399,36047008200,36,47,8200,36047008200,82,Census Tract 82,G5020,S,134740,0,+40.6507698,-74.0076247,47,36,40.6507698,-74.0076247,2369.333333,12339.33333,No
32,36005005902,36,5,5902,36005005902,59.02,Census Tract 59.02,G5020,S,70305,0,+40.8240860,-73.9234467,5,36,40.824086,-73.9234467,2368,11975,No
784,36047051800,36,47,51800,36047051800,518,Census Tract 518,G5020,S,201332,0,+40.6379909,-73.9607951,47,36,40.6379909,-73.9607951,2367.666667,13347.33333,No
1286,36061018300,36,61,18300,36061018300,183,Census Tract 183,G5020,S,223807,187898,+40.7967957,-73.9769097,61,36,40.7967957,-73.9769097,2364,8510,No
655,36047037500,36,47,37500,36047037500,375,Census Tract 375,G5020,S,158803,0,+40.6876200,-73.9215167,47,36,40.68762,-73.9215167,2363.666667,10967.33333,No
1345,36061023900,36,61,23900,36061023900,239,Census Tract 239,G5020,S,64178,0,+40.8323409,-73.9410559,61,36,40.8323409,-73.9410559,2363,12723,No
419,36047011700,36,47,11700,36047011700,117,Census Tract 117,G5020,S,202566,0,+40.6685527,-73.9933231,47,36,40.6685527,-73.9933231,2361,11395,No
791,36047052800,36,47,52800,36047052800,528,Census Tract 528,G5020,S,175596,0,+40.6308472,-73.9626086,47,36,40.6308472,-73.9626086,2359.666667,13952.33333,No
774,36047051001,36,47,51001,36047051001,510.01,Census Tract 510.01,G5020,S,76942,0,+40.6461218,-73.9597677,47,36,40.6461218,-73.9597677,2353.666667,12481.66667,No
153,36005022702,36,5,22702,36005022702,227.02,Census Tract 227.02,G5020,S,48192,0,+40.8444741,-73.9132423,5,36,40.8444741,-73.9132423,2352,14473,No
1465,36081011300,36,81,11300,36081011300,113,Census Tract 113,G5020,S,178676,0,+40.7762579,-73.9084659,81,36,40.7762579,-73.9084659,2352,12181,No
1575,36081026300,36,81,26300,36081026300,263,Census Tract 263,G5020,S,198668,0,+40.7457246,-73.8970941,81,36,40.7457246,-73.8970941,2352,12164,No
689,36047041300,36,47,41300,36047041300,413,Census Tract 413,G5020,S,162167,0,+40.6898146,-73.91062,47,36,40.6898146,-73.91062,2350.333333,11583,No
503,36047021100,36,47,21100,36047021100,211,Census Tract 211,G5020,S,192426,0,+40.6970778,-73.9750471,47,36,40.6970778,-73.9750471,2349.333333,7681.666667,No
145,36005022102,36,5,22102,36005022102,221.02,Census Tract 221.02,G5020,S,79508,0,+40.8376823,-73.9160774,5,36,40.8376823,-73.9160774,2349,14137.33333,No
589,36047029900,36,47,29900,36047029900,299,Census Tract 299,G5020,S,143535,0,+40.6781380,-73.925833,47,36,40.678138,-73.925833,2347,12584.33333,No
673,36047039700,36,47,39700,36047039700,397,Census Tract 397,G5020,S,159158,0,+40.6889488,-73.9191404,47,36,40.6889488,-73.9191404,2345.666667,10969.33333,No
801,36047053900,36,47,53900,36047053900,539,Census Tract 539,G5020,S,101379,0,+40.7026477,-73.9625587,47,36,40.7026477,-73.9625587,2343.666667,7292.666667,No
398,36047008000,36,47,8000,36047008000,80,Census Tract 80,G5020,S,135433,0,+40.6485378,-74.0099676,47,36,40.6485378,-74.0099676,2341.666667,12583.33333,No
1564,36081025100,36,81,25100,36081025100,251,Census Tract 251,G5020,S,237043,0,+40.7449234,-73.9096532,81,36,40.7449234,-73.9096532,2341.666667,11330.33333,No
604,36047031701,36,47,31701,36047031701,317.01,Census Tract 317.01,G5020,S,139741,0,+40.6738669,-73.9501241,47,36,40.6738669,-73.9501241,2340.666667,11776.66667,No
842,36047058900,36,47,58900,36047058900,589,Census Tract 589,G5020,S,436361,41406,+40.7300502,-73.9405495,47,36,40.7300502,-73.9405495,2338.333333,7243,No
463,36047016700,36,47,16700,36047016700,167,Census Tract 167,G5020,S,168915,0,+40.6642969,-73.9787754,47,36,40.6642969,-73.9787754,2338,11540.66667,No
36,36005006300,36,5,6300,36005006300,63,Census Tract 63,G5020,S,1027550,3019,+40.8242061,-73.9287302,5,36,40.8242061,-73.9287302,2337.666667,12486.66667,No
617,36047033500,36,47,33500,36047033500,335,Census Tract 335,G5020,S,180682,0,+40.6675941,-73.9423885,47,36,40.6675941,-73.9423885,2337,12502,No
1317,36061021400,36,61,21400,36061021400,214,Census Tract 214,G5020,S,136902,0,+40.8177989,-73.9361841,61,36,40.8177989,-73.9361841,2335.333333,12161.33333,No
1324,36061022102,36,61,22102,36061022102,221.02,Census Tract 221.02,G5020,S,99000,0,+40.8186544,-73.9461862,61,36,40.8186544,-73.9461862,2335,11685.66667,No
560,36047027100,36,47,27100,36047027100,271,Census Tract 271,G5020,S,261822,0,+40.6787263,-73.9368676,47,36,40.6787263,-73.9368676,2334,12036.66667,No
1232,36061013500,36,61,13500,36061013500,135,Census Tract 135,G5020,S,420496,411671,+40.7702629,-73.9959718,61,36,40.7702629,-73.9959718,2331.333333,5870.666667,No
420,36047011800,36,47,11800,36047011800,118,Census Tract 118,G5020,S,219234,0,+40.6351044,-74.0114899,47,36,40.6351044,-74.0114899,2329.666667,14785.33333,No
1313,36061021000,36,61,21000,36061021000,210,Census Tract 210,G5020,S,214938,116011,+40.8135899,-73.9353306,61,36,40.8135899,-73.9353306,2328.666667,10639.66667,No
1354,36061025100,36,61,25100,36061025100,251,Census Tract 251,G5020,S,158085,0,+40.8403421,-73.9399256,61,36,40.8403421,-73.9399256,2327.666667,13893.33333,No
1534,36081018900,36,81,18900,36081018900,189,Census Tract 189,G5020,S,217707,0,+40.7400819,-73.927999,81,36,40.7400819,-73.927999,2325.333333,9423,No
1600,36081028900,36,81,28900,36081028900,289,Census Tract 289,G5020,S,172191,0,+40.7512925,-73.8919006,81,36,40.7512925,-73.8919006,2325.333333,11835,No
1469,36081011700,36,81,11700,36081011700,117,Census Tract 117,G5020,S,212927,0,+40.7722286,-73.9104565,81,36,40.7722286,-73.9104565,2325,12168,No
1330,36061022600,36,61,22600,36061022600,226,Census Tract 226,G5020,S,152978,0,+40.8134305,-73.9448116,61,36,40.8134305,-73.9448116,2319.666667,11502.66667,No
17,36005003900,36,5,3900,36005003900,39,Census Tract 39,G5020,S,216210,0,+40.8097217,-73.9214264,5,36,40.8097217,-73.9214264,2319.333333,11523.66667,No
652,36047037300,36,47,37300,36047037300,373,Census Tract 373,G5020,S,170809,0,+40.6839488,-73.9152154,47,36,40.6839488,-73.9152154,2318.666667,11416.33333,No
1331,36061022700,36,61,22700,36061022700,227,Census Tract 227,G5020,S,150701,0,+40.8229663,-73.9464621,61,36,40.8229663,-73.9464621,2314,12080,No
613,36047032900,36,47,32900,36047032900,329,Census Tract 329,G5020,S,156418,0,+40.6632636,-73.9484196,47,36,40.6632636,-73.9484196,2312.666667,12139.33333,No
465,36047016900,36,47,16900,36047016900,169,Census Tract 169,G5020,S,209461,0,+40.6592927,-73.9812838,47,36,40.6592927,-73.9812838,2310,12382.66667,No
383,36047006300,36,47,6300,36047006300,63,Census Tract 63,G5020,S,100899,0,+40.6819738,-74.0013029,47,36,40.6819738,-74.0013029,2308,9618,No
1294,36061019100,36,61,19100,36061019100,191,Census Tract 191,G5020,S,223628,175654,+40.8015309,-73.972221,61,36,40.8015309,-73.972221,2308,8392,No
606,36047031900,36,47,31900,36047031900,319,Census Tract 319,G5020,S,151345,0,+40.6668852,-73.9493978,47,36,40.6668852,-73.9493978,2305.333333,12029.66667,No
39,36005006700,36,5,6700,36005006700,67,Census Tract 67,G5020,S,212430,0,+40.8195023,-73.9181767,5,36,40.8195023,-73.9181767,2305,12531.66667,No
632,36047035300,36,47,35300,36047035300,353,Census Tract 353,G5020,S,163099,0,+40.6685796,-73.9353139,47,36,40.6685796,-73.9353139,2304.333333,13344.33333,No
1415,36081004300,36,81,4300,36081004300,43,Census Tract 43,G5020,S,170813,0,+40.7609451,-73.9375143,81,36,40.7609451,-73.9375143,2304.333333,9522.666667,No
1555,36081023500,36,81,23500,36081023500,235,Census Tract 235,G5020,S,259950,0,+40.7392495,-73.9176495,81,36,40.7392495,-73.9176495,2302.333333,9797,No
1350,36061024302,36,61,24302,36061024302,243.02,Census Tract 243.02,G5020,S,227206,103720,+40.8316695,-73.937431,61,36,40.8316695,-73.937431,2301,12769,No
147,36005022300,36,5,22300,36005022300,223,Census Tract 223,G5020,S,91547,0,+40.8405428,-73.9150909,5,36,40.8405428,-73.9150909,2298,14070.33333,No
1251,36061015100,36,61,15100,36061015100,151,Census Tract 151,G5020,S,343957,285734,+40.7755489,-73.9921079,61,36,40.7755489,-73.9921079,2298,6727,No
1358,36061025900,36,61,25900,36061025900,259,Census Tract 259,G5020,S,75469,0,+40.8232145,-73.9423562,61,36,40.8232145,-73.9423562,2296.666667,12120,No
9,36005002701,36,5,2701,36005002701,27.01,Census Tract 27.01,G5020,S,83140,0,+40.8050514,-73.9163293,5,36,40.8050514,-73.9163293,2296,12392,No
142,36005021900,36,5,21900,36005021900,219,Census Tract 219,G5020,S,141459,0,+40.8396470,-73.9196115,5,36,40.839647,-73.9196115,2296,14015.33333,No
694,36047041700,36,47,41700,36047041700,417,Census Tract 417,G5020,S,141142,0,+40.6937625,-73.9179179,47,36,40.6937625,-73.9179179,2293,10364.33333,No
714,36047043700,36,47,43700,36047043700,437,Census Tract 437,G5020,S,167128,0,+40.6932405,-73.9084407,47,36,40.6932405,-73.9084407,2293,10982,No
628,36047034900,36,47,34900,36047034900,349,Census Tract 349,G5020,S,163209,0,+40.6682771,-73.9297783,47,36,40.6682771,-73.9297783,2292.333333,13339.33333,No
112,36005018301,36,5,18301,36005018301,183.01,Census Tract 183.01,G5020,S,67875,0,+40.8286371,-73.9208133,5,36,40.8286371,-73.9208133,2288,12717.33333,No
144,36005022101,36,5,22101,36005022101,221.01,Census Tract 221.01,G5020,S,68558,0,+40.8382736,-73.9181358,5,36,40.8382736,-73.9181358,2285,14032.33333,No
1328,36061022400,36,61,22400,36061022400,224,Census Tract 224,G5020,S,194687,0,+40.8111222,-73.9469598,61,36,40.8111222,-73.9469598,2278.333333,10936.33333,No
1436,36081007300,36,81,7300,36081007300,73,Census Tract 73,G5020,S,141556,0,+40.7669951,-73.9253702,81,36,40.7669951,-73.9253702,2278,11122,No
441,36047014100,36,47,14100,36047014100,141,Census Tract 141,G5020,S,165483,0,+40.6654413,-73.9893778,47,36,40.6654413,-73.9893778,2275,10827,No
786,36047052000,36,47,52000,36047052000,520,Census Tract 520,G5020,S,190572,0,+40.6374454,-73.9641875,47,36,40.6374454,-73.9641875,2273.666667,13236.33333,No
669,36047039300,36,47,39300,36047039300,393,Census Tract 393,G5020,S,189620,0,+40.6956279,-73.9300046,47,36,40.6956279,-73.9300046,2270,10532.66667,No
1579,36081026700,36,81,26700,36081026700,267,Census Tract 267,G5020,S,210292,0,+40.7453267,-73.8880307,81,36,40.7453267,-73.8880307,2269,12029.33333,No
484,36047019100,36,47,19100,36047019100,191,Census Tract 191,G5020,S,250113,0,+40.6952370,-73.9643647,47,36,40.695237,-73.9643647,2266,8927.666667,No
579,36047028900,36,47,28900,36047028900,289,Census Tract 289,G5020,S,165474,0,+40.6930489,-73.9330068,47,36,40.6930489,-73.9330068,2264.666667,10242.33333,No
1155,36061006000,36,61,6000,36061006000,60,Census Tract 60,G5020,S,127408,305741,+40.7343900,-73.9740455,61,36,40.73439,-73.9740455,2263,3852,No
671,36047039500,36,47,39500,36047039500,395,Census Tract 395,G5020,S,159720,0,+40.6929683,-73.9247375,47,36,40.6929683,-73.9247375,2261.666667,10264.33333,No
119,36005019500,36,5,19500,36005019500,195,Census Tract 195,G5020,S,219852,0,+40.8304775,-73.9225235,5,36,40.8304775,-73.9225235,2259,12730.33333,No
500,36047020700,36,47,20700,36047020700,207,Census Tract 207,G5020,S,138775,0,+40.6749426,-73.9666236,47,36,40.6749426,-73.9666236,2256.666667,9410.666667,No
1571,36081025900,36,81,25900,36081025900,259,Census Tract 259,G5020,S,187131,0,+40.7485788,-73.9035254,81,36,40.7485788,-73.9035254,2256.333333,10982,No
435,36047013500,36,47,13500,36047013500,135,Census Tract 135,G5020,S,151867,0,+40.6728110,-73.9833133,47,36,40.672811,-73.9833133,2254,9518.666667,No
507,36047021500,36,47,21500,36047021500,215,Census Tract 215,G5020,S,154508,0,+40.6733640,-73.963332,47,36,40.673364,-73.963332,2251.666667,10020,No
698,36047042100,36,47,42100,36047042100,421,Census Tract 421,G5020,S,153377,0,+40.6970293,-73.9240384,47,36,40.6970293,-73.9240384,2251.333333,10028,No
712,36047043500,36,47,43500,36047043500,435,Census Tract 435,G5020,S,168158,0,+40.6953840,-73.9121802,47,36,40.695384,-73.9121802,2250,10183.66667,No
1566,36081025302,36,81,25302,36081025302,253.02,Census Tract 253.02,G5020,S,102053,0,+40.7442222,-73.9131447,81,36,40.7442222,-73.9131447,2248.333333,10910.33333,No
437,36047013700,36,47,13700,36047013700,137,Census Tract 137,G5020,S,152453,0,+40.6703973,-73.9853274,47,36,40.6703973,-73.9853274,2247.333333,10348.33333,No
805,36047054500,36,47,54500,36047054500,545,Census Tract 545,G5020,S,167760,0,+40.7052376,-73.965286,47,36,40.7052376,-73.965286,2247,7054.666667,No
1751,36081055100,36,81,55100,36081055100,551,Census Tract 551,G5020,S,155133,0,+40.7015951,-73.9039117,81,36,40.7015951,-73.9039117,2245.666667,10488.33333,No
1274,36061017100,36,61,17100,36061017100,171,Census Tract 171,G5020,S,218143,194050,+40.7888138,-73.9827681,61,36,40.7888138,-73.9827681,2244,6849,No
605,36047031702,36,47,31702,36047031702,317.02,Census Tract 317.02,G5020,S,139786,0,+40.6711930,-73.950375,47,36,40.671193,-73.950375,2243.333333,11784,No
795,36047053200,36,47,53200,36047053200,532,Census Tract 532,G5020,S,174306,0,+40.6262195,-73.9602546,47,36,40.6262195,-73.9602546,2242.666667,14171.33333,No
1563,36081024900,36,81,24900,36081024900,249,Census Tract 249,G5020,S,194262,0,+40.7432069,-73.9042264,81,36,40.7432069,-73.9042264,2241.333333,10981,No
1099,36061000202,36,61,202,36061000202,2.02,Census Tract 2.02,G5020,S,298617,481346,+40.7106160,-73.9811776,61,36,40.710616,-73.9811776,2239.666667,4404,No
511,36047021900,36,47,21900,36047021900,219,Census Tract 219,G5020,S,147045,0,+40.6719739,-73.9552593,47,36,40.6719739,-73.9552593,2239.333333,11320,No
938,36047080000,36,47,80000,36047080000,800,Census Tract 800,G5020,S,173679,0,+40.6606860,-73.9537667,47,36,40.660686,-73.9537667,2238,11479.33333,No
648,36047036700,36,47,36700,36047036700,367,Census Tract 367,G5020,S,184971,0,+40.6775488,-73.9046133,47,36,40.6775488,-73.9046133,2237.666667,12444.66667,No
679,36047040300,36,47,40300,36047040300,403,Census Tract 403,G5020,S,210275,0,+40.6845226,-73.9082094,47,36,40.6845226,-73.9082094,2234.666667,11977.66667,No
461,36047016500,36,47,16500,36047016500,165,Census Tract 165,G5020,S,186462,0,+40.6699732,-73.9740433,47,36,40.6699732,-73.9740433,2232.666667,9024.333333,No
1336,36061023200,36,61,23200,36061023200,232,Census Tract 232,G5020,S,180467,0,+40.8210133,-73.9395318,61,36,40.8210133,-73.9395318,2231,12521,No
393,36047007400,36,47,7400,36047007400,74,Census Tract 74,G5020,S,143657,0,+40.6418670,-74.0170733,47,36,40.641867,-74.0170733,2230.666667,13566,No
1442,36081008500,36,81,8500,36081008500,85,Census Tract 85,G5020,S,273044,0,+40.7600215,-73.9407223,81,36,40.7600215,-73.9407223,2225.666667,8517,No
609,36047032500,36,47,32500,36047032500,325,Census Tract 325,G5020,S,168410,0,+40.6672983,-73.9577655,47,36,40.6672983,-73.9577655,2225,11298.66667,No
1747,36081054500,36,81,54500,36081054500,545,Census Tract 545,G5020,S,114343,0,+40.7055404,-73.9126439,81,36,40.7055404,-73.9126439,2223.333333,10049,No
1323,36061022000,36,61,22000,36061022000,220,Census Tract 220,G5020,S,174954,0,+40.8057836,-73.950657,61,36,40.8057836,-73.950657,2222,10213.66667,No
1759,36081055900,36,81,55900,36081055900,559,Census Tract 559,G5020,S,163316,0,+40.6943566,-73.9017777,81,36,40.6943566,-73.9017777,2222,10763.66667,No
481,36047018700,36,47,18700,36047018700,187,Census Tract 187,G5020,S,80870,0,+40.6945722,-73.970621,47,36,40.6945722,-73.970621,2221.333333,8963.333333,No
935,36047079602,36,47,79602,36047079602,796.02,Census Tract 796.02,G5020,S,134994,0,+40.6527602,-73.9576551,47,36,40.6527602,-73.9576551,2216.666667,11746.33333,No
700,36047042300,36,47,42300,36047042300,423,Census Tract 423,G5020,S,182228,0,+40.6990021,-73.9272887,47,36,40.6990021,-73.9272887,2215.333333,10513,No
1315,36061021200,36,61,21200,36061021200,212,Census Tract 212,G5020,S,176381,0,+40.8137611,-73.9390015,61,36,40.8137611,-73.9390015,2214.666667,11707.66667,No
1568,36081025500,36,81,25500,36081025500,255,Census Tract 255,G5020,S,218979,0,+40.7504312,-73.9079329,81,36,40.7504312,-73.9079329,2210.333333,10952.33333,No
587,36047029700,36,47,29700,36047029700,297,Census Tract 297,G5020,S,205561,0,+40.6812727,-73.9316176,47,36,40.6812727,-73.9316176,2209,12439.33333,No
1499,36081015100,36,81,15100,36081015100,151,Census Tract 151,G5020,S,133431,0,+40.7601670,-73.9108443,81,36,40.760167,-73.9108443,2208.333333,10376,No
1755,36081055500,36,81,55500,36081055500,555,Census Tract 555,G5020,S,150244,0,+40.6971897,-73.9032297,81,36,40.6971897,-73.9032297,2203,10720.66667,No
1270,36061016700,36,61,16700,36061016700,167,Census Tract 167,G5020,S,196501,141457,+40.7864633,-73.9835804,61,36,40.7864633,-73.9835804,2202.666667,6727.333333,No
1753,36081055300,36,81,55300,36081055300,553,Census Tract 553,G5020,S,143507,0,+40.6988791,-73.9065018,81,36,40.6988791,-73.9065018,2195.666667,10300.33333,No
1279,36061017500,36,61,17500,36061017500,175,Census Tract 175,G5020,S,216832,192203,+40.7915370,-73.9799727,61,36,40.791537,-73.9799727,2193.333333,7703,No
1509,36081016100,36,81,16100,36081016100,161,Census Tract 161,G5020,S,107696,0,+40.7550819,-73.9145862,81,36,40.7550819,-73.9145862,2185.666667,11276.66667,No
505,36047021300,36,47,21300,36047021300,213,Census Tract 213,G5020,S,184156,0,+40.6683548,-73.9604674,47,36,40.6683548,-73.9604674,2184,11260.66667,No
630,36047035100,36,47,35100,36047035100,351,Census Tract 351,G5020,S,163012,0,+40.6684292,-73.9325474,47,36,40.6684292,-73.9325474,2183.333333,13218.33333,No
1530,36081018502,36,81,18502,36081018502,185.02,Census Tract 185.02,G5020,S,98391,0,+40.7405546,-73.9220647,81,36,40.7405546,-73.9220647,2181.333333,9671,No
1325,36061022200,36,61,22200,36061022200,222,Census Tract 222,G5020,S,181422,0,+40.8083402,-73.9487876,61,36,40.8083402,-73.9487876,2180,10660.33333,No
1516,36081017100,36,81,17100,36081017100,171,Census Tract 171,G5020,S,1253788,0,+40.7497385,-73.9255845,81,36,40.7497385,-73.9255845,2179.333333,9316.666667,No
777,36047051200,36,47,51200,36047051200,512,Census Tract 512,G5020,S,139882,0,+40.6465525,-73.9633611,47,36,40.6465525,-73.9633611,2174.666667,12291.66667,No
1290,36061018700,36,61,18700,36061018700,187,Census Tract 187,G5020,S,218246,184202,+40.7995846,-73.9752418,61,36,40.7995846,-73.9752418,2173,8191,No
10,36005002702,36,5,2702,36005002702,27.02,Census Tract 27.02,G5020,S,157365,0,+40.8064374,-73.913737,5,36,40.8064374,-73.913737,2172,12269,No
663,36047038700,36,47,38700,36047038700,387,Census Tract 387,G5020,S,188275,0,+40.6905393,-73.9277496,47,36,40.6905393,-73.9277496,2171.666667,10130.33333,No
562,36047027300,36,47,27300,36047027300,273,Census Tract 273,G5020,S,149700,0,+40.6810841,-73.9374383,47,36,40.6810841,-73.9374383,2170,11585.66667,No
554,36047026500,36,47,26500,36047026500,265,Census Tract 265,G5020,S,159608,0,+40.6869045,-73.9446206,47,36,40.6869045,-73.9446206,2167,8717.333333,No
1282,36061017900,36,61,17900,36061017900,179,Census Tract 179,G5020,S,214494,190568,+40.7943257,-73.9790063,61,36,40.7943257,-73.9790063,2167,8189,No
779,36047051400,36,47,51400,36047051400,514,Census Tract 514,G5020,S,181082,0,+40.6427917,-73.9614284,47,36,40.6427917,-73.9614284,2165.666667,12568.66667,No
1510,36081016300,36,81,16300,36081016300,163,Census Tract 163,G5020,S,218217,0,+40.7563233,-73.9098741,81,36,40.7563233,-73.9098741,2164.333333,10716,No
1332,36061022800,36,61,22800,36061022800,228,Census Tract 228,G5020,S,180634,0,+40.8159297,-73.9432453,61,36,40.8159297,-73.9432453,2163,11745.33333,No
423,36047012100,36,47,12100,36047012100,121,Census Tract 121,G5020,S,148056,0,+40.6714790,-73.991049,47,36,40.671479,-73.991049,2162.666667,9726,No
443,36047014300,36,47,14300,36047014300,143,Census Tract 143,G5020,S,217158,0,+40.6636240,-73.9926592,47,36,40.663624,-73.9926592,2162,10692,No
768,36047050600,36,47,50600,36047050600,506,Census Tract 506,G5020,S,164685,0,+40.6489784,-73.9668581,47,36,40.6489784,-73.9668581,2160.666667,11719.33333,No
509,36047021700,36,47,21700,36047021700,217,Census Tract 217,G5020,S,119678,0,+40.6727657,-73.9590257,47,36,40.6727657,-73.9590257,2158.666667,10606.66667,No
1503,36081015500,36,81,15500,36081015500,155,Census Tract 155,G5020,S,147692,0,+40.7600344,-73.9175933,81,36,40.7600344,-73.9175933,2158.666667,10571.66667,No
687,36047041100,36,47,41100,36047041100,411,Census Tract 411,G5020,S,134954,0,+40.6878791,-73.9071495,47,36,40.6878791,-73.9071495,2154.666667,11539.33333,No
1573,36081026100,36,81,26100,36081026100,261,Census Tract 261,G5020,S,222180,0,+40.7472079,-73.9005967,81,36,40.7472079,-73.9005967,2153.333333,10918,No
1435,36081007100,36,81,7100,36081007100,71,Census Tract 71,G5020,S,195230,0,+40.7690871,-73.9230507,81,36,40.7690871,-73.9230507,2150,10990,No
1604,36081029500,36,81,29500,36081029500,295,Census Tract 295,G5020,S,182042,0,+40.7559679,-73.9067466,81,36,40.7559679,-73.9067466,2149.333333,10915.33333,No
603,36047031500,36,47,31500,36047031500,315,Census Tract 315,G5020,S,179759,0,+40.6769054,-73.9499241,47,36,40.6769054,-73.9499241,2147,10891.33333,No
38,36005006500,36,5,6500,36005006500,65,Census Tract 65,G5020,S,262547,0,+40.8173917,-73.9216557,5,36,40.8173917,-73.9216557,2144.333333,11883,No
775,36047051002,36,47,51002,36047051002,510.02,Census Tract 510.02,G5020,S,107068,0,+40.6487514,-73.9603672,47,36,40.6487514,-73.9603672,2142.666667,11659.33333,No
387,36047006700,36,47,6700,36047006700,67,Census Tract 67,G5020,S,156140,0,+40.6841759,-73.9972232,47,36,40.6841759,-73.9972232,2142,8067,No
533,36047024500,36,47,24500,36047024500,245,Census Tract 245,G5020,S,166849,0,+40.6828810,-73.9519012,47,36,40.682881,-73.9519012,2140.333333,10180,No
572,36047028300,36,47,28300,36047028300,283,Census Tract 283,G5020,S,121876,0,+40.6952563,-73.9404379,47,36,40.6952563,-73.9404379,2132.333333,8617.333333,No
519,36047022900,36,47,22900,36047022900,229,Census Tract 229,G5020,S,171832,0,+40.6851317,-73.9567616,47,36,40.6851317,-73.9567616,2132,9741,No
1307,36061020300,36,61,20300,36061020300,203,Census Tract 203,G5020,S,178232,0,+40.8086693,-73.9615616,61,36,40.8086693,-73.9615616,2130,9320,No
681,36047040500,36,47,40500,36047040500,405,Census Tract 405,G5020,S,137931,0,+40.6815808,-73.9051926,47,36,40.6815808,-73.9051926,2125.333333,12036.33333,No
1431,36081006300,36,81,6300,36081006300,63,Census Tract 63,G5020,S,212503,0,+40.7644845,-73.920024,81,36,40.7644845,-73.920024,2125,10978,No
120,36005019700,36,5,19700,36005019700,197,Census Tract 197,G5020,S,148045,0,+40.8352046,-73.9199777,5,36,40.8352046,-73.9199777,2123,13273.33333,No
1418,36081004700,36,81,4700,36081004700,47,Census Tract 47,G5020,S,179250,0,+40.7602879,-73.9331578,81,36,40.7602879,-73.9331578,2123,9867,No
1434,36081006900,36,81,6900,36081006900,69,Census Tract 69,G5020,S,211052,0,+40.7715023,-73.922154,81,36,40.7715023,-73.922154,2120,11443,No
537,36047024900,36,47,24900,36047024900,249,Census Tract 249,G5020,S,168496,0,+40.6829833,-73.9483904,47,36,40.6829833,-73.9483904,2117,10840.33333,No
1748,36081054700,36,81,54700,36081054700,547,Census Tract 547,G5020,S,130655,0,+40.7036335,-73.9097208,81,36,40.7036335,-73.9097208,2116,10318.66667,No
433,36047013300,36,47,13300,36047013300,133,Census Tract 133,G5020,S,148501,0,+40.6751825,-73.9813092,47,36,40.6751825,-73.9813092,2113.666667,9896.333333,No
1357,36061025700,36,61,25700,36061025700,257,Census Tract 257,G5020,S,144062,0,+40.8084355,-73.9540741,61,36,40.8084355,-73.9540741,2112.666667,10908.66667,No
471,36047017700,36,47,17700,36047017700,177,Census Tract 177,G5020,S,2268005,269971,+40.6594272,-73.9695588,47,36,40.6594272,-73.9695588,2110.666667,10739.33333,No
8,36005002500,36,5,2500,36005002500,25,Census Tract 25,G5020,S,127619,0,+40.8070029,-73.9208781,5,36,40.8070029,-73.9208781,2108,11712.66667,No
370,36047004900,36,47,4900,36047004900,49,Census Tract 49,G5020,S,97529,0,+40.6879988,-73.9984363,47,36,40.6879988,-73.9984363,2107.333333,7947.666667,No
1312,36061020901,36,61,20901,36061020901,209.01,Census Tract 209.01,G5020,S,115805,0,+40.8115578,-73.9550032,61,36,40.8115578,-73.9550032,2105.666667,10882.66667,No
451,36047015300,36,47,15300,36047015300,153,Census Tract 153,G5020,S,150477,0,+40.6681002,-73.9805759,47,36,40.6681002,-73.9805759,2102,9826,No
1501,36081015300,36,81,15300,36081015300,153,Census Tract 153,G5020,S,121487,0,+40.7580802,-73.9136453,81,36,40.7580802,-73.9136453,2101.666667,11208.66667,No
439,36047013900,36,47,13900,36047013900,139,Census Tract 139,G5020,S,151331,0,+40.6679862,-73.9873365,47,36,40.6679862,-73.9873365,2101,9276,No
710,36047043300,36,47,43300,36047043300,433,Census Tract 433,G5020,S,168245,0,+40.6975220,-73.915939,47,36,40.697522,-73.915939,2099.666667,9981.666667,No
619,36047033700,36,47,33700,36047033700,337,Census Tract 337,G5020,S,197590,0,+40.6694017,-73.9421815,47,36,40.6694017,-73.9421815,2097,12285.33333,No
1301,36061019702,36,61,19702,36061019702,197.02,Census Tract 197.02,G5020,S,47395,0,+40.8021890,-73.9579879,61,36,40.802189,-73.9579879,2096.666667,9548.333333,No
1311,36061020800,36,61,20800,36061020800,208,Census Tract 208,G5020,S,148566,0,+40.8096485,-73.942008,61,36,40.8096485,-73.942008,2096.333333,10229.66667,No
1321,36061021800,36,61,21800,36061021800,218,Census Tract 218,G5020,S,181869,0,+40.8032221,-73.9525241,61,36,40.8032221,-73.9525241,2089,10176.66667,No
449,36047015100,36,47,15100,36047015100,151,Census Tract 151,G5020,S,149311,0,+40.6656890,-73.9825855,47,36,40.665689,-73.9825855,2087,9826,No
1508,36081015900,36,81,15900,36081015900,159,Census Tract 159,G5020,S,169679,0,+40.7557869,-73.9183425,81,36,40.7557869,-73.9183425,2086.666667,10403.66667,No
1296,36061019300,36,61,19300,36061019300,193,Census Tract 193,G5020,S,175717,0,+40.8005051,-73.9619564,61,36,40.8005051,-73.9619564,2082.666667,9288.666667,No
1565,36081025301,36,81,25301,36081025301,253.01,Census Tract 253.01,G5020,S,127425,0,+40.7445714,-73.9165329,81,36,40.7445714,-73.9165329,2082.333333,9577.666667,No
1437,36081007500,36,81,7500,36081007500,75,Census Tract 75,G5020,S,129230,0,+40.7645436,-73.9273299,81,36,40.7645436,-73.9273299,2079,10396,No
799,36047053700,36,47,53700,36047053700,537,Census Tract 537,G5020,S,167461,0,+40.7002982,-73.9599545,47,36,40.7002982,-73.9599545,2078.333333,7092.333333,No
1432,36081006501,36,81,6501,36081006501,65.01,Census Tract 65.01,G5020,S,111415,0,+40.7680492,-73.9176724,81,36,40.7680492,-73.9176724,2077,11362,No
1335,36061023100,36,61,23100,36061023100,231,Census Tract 231,G5020,S,182674,0,+40.8258302,-73.9440935,61,36,40.8258302,-73.9440935,2075.666667,12219,No
1096,36047152200,36,47,152200,36047152200,1522,Census Tract 1522,G5020,S,389973,0,+40.6439742,-73.9671836,47,36,40.6439742,-73.9671836,2072.666667,12168.66667,No
1306,36061020102,36,61,20102,36061020102,201.02,Census Tract 201.02,G5020,S,83350,0,+40.8050511,-73.9566329,61,36,40.8050511,-73.9566329,2072.666667,10030.33333,No
426,36047012700,36,47,12700,36047012700,127,Census Tract 127,G5020,S,163391,0,+40.6817476,-73.9828507,47,36,40.6817476,-73.9828507,2071.666667,9270,No
1115,36061002000,36,61,2000,36061002000,20,Census Tract 20,G5020,S,122862,137882,+40.7200362,-73.9739772,61,36,40.7200362,-73.9739772,2069.666667,3689,No
385,36047006500,36,47,6500,36047006500,65,Census Tract 65,G5020,S,250928,0,+40.6790574,-73.999459,47,36,40.6790574,-73.999459,2068,7910,No
1094,36047123700,36,47,123700,36047123700,1237,Census Tract 1237,G5020,S,321360,0,+40.6967384,-73.9567404,47,36,40.6967384,-73.9567404,2066.333333,7060.333333,No
1467,36081011500,36,81,11500,36081011500,115,Census Tract 115,G5020,S,185559,0,+40.7744206,-73.9133464,81,36,40.7744206,-73.9133464,2066,11872,No
1316,36061021303,36,61,21303,36061021303,213.03,Census Tract 213.03,G5020,S,153292,0,+40.8145587,-73.9531391,61,36,40.8145587,-73.9531391,2064,10822.66667,No
726,36047044900,36,47,44900,36047044900,449,Census Tract 449,G5020,S,2118823,213888,+40.7176049,-73.929984,47,36,40.7176049,-73.929984,2061,6358,No
1505,36081015700,36,81,15700,36081015700,157,Census Tract 157,G5020,S,128464,0,+40.7550147,-73.9219258,81,36,40.7550147,-73.9219258,2057.666667,10381.66667,No
846,36047059300,36,47,59300,36047059300,593,Census Tract 593,G5020,S,188108,0,+40.7259943,-73.9383344,47,36,40.7259943,-73.9383344,2056.666667,6958.333333,No
575,36047028502,36,47,28502,36047028502,285.02,Census Tract 285.02,G5020,S,119870,0,+40.6974508,-73.9408852,47,36,40.6974508,-73.9408852,2053.666667,8217.333333,No
706,36047042900,36,47,42900,36047042900,429,Census Tract 429,G5020,S,168134,0,+40.7017991,-73.9234556,47,36,40.7017991,-73.9234556,2053.333333,9280,No
1526,36081018300,36,81,18300,36081018300,183,Census Tract 183,G5020,S,214220,0,+40.7453503,-73.9196719,81,36,40.7453503,-73.9196719,2053.333333,9537.666667,No
431,36047013100,36,47,13100,36047013100,131,Census Tract 131,G5020,S,156385,0,+40.6777175,-73.9796019,47,36,40.6777175,-73.9796019,2052,8641.666667,No
479,36047018501,36,47,18501,36047018501,185.01,Census Tract 185.01,G5020,S,104670,0,+40.6946997,-73.9741388,47,36,40.6946997,-73.9741388,2050.666667,7382.333333,No
6,36005002300,36,5,2300,36005002300,23,Census Tract 23,G5020,S,104522,0,+40.8090843,-73.9258461,5,36,40.8090843,-73.9258461,2049,11021,No
1318,36061021500,36,61,21500,36061021500,215,Census Tract 215,G5020,S,69710,0,+40.8135272,-73.9494713,61,36,40.8135272,-73.9494713,2048,10772.66667,No
1425,36081005700,36,81,5700,36081005700,57,Census Tract 57,G5020,S,223565,0,+40.7569544,-73.9256721,81,36,40.7569544,-73.9256721,2046,9775,No
1744,36081053900,36,81,53900,36081053900,539,Census Tract 539,G5020,S,606908,0,+40.7104724,-73.9165372,81,36,40.7104724,-73.9165372,2045.666667,8904.666667,No
396,36047007700,36,47,7700,36047007700,77,Census Tract 77,G5020,S,392069,0,+40.6769912,-73.995249,47,36,40.6769912,-73.995249,2041,7848,No
934,36047079601,36,47,79601,36047079601,796.01,Census Tract 796.01,G5020,S,110399,0,+40.6565964,-73.9582723,47,36,40.6565964,-73.9582723,2040.666667,11045.66667,No
807,36047054700,36,47,54700,36047054700,547,Census Tract 547,G5020,S,168436,0,+40.7085181,-73.9665621,47,36,40.7085181,-73.9665621,2039,6255.333333,No
577,36047028700,36,47,28700,36047028700,287,Census Tract 287,G5020,S,149057,0,+40.6956337,-73.9354207,47,36,40.6956337,-73.9354207,2030.666667,8593.666667,No
716,36047043900,36,47,43900,36047043900,439,Census Tract 439,G5020,S,199558,0,+40.6975122,-73.909371,47,36,40.6975122,-73.909371,2025.666667,10098.33333,No
552,36047026300,36,47,26300,36047026300,263,Census Tract 263,G5020,S,119604,0,+40.6894684,-73.9451314,47,36,40.6894684,-73.9451314,2023,8448.333333,No
1428,36081006100,36,81,6100,36081006100,61,Census Tract 61,G5020,S,195052,0,+40.7620307,-73.922041,81,36,40.7620307,-73.922041,2023,10298,No
1280,36061017700,36,61,17700,36061017700,177,Census Tract 177,G5020,S,174561,0,+40.7903083,-73.9693891,61,36,40.7903083,-73.9693891,2020.666667,8472.333333,No
1255,36061015500,36,61,15500,36061015500,155,Census Tract 155,G5020,S,207235,214825,+40.7785469,-73.990183,61,36,40.7785469,-73.990183,2018,6317,No
1291,36061018800,36,61,18800,36061018800,188,Census Tract 188,G5020,S,148532,0,+40.7975948,-73.9372599,61,36,40.7975948,-73.9372599,2015,9053,No
770,36047050801,36,47,50801,36047050801,508.01,Census Tract 508.01,G5020,S,78240,0,+40.6512352,-73.9607363,47,36,40.6512352,-73.9607363,2014.666667,11523.33333,No
1273,36061017000,36,61,17000,36061017000,170,Census Tract 170,G5020,S,182916,0,+40.7909025,-73.9421468,61,36,40.7909025,-73.9421468,2013.666667,8146,No
1226,36061012900,36,61,12900,36061012900,129,Census Tract 129,G5020,S,404996,407508,+40.7650139,-73.9998117,61,36,40.7650139,-73.9998117,2012.666667,5211.333333,No
486,36047019300,36,47,19300,36047019300,193,Census Tract 193,G5020,S,269727,0,+40.6912795,-73.9626407,47,36,40.6912795,-73.9626407,2012,8854.333333,No
1427,36081005900,36,81,5900,36081005900,59,Census Tract 59,G5020,S,190210,0,+40.7597006,-73.9239255,81,36,40.7597006,-73.9239255,2011,10295,No
1422,36081005300,36,81,5300,36081005300,53,Census Tract 53,G5020,S,196497,0,+40.7603485,-73.9292728,81,36,40.7603485,-73.9292728,2009,9742,No
708,36047043100,36,47,43100,36047043100,431,Census Tract 431,G5020,S,168208,0,+40.6996605,-73.919698,47,36,40.6996605,-73.919698,2007.666667,9809,No
1233,36061013600,36,61,13600,36061013600,136,Census Tract 136,G5020,S,221608,109205,+40.7725278,-73.9480644,61,36,40.7725278,-73.9480644,2005.333333,7815,No
1477,36081012500,36,81,12500,36081012500,125,Census Tract 125,G5020,S,161806,0,+40.7709334,-73.9156734,81,36,40.7709334,-73.9156734,2005,11265,No
1288,36061018500,36,61,18500,36061018500,185,Census Tract 185,G5020,S,130383,0,+40.7945001,-73.9663636,61,36,40.7945001,-73.9663636,2002,8408.666667,No
1750,36081054900,36,81,54900,36081054900,549,Census Tract 549,G5020,S,161539,0,+40.7022172,-73.9077595,81,36,40.7022172,-73.9077595,2000.666667,10187,No
1272,36061016900,36,61,16900,36061016900,169,Census Tract 169,G5020,S,179999,0,+40.7851959,-73.9731195,61,36,40.7851959,-73.9731195,1997.666667,7505,No
1283,36061018000,36,61,18000,36061018000,180,Census Tract 180,G5020,S,212522,0,+40.7944017,-73.939595,61,36,40.7944017,-73.939595,1997.333333,8538.666667,No
1292,36061018900,36,61,18900,36061018900,189,Census Tract 189,G5020,S,265399,0,+40.7973281,-73.9642508,61,36,40.7973281,-73.9642508,1992.666667,8579.666667,No
1293,36061019000,36,61,19000,36061019000,190,Census Tract 190,G5020,S,103802,0,+40.8019616,-73.9476194,61,36,40.8019616,-73.9476194,1990.333333,9696.666667,No
496,36047020300,36,47,20300,36047020300,203,Census Tract 203,G5020,S,140848,0,+40.6799568,-73.9648123,47,36,40.6799568,-73.9648123,1987,9553.666667,No
477,36047018300,36,47,18300,36047018300,183,Census Tract 183,G5020,S,137311,0,+40.6913760,-73.9714779,47,36,40.691376,-73.9714779,1985.333333,8083.666667,No
665,36047038900,36,47,38900,36047038900,389,Census Tract 389,G5020,S,162908,0,+40.6994385,-73.9372346,47,36,40.6994385,-73.9372346,1983.666667,8143.333333,No
1319,36061021600,36,61,21600,36061021600,216,Census Tract 216,G5020,S,173198,0,+40.8006768,-73.954388,61,36,40.8006768,-73.954388,1982,9822,No
454,36047015700,36,47,15700,36047015700,157,Census Tract 157,G5020,S,167428,0,+40.6730524,-73.9764165,47,36,40.6730524,-73.9764165,1976.666667,8685.333333,No
718,36047044100,36,47,44100,36047044100,441,Census Tract 441,G5020,S,141811,0,+40.7014036,-73.9140585,47,36,40.7014036,-73.9140585,1973.666667,10034.66667,No
1106,36061001002,36,61,1002,36061001002,10.02,Census Tract 10.02,G5020,S,200973,248060,+40.7168343,-73.9750294,61,36,40.7168343,-73.9750294,1972,3939,No
771,36047050803,36,47,50803,36047050803,508.03,Census Tract 508.03,G5020,S,56086,0,+40.6539088,-73.9606234,47,36,40.6539088,-73.9606234,1969.666667,10929.66667,No
498,36047020500,36,47,20500,36047020500,205,Census Tract 205,G5020,S,159711,0,+40.6774755,-73.9657037,47,36,40.6774755,-73.9657037,1967.666667,8685.333333,No
391,36047007100,36,47,7100,36047007100,71,Census Tract 71,G5020,S,167532,3828,+40.6830210,-73.9861157,47,36,40.683021,-73.9861157,1966,7219,No
1229,36061013200,36,61,13200,36061013200,132,Census Tract 132,G5020,S,206003,76054,+40.7693047,-73.9500032,61,36,40.7693047,-73.9500032,1965,7092,No
1289,36061018600,36,61,18600,36061018600,186,Census Tract 186,G5020,S,121741,0,+40.7991059,-73.9497088,61,36,40.7991059,-73.9497088,1961.333333,9316.333333,No
488,36047019500,36,47,19500,36047019500,195,Census Tract 195,G5020,S,137020,0,+40.6914101,-73.9674998,47,36,40.6914101,-73.9674998,1957,9260.333333,No
521,36047023100,36,47,23100,36047023100,231,Census Tract 231,G5020,S,159414,0,+40.6857866,-73.9608381,47,36,40.6857866,-73.9608381,1953,9025.333333,No
772,36047050804,36,47,50804,36047050804,508.04,Census Tract 508.04,G5020,S,103103,0,+40.6528350,-73.963573,47,36,40.652835,-73.963573,1947.666667,11452.33333,No
1304,36061020000,36,61,20000,36061020000,200,Census Tract 200,G5020,S,129288,0,+40.8057859,-73.9452336,61,36,40.8057859,-73.9452336,1947,9860.333333,No
394,36047007500,36,47,7500,36047007500,75,Census Tract 75,G5020,S,282781,0,+40.6812953,-73.9920163,47,36,40.6812953,-73.9920163,1945,7734,No
1239,36061014300,36,61,14300,36061014300,143,Census Tract 143,G5020,S,2939920,618851,+40.7814695,-73.9667842,61,36,40.7814695,-73.9667842,1943,7297,No
1287,36061018400,36,61,18400,36061018400,184,Census Tract 184,G5020,S,176580,0,+40.7996841,-73.9450687,61,36,40.7996841,-73.9450687,1937,8989,No
1348,36061024200,36,61,24200,36061024200,242,Census Tract 242,G5020,S,359361,138947,+40.8059188,-73.9334775,61,36,40.8059188,-73.9334775,1937,9975,No
1277,36061017401,36,61,17401,36061017401,174.01,Census Tract 174.01,G5020,S,100812,0,+40.7948875,-73.948576,61,36,40.7948875,-73.948576,1935,8606,No
667,36047039100,36,47,39100,36047039100,391,Census Tract 391,G5020,S,166173,0,+40.6997950,-73.933655,47,36,40.699795,-73.933655,1934.333333,8365,No
937,36047079802,36,47,79802,36047079802,798.02,Census Tract 798.02,G5020,S,106372,0,+40.6579907,-73.9613712,47,36,40.6579907,-73.9613712,1933.666667,10510.33333,No
796,36047053300,36,47,53300,36047053300,533,Census Tract 533,G5020,S,193797,0,+40.7037756,-73.9573649,47,36,40.7037756,-73.9573649,1928.666667,6527.666667,No
1309,36061020600,36,61,20600,36061020600,206,Census Tract 206,G5020,S,148748,0,+40.8082917,-73.9387853,61,36,40.8082917,-73.9387853,1926.666667,10023.66667,No
1266,36061016300,36,61,16300,36061016300,163,Census Tract 163,G5020,S,263128,352996,+40.7835282,-73.9860998,61,36,40.7835282,-73.9860998,1924,6243,No
611,36047032700,36,47,32700,36047032700,327,Census Tract 327,G5020,S,177080,0,+40.6626465,-73.9587961,47,36,40.6626465,-73.9587961,1921.666667,10481.33333,No
400,36047008400,36,47,8400,36047008400,84,Census Tract 84,G5020,S,237389,0,+40.6538853,-74.00441,47,36,40.6538853,-74.00441,1917,11020.33333,No
525,36047023500,36,47,23500,36047023500,235,Census Tract 235,G5020,S,141574,0,+40.6925130,-73.9577849,47,36,40.692513,-73.9577849,1917,8299.333333,No
822,36047056300,36,47,56300,36047056300,563,Census Tract 563,G5020,S,389752,33280,+40.7351198,-73.9592518,47,36,40.7351198,-73.9592518,1913.333333,7318.333333,No
1214,36061011600,36,61,11600,36061011600,116,Census Tract 116,G5020,S,209702,108796,+40.7624537,-73.9557716,61,36,40.7624537,-73.9557716,1899.666667,6379.666667,No
1157,36061006200,36,61,6200,36061006200,62,Census Tract 62,G5020,S,305855,825923,+40.7386044,-73.9728432,61,36,40.7386044,-73.9728432,1898,3451.666667,No
720,36047044300,36,47,44300,36047044300,443,Census Tract 443,G5020,S,166471,0,+40.7032963,-73.9167103,47,36,40.7032963,-73.9167103,1895.666667,9364,No
574,36047028501,36,47,28501,36047028501,285.01,Census Tract 285.01,G5020,S,83241,0,+40.6994266,-73.9420907,47,36,40.6994266,-73.9420907,1887.666667,8447,No
1420,36081005100,36,81,5100,36081005100,51,Census Tract 51,G5020,S,137123,0,+40.7556398,-73.9321381,81,36,40.7556398,-73.9321381,1883,9405.333333,No
1524,36081018102,36,81,18102,36081018102,181.02,Census Tract 181.02,G5020,S,96475,0,+40.7442918,-73.9222688,81,36,40.7442918,-73.9222688,1873.333333,8965.666667,No
535,36047024700,36,47,24700,36047024700,247,Census Tract 247,G5020,S,182167,0,+40.6794357,-73.9493245,47,36,40.6794357,-73.9493245,1870,10605.66667,No
1278,36061017402,36,61,17402,36061017402,174.02,Census Tract 174.02,G5020,S,50730,0,+40.7968026,-73.9471624,61,36,40.7968026,-73.9471624,1867,8531,No
1276,36061017300,36,61,17300,36061017300,173,Census Tract 173,G5020,S,178602,0,+40.7877705,-73.9712361,61,36,40.7877705,-73.9712361,1866.666667,7383,No
1181,36061008602,36,61,8602,36061008602,86.02,Census Tract 86.02,G5020,S,109572,330049,+40.7497577,-73.9662388,61,36,40.7497577,-73.9662388,1865.333333,3575.666667,No
1297,36061019400,36,61,19400,36061019400,194,Census Tract 194,G5020,S,175052,0,+40.8004651,-73.935186,61,36,40.8004651,-73.935186,1860.666667,9609.666667,No
341,36047000301,36,47,301,36047000301,3.01,Census Tract 3.01,G5020,S,214944,0,+40.6964163,-73.9974952,47,36,40.6964163,-73.9974952,1855,7773.666667,No
517,36047022700,36,47,22700,36047022700,227,Census Tract 227,G5020,S,240759,0,+40.6815079,-73.9572525,47,36,40.6815079,-73.9572525,1855,10115.66667,No
529,36047024100,36,47,24100,36047024100,241,Census Tract 241,G5020,S,180215,0,+40.6922221,-73.9538035,47,36,40.6922221,-73.9538035,1854,8216.333333,No
1267,36061016400,36,61,16400,36061016400,164,Census Tract 164,G5020,S,177391,0,+40.7877141,-73.9444745,61,36,40.7877141,-73.9444745,1853.666667,8372.666667,No
475,36047018100,36,47,18100,36047018100,181,Census Tract 181,G5020,S,168843,0,+40.6877750,-73.9723679,47,36,40.687775,-73.9723679,1853.333333,8129,No
27,36005005100,36,5,5100,36005005100,51,Census Tract 51,G5020,S,489293,0,+40.8133080,-73.9273822,5,36,40.813308,-73.9273822,1852,10837.33333,No
550,36047026100,36,47,26100,36047026100,261,Census Tract 261,G5020,S,199418,0,+40.6923989,-73.9457142,47,36,40.6923989,-73.9457142,1848,7449.333333,No
1241,36061014402,36,61,14402,36061014402,144.02,Census Tract 144.02,G5020,S,173573,0,+40.7762339,-73.9453767,61,36,40.7762339,-73.9453767,1848,7712,No
753,36047049100,36,47,49100,36047049100,491,Census Tract 491,G5020,S,213163,0,+40.7035729,-73.9440999,47,36,40.7035729,-73.9440999,1847.666667,7798,No
473,36047017900,36,47,17900,36047017900,179,Census Tract 179,G5020,S,158819,0,+40.6842454,-73.9713339,47,36,40.6842454,-73.9713339,1841.666667,8269.333333,No
1406,36081003300,36,81,3300,36081003300,33,Census Tract 33,G5020,S,508310,0,+40.7543878,-73.9380943,81,36,40.7543878,-73.9380943,1839,8445,No
844,36047059100,36,47,59100,36047059100,591,Census Tract 591,G5020,S,190714,0,+40.7235530,-73.9429265,47,36,40.723553,-73.9429265,1838.666667,5979.333333,No
494,36047020100,36,47,20100,36047020100,201,Census Tract 201,G5020,S,175379,0,+40.6838477,-73.9633875,47,36,40.6838477,-73.9633875,1838,9397.666667,No
539,36047025100,36,47,25100,36047025100,251,Census Tract 251,G5020,S,138489,0,+40.6878546,-73.9493878,47,36,40.6878546,-73.9493878,1838,8197.333333,No
1215,36061011700,36,61,11700,36061011700,117,Census Tract 117,G5020,S,193863,170206,+40.7611059,-74.0024791,61,36,40.7611059,-74.0024791,1838,4465,No
1136,36061003900,36,61,3900,36061003900,39,Census Tract 39,G5020,S,335141,447417,+40.7215550,-74.012927,61,36,40.721555,-74.012927,1836.666667,4574.333333,No
367,36047004500,36,47,4500,36047004500,45,Census Tract 45,G5020,S,170538,0,+40.6881460,-73.995287,47,36,40.688146,-73.995287,1836.333333,7629,No
1271,36061016800,36,61,16800,36061016800,168,Census Tract 168,G5020,S,201993,0,+40.7910510,-73.951345,61,36,40.791051,-73.951345,1836,7994,No
831,36047057300,36,47,57300,36047057300,573,Census Tract 573,G5020,S,170120,0,+40.7280486,-73.9488298,47,36,40.7280486,-73.9488298,1832,6681.333333,No
798,36047053500,36,47,53500,36047053500,535,Census Tract 535,G5020,S,129701,0,+40.7061428,-73.9612325,47,36,40.7061428,-73.9612325,1826.666667,6924.666667,No
1343,36061023801,36,61,23801,36061023801,238.01,Census Tract 238.01,G5020,S,358418,452570,+40.7513900,-73.959515,61,36,40.75139,-73.959515,1822.666667,7091.333333,No
1424,36081005500,36,81,5500,36081005500,55,Census Tract 55,G5020,S,165958,0,+40.7537949,-73.9277888,81,36,40.7537949,-73.9277888,1819.333333,8793,No
531,36047024300,36,47,24300,36047024300,243,Census Tract 243,G5020,S,154349,0,+40.6874555,-73.952856,47,36,40.6874555,-73.952856,1819,8174.333333,No
702,36047042500,36,47,42500,36047042500,425,Census Tract 425,G5020,S,167840,0,+40.7014485,-73.9309587,47,36,40.7014485,-73.9309587,1815.333333,7643.333333,No
936,36047079801,36,47,79801,36047079801,798.01,Census Tract 798.01,G5020,S,129680,0,+40.6600109,-73.9587186,47,36,40.6600109,-73.9587186,1813.666667,10353.33333,No
1119,36061002400,36,61,2400,36061002400,24,Census Tract 24,G5020,S,183286,470254,+40.7231908,-73.9729404,61,36,40.7231908,-73.9729404,1798.333333,2999.666667,No
354,36047002901,36,47,2901,36047002901,29.01,Census Tract 29.01,G5020,S,103693,0,+40.6949037,-73.9780855,47,36,40.6949037,-73.9780855,1796.666667,7035.333333,No
1302,36061019800,36,61,19800,36061019800,198,Census Tract 198,G5020,S,225452,0,+40.8043025,-73.9423627,61,36,40.8043025,-73.9423627,1794,9830,No
1400,36081002500,36,81,2500,36081002500,25,Census Tract 25,G5020,S,195884,0,+40.7550657,-73.9450541,81,36,40.7550657,-73.9450541,1791.666667,7979,No
1164,36061006900,36,61,6900,36061006900,69,Census Tract 69,G5020,S,224990,269969,+40.7294317,-74.0124667,61,36,40.7294317,-74.0124667,1788.666667,3011.666667,No
344,36047000700,36,47,700,36047000700,7,Census Tract 7,G5020,S,174195,0,+40.6923198,-73.997299,47,36,40.6923198,-73.997299,1787.333333,7706,No
809,36047054900,36,47,54900,36047054900,549,Census Tract 549,G5020,S,195118,0,+40.7111716,-73.9657308,47,36,40.7111716,-73.9657308,1784.333333,5519.333333,No
722,36047044500,36,47,44500,36047044500,445,Census Tract 445,G5020,S,166139,0,+40.7049927,-73.9197067,47,36,40.7049927,-73.9197067,1780.666667,8618.333333,No
824,36047056500,36,47,56500,36047056500,565,Census Tract 565,G5020,S,251567,0,+40.7301815,-73.9579645,47,36,40.7301815,-73.9579645,1779,7333.333333,No
455,36047015900,36,47,15900,36047015900,159,Census Tract 159,G5020,S,250844,0,+40.6751927,-73.97307,47,36,40.6751927,-73.97307,1776.666667,8466.333333,No
548,36047025902,36,47,25902,36047025902,259.02,Census Tract 259.02,G5020,S,59594,0,+40.6969660,-73.945154,47,36,40.696966,-73.945154,1770,7347.333333,No
704,36047042700,36,47,42700,36047042700,427,Census Tract 427,G5020,S,149074,0,+40.7036936,-73.9271843,47,36,40.7036936,-73.9271843,1765,7717,No
1240,36061014401,36,61,14401,36061014401,144.01,Census Tract 144.01,G5020,S,74319,0,+40.7752486,-73.947552,61,36,40.7752486,-73.947552,1764.333333,7847.666667,No
820,36047056100,36,47,56100,36047056100,561,Census Tract 561,G5020,S,341542,25809,+40.7261911,-73.9569235,47,36,40.7261911,-73.9569235,1763.666667,5937.333333,No
1262,36061016001,36,61,16001,36061016001,160.01,Census Tract 160.01,G5020,S,125615,0,+40.7856349,-73.9553223,61,36,40.7856349,-73.9553223,1760,7458,No
1284,36061018100,36,61,18100,36061018100,181,Census Tract 181,G5020,S,138455,0,+40.7925562,-73.967746,61,36,40.7925562,-73.967746,1760,8030.333333,No
1098,36061000201,36,61,201,36061000201,2.01,Census Tract 2.01,G5020,S,90205,88971,+40.7098991,-73.9855836,61,36,40.7098991,-73.9855836,1759,4249,No
1195,36061009900,36,61,9900,36061009900,99,Census Tract 99,G5020,S,1007102,1125670,+40.7523775,-74.0083669,61,36,40.7523775,-74.0083669,1758.333333,3372.333333,No
1523,36081018101,36,81,18101,36081018101,181.01,Census Tract 181.01,G5020,S,98221,0,+40.7444961,-73.9241451,81,36,40.7444961,-73.9241451,1745.333333,8804.666667,No
1382,36061031703,36,61,31703,36061031703,317.03,Census Tract 317.03,G5020,S,303277,412034,+40.7180530,-74.016843,61,36,40.718053,-74.016843,1732.666667,4693.333333,No
459,36047016300,36,47,16300,36047016300,163,Census Tract 163,G5020,S,184092,0,+40.6791843,-73.9700051,47,36,40.6791843,-73.9700051,1731.666667,8378.333333,No
457,36047016100,36,47,16100,36047016100,161,Census Tract 161,G5020,S,182398,0,+40.6798885,-73.9731895,47,36,40.6798885,-73.9731895,1723.666667,8632.333333,No
1103,36061000800,36,61,800,36061000800,8,Census Tract 8,G5020,S,217626,179457,+40.7101266,-73.9931927,61,36,40.7101266,-73.9931927,1723,4212,No
1134,36061003700,36,61,3700,36061003700,37,Census Tract 37,G5020,S,409860,295543,+40.7260999,-74.0117336,61,36,40.7260999,-74.0117336,1720.666667,3759.333333,No
751,36047048900,36,47,48900,36047048900,489,Census Tract 489,G5020,S,91612,0,+40.7029213,-73.9392589,47,36,40.7029213,-73.9392589,1718.333333,7467.333333,No
1245,36061014700,36,61,14700,36061014700,147,Census Tract 147,G5020,S,65414,0,+40.7713285,-73.9888036,61,36,40.7713285,-73.9888036,1717.666667,5033.333333,No
1521,36081017900,36,81,17900,36081017900,179,Census Tract 179,G5020,S,468004,0,+40.7446864,-73.9302543,81,36,40.7446864,-73.9302543,1714,7818.333333,No
1268,36061016500,36,61,16500,36061016500,165,Census Tract 165,G5020,S,204317,0,+40.7823577,-73.9749987,61,36,40.7823577,-73.9749987,1710,6578.333333,No
541,36047025300,36,47,25300,36047025300,253,Census Tract 253,G5020,S,161836,0,+40.6926220,-73.9503366,47,36,40.692622,-73.9503366,1705,7260.333333,No
365,36047004300,36,47,4300,36047004300,43,Census Tract 43,G5020,S,166278,0,+40.6882118,-73.9896017,47,36,40.6882118,-73.9896017,1703,6919,No
1385,36081000100,36,81,100,36081000100,1,Census Tract 1,G5020,S,1143608,206737,+40.7422074,-73.9436183,81,36,40.7422074,-73.9436183,1703,6572,No
1263,36061016002,36,61,16002,36061016002,160.02,Census Tract 160.02,G5020,S,51422,0,+40.7878787,-73.9536853,61,36,40.7878787,-73.9536853,1702,7339,No
492,36047019900,36,47,19900,36047019900,199,Census Tract 199,G5020,S,188914,0,+40.6840329,-73.9669265,47,36,40.6840329,-73.9669265,1693,9215.666667,No
748,36047048500,36,47,48500,36047048500,485,Census Tract 485,G5020,S,580952,0,+40.7078400,-73.9363492,47,36,40.70784,-73.9363492,1671.333333,6615.333333,No
1389,36081000700,36,81,700,36081000700,7,Census Tract 7,G5020,S,545016,0,+40.7448438,-73.9514092,81,36,40.7448438,-73.9514092,1667.333333,6434.666667,No
1275,36061017200,36,61,17200,36061017200,172,Census Tract 172,G5020,S,177939,0,+40.7938270,-73.9451333,61,36,40.793827,-73.9451333,1663,8293,No
1117,36061002201,36,61,2201,36061002201,22.01,Census Tract 22.01,G5020,S,161668,0,+40.7191156,-73.9818443,61,36,40.7191156,-73.9818443,1661.666667,3746.666667,No
729,36047045300,36,47,45300,36047045300,453,Census Tract 453,G5020,S,319760,0,+40.7065882,-73.9289498,47,36,40.7065882,-73.9289498,1659,7564,No
1404,36081003100,36,81,3100,36081003100,31,Census Tract 31,G5020,S,164961,0,+40.7531761,-73.9339044,81,36,40.7531761,-73.9339044,1656,8844,No
1201,36061010601,36,61,10601,36061010601,106.01,Census Tract 106.01,G5020,S,132283,120515,+40.7568359,-73.9604665,61,36,40.7568359,-73.9604665,1647.333333,4819.666667,No
1238,36061014200,36,61,14200,36061014200,142,Census Tract 142,G5020,S,178986,0,+40.7772742,-73.9614257,61,36,40.7772742,-73.9614257,1644.666667,6346.333333,No
353,36047002300,36,47,2300,36047002300,23,Census Tract 23,G5020,S,182005,0,+40.6995619,-73.9832758,47,36,40.6995619,-73.9832758,1643,5385,No
342,36047000501,36,47,501,36047000501,5.01,Census Tract 5.01,G5020,S,83724,0,+40.6958143,-73.9947007,47,36,40.6958143,-73.9947007,1638,7413.666667,No
724,36047044700,36,47,44700,36047044700,447,Census Tract 447,G5020,S,159120,0,+40.7066641,-73.9226498,47,36,40.7066641,-73.9226498,1637,8188.666667,No
1104,36061000900,36,61,900,36061000900,9,Census Tract 9,G5020,S,336717,422042,+40.7020688,-74.0072095,61,36,40.7020688,-74.0072095,1637,5299.666667,No
1202,36061010602,36,61,10602,36061010602,106.02,Census Tract 106.02,G5020,S,131128,63299,+40.7600851,-73.9582333,61,36,40.7600851,-73.9582333,1636.666667,4995,No
1285,36061018200,36,61,18200,36061018200,182,Census Tract 182,G5020,S,176899,0,+40.7983211,-73.9418511,61,36,40.7983211,-73.9418511,1635,8631,No
1118,36061002202,36,61,2202,36061002202,22.02,Census Tract 22.02,G5020,S,56090,0,+40.7212601,-73.9811422,61,36,40.7212601,-73.9811422,1632.333333,3711.333333,No
833,36047057500,36,47,57500,36047057500,575,Census Tract 575,G5020,S,187271,0,+40.7321132,-73.9531903,47,36,40.7321132,-73.9531903,1632,7115.333333,No
829,36047057100,36,47,57100,36047057100,571,Census Tract 571,G5020,S,175868,0,+40.7247836,-73.9476187,47,36,40.7247836,-73.9476187,1631,6369.666667,No
1254,36061015400,36,61,15400,36061015400,154,Census Tract 154,G5020,S,177371,0,+40.7813494,-73.9491245,61,36,40.7813494,-73.9491245,1622.666667,8047.333333,No
523,36047023300,36,47,23300,36047023300,233,Census Tract 233,G5020,S,171841,0,+40.6887957,-73.9574901,47,36,40.6887957,-73.9574901,1619,7993.333333,No
1107,36061001200,36,61,1200,36061001200,12,Census Tract 12,G5020,S,120593,0,+40.7159066,-73.982094,61,36,40.7159066,-73.982094,1607.333333,3921.666667,No
429,36047012902,36,47,12902,36047012902,129.02,Census Tract 129.02,G5020,S,127063,0,+40.6807693,-73.9760267,47,36,40.6807693,-73.9760267,1606.333333,8025,No
389,36047006900,36,47,6900,36047006900,69,Census Tract 69,G5020,S,179082,0,+40.6852348,-73.9917012,47,36,40.6852348,-73.9917012,1603,6789,No
788,36047052500,36,47,52500,36047052500,525,Census Tract 525,G5020,S,125394,0,+40.7088970,-73.9599897,47,36,40.708897,-73.9599897,1602.666667,6236,No
545,36047025700,36,47,25700,36047025700,257,Census Tract 257,G5020,S,181120,0,+40.6982180,-73.9473445,47,36,40.698218,-73.9473445,1593,6610.333333,No
364,36047004100,36,47,4100,36047004100,41,Census Tract 41,G5020,S,162018,0,+40.6865997,-73.9850537,47,36,40.6865997,-73.9850537,1589,7140,No
1109,36061001401,36,61,1401,36061001401,14.01,Census Tract 14.01,G5020,S,93510,0,+40.7151603,-73.9873314,61,36,40.7151603,-73.9873314,1585,3703.666667,No
794,36047053100,36,47,53100,36047053100,531,Census Tract 531,G5020,S,161566,0,+40.7007299,-73.9541749,47,36,40.7007299,-73.9541749,1584,6591.333333,No
1264,36061016100,36,61,16100,36061016100,161,Census Tract 161,G5020,S,155741,0,+40.7799492,-73.9771934,61,36,40.7799492,-73.9771934,1581.333333,6010.666667,No
543,36047025500,36,47,25500,36047025500,255,Census Tract 255,G5020,S,138635,0,+40.6973922,-73.9512862,47,36,40.6973922,-73.9512862,1581,6581.333333,No
1269,36061016600,36,61,16600,36061016600,166,Census Tract 166,G5020,S,171503,0,+40.7893746,-73.9483593,61,36,40.7893746,-73.9483593,1576,7719.333333,No
761,36047049900,36,47,49900,36047049900,499,Census Tract 499,G5020,S,141036,0,+40.7209167,-73.9468849,47,36,40.7209167,-73.9468849,1572,5751,No
1227,36061013000,36,61,13000,36061013000,130,Census Tract 130,G5020,S,178226,0,+40.7727364,-73.9647332,61,36,40.7727364,-73.9647332,1571.333333,5803.666667,No
547,36047025901,36,47,25901,36047025901,259.01,Census Tract 259.01,G5020,S,80237,0,+40.6949675,-73.946224,47,36,40.6949675,-73.946224,1567,7159.333333,No
363,36047003900,36,47,3900,36047003900,39,Census Tract 39,G5020,S,156923,0,+40.6849013,-73.980824,47,36,40.6849013,-73.980824,1562.333333,7913,No
1221,36061012400,36,61,12400,36061012400,124,Census Tract 124,G5020,S,179281,58887,+40.7660368,-73.952871,61,36,40.7660368,-73.952871,1557,7020,No
1261,36061015900,36,61,15900,36061015900,159,Census Tract 159,G5020,S,175898,110770,+40.7803844,-73.9870937,61,36,40.7803844,-73.9870937,1557,5919,No
1180,36061008601,36,61,8601,36061008601,86.01,Census Tract 86.01,G5020,S,124213,482382,+40.7461341,-73.9694101,61,36,40.7461341,-73.9694101,1552.666667,2910,No
1170,36061007500,36,61,7500,36061007500,75,Census Tract 75,G5020,S,179638,269788,+40.7342201,-74.0113049,61,36,40.7342201,-74.0113049,1547,2783.333333,No
343,36047000502,36,47,502,36047000502,5.02,Census Tract 5.02,G5020,S,96812,0,+40.6951345,-73.9928612,47,36,40.6951345,-73.9928612,1532,7259.333333,No
428,36047012901,36,47,12901,36047012901,129.01,Census Tract 129.01,G5020,S,136889,0,+40.6817265,-73.9785276,47,36,40.6817265,-73.9785276,1531.333333,7464,No
792,36047052900,36,47,52900,36047052900,529,Census Tract 529,G5020,S,174892,0,+40.7058714,-73.954506,47,36,40.7058714,-73.954506,1522,6065,No
767,36047050500,36,47,50500,36047050500,505,Census Tract 505,G5020,S,169412,0,+40.7080520,-73.9449451,47,36,40.708052,-73.9449451,1521.333333,6238,No
339,36047000100,36,47,100,36047000100,1,Census Tract 1,G5020,S,223438,0,+40.7002830,-73.9940308,47,36,40.700283,-73.9940308,1521,6163.333333,No
1235,36061013800,36,61,13800,36061013800,138,Census Tract 138,G5020,S,182091,0,+40.7749216,-73.953815,61,36,40.7749216,-73.953815,1515.666667,7263,No
1257,36061015602,36,61,15602,36061015602,156.02,Census Tract 156.02,G5020,S,108755,0,+40.7851821,-73.9463253,61,36,40.7851821,-73.9463253,1503,8612,No
1299,36061019600,36,61,19600,36061019600,196,Census Tract 196,G5020,S,177186,0,+40.8028054,-73.9385762,61,36,40.8028054,-73.9385762,1502,9484.333333,No
1112,36061001502,36,61,1502,36061001502,15.02,Census Tract 15.02,G5020,S,229548,152457,+40.7049434,-74.0025841,61,36,40.7049434,-74.0025841,1501,4528.333333,No
1383,36061031704,36,61,31704,36061031704,317.04,Census Tract 317.04,G5020,S,257640,438489,+40.7087093,-74.018973,61,36,40.7087093,-74.018973,1499,5111,No
347,36047001300,36,47,1300,36047001300,13,Census Tract 13,G5020,S,291971,0,+40.6976319,-73.9883899,47,36,40.6976319,-73.9883899,1496,6127.333333,No
742,36047047700,36,47,47700,36047047700,477,Census Tract 477,G5020,S,219292,0,+40.7182382,-73.9421434,47,36,40.7182382,-73.9421434,1496,5697.333333,No
357,36047003300,36,47,3300,36047003300,33,Census Tract 33,G5020,S,164676,0,+40.6885118,-73.978109,47,36,40.6885118,-73.978109,1488.666667,6992,No
827,36047056900,36,47,56900,36047056900,569,Census Tract 569,G5020,S,127730,0,+40.7237658,-73.952362,47,36,40.7237658,-73.952362,1484.666667,5859.666667,No
356,36047003100,36,47,3100,36047003100,31,Census Tract 31,G5020,S,288337,0,+40.6916118,-73.9777174,47,36,40.6916118,-73.9777174,1483.666667,6681.333333,No
1101,36061000600,36,61,600,36061000600,6,Census Tract 6,G5020,S,253844,178614,+40.7095940,-73.9880382,61,36,40.709594,-73.9880382,1481,3970,No
1182,36061008603,36,61,8603,36061008603,86.03,Census Tract 86.03,G5020,S,130835,145618,+40.7533793,-73.96291,61,36,40.7533793,-73.96291,1479,4006,No
1260,36061015802,36,61,15802,36061015802,158.02,Census Tract 158.02,G5020,S,51510,0,+40.7865243,-73.950465,61,36,40.7865243,-73.950465,1470,7082.333333,No
1120,36061002500,36,61,2500,36061002500,25,Census Tract 25,G5020,S,133767,107616,+40.7085998,-73.9978104,61,36,40.7085998,-73.9978104,1468,4037.666667,No
361,36047003700,36,47,3700,36047003700,37,Census Tract 37,G5020,S,167607,0,+40.6894050,-73.9847342,47,36,40.689405,-73.9847342,1466,7347.666667,No
1250,36061015002,36,61,15002,36061015002,150.02,Census Tract 150.02,G5020,S,125571,0,+40.7824499,-73.9576478,61,36,40.7824499,-73.9576478,1460.333333,6672,No
769,36047050700,36,47,50700,36047050700,507,Census Tract 507,G5020,S,174635,0,+40.7014080,-73.9470118,47,36,40.701408,-73.9470118,1455,6442.333333,No
1141,36061004400,36,61,4400,36061004400,44,Census Tract 44,G5020,S,410435,464126,+40.7280964,-73.971452,61,36,40.7280964,-73.971452,1455,2411,No
1259,36061015801,36,61,15801,36061015801,158.01,Census Tract 158.01,G5020,S,125754,0,+40.7842784,-73.9521037,61,36,40.7842784,-73.9521037,1447.333333,6940.666667,No
346,36047001100,36,47,1100,36047001100,11,Census Tract 11,G5020,S,168510,0,+40.6932904,-73.9877086,47,36,40.6932904,-73.9877086,1447,6593.333333,No
490,36047019700,36,47,19700,36047019700,197,Census Tract 197,G5020,S,169827,0,+40.6880023,-73.9667468,47,36,40.6880023,-73.9667468,1443,8770.333333,No
1231,36061013400,36,61,13400,36061013400,134,Census Tract 134,G5020,S,181778,0,+40.7717017,-73.9561658,61,36,40.7717017,-73.9561658,1440.666667,5971.333333,No
359,36047003500,36,47,3500,36047003500,35,Census Tract 35,G5020,S,133027,0,+40.6853252,-73.9761803,47,36,40.6853252,-73.9761803,1439.666667,7740,No
1102,36061000700,36,61,700,36061000700,7,Census Tract 7,G5020,S,253931,195347,+40.7038139,-74.0050607,61,36,40.7038139,-74.0050607,1439,4804.333333,No
1396,36081001900,36,81,1900,36081001900,19,Census Tract 19,G5020,S,882568,0,+40.7486417,-73.9450673,81,36,40.7486417,-73.9450673,1438,6073.333333,No
1258,36061015700,36,61,15700,36061015700,157,Census Tract 157,G5020,S,182396,0,+40.7774175,-73.9787896,61,36,40.7774175,-73.9787896,1420,5720,No
345,36047000900,36,47,900,36047000900,9,Census Tract 9,G5020,S,161375,0,+40.6917355,-73.9916274,47,36,40.6917355,-73.9916274,1416.666667,7257,No
790,36047052700,36,47,52700,36047052700,527,Census Tract 527,G5020,S,190608,0,+40.7084053,-73.9537053,47,36,40.7084053,-73.9537053,1416,5302.333333,No
811,36047055100,36,47,55100,36047055100,551,Census Tract 551,G5020,S,231586,0,+40.7139593,-73.9644095,47,36,40.7139593,-73.9644095,1412,4795.333333,No
1256,36061015601,36,61,15601,36061015601,156.01,Census Tract 156.01,G5020,S,73566,0,+40.7835686,-73.9475024,61,36,40.7835686,-73.9475024,1412,8514,No
1216,36061011800,36,61,11800,36061011800,118,Census Tract 118,G5020,S,176768,0,+40.7652748,-73.9608553,61,36,40.7652748,-73.9608553,1411,6219.333333,No
776,36047051100,36,47,51100,36047051100,511,Census Tract 511,G5020,S,159004,0,+40.7075596,-73.9485791,47,36,40.7075596,-73.9485791,1410,5726,No
348,36047001500,36,47,1500,36047001500,15,Census Tract 15,G5020,S,305446,0,+40.6942748,-73.9830225,47,36,40.6942748,-73.9830225,1409.666667,6575.333333,No
1220,36061012200,36,61,12200,36061012200,122,Census Tract 122,G5020,S,172616,0,+40.7682812,-73.9679849,61,36,40.7682812,-73.9679849,1393,5037,No
755,36047049300,36,47,49300,36047049300,493,Census Tract 493,G5020,S,228008,0,+40.7078076,-73.9413538,47,36,40.7078076,-73.9413538,1390,6287.333333,No
1174,36061007900,36,61,7900,36061007900,79,Census Tract 79,G5020,S,293327,494875,+40.7383077,-74.0103189,61,36,40.7383077,-74.0103189,1389,2530,No
745,36047048100,36,47,48100,36047048100,481,Census Tract 481,G5020,S,151301,0,+40.7138604,-73.9384989,47,36,40.7138604,-73.9384989,1381.333333,5832.666667,No
1249,36061015001,36,61,15001,36061015001,150.01,Census Tract 150.01,G5020,S,51643,0,+40.7801987,-73.9592834,61,36,40.7801987,-73.9592834,1374.333333,6557.333333,No
351,36047002100,36,47,2100,36047002100,21,Census Tract 21,G5020,S,494557,14550,+40.7027774,-73.9871401,47,36,40.7027774,-73.9871401,1372,5115,No
1230,36061013300,36,61,13300,36061013300,133,Census Tract 133,G5020,S,174356,0,+40.7647381,-73.9880352,61,36,40.7647381,-73.9880352,1361.333333,4373.333333,No
1253,36061015300,36,61,15300,36061015300,153,Census Tract 153,G5020,S,174116,0,+40.7748578,-73.9806658,61,36,40.7748578,-73.9806658,1349,5036,No
1123,36061002700,36,61,2700,36061002700,27,Census Tract 27,G5020,S,59802,0,+40.7125600,-73.9990063,61,36,40.71256,-73.9990063,1344.333333,3590.666667,No
1236,36061013900,36,61,13900,36061013900,139,Census Tract 139,G5020,S,181599,0,+40.7672923,-73.9861711,61,36,40.7672923,-73.9861711,1335,4468,No
1244,36061014602,36,61,14602,36061014602,146.02,Census Tract 146.02,G5020,S,109194,0,+40.7788148,-73.950975,61,36,40.7788148,-73.950975,1334,7763,No
773,36047050900,36,47,50900,36047050900,509,Census Tract 509,G5020,S,141790,0,+40.7032772,-73.9505645,47,36,40.7032772,-73.9505645,1330,5787.333333,No
1193,36061009700,36,61,9700,36061009700,97,Census Tract 97,G5020,S,174765,0,+40.7496604,-73.999042,61,36,40.7496604,-73.999042,1324.333333,3030,No
1111,36061001501,36,61,1501,36061001501,15.01,Census Tract 15.01,G5020,S,248448,180771,+40.7075443,-74.0014647,61,36,40.7075443,-74.0014647,1316,3869,No
1237,36061014000,36,61,14000,36061014000,140,Census Tract 140,G5020,S,179108,0,+40.7759141,-73.95821,61,36,40.7759141,-73.95821,1301.333333,6232.666667,No
1242,36061014500,36,61,14500,36061014500,145,Census Tract 145,G5020,S,178307,0,+40.7698085,-73.9842549,61,36,40.7698085,-73.9842549,1300.333333,4723.666667,No
1126,36061003001,36,61,3001,36061003001,30.01,Census Tract 30.01,G5020,S,124153,0,+40.7210057,-73.9868387,61,36,40.7210057,-73.9868387,1294.333333,2386,No
787,36047052300,36,47,52300,36047052300,523,Census Tract 523,G5020,S,142095,0,+40.7116894,-73.9588115,47,36,40.7116894,-73.9588115,1293,4658.333333,No
1248,36061014900,36,61,14900,36061014900,149,Census Tract 149,G5020,S,174055,0,+40.7723543,-73.9824834,61,36,40.7723543,-73.9824834,1290,4965,No
1243,36061014601,36,61,14601,36061014601,146.01,Census Tract 146.01,G5020,S,74328,0,+40.7771918,-73.952161,61,36,40.7771918,-73.952161,1283,7725,No
1200,36061010400,36,61,10400,36061010400,104,Census Tract 104,G5020,S,173232,0,+40.7607791,-73.9776729,61,36,40.7607791,-73.9776729,1279.666667,3892.333333,No
1213,36061011500,36,61,11500,36061011500,115,Census Tract 115,G5020,S,175961,0,+40.7571661,-73.9935528,61,36,40.7571661,-73.9935528,1277,3633,No
1225,36061012800,36,61,12800,36061012800,128,Census Tract 128,G5020,S,178789,0,+40.7713809,-73.9615172,61,36,40.7713809,-73.9615172,1276.666667,5468.333333,No
1199,36061010300,36,61,10300,36061010300,103,Census Tract 103,G5020,S,172650,0,+40.7521404,-73.9971904,61,36,40.7521404,-73.9971904,1272,3549.666667,No
1219,36061012100,36,61,12100,36061012100,121,Census Tract 121,G5020,S,178161,0,+40.7597092,-73.9917004,61,36,40.7597092,-73.9917004,1269.333333,3948.666667,No
1384,36061031900,36,61,31900,36061031900,319,Census Tract 319,G5020,S,122998,288144,+40.7025332,-74.0167192,61,36,40.7025332,-74.0167192,1261,4918,No
780,36047051500,36,47,51500,36047051500,515,Census Tract 515,G5020,S,186641,0,+40.7191334,-73.9505274,47,36,40.7191334,-73.9505274,1257,4598.333333,No
817,36047055700,36,47,55700,36047055700,557,Census Tract 557,G5020,S,282494,0,+40.7219984,-73.9593366,47,36,40.7219984,-73.9593366,1254,4589.333333,No
1203,36061010800,36,61,10800,36061010800,108,Census Tract 108,G5020,S,182539,0,+40.7589680,-73.9654532,61,36,40.758968,-73.9654532,1245,4370.666667,No
815,36047055500,36,47,55500,36047055500,555,Census Tract 555,G5020,S,261679,0,+40.7180847,-73.9632609,47,36,40.7180847,-73.9632609,1242,4571.333333,No
1224,36061012700,36,61,12700,36061012700,127,Census Tract 127,G5020,S,174026,0,+40.7622370,-73.989856,61,36,40.762237,-73.989856,1234,4082,No
1207,36061011201,36,61,11201,36061011201,112.01,Census Tract 112.01,G5020,S,79536,0,+40.7639781,-73.9753455,61,36,40.7639781,-73.9753455,1231.666667,4158.333333,No
1121,36061002601,36,61,2601,36061002601,26.01,Census Tract 26.01,G5020,S,106047,0,+40.7225850,-73.9799302,61,36,40.722585,-73.9799302,1227.333333,2510.666667,No
757,36047049500,36,47,49500,36047049500,495,Census Tract 495,G5020,S,129103,0,+40.7123628,-73.9433572,47,36,40.7123628,-73.9433572,1226.666667,5675.666667,No
1186,36061009000,36,61,9000,36061009000,90,Census Tract 90,G5020,S,178097,0,+40.7526521,-73.97004,61,36,40.7526521,-73.97004,1223.666667,2861,No
1206,36061011100,36,61,11100,36061011100,111,Census Tract 111,G5020,S,175091,0,+40.7546437,-73.9953876,61,36,40.7546437,-73.9953876,1206.666667,3539,No
1211,36061011401,36,61,11401,36061011401,114.01,Census Tract 114.01,G5020,S,98508,0,+40.7648402,-73.9704939,61,36,40.7648402,-73.9704939,1205.333333,4749,No
1113,36061001600,36,61,1600,36061001600,16,Census Tract 16,G5020,S,208268,0,+40.7159480,-73.9932822,61,36,40.715948,-73.9932822,1180.666667,3061.666667,No
1205,36061011000,36,61,11000,36061011000,110,Census Tract 110,G5020,S,176560,0,+40.7621471,-73.9631398,61,36,40.7621471,-73.9631398,1171.333333,4457.666667,No
1114,36061001800,36,61,1800,36061001800,18,Census Tract 18,G5020,S,222660,0,+40.7190473,-73.9908456,61,36,40.7190473,-73.9908456,1167.333333,2744.666667,No
1127,36061003002,36,61,3002,36061003002,30.02,Census Tract 30.02,G5020,S,78525,0,+40.7229641,-73.9858662,61,36,40.7229641,-73.9858662,1152,2226.666667,No
1208,36061011202,36,61,11202,36061011202,112.02,Census Tract 112.02,G5020,S,78008,0,+40.7626040,-73.9721311,61,36,40.762604,-73.9721311,1151.333333,4324,No
1247,36061014802,36,61,14802,36061014802,148.02,Census Tract 148.02,G5020,S,125620,0,+40.7810927,-73.9544321,61,36,40.7810927,-73.9544321,1149.666667,6288.666667,No
1130,36061003300,36,61,3300,36061003300,33,Census Tract 33,G5020,S,341838,0,+40.7188641,-74.0061467,61,36,40.7188641,-74.0061467,1149,3373,No
1168,36061007300,36,61,7300,36061007300,73,Census Tract 73,G5020,S,165299,0,+40.7341146,-74.0041065,61,36,40.7341146,-74.0041065,1142.333333,2115.333333,No
1223,36061012600,36,61,12600,36061012600,126,Census Tract 126,G5020,S,183654,0,+40.7684666,-73.9585262,61,36,40.7684666,-73.9585262,1129,6501,No
1194,36061009800,36,61,9800,36061009800,98,Census Tract 98,G5020,S,177069,0,+40.7557880,-73.9677745,61,36,40.755788,-73.9677745,1128,3688.333333,No
1192,36061009600,36,61,9600,36061009600,96,Census Tract 96,G5020,S,175329,0,+40.7563748,-73.9808861,61,36,40.7563748,-73.9808861,1127.333333,3426.666667,No
759,36047049700,36,47,49700,36047049700,497,Census Tract 497,G5020,S,165231,0,+40.7162254,-73.9446004,47,36,40.7162254,-73.9446004,1124,5251,No
1110,36061001402,36,61,1402,36061001402,14.02,Census Tract 14.02,G5020,S,114218,0,+40.7175157,-73.9858855,61,36,40.7175157,-73.9858855,1121.666667,3584,No
1218,36061012000,36,61,12000,36061012000,120,Census Tract 120,G5020,S,173023,0,+40.7669264,-73.9647673,61,36,40.7669264,-73.9647673,1119.333333,4741,No
1162,36061006700,36,61,6700,36061006700,67,Census Tract 67,G5020,S,168477,0,+40.7304513,-74.0041205,61,36,40.7304513,-74.0041205,1114.666667,3128.666667,No
765,36047050300,36,47,50300,36047050300,503,Census Tract 503,G5020,S,125308,0,+40.7122018,-73.9474623,47,36,40.7122018,-73.9474623,1109,4975.333333,No
1198,36061010200,36,61,10200,36061010200,102,Census Tract 102,G5020,S,172891,0,+40.7594238,-73.9744493,61,36,40.7594238,-73.9744493,1097.666667,3684,No
1116,36061002100,36,61,2100,36061002100,21,Census Tract 21,G5020,S,242766,0,+40.7143437,-74.0101102,61,36,40.7143437,-74.0101102,1090.666667,4072,No
1246,36061014801,36,61,14801,36061014801,148.01,Census Tract 148.01,G5020,S,51979,0,+40.7788416,-73.9560743,61,36,40.7788416,-73.9560743,1089.333333,6152.666667,No
783,36047051700,36,47,51700,36047051700,517,Census Tract 517,G5020,S,187367,0,+40.7206502,-73.9545002,47,36,40.7206502,-73.9545002,1087,4377.333333,No
1189,36061009300,36,61,9300,36061009300,93,Census Tract 93,G5020,S,179101,0,+40.7471119,-74.0008752,61,36,40.7471119,-74.0008752,1058.666667,2587,No
778,36047051300,36,47,51300,36047051300,513,Census Tract 513,G5020,S,259327,0,+40.7117883,-73.9521808,47,36,40.7117883,-73.9521808,1055,4918.333333,No
1108,36061001300,36,61,1300,36061001300,13,Census Tract 13,G5020,S,311985,0,+40.7091177,-74.0129723,61,36,40.7091177,-74.0129723,1047.333333,4265,No
1160,36061006500,36,61,6500,36061006500,65,Census Tract 65,G5020,S,201134,0,+40.7299685,-73.9995774,61,36,40.7299685,-73.9995774,1039.666667,3032.666667,No
1132,36061003601,36,61,3601,36061003601,36.01,Census Tract 36.01,G5020,S,99812,0,+40.7223222,-73.9911397,61,36,40.7223222,-73.9911397,1032.666667,1971,No
1190,36061009400,36,61,9400,36061009400,94,Census Tract 94,G5020,S,152754,0,+40.7552279,-73.9777463,61,36,40.7552279,-73.9777463,1030.333333,3063.666667,No
1122,36061002602,36,61,2602,36061002602,26.02,Census Tract 26.02,G5020,S,103692,0,+40.7243901,-73.9786159,61,36,40.7243901,-73.9786159,1029.333333,2129,No
1143,36061004700,36,61,4700,36061004700,47,Census Tract 47,G5020,S,165594,0,+40.7224189,-74.0028653,61,36,40.7224189,-74.0028653,1017,2972.333333,No
1187,36061009100,36,61,9100,36061009100,91,Census Tract 91,G5020,S,179098,0,+40.7447178,-73.9951959,61,36,40.7447178,-73.9951959,1007.666667,1801,No
1145,36061004900,36,61,4900,36061004900,49,Census Tract 49,G5020,S,207322,0,+40.7250607,-74.0004802,61,36,40.7250607,-74.0004802,1000.333333,2223.333333,No
763,36047050100,36,47,50100,36047050100,501,Census Tract 501,G5020,S,174304,0,+40.7157329,-73.9489472,47,36,40.7157329,-73.9489472,994,4824.333333,No
1183,36061008700,36,61,8700,36061008700,87,Census Tract 87,G5020,S,165444,0,+40.7422439,-73.9969962,61,36,40.7422439,-73.9969962,993,1778.666667,No
1125,36061002900,36,61,2900,36061002900,29,Census Tract 29,G5020,S,278558,0,+40.7141198,-74.000591,61,36,40.7141198,-74.000591,990.6666667,3412,No
1185,36061008900,36,61,8900,36061008900,89,Census Tract 89,G5020,S,165576,0,+40.7446380,-74.0026786,61,36,40.744638,-74.0026786,979.3333333,2263,No
1165,36061007000,36,61,7000,36061007000,70,Census Tract 70,G5020,S,177329,0,+40.7431850,-73.9769614,61,36,40.743185,-73.9769614,976.6666667,1867.333333,No
1184,36061008800,36,61,8800,36061008800,88,Census Tract 88,G5020,S,180579,0,+40.7494963,-73.9723665,61,36,40.7494963,-73.9723665,975.3333333,2607,No
1129,36061003200,36,61,3200,36061003200,32,Census Tract 32,G5020,S,217682,0,+40.7255579,-73.9837166,61,36,40.7255579,-73.9837166,966,1876,No
1173,36061007800,36,61,7800,36061007800,78,Census Tract 78,G5020,S,177472,0,+40.7463237,-73.9746729,61,36,40.7463237,-73.9746729,963,2037,No
1179,36061008400,36,61,8400,36061008400,84,Census Tract 84,G5020,S,173067,0,+40.7519695,-73.9840942,61,36,40.7519695,-73.9840942,947,3025,No
1138,36061004100,36,61,4100,36061004100,41,Census Tract 41,G5020,S,191471,0,+40.7191610,-73.9966954,61,36,40.719161,-73.9966954,938,2282.333333,No
1177,36061008200,36,61,8200,36061008200,82,Census Tract 82,G5020,S,172401,0,+40.7506132,-73.9808741,61,36,40.7506132,-73.9808741,937,2855.666667,No
785,36047051900,36,47,51900,36047051900,519,Census Tract 519,G5020,S,273632,0,+40.7157200,-73.9551691,47,36,40.71572,-73.9551691,935,4207.333333,No
1209,36061011203,36,61,11203,36061011203,112.03,Census Tract 112.03,G5020,S,77947,0,+40.7612444,-73.9689142,61,36,40.7612444,-73.9689142,908.6666667,4040.333333,No
1142,36061004500,36,61,4500,36061004500,45,Census Tract 45,G5020,S,104946,0,+40.7205701,-73.9993912,61,36,40.7205701,-73.9993912,905.3333333,2617.666667,No
1191,36061009500,36,61,9500,36061009500,95,Census Tract 95,G5020,S,171965,0,+40.7472363,-73.9933578,61,36,40.7472363,-73.9933578,902,2726.666667,No
1172,36061007700,36,61,7700,36061007700,77,Census Tract 77,G5020,S,178683,0,+40.7380854,-74.003295,61,36,40.7380854,-74.003295,901,1872,No
813,36047055300,36,47,55300,36047055300,553,Census Tract 553,G5020,S,156270,0,+40.7164576,-73.9592358,47,36,40.7164576,-73.9592358,893,4154.333333,No
1166,36061007100,36,61,7100,36061007100,71,Census Tract 71,G5020,S,164997,0,+40.7354477,-73.9999139,61,36,40.7354477,-73.9999139,890.6666667,1583,No
1133,36061003602,36,61,3602,36061003602,36.02,Census Tract 36.02,G5020,S,89004,0,+40.7245630,-73.9902061,61,36,40.724563,-73.9902061,890,1762,No
1217,36061011900,36,61,11900,36061011900,119,Census Tract 119,G5020,S,177591,0,+40.7573151,-73.9860247,61,36,40.7573151,-73.9860247,886,2903,No
1124,36061002800,36,61,2800,36061002800,28,Census Tract 28,G5020,S,183726,0,+40.7268637,-73.9768107,61,36,40.7268637,-73.9768107,881.3333333,1952,No
1234,36061013700,36,61,13700,36061013700,137,Census Tract 137,G5020,S,225671,0,+40.7652070,-73.9802337,61,36,40.765207,-73.9802337,878,3943,No
1204,36061010900,36,61,10900,36061010900,109,Census Tract 109,G5020,S,175741,0,+40.7522505,-73.9897028,61,36,40.7522505,-73.9897028,874,2435,No
1228,36061013100,36,61,13100,36061013100,131,Census Tract 131,G5020,S,174140,0,+40.7623458,-73.9823534,61,36,40.7623458,-73.9823534,870,3571,No
1197,36061010100,36,61,10100,36061010100,101,Census Tract 101,G5020,S,175518,0,+40.7497314,-73.9915412,61,36,40.7497314,-73.9915412,848,2409,No
1196,36061010000,36,61,10000,36061010000,100,Census Tract 100,G5020,S,172894,0,+40.7580653,-73.9712318,61,36,40.7580653,-73.9712318,847,3381.333333,No
1128,36061003100,36,61,3100,36061003100,31,Census Tract 31,G5020,S,205554,0,+40.7152762,-74.00386,61,36,40.7152762,-74.00386,845,3357.666667,No
1158,36061006300,36,61,6300,36061006300,63,Census Tract 63,G5020,S,178187,0,+40.7344214,-73.9968603,61,36,40.7344214,-73.9968603,840.3333333,1272.666667,No
1212,36061011402,36,61,11402,36061011402,114.02,Census Tract 114.02,G5020,S,98799,0,+40.7634831,-73.9672789,61,36,40.7634831,-73.9672789,834.3333333,4069.666667,No
1175,36061008000,36,61,8000,36061008000,80,Census Tract 80,G5020,S,172623,0,+40.7492588,-73.977652,61,36,40.7492588,-73.977652,811.6666667,2472.333333,No
1222,36061012500,36,61,12500,36061012500,125,Census Tract 125,G5020,S,174253,0,+40.7598407,-73.9841752,61,36,40.7598407,-73.9841752,810,3555,No
1178,36061008300,36,61,8300,36061008300,83,Census Tract 83,G5020,S,174181,0,+40.7421983,-74.0044535,61,36,40.7421983,-74.0044535,802.6666667,2102,No
1149,36061005501,36,61,5501,36061005501,55.01,Census Tract 55.01,G5020,S,124440,0,+40.7276734,-73.997083,61,36,40.7276734,-73.997083,793,1804,No
1161,36061006600,36,61,6600,36061006600,66,Census Tract 66,G5020,S,174704,0,+40.7400705,-73.9792317,61,36,40.7400705,-73.9792317,751.6666667,1227.666667,No
1188,36061009200,36,61,9200,36061009200,92,Census Tract 92,G5020,S,197023,0,+40.7536476,-73.9747422,61,36,40.7536476,-73.9747422,751.3333333,2776.333333,No
1135,36061003800,36,61,3800,36061003800,38,Census Tract 38,G5020,S,202380,0,+40.7273669,-73.9884656,61,36,40.7273669,-73.9884656,732,1388.666667,No
1210,36061011300,36,61,11300,36061011300,113,Census Tract 113,G5020,S,175653,0,+40.7547752,-73.9878702,61,36,40.7547752,-73.9878702,730,2701,No
1176,36061008100,36,61,8100,36061008100,81,Census Tract 81,G5020,S,174287,0,+40.7398053,-73.9987713,61,36,40.7398053,-73.9987713,724,1583.333333,No
1171,36061007600,36,61,7600,36061007600,76,Census Tract 76,G5020,S,174274,0,+40.7475672,-73.987298,61,36,40.7475672,-73.987298,700,2287,No
1140,36061004300,36,61,4300,36061004300,43,Census Tract 43,G5020,S,149239,0,+40.7233237,-73.9954663,61,36,40.7233237,-73.9954663,696,1749,No
1169,36061007400,36,61,7400,36061007400,74,Census Tract 74,G5020,S,174085,0,+40.7462136,-73.9840829,61,36,40.7462136,-73.9840829,681,1931,No
1137,36061004000,36,61,4000,36061004000,40,Census Tract 40,G5020,S,178340,0,+40.7307448,-73.9860235,61,36,40.7307448,-73.9860235,655.6666667,822.3333333,No
1154,36061005900,36,61,5900,36061005900,59,Census Tract 59,G5020,S,116169,0,+40.7312895,-73.9945614,61,36,40.7312895,-73.9945614,654.3333333,1256.666667,No
1151,36061005600,36,61,5600,36061005600,56,Census Tract 56,G5020,S,173624,0,+40.7417904,-73.9872892,61,36,40.7417904,-73.9872892,648,1286.333333,No
1167,36061007200,36,61,7200,36061007200,72,Census Tract 72,G5020,S,175017,0,+40.7448656,-73.9808584,61,36,40.7448656,-73.9808584,647,1544,No
1159,36061006400,36,61,6400,36061006400,64,Census Tract 64,G5020,S,177900,0,+40.7369538,-73.9814755,61,36,40.7369538,-73.9814755,644.6666667,824.3333333,No
1131,36061003400,36,61,3400,36061003400,34,Census Tract 34,G5020,S,160257,0,+40.7290092,-73.9814618,61,36,40.7290092,-73.9814618,626.3333333,1496.666667,No
1153,36061005800,36,61,5800,36061005800,58,Census Tract 58,G5020,S,175468,0,+40.7431454,-73.9905106,61,36,40.7431454,-73.9905106,625,1359,No
1150,36061005502,36,61,5502,36061005502,55.02,Census Tract 55.02,G5020,S,115489,0,+40.7262229,-73.9938721,61,36,40.7262229,-73.9938721,611,1629,No
1148,36061005400,36,61,5400,36061005400,54,Census Tract 54,G5020,S,167959,0,+40.7388112,-73.993678,61,36,40.7388112,-73.993678,562,659,No
1139,36061004200,36,61,4200,36061004200,42,Census Tract 42,G5020,S,85606,0,+40.7318014,-73.9893668,61,36,40.7318014,-73.9893668,512.3333333,782.3333333,No
1156,36061006100,36,61,6100,36061006100,61,Census Tract 61,G5020,S,142317,0,+40.7337082,-73.9923241,61,36,40.7337082,-73.9923241,511,749.6666667,No
1152,36061005700,36,61,5700,36061005700,57,Census Tract 57,G5020,S,108054,0,+40.7294160,-73.9923912,61,36,40.729416,-73.9923912,498,1013,No
1163,36061006800,36,61,6800,36061006800,68,Census Tract 68,G5020,S,174443,0,+40.7404366,-73.9840803,61,36,40.7404366,-73.9840803,478.3333333,974,No
1144,36061004800,36,61,4800,36061004800,48,Census Tract 48,G5020,S,175753,0,+40.7338561,-73.9837297,61,36,40.7338561,-73.9837297,389,443,No
1147,36061005200,36,61,5200,36061005200,52,Census Tract 52,G5020,S,168383,0,+40.7374424,-73.9904576,61,36,40.7374424,-73.9904576,301,355,No
1146,36061005000,36,61,5000,36061005000,50,Census Tract 50,G5020,S,166796,0,+40.7361106,-73.9872189,61,36,40.7361106,-73.9872189,57,67,No